<TEI.2 id="c.0.2.13">
<teiHeader lang="eng">
<fileDesc>
<titleStmt>
<title>OB catalogue from Nibru (N6) -- a composite transliteration</title>
<respStmt><name>Jeremy Black</name><resp>Project Director and Editor</resp></respStmt>
<respStmt><name>G&aacute;bor Z&oacute;lyomi</name><resp>Editor</resp></respStmt>
<respStmt><name>Graham Cunningham</name><resp>Editor</resp></respStmt>
<respStmt><name>Eleanor Robson</name><resp>Technical Developer</resp></respStmt>
<respStmt><name>Jarle Ebeling</name><resp>Technical Developer</resp></respStmt>
</titleStmt>
<publicationStmt>
<distributor>The Electronic Text Corpus of Sumerian Literature
</distributor><address><addrLine>The Oriental Institute, University of Oxford, Pusey Lane, Oxford OX1 2LE, UK, email etcsl&commat;orinst.ox.ac.uk, http://etcsl.orinst.ox.ac.uk</addrLine></address>
<date>2000</date>
</publicationStmt>
<seriesStmt><p>The Electronic Text Corpus of Sumerian Literature aims to make accessible over 400 literary works composed in the Sumerian language in ancient Mesopotamia during the late third and early second millennia BC. The works are in Sumerian composite transliteration and English prose translation with bibliographical information on each composition.</p></seriesStmt>
<sourceDesc>
<listBibl type="secondary">
<bibl><xref from="b653">Michalowski 1980</xref><biblScope type="contents">photograph, score transliteration, commentary</biblScope></bibl>
</listBibl>
<listBibl type="tablets">
<bibl><biblScope type="museumNumber">CBS 8086 (photo OA 19 pl. 16)</biblScope></bibl>
</listBibl>
</sourceDesc>
</fileDesc>
<revisionDesc>
<change><date>30.v.2000</date><respStmt><name>GZ</name><resp>editor</resp></respStmt>
<item>typing, standardisation</item></change>
<change><date>26.vii.2000</date><respStmt><name>JAB</name><resp>editor</resp></respStmt>
<item>proofreading</item></change>
<change><date>31.vii.2000</date><respStmt><name>JAB</name><resp>editor</resp></respStmt>
<item>SGML tagging</item></change>
<change><date>18.viii.2000</date><respStmt><name>ER</name><resp>editor</resp></respStmt>
<item>proofreading SGML</item></change>
<change><date>25.viii.2000</date><respStmt><name>ER</name><resp>editor</resp></respStmt>
<item>web publication</item></change>
<change><date>15.ix.200</date><respStmt><name>ER</name><resp>editor</resp></respStmt>
<item>links updated</item></change>
<change><date>01.vi.2003</date><respStmt><name>GC/JE</name><resp>editor/technical developer</resp></respStmt>
<item>XML/TEI conversion</item></change>
<change><date>30.iii.2005</date><respStmt><name>GC/JE</name><resp>senior editor/technical developer</resp></respStmt>
<item>lemmatised version published</item></change>
</revisionDesc>
</teiHeader>
<text lang="sux">
<body>
<l n="1" id="c0213.1">
<w form="in-nin9" lemma="in-nin" pos="N" label="mistress">in-nin9</w>
<w form="barag" lemma="barag" pos="N" label="dais">barag</w>
<w form="gal" lemma="gal" pos="V" label="to be big">gal</w>
<w form="an" lemma="an" pos="N" label="heaven">an</w>
<damage/>
<w form="ki" lemma="ki" pos="N" label="place">ki</w>
<damageEnd/>
</l>
<l n="2" id="c0213.2">
<w form="en" lemma="en" pos="N" label="lord">en</w>
<w form="ec-bar" lemma="ec-bar" pos="N" label="decision">ec-bar</w>
<w form="an" lemma="an" pos="N" label="heaven">an</w>
<w form="ki" lemma="ki" pos="N" label="place">ki</w>
<w form="cu-na" lemma="cu" pos="N" label="hand">cu-<supplied/>na</w>
<w form="jal2" lemma="jal2" pos="V" label="to be (located)">jal2</w>
<suppliedEnd/>
</l>
<l n="3" id="c0213.3">
<w form="cul" lemma="cul" pos="N" label="young man">cul</w>
<w form="me-dim2" lemma="me-dim2" pos="N" label="articulation">me-dim2</w>
<w form="sag9" lemma="sag9" pos="V" label="to be good">sag9</w>
<w form="sig7" lemma="sig7" pos="V" label="to be green">sig7</w>
<w form="ce-ce-er-ra" lemma="ce-er" pos="V" label="to be bright" form-type="RR">ce-ce-er-ra</w>
</l>
<l n="4" id="c0213.4">
<w form="dijir" lemma="dijir" pos="N" label="deity">dijir</w>
<w form="nam-he" lemma="nam-he2" pos="N" label="abundance">nam-he</w>
<w form="u3-tud-da" lemma="tud" pos="V" label="to give birth">u3-tud-da</w>
<w form="an-na" lemma="an" pos="N" type="DN" label="An">an-na</w>
<note id="c0213.n4" lang="eng" target="c0213.4"><xref doc="c.2.4.4.a">A hymn for &C;u-Suen, 2.4.4.a</xref></note>
</l>
<l n="5" id="c0213.5">
<w form="lu2" lemma="lu2" pos="N" label="person">lu2</w>
<w form="en" lemma="en" pos="N" label="lord">en</w>
<w form="nun-na" lemma="nun" pos="N" label="prince">nun-na</w>
<w form="lu2" lemma="lu2" pos="N" label="person">lu2</w>
<w form="nun-na" lemma="nun" pos="N" label="prince">nun-na</w>
</l>
<l n="6" id="c0213.6">
<w form="gud-dam" lemma="gud" pos="N" label="bull">gud-dam</w>
<w form="a2" lemma="a2" pos="N" label="arm">a2</w>
<w form="bar" lemma="bar" pos="N" label="outside">bar</w>
<w form="cu" lemma="cu" pos="N" label="hand">cu</w>
<w form="jal2" lemma="jal2" pos="V" label="to be (located)"><unclear cert="qry">jal2</unclear></w>
</l>
<l n="7" id="c0213.7">
<w form="lugal" lemma="lugal" pos="N" label="king"><unclear cert="cor">lugal</unclear></w>
<w form="gu2-za" lemma="gu2" pos="N" label="neck">gu2-za</w>
<w form="suh10-bi" lemma="suh10" pos="N" label="crown">suh10-bi</w>
<w form="ci-du8" lemma="du8" pos="V" label="to spread">ci-du8</w>
<w form="nam-lugal-zu" lemma="nam-lugal" pos="N" label="kingship">nam-<unclear cert="cor">lugal</unclear>-zu</w>
<note id="c0213.n7" lang="eng" target="c0213.7"><xref doc="c.4.27.07">Ninurta G, 4.27.07</xref></note>
</l>
<l n="8" id="c0213.8">
<w form="ur-saj" lemma="ur-saj" pos="N" label="hero">ur-saj</w>
<w form="kal-kal-la" lemma="kal" pos="V" label="to be rare" form-type="RR"><unclear cert="qry">kal</unclear>-<unclear cert="qry">kal</unclear>-la</w>
<w form="giri17" lemma="giri17" pos="N" label="nose">giri17</w>
<w form="cu" lemma="cu" pos="N" label="hand">cu</w>
<w form="du3" lemma="du3" pos="V" label="to erect">du3</w>
</l>
<l n="9" id="c0213.9">
<w form="cuba-a" lemma="cuba" pos="N" label="agate?">cuba-a</w>
<w form="na-nam" lemma="me" pos="V" label="to be">na-nam</w>
<w form="nij2" lemma="nij2" pos="N" label="thing">nij2</w>
<w form="gun3-na" lemma="gun3" pos="V" label="to be multicoloured">gun3-na</w>
</l>
<l n="10" id="c0213.10">
<w form="cuba" lemma="cuba" pos="N" label="agate?">cuba</w>
<w form="la2" lemma="la2" pos="V" label="to hang">la2</w>
<w form="cuba" lemma="cuba" pos="N" label="agate?">cuba</w>
<w form="la2" lemma="la2" pos="V" label="to hang">la2</w>
</l>
<l n="11" id="c0213.11">
<w form="je26-e" lemma="je26" pos="PD" type="personal" label="I">je26-e</w>
<w form="u2-lal3-a" lemma="u2-lal3" pos="N" label="type of plant">u2-lal3-a</w>
<w form="mu-zu" lemma="zu" pos="V" label="to know">mu-zu</w>
</l>
<l n="12" id="c0213.12">
<w form="lugal" lemma="lugal" pos="N" label="king">lugal</w>
<w form="hi-li" lemma="hi-li" pos="N" label="attractiveness">hi-li</w>
<w form="gur3-ru" lemma="guru3" pos="V" label="to bear">gur3-ru</w>
<note id="c0213.n12" lang="eng" target="c0213.12"><xref doc="c.2.4.1.5" from="c2415.25">Ur-Namma E, 2.4.1.5, line 25</xref> and <xref doc="c.2.4.1.6" from="c2416.25">Ur-Namma F, 2.4.1.6, line 25</xref></note>
</l>
<l n="13" id="c0213.13">
<w form="lu-lu-a-bi" lemma="lu" pos="V" label="to be abundant" form-type="RR">lu-lu-a-bi</w>
<w form="lu-lu" lemma="lu" pos="V" label="to be abundant" form-type="RR">lu-lu</w>
<note id="c0213.n13" lang="eng" target="c0213.13"><xref doc="c.4.13.04">Nanna D, 4.13.04</xref></note>
</l>
<l n="14" id="c0213.14">
<w form="e2" lemma="e2" pos="N" label="house(hold)">e2</w>
<w form="sikil" lemma="sikil" pos="V" label="to be pure">sikil</w>
<w form="ki" lemma="ki" pos="N" label="place">ki</w>
<w form="sikil-a" lemma="sikil" pos="V" label="to be pure">sikil-a</w>
</l>
<l n="15" id="c0213.15">
<w form="kur" lemma="kur" pos="N" label="(mountain) land">kur</w>
<w form="gal" lemma="gal" pos="V" label="to be big">gal</w>
<w form="kur-ra" lemma="kur" pos="N" label="(mountain) land">kur-ra</w>
<w form="a2" lemma="a2" pos="N" label="arm">a2</w>
<w form="aj2" lemma="aj2" pos="V" label="to measure">aj2</w>
<damage/>
<w form="gal" lemma="gal" pos="V" label="to be big"><unclear cert="qry">gal</unclear></w>
<damageEnd/>
</l>
<l n="16" id="c0213.16">
<w form="e2" lemma="e2" pos="N" label="house(hold)">e2</w>
<w form="ud-gin7" lemma="ud" pos="N" label="storm">ud-gin7</w>
<w form="ki-gal-la" lemma="ki-gal" pos="N" label="pedestal">ki-gal-la</w>
<w form="gub-ba" lemma="gub" pos="V" label="to stand">gub-ba</w>
<note id="c0213.n16" lang="eng" target="c0213.16"><xref doc="c.4.80.2" from="c4802.G.88">The Ke&c; temple hymn, 4.80.2, line 88</xref></note>
</l>
<l n="17" id="c0213.17">
<w form="egir3" lemma="egir2" pos="N" label="princess">egir3</w>
<w form="cu" lemma="cu" pos="N" label="hand">cu</w>
<w form="dadag" lemma="dadag" pos="V" label="to be bright" form-type="RR">dadag</w>
<w form="me" lemma="me" pos="N" label="essence">me</w>
<w form="giri17-zal" lemma="giri17-zal" pos="N" label="joy">giri17-zal</w>
<w form="dug3" lemma="dug3" pos="V" label="to be good"><unclear cert="qry">dug3</unclear></w>
</l>
<l n="18" id="c0213.18">
<w form="nin" lemma="nin" pos="N" label="lady">nin</w>
<w form="an-gin7" lemma="an" pos="N" label="heaven">an-gin7</w>
<w form="mah" lemma="mah" pos="V" label="to be majestic">mah</w>
<w form="KA" lemma="KA" label="KA">KA</w>
<w form="bal-bal" lemma="bal" pos="V" label="to turn over" form-type="RR">bal-bal</w>
</l>
<l n="19" id="c0213.19">
<damage/>
<w form="nun" lemma="nun" pos="N" label="prince"><unclear cert="qry">nun</unclear></w>
<damageEnd/>
<w form="nam-DUB" lemma="DUB" pos="V" label="DUB">nam-<unclear cert="qry">DUB</unclear></w>
<w form="ma2" lemma="ma2" pos="N" label="boat"><unclear cert="qry">ma2</unclear></w>
<w form="nam-DUB" lemma="DUB" pos="V" label="DUB">nam-<unclear cert="qry">DUB</unclear></w>
</l>
<l n="20" id="c0213.20">
<w form="e-el-lu" lemma="e-el-lu" pos="I" label="directive expression">e-el-lu</w>
<w form="ama" lemma="ama" pos="N" label="mother">ama</w>
<distinct type="emesal">
<w form="mu-gi17-ib" lemma="nu-u8-gig" pos="N" label="high-status woman" emesal="mu-gi17-ib">mu-gi17-ib</w>
</distinct>
</l>
<l n="21" id="c0213.21">
<distinct type="emesal">
<w form="me-e" lemma="je26" pos="PD" type="personal" label="I" emesal="me">me-e</w>
</distinct>
<w form="nu-sag3-ge" lemma="sag3" pos="V" label="to beat">nu-sag3-ge</w>
<w form="X" lemma="X" label="X">X</w>
<w form="DI" lemma="DI" label="DI">DI</w>
<w form="en-ra" lemma="en" pos="N" label="lord"><unclear cert="qry">en</unclear>-ra</w>
</l>
<l n="22" id="c0213.22">
<w form="ab2" lemma="ab2" pos="N" label="cow">ab2</w>
<w form="nun-e" lemma="nun" pos="N" label="prince">nun-e</w>
<w form="an-na" lemma="an" pos="N" label="heaven">an-<unclear cert="qry">na</unclear></w>
<w form="kur" lemma="kur" pos="N" label="(mountain) land">kur</w>
<w form="un3-na" lemma="un3" pos="V" label="to be high">un3-na</w>
</l>
</body>
</text>
</TEI.2>
