<TEI.2 id="c.0.2.05">
<teiHeader lang="eng">
<fileDesc>
<titleStmt>
<title>OB catalogue from Urim (U3) -- a composite transliteration</title>
<respStmt><name>Jeremy Black</name><resp>Project Director and Editor</resp></respStmt>
<respStmt><name>G&aacute;bor Z&oacute;lyomi</name><resp>Editor</resp></respStmt>
<respStmt><name>Graham Cunningham</name><resp>Editor</resp></respStmt>
<respStmt><name>Eleanor Robson</name><resp>Technical Developer</resp></respStmt>
<respStmt><name>Jarle Ebeling</name><resp>Technical Developer</resp></respStmt>
</titleStmt>
<publicationStmt>
<distributor>The Electronic Text Corpus of Sumerian Literature
</distributor><address><addrLine>The Oriental Institute, University of Oxford, Pusey Lane, Oxford OX1 2LE, UK, email etcsl&commat;orinst.ox.ac.uk, http://etcsl.orinst.ox.ac.uk</addrLine></address>
<date>2000</date>
</publicationStmt>
<seriesStmt><p>The Electronic Text Corpus of Sumerian Literature aims to make accessible over 400 literary works composed in the Sumerian language in ancient Mesopotamia during the late third and early second millennia BC. The works are in Sumerian composite transliteration and English prose translation with bibliographical information on each composition.</p></seriesStmt>
<sourceDesc>
<listBibl type="secondary">
<bibl><xref from="b657">Michalowski 1984</xref><biblScope type="contents">commentary, handcopy</biblScope></bibl>
<bibl><xref from="b658">Kramer 1975a</xref><biblScope type="page">157-158, n. 1</biblScope><biblScope type="contents">commentary</biblScope></bibl>
<bibl><xref from="b659">Hallo 1975</xref><biblScope type="page">77</biblScope><biblScope type="contents">commentary</biblScope></bibl>
</listBibl>
<listBibl type="tablets">
<bibl><biblScope type="museumNumber">UET 6 196 (new copy JCS 36 92)</biblScope></bibl>
</listBibl>
</sourceDesc>
</fileDesc>
<revisionDesc>
<change><date>01.vi.2000</date><respStmt><name>GZ</name><resp>editor</resp></respStmt>
<item>typing, transliteration</item></change>
<change><date>26.vii.2000</date><respStmt><name>JAB</name><resp>editor</resp></respStmt>
<item>proofreading</item></change>
<change><date>31.vii.2000</date><respStmt><name>GC</name><resp>editor</resp></respStmt>
<item>SGML tagging</item></change>
<change><date>18.viii.2000</date><respStmt><name>ER</name><resp>editor</resp></respStmt>
<item>proofreading SGML</item></change>
<change><date>18.viii.2000</date><respStmt><name>ER</name><resp>editor</resp></respStmt>
<item>web publication</item></change>
<change><date>01.vi.2003</date><respStmt><name>GC/JE</name><resp>editor/technical developer</resp></respStmt>
<item>XML/TEI conversion</item></change>
<change><date>30.iii.2005</date><respStmt><name>GC/JE</name><resp>senior editor/technical developer</resp></respStmt>
<item>lemmatised version published</item></change>
</revisionDesc>
</teiHeader>
<text lang="sux">
<body>
<div1 type="segment" n="A">
<l n="1" id="c0205.A.1">
<damage/>
<w form="ki-ur3" lemma="ki-ur3" pos="N" label="foundation">ki-ur3</w>
<damageEnd/>
<w form="gal-e" lemma="gal" pos="V" label="to be big">gal-e</w>
<note id="c0205.a1" lang="eng" target="c0205.A.1">The debate between Tree and Reed, 5.3.4</note>
</l>
<l n="2" id="c0205.A.2">
<w form="ce-er-zid" lemma="ce-er-zid" pos="N" label="radiance">ce-er-zid</w>
<w form="ZI" lemma="ZI" label="ZI">ZI</w>
<w form="IM" lemma="IM" label="IM">IM</w>
<w form="X" lemma="X" label="X">X</w>
<w form="X" lemma="X" label="X">X</w>
</l>
<l n="3" id="c0205.A.3">
<w form="ur-saj" lemma="ur-saj" pos="N" label="hero">ur-saj</w>
<w form="a2-jal2" lemma="a2-jal2" pos="AJ" label="strong">a2-jal2</w>
<note id="c0205.a3" lang="eng" target="c0205.A.3"><xref doc="c.2.5.5.4">Lipit-E&c;tar D, 2.5.5.4</xref></note>
</l>
<l n="4" id="c0205.A.4">
<w form="lu2" lemma="lu2" pos="N" label="person">lu2</w>
<distinct type="emesal">
<w form="di" lemma="jen" pos="V" label="to go" emesal="di">di</w>
</distinct>
<w form="lu2-lu2" lemma="lu2" pos="N" label="person" form-type="RR">lu2-lu2</w>
<distinct type="emesal">
<w form="di" lemma="jen" pos="V" label="to go" emesal="di">di</w>
</distinct>
<note id="c0205.a4" lang="eng" target="c0205.A.4"><xref doc="c.3.3.07">Letter from Ugubi to his mother, 3.3.07</xref> (?)</note>
</l>
<l n="5" id="c0205.A.5">
<w form="ja2-am3" lemma="je26" pos="PD" type="personal" label="I">ja2-am3</w>
<w form="&d;ba-u2-ju10" lemma="ba-u2" pos="N" type="DN" label="Bau" det="&d;">&d;ba-u2-ju10</w>
</l>
<l n="6" id="c0205.A.6">
<w form="en" lemma="en" pos="N" label="lord">en</w>
<w form="inim" lemma="inim" pos="N" label="word">inim</w>
<w form="nun" lemma="nun" pos="N" label="prince">nun</w>
<w form="zu" lemma="zu" pos="V" label="to know">zu</w>
</l>
<l n="7" id="c0205.A.7">
<w form="ur-saj" lemma="ur-saj" pos="N" label="hero">ur-saj</w>
<w form="nam-he2-a" lemma="nam-he2" pos="N" label="abundance">nam-he2-a</w>
<note id="c0205.a7" lang="eng" target="c0205.A.7"><xref doc="c.2.5.6.6">Ur-Ninurta F, 2.5.6.6</xref></note>
</l>
<l n="8" id="c0205.A.8">
<w form="ur-saj" lemma="ur-saj" pos="N" label="hero">ur-saj</w>
<w form="en" lemma="en" pos="N" label="lord">en</w>
<w form="ud" lemma="ud" pos="N" label="storm">ud</w>
<w form="huc" lemma="huc" pos="V" label="to be reddish">huc</w>
</l>
<l n="9" id="c0205.A.9">
<w form="ur-saj" lemma="ur-saj" pos="N" label="hero">ur-saj</w>
<w form="je26-e" lemma="je26" pos="PD" type="personal" label="I">je26-e</w>
</l>
<l n="10" id="c0205.A.10">
<w form="en" lemma="en" pos="N" label="lord">en</w>
<w form="me" lemma="me" pos="N" label="essence">me</w>
<w form="kug-kug-ga" lemma="kug" pos="AJ" label="shining" form-type="RR">kug-kug-ga</w>
</l>
<l n="11" id="c0205.A.11">
<w form="ur-saj" lemma="ur-saj" pos="N" label="hero">ur-saj</w>
<w form="en" lemma="en" pos="N" label="lord">en</w>
<w form="nir-jal2" lemma="nir-jal2" pos="AJ" label="authoritative">nir-jal2</w>
<damage/>
<w form="en" lemma="en" pos="N" label="lord"><unclear cert="qry">en</unclear></w>
<damageEnd/>
</l>
<l n="12" id="c0205.A.12">
<supplied/>
<w form="&X;" lemma="&X;" label="&X;">&X;</w>
<suppliedEnd/>
<damage/>
<w form="MA" lemma="MA" label="MA"><unclear cert="qry">MA</unclear></w>
<damageEnd/>
</l>
<l n="13" id="c0205.A.13">
<supplied/>
<w form="&X;" lemma="&X;" label="&X;">&X;</w>
<suppliedEnd/>
<w form="X" lemma="X" label="X">X</w>
</l>
<gap extent="unknown no. of lines missing"/>
</div1>
<div1 type="segment" n="B">
<l n="1" id="c0205.B.1">
<supplied/>
<w form="&X;" lemma="&X;" label="&X;">&X;</w>
<suppliedEnd/>
<w form="X" lemma="X" label="X">X</w>
<w form="EN" lemma="EN" label="EN">EN</w>
<w form="X" lemma="X" label="X">X</w>
</l>
<l n="2" id="c0205.B.2">
<supplied/>
<w form="&X;" lemma="&X;" label="&X;">&X;</w>
<suppliedEnd/>
<w form="X" lemma="X" label="X">X</w>
<w form="X" lemma="X" label="X">X</w>
<w form="IM" lemma="IM" label="IM">IM</w>
</l>
<l n="3" id="c0205.B.3">
<w form="X" lemma="X" label="X">X</w>
<w form="X" lemma="X" label="X">X</w>
<w form="GAL" lemma="GAL" label="GAL"><unclear cert="qry">GAL</unclear></w>
</l>
<l n="4" id="c0205.B.4">
<w form="ur" lemma="ur" pos="N" label="man"><unclear cert="qry">ur</unclear></w>
<w form="&d;lamma" lemma="lamma" pos="N" label="guardian deity" det="&d;">&d;<unclear cert="qry">lamma</unclear></w>
</l>
<l n="5" id="c0205.B.5">
<foreign lang="akk">
an
u3
an-tum
</foreign>
</l>
<l n="6" id="c0205.B.6">
<w form="ama-da" lemma="ama" pos="N" label="mother">ama-da</w>
<w form="nu-me-a" lemma="me" pos="V" label="to be">nu-me-a</w>
<note id="c0205.b6" lang="eng" target="c0205.B.6"><xref doc="c.4.08.09">Dumuzid-Inana I, 4.08.09</xref> (?)</note>
</l>
<l n="7" id="c0205.B.7">
<w form="dub" lemma="dub" pos="N" label="tablet">dub</w>
<w form="hi-a" lemma="hi" pos="V" label="to mix up">hi-a</w>
</l>
<l n="8" id="c0205.B.8">
<w form="dub" lemma="dub" pos="N" label="tablet">dub</w>
<foreign lang="akk">
cum-ma
</foreign>
</l>
</div1>
</body>
</text>
</TEI.2>
