<TEI.2 id="c.0.2.01">
<teiHeader lang="eng">
<fileDesc>
<titleStmt>
<title>OB catalogue from Nibru (N2) -- a composite transliteration</title>
<respStmt><name>Jeremy Black</name><resp>Project Director and Editor</resp></respStmt>
<respStmt><name>G&aacute;bor Z&oacute;lyomi</name><resp>Editor</resp></respStmt>
<respStmt><name>Graham Cunningham</name><resp>Editor</resp></respStmt>
<respStmt><name>Eleanor Robson</name><resp>Technical Developer</resp></respStmt>
<respStmt><name>Jarle Ebeling</name><resp>Technical Developer</resp></respStmt>
</titleStmt>
<publicationStmt>
<distributor>The Electronic Text Corpus of Sumerian Literature
</distributor><address><addrLine>The Oriental Institute, University of Oxford, Pusey Lane, Oxford OX1 2LE, UK, email etcsl&commat;orinst.ox.ac.uk, http://etcsl.orinst.ox.ac.uk</addrLine></address>
<date>2000</date>
</publicationStmt>
<seriesStmt><p>The Electronic Text Corpus of Sumerian Literature aims to make accessible over 400 literary works composed in the Sumerian language in ancient Mesopotamia during the late third and early second millennia BC. The works are in Sumerian composite transliteration and English prose translation with bibliographical information on each composition.</p></seriesStmt>
<sourceDesc>
<listBibl type="secondary">
<bibl><xref from="b651">Kramer 1942</xref><biblScope type="page">14-16</biblScope><biblScope type="contents">score transliteration, commentary, handcopy, photograph</biblScope></bibl>
<bibl><xref from="b656">Bernhardt and Kramer 1956-57</xref><biblScope type="page">393, n. 2</biblScope><biblScope type="contents">commentary</biblScope></bibl>
<bibl><xref from="b894">Robson 2003</xref><biblScope type="contents">commentary</biblScope></bibl>
</listBibl>
<listBibl type="tablets">
<bibl><biblScope type="museumNumber">UM 29-15-155 (BASOR 8 12)</biblScope></bibl>
</listBibl>
</sourceDesc>
</fileDesc>
<revisionDesc>
<change><date>02.vi.2000</date><respStmt><name>GZ</name><resp>editor</resp></respStmt>
<item>typing, standardisation</item></change>
<change><date>26.vii.2000</date><respStmt><name>JAB</name><resp>editor</resp></respStmt>
<item>proofreading</item></change>
<change><date>31.vii.2000</date><respStmt><name>GC</name><resp>editor</resp></respStmt>
<item>SGML tagging</item></change>
<change><date>18.viii.2000</date><respStmt><name>ER</name><resp>editor</resp></respStmt>
<item>proofreading SGML</item></change>
<change><date>18.viii.2000</date><respStmt><name>ER</name><resp>editor</resp></respStmt>
<item>web publication</item></change>
<change><date>01.ix.2000</date><respStmt><name>ER</name><resp>editor</resp></respStmt>
<item>links updated</item></change>
<change><date>09.ix.2000</date><respStmt><name>ER</name><resp>editor</resp></respStmt>
<item>links updated</item></change>
<change><date>15.ix.2000</date><respStmt><name>ER</name><resp>editor</resp></respStmt>
<item>links updated</item></change>
<change><date>13.x.2000</date><respStmt><name>ER</name><resp>editor</resp></respStmt>
<item>links updated</item></change>
<change><date>28.ix.2001</date><respStmt><name>ER</name><resp>editor</resp></respStmt>
<item>links updated</item></change>
<change><date>01.vi.2003</date><respStmt><name>GC/JE</name><resp>editor/technical developer</resp></respStmt>
<item>XML/TEI conversion</item></change>
<change><date>30.iii.2005</date><respStmt><name>GC/JE</name><resp>senior editor/technical developer</resp></respStmt>
<item>lemmatised version published</item></change>
</revisionDesc>
</teiHeader>
<text lang="sux">
<body>
<l n="1" id="c0201.1">
<damage/>
<w form="lugal-me-en" lemma="lugal" pos="N" label="king">lugal<damageEnd/>-me-en</w>
<w form="cag4-ta" lemma="cag4" pos="N" label="heart">cag4-ta</w>
<note id="c0201.n1" lang="eng" target="c0201.1"><xref doc="c.2.4.2.01">&C;ulgi A, 2.4.2.01</xref></note>
</l>
<l n="2" id="c0201.2">
<w form="lugal" lemma="lugal" pos="N" label="king">lugal</w>
<w form="mi2" lemma="mi2" pos="N" label="(loving) care">mi2</w>
<w form="dug4-ga" lemma="dug4" pos="V" label="to say">dug4-ga</w>
<note id="c0201.n2" lang="eng" target="c0201.2"><xref doc="c.2.5.5.1">Lipit-E&c;tar A, 2.5.5.1</xref></note>
</l>
<l n="3" id="c0201.3">
<w form="en-e" lemma="en" pos="N" label="lord">en-e</w>
<w form="nij2-du7-e" lemma="nij2-du7" pos="N" label="propriety">nij2-du7-e</w>
<note id="c0201.n3" lang="eng" target="c0201.3"><xref doc="c.5.5.4">The song of the hoe, 5.5.4</xref></note>
</l>
<l n="4" id="c0201.4">
<w form="nin" lemma="nin" pos="N" label="lady">nin</w>
<w form="me" lemma="me" pos="N" label="essence">me</w>
<w form="car2-ra" lemma="car2" pos="V" label="to be numerous">car2-ra</w>
<note id="c0201.n4" lang="eng" target="c0201.4"><xref doc="c.4.07.2">Inana B, 4.07.2</xref></note>
</l>
<l n="5" id="c0201.5">
<w form="&d;en-lil2" lemma="en-lil2" pos="N" type="DN" label="Enlil" det="&d;">&d;en-lil2</w>
<w form="su3-ra2-ce3" lemma="sud" pos="V" label="to be distant">su3-ra2-ce3</w>
<note id="c0201.n5" lang="eng" target="c0201.5"><xref doc="c.4.05.1">Enlil A, 4.05.1</xref></note>
</l>
<l n="6" id="c0201.6">
<w form="nam2" lemma="nam2" pos="N" label="lord">nam2</w>
<w form="nun-e" lemma="nun" pos="N" label="prince">nun-e</w>
<note id="c0201.n6" lang="eng" target="c0201.6">three compositions are known with this incipit (see also line 47 below): <xref doc="c.4.13.13">Nanna M, 4.13.13</xref>; <xref doc="c.4.13.a">A hymn to Nanna, 4.13.a</xref>; <xref doc="c.4.80.2">The Ke&c; temple hymn, 4.80.2</xref>; a fourth is cited in two other catalogues: OB catalogue in the Louvre, 0.2.02, line 35, and OB catalogue from Urim, 0.2.04, line 24; and a fifth in one catalogue: OB catalogue in the Louvre, 0.2.02, line 36</note>
</l>
<l n="7" id="c0201.7">
<w form="ud" lemma="ud" pos="N" label="day(light)">ud</w>
<w form="re-a" lemma="re" pos="PD" type="demonstrative" label="that">re-a</w>
<note id="c0201.n7" lang="eng" target="c0201.7">four compositions are known with this incipit: <xref doc="c.1.1.2">Enki and Ninma&h;, 1.1.2</xref>; <xref doc="c.1.1.4">Enki's journey to Nibru, 1.1.4</xref>; <xref doc="c.1.8.1.4">Gilgame&c;, Enkidu and the nether world, 1.8.1.4</xref>; <xref doc="c.5.6.1">The instructions of &C;uruppag, 5.6.1</xref></note>
</l>
<l n="8" id="c0201.8">
<w form="in-nin" lemma="in-nin" pos="N" label="mistress">in-nin</w>
<w form="me" lemma="me" pos="N" label="essence">me</w>
<w form="huc-a" lemma="huc" pos="V" label="to be reddish">huc-a</w>
<note id="c0201.n8" lang="eng" target="c0201.8"><xref doc="c.1.3.2">Inana and Ebi&h;, 1.3.2</xref></note>
</l>
<l n="9" id="c0201.9">
<w form="e2" lemma="e2" pos="N" label="house(hold)">e2</w>
<w form="ud" lemma="ud" pos="N" label="storm">ud</w>
<w form="huc" lemma="huc" pos="V" label="to be reddish">huc</w>
<w form="an" lemma="an" pos="N" label="heaven">an</w>
<w form="ki" lemma="ki" pos="N" label="place">ki</w>
<note id="c0201.n9" lang="eng" target="c0201.9"><xref doc="c.4.28.1">Nungal A, 4.28.1</xref></note>
</l>
<l n="10" id="c0201.10">
<w form="en-e" lemma="en" pos="N" label="lord">en-e</w>
<w form="kur" lemma="kur" pos="N" label="(mountain) land">kur</w>
<w form="lu2" lemma="lu2" pos="N" label="person">lu2</w>
<w form="til3-la-ce3" lemma="til3" pos="V" label="to live">til3-la-ce3</w>
<note id="c0201.n10" lang="eng" target="c0201.10"><xref doc="c.1.8.1.5">Gilgame&c; and &H;uwawa (Version A), 1.8.1.5</xref></note>
&hr;
</l>
<l n="11" id="c0201.11">
<w form="cul" lemma="cul" pos="N" label="young man">cul</w>
<w form="me3-ka" lemma="me3" pos="N" label="battle">me3-ka</w>
<note id="c0201.n11" lang="eng" target="c0201.11"><xref doc="c.1.8.1.2">Gilgame&c; and the bull of heaven, 1.8.1.2</xref></note>
</l>
<l n="12" id="c0201.12">
<w form="lu2-kij2-gi4-a" lemma="lu2-kij2-gi4-a" pos="N" label="messenger">lu2-kij2-gi4-a</w>
<w form="ag" lemma="ag-ga" pos="N" type="RN" label="Aga">ag</w>
<note id="c0201.n12" lang="eng" target="c0201.12"><xref doc="c.1.8.1.1">Gilgame&c; and Aga, 1.8.1.1</xref></note>
</l>
<l n="13" id="c0201.13">
<w form="gud-dam" lemma="gud-dam" pos="N" type="PN" label="Gudam">gud-dam</w>
<w form="iri&ki;" lemma="iri" pos="N" label="town" det="&ki;">iri&ki;</w>
<note id="c0201.n13" lang="eng" target="c0201.13"><xref doc="c.1.3.4">Inana and Gudam, 1.3.4</xref> (?)</note>
</l>
<l n="14" id="c0201.14">
<w form="i3-a" lemma="i3-a" pos="I" label="type of exclamation">i3-a</w>
<w form="lum-lum" lemma="lum" pos="V" label="to thrive" form-type="RR">lum-lum</w>
<note id="c0201.n14" lang="eng" target="c0201.14"><xref doc="c.1.8.1.5.1">Gilgame&c; and &H;uwawa (Version B), 1.8.1.5.1</xref></note>
</l>
<l n="15" id="c0201.15">
<w form="bur-cu-ma" lemma="bur-cu-um" pos="N" label="old woman">bur-cu-ma</w>
<w form="gal" lemma="gal" pos="V" label="to be big">gal</w>
<note id="c0201.n15" lang="eng" target="c0201.15">I&c;bi-Erra E, 2.5.1.5</note>
</l>
<l n="16" id="c0201.16">
<w form="ku6-ju10" lemma="ku6" pos="N" label="fish">ku6-ju10</w>
<w form="e2" lemma="e2" pos="N" label="house(hold)">e2</w>
<w form="du3" lemma="du3" pos="V" label="to erect">du3</w>
<note id="c0201.n16" lang="eng" target="c0201.16"><xref doc="c.5.9.1">The home of the fish, 5.9.1</xref></note>
</l>
<l n="17" id="c0201.17">
<w form="hur-saj" lemma="hur-saj" pos="N" label="mountain (range)">hur-saj</w>
<w form="an" lemma="an" pos="N" label="heaven">an</w>
<w form="ki-bi-da" lemma="ki" pos="N" label="place">ki-bi-da</w>
<note id="c0201.n17" lang="eng" target="c0201.17"><xref doc="c.5.3.2">The debate between Grain and Sheep, 5.3.2</xref></note>
</l>
<l n="18" id="c0201.18">
<w form="saj-ki" lemma="saj-ki" pos="N" label="forehead">saj-ki</w>
<w form="gid2-da" lemma="gid2" pos="V" label="to be long">gid2-da</w>
<note id="c0201.n18" lang="eng" target="c0201.18"><xref doc="c.2.1.5">The cursing of Agade, 2.1.5</xref></note>
</l>
<l n="19" id="c0201.19">
<w form="edin" lemma="edin" pos="N" label="open country">edin</w>
<w form="i-lu" lemma="i-lu" pos="N" label="(sad) song">i-lu</w>
<w form="jar-u3" lemma="jar" pos="V" label="to place">jar-u3</w>
<note id="c0201.n19" lang="eng" target="c0201.19"><xref doc="c.1.4.3">Dumuzid's dream, 1.4.3</xref> (?)</note>
</l>
<l n="20" id="c0201.20">
<w form="ud" lemma="ud" pos="N" label="day(light)">ud</w>
<w form="re-a" lemma="re" pos="PD" type="demonstrative" label="that">re-a</w>
<note id="c0201.n20" lang="eng" target="c0201.20">four compositions are known with this incipit: <xref doc="c.1.1.2">Enki and Ninma&h;, 1.1.2</xref>; <xref doc="c.1.1.4">Enki's journey to Nibru, 1.1.4</xref>; <xref doc="c.1.8.1.4">Gilgame&c;, Enkidu and the nether world, 1.8.1.4</xref>; <xref doc="c.5.6.1">The instructions of &C;uruppag, 5.6.1</xref></note>
&hr;
</l>
<l n="21" id="c0201.21">
<w form="ud" lemma="ud" pos="N" label="day(light)">ud</w>
<w form="re-a" lemma="re" pos="PD" type="demonstrative" label="that">re-a</w>
<note id="c0201.n21" lang="eng" target="c0201.21">four compositions are known with this incipit: <xref doc="c.1.1.2">Enki and Ninma&h;, 1.1.2</xref>; <xref doc="c.1.1.4">Enki's journey to Nibru, 1.1.4</xref>; <xref doc="c.1.8.1.4">Gilgame&c;, Enkidu and the nether world, 1.8.1.4</xref>; <xref doc="c.5.6.1">The instructions of &C;uruppag, 5.6.1</xref></note>
</l>
<l n="22" id="c0201.22">
<w form="iri" lemma="iri" pos="N" label="town">iri</w>
<w form="na-nam" lemma="me" pos="V" label="to be">na-nam</w>
<note id="c0201.n22" lang="eng" target="c0201.22">two compositions are known with this incipit: <xref doc="c.1.2.1">Enlil and Ninlil, 1.2.1</xref> and <xref doc="c.4.14.1">Nan&c;e A, 4.14.1</xref></note>
</l>
<l n="23" id="c0201.23">
<w form="nin" lemma="nin" pos="N" label="lady">nin</w>
<w form="me" lemma="me" pos="N" label="essence">me</w>
<w form="zid-da" lemma="zid" pos="AJ" label="right">zid-da</w>
</l>
<l n="24" id="c0201.24">
<w form="iri" lemma="iri" pos="N" label="town">iri</w>
<w form="na-nam" lemma="me" pos="V" label="to be">na-nam</w>
<note id="c0201.n24" lang="eng" target="c0201.24">two compositions are known with this incipit: <xref doc="c.1.2.1">Enlil and Ninlil, 1.2.1</xref> and <xref doc="c.4.14.1">Nan&c;e A, 4.14.1</xref></note>
</l>
<l n="25" id="c0201.25">
<w form="e" lemma="e" pos="I" label="vocative expression">e</w>
<w form="&jic;al-e" lemma="al" pos="N" label="hoe" bound="L,e" det="&jic;">&jic;al-e</w>
<w form="&jic;al-e" lemma="al" pos="N" label="hoe" bound="L,e" det="&jic;">&jic;al-e</w>
<note id="c0201.n25" lang="eng" target="c0201.25"><xref doc="c.5.3.1">The debate between Hoe and Plough, 5.3.1</xref></note>
</l>
<l n="26" id="c0201.26">
<w form="lugal-e" lemma="lugal" pos="N" label="king">lugal-e</w>
<w form="mu-ni" lemma="mu" pos="N" label="name">mu-ni</w>
<w form="nij2-ul-e" lemma="nij2-ul" pos="N" label="distant time">nij2-ul-e</w>
<note id="c0201.n26" lang="eng" target="c0201.26"><xref doc="c.2.4.2.02">&C;ulgi B, 2.4.2.02</xref></note>
</l>
<l n="27" id="c0201.27">
<w form="ud" lemma="ud" pos="N" label="day(light)">ud</w>
<w form="ul" lemma="ul" pos="N" label="distant time">ul</w>
<w form="re-ta" lemma="re" pos="PD" type="demonstrative" label="that">re-ta</w>
<note id="c0201.n27" lang="eng" target="c0201.27"><xref doc="c.5.3.5">The debate between Bird and Fish, 5.3.5</xref> (?)</note>
</l>
<l n="28" id="c0201.28">
<w form="ki-ur3" lemma="ki-ur3" pos="N" label="foundation">ki-ur3</w>
<w form="gal-e" lemma="gal" pos="V" label="to be big">gal-e</w>
<note id="c0201.n28" lang="eng" target="c0201.28">The debate between Tree and Reed, 5.3.4</note>
</l>
<l n="29" id="c0201.29">
<w form="an-ne2" lemma="an" pos="N" type="DN" label="An">an-ne2</w>
<w form="nam-nir-jal2" lemma="nam-nir-jal2" pos="N" label="authority">nam-nir-jal2</w>
<note id="c0201.n29" lang="eng" target="c0201.29"><xref doc="c.5.3.3">The debate between Winter and Summer, 5.3.3</xref></note>
</l>
<l n="30" id="c0201.30">
<w form="jic-gi" lemma="jic-gi" pos="N" label="reedbed">jic-gi</w>
<w form="a-na" lemma="a-na" pos="PD" type="interrogative" label="what">a-na</w>
<damage/>
<w form="gu3" lemma="gu3" pos="N" label="voice">gu3</w>
<w form="mu-un-de2" lemma="de2" pos="V" label="to pour">mu<damageEnd/>-un-de2</w>
<note id="c0201.n30" lang="eng" target="c0201.30"><xref doc="c.5.9.2">The heron and the turtle, 5.9.2</xref></note>
&hr;
</l>
<l n="31" id="c0201.31">
<w form="u5" lemma="u5" pos="N" label="pelican?">u5</w>
<w form="jic-gi" lemma="jic-gi" pos="N" label="reedbed">jic-gi</w>
<w form="kug-ta" lemma="kug" pos="AJ" label="shining">kug-ta</w>
<note id="c0201.n31" lang="eng" target="c0201.31"><xref doc="c.4.14.3">Nan&c;e C, 4.14.3</xref></note>
</l>
<l n="32" id="c0201.32">
<w form="tur3-ra-na" lemma="tur3" pos="N" label="animal stall">tur3-ra-na</w>
<note id="c0201.n32" lang="eng" target="c0201.32"><xref doc="c.2.2.2">The lament for Urim, 2.2.2</xref></note>
</l>
<l n="33" id="c0201.33">
<w form="tur3" lemma="tur3" pos="N" label="animal stall">tur3</w>
<w form="me" lemma="me" pos="N" label="essence">me</w>
<w form="nun-e" lemma="nun" pos="N" label="prince">nun-e</w>
<note id="c0201.n33" lang="eng" target="c0201.33"><xref doc="c.2.2.4">The lament for Nibru, 2.2.4</xref></note>
</l>
<l n="34" id="c0201.34">
<w form="ud" lemma="ud" pos="N" label="day(light)">ud</w>
<w form="cu" lemma="cu" pos="N" label="hand">cu</w>
<w form="bal" lemma="bal" pos="V" label="to turn over">bal</w>
<w form="ak-de3" lemma="ak" pos="V" label="to do">ak-de3</w>
<note id="c0201.n34" lang="eng" target="c0201.34"><xref doc="c.2.2.3">The lament for Sumer and Urim, 2.2.3</xref></note>
</l>
<l n="35" id="c0201.35">
<w form="iri" lemma="iri" pos="N" label="town">iri</w>
<w form="me" lemma="me" pos="N" label="essence">me</w>
<w form="zid-da" lemma="zid" pos="AJ" label="right">zid-da</w>
</l>
<l n="36" id="c0201.36">
<w form="ud" lemma="ud" pos="N" label="storm">ud</w>
<w form="huc" lemma="huc" pos="V" label="to be reddish">huc</w>
<w form="ki-en-gi-ra" lemma="ki-en-gi" pos="N" type="GN" label="Sumer">ki-en-gi-ra</w>
</l>
<l n="37" id="c0201.37">
<w form="ud" lemma="ud" pos="N" label="storm">ud</w>
<w form="huc" lemma="huc" pos="V" label="to be reddish">huc</w>
<w form="an-ur2-ra" lemma="an-ur2" pos="N" label="horizon">an-ur2-ra</w>
</l>
<l n="38" id="c0201.38">
<w form="ud" lemma="ud" pos="N" label="day(light)">ud</w>
<w form="ul" lemma="ul" pos="N" label="distant time">ul</w>
<w form="an" lemma="an" pos="N" label="heaven">an</w>
<w form="ki-ta" lemma="ki" pos="N" label="place">ki-ta</w>
<note id="c0201.n38" lang="eng" target="c0201.38"><xref doc="c.1.8.2.1">Lugalbanda in the mountain cave, 1.8.2.1</xref></note>
</l>
<l n="39" id="c0201.39">
<w form="lugal-ban3-da" lemma="lugal-ban3-da" pos="N" type="DN" label="Lugalbanda">lugal-ban3-da</w>
<note id="c0201.n39" lang="eng" target="c0201.39"><xref doc="c.1.8.2.2">Lugalbanda and the Anzud bird, 1.8.2.2</xref></note>
</l>
<l n="40" id="c0201.40">
<w form="ceg12" lemma="ceg12" pos="N" label="brick(work)">ceg12</w>
<w form="kur" lemma="kur" pos="N" label="(mountain) land">kur</w>
<w form="cuba-ta" lemma="cuba" pos="AJ" label="shining">cuba-ta</w>
<note id="c0201.n40" lang="eng" target="c0201.40"><xref doc="c.1.8.2.4">Enmerkar and En-su&h;gir-ana, 1.8.2.4</xref></note>
&hr;
</l>
<l n="41" id="c0201.41">
<w form="an" lemma="an" pos="N" label="heaven">an</w>
<w form="gal-ta" lemma="gal" pos="V" label="to be big">gal-ta</w>
<w form="ki" lemma="ki" pos="N" label="place">ki</w>
<w form="gal-ce3" lemma="gal" pos="V" label="to be big">gal-ce3</w>
<note id="c0201.n41" lang="eng" target="c0201.41"><xref doc="c.1.4.1">Inana's descent to the nether world, 1.4.1</xref></note>
</l>
<l n="42" id="c0201.42">
<w form="en" lemma="en" pos="N" label="lord">en</w>
<w form="mah-di" lemma="mah-di" pos="AJ" label="illustrious">mah-di</w>
<w form="an" lemma="an" pos="N" label="heaven">an</w>
<w form="ki" lemma="ki" pos="N" label="place">ki</w>
<note id="c0201.n42" lang="eng" target="c0201.42"><xref doc="c.1.1.3">Enki and the world order, 1.1.3</xref></note>
</l>
<l n="43" id="c0201.43">
<w form="&gi;en3-bar-ra" lemma="en3-bar" pos="N" label="marsh reed" bound="L,ak" det="&gi;">&gi;en3-bar-ra</w>
<w form="gurun-na" lemma="gurun" pos="N" label="fruit">gurun-na</w>
</l>
<l n="44" id="c0201.44">
<w form="in-nin" lemma="in-nin" pos="N" label="mistress">in-nin</w>
<w form="me" lemma="me" pos="N" label="essence">me</w>
<w form="gal-gal-la" lemma="gal" pos="V" label="to be big" form-type="RR">gal-gal-la</w>
<note id="c0201.n44" lang="eng" target="c0201.44"><xref doc="c.1.3.3">Inana and &C;u-kale-tuda, 1.3.3</xref></note>
</l>
<l n="45" id="c0201.45">
<w form="ud" lemma="ud" pos="N" label="day(light)">ud</w>
<w form="gal" lemma="gal" pos="V" label="to be big">gal</w>
<w form="pirij" lemma="pirij" pos="N" label="lion">pirij</w>
<w form="an-na" lemma="an" pos="N" label="heaven">an-na</w>
<note id="c0201.n45" lang="eng" target="c0201.45"><xref doc="c.4.07.4">Inana D, 4.07.4</xref></note>
</l>
<l n="46" id="c0201.46">
<w form="en" lemma="en" pos="N" label="lord">en</w>
<w form="gal" lemma="gal" pos="V" label="to be big">gal</w>
<w form="men" lemma="men" pos="N" label="diadem">men</w>
<w form="gur3-ru" lemma="guru3" pos="V" label="to bear">gur3-ru</w>
<w form="kul-aba&ki;" lemma="kul-aba" pos="N" type="SN" label="Kulaba" det="&ki;">kul-aba&ki;</w>
</l>
<l n="47" id="c0201.47">
<w form="nam2" lemma="nam2" pos="N" label="lord">nam2</w>
<w form="nun-e" lemma="nun" pos="N" label="prince">nun-e</w>
<note id="c0201.n47" lang="eng" target="c0201.47">three compositions are known with this incipit (see also line 6 above): <xref doc="c.4.13.13">Nanna M, 4.13.13</xref>; <xref doc="c.4.13.a">A hymn to Nanna, 4.13.a</xref>; <xref doc="c.4.80.2">The Ke&c; temple hymn, 4.80.2</xref>; a fourth is cited in two other catalogues: OB catalogue in the Louvre, 0.2.02, line 35, and OB catalogue from Urim, 0.2.04, line 24; and a fifth in one catalogue: OB catalogue in the Louvre, 0.2.02, line 36</note>
</l>
<l n="48" id="c0201.48">
<w form="iri" lemma="iri" pos="N" label="town">iri</w>
<w form="gud" lemma="gud" pos="N" label="bull">gud</w>
<w form="huc" lemma="huc" pos="V" label="to be reddish">huc</w>
<note id="c0201.n48" lang="eng" target="c0201.48"><xref doc="c.1.8.2.3">Enmerkar and the lord of Aratta, 1.8.2.3</xref></note>
</l>
<l n="49" id="c0201.49">
<w form="e2-u6-nir" lemma="e2-u6-nir" pos="N" type="TN" label="E-unir">e2-u6-nir</w>
<note id="c0201.n49" lang="eng" target="c0201.49"><xref doc="c.4.80.1">The temple hymns, 4.80.1</xref></note>
&hr;
</l>
<l n="50" id="c0201.50">
<w form="me-ce3-am3" lemma="me-ce3" pos="AV" label="where">me-ce3-am3</w>
<w form="i3-du-de3-en" lemma="jen" pos="V" label="to go" form-type="isg">i3-du-de3-en</w>
<note id="c0201.n50" lang="eng" target="c0201.50">two compositions are known with this incipit: E-dub-ba-a A, 5.1.1 and E-dub-ba-a E, 5.1.5</note>
</l>
<l n="51" id="c0201.51">
<w form="ja2-nu" lemma="jen" pos="V" label="to go">ja2-nu</w>
<w form="ki-ju10-ce3" lemma="ki" pos="N" label="place">ki-ju10-ce3</w>
<note id="c0201.n51" lang="eng" target="c0201.51">E-dub-ba-a C, 5.1.3</note>
</l>
<l n="52" id="c0201.52">
<w form="ja2-nu" lemma="jen" pos="V" label="to go">ja2-nu</w>
<w form="ga-na" lemma="ga-na" pos="I" label="directive expression">ga-na</w>
<w form="ga-ab-sa2-sa2-en-de3-en" lemma="sa2" pos="V" label="to equal" form-type="RR">ga-ab-sa2-sa2-en-de3-en</w>
<note id="c0201.n52" lang="eng" target="c0201.52">Dialogue 1, 5.4.01</note>
</l>
<l n="53" id="c0201.53">
<w form="ud-ul-ur11-ra" lemma="ud-ul-ur11-ru" pos="N" type="PN" label="Ud-ul-uru">ud-ul-ur11-<unclear cert="qry">ra</unclear></w>
<note id="c0201.n53" lang="eng" target="c0201.53"><xref doc="c.5.6.3">The farmer's instructions, 5.6.3</xref></note>
</l>
<l n="54" id="c0201.54">
<w form="me-ta-am3" lemma="me-ta" pos="AV" label="type of time and place adverbial">me-ta-am3</w>
<w form="am3-du-un" lemma="jen" pos="V" label="to go" form-type="isg">am3-<damage/><unclear cert="qry">du</unclear>-<unclear cert="qry">un</unclear></w>
<damageEnd/>
<note id="c0201.n54" lang="eng" target="c0201.54">E-dub-ba-a B, 5.1.2</note>
</l>
<l n="55" id="c0201.55">
<w form="me-ta-am3" lemma="me-ta" pos="AV" label="type of time and place adverbial">me-ta-am3</w>
<distinct type="emesal">
<w form="am3-di-di-in" lemma="jen" pos="V" label="to go" emesal="di" form-type="rr">am3-di-di-in</w>
</distinct>
<note id="c0201.n55" lang="eng" target="c0201.55">Dialogue 5, 5.4.05</note>
</l>
<l n="56" id="c0201.56">
<w form="eme-gir15" lemma="eme-gir15" pos="N" label="Sumerian language">eme-gir15</w>
<w form="e-zu-u3" lemma="zu" pos="V" label="to know">e-<damage/><unclear cert="qry">zu</unclear>-<unclear cert="qry">u3</unclear></w>
<damageEnd/>
<note id="c0201.n56" lang="eng" target="c0201.56">E-dub-ba-a D, 5.1.4</note>
</l>
<l n="57" id="c0201.57">
<w form="a-na-am3" lemma="a-na" pos="PD" type="interrogative" label="what">a-na-am3</w>
<w form="a2" lemma="a2" pos="N" label="arm">a2</w>
<w form="aj2-ja2" lemma="aj2" pos="V" label="to measure">aj2-ja2</w>
<note id="c0201.n57" lang="eng" target="c0201.57">E-dub-ba-a R, 5.1.6</note>
</l>
<l n="58" id="c0201.58">
<w form="di4-di4-la2" lemma="di4-di4" pos="V" label="to be small" form-type="RR">di4-di4-la2</w>
<w form="ud-da" lemma="ud" pos="N" label="day(light)">ud-da</w>
<note id="c0201.n58" lang="eng" target="c0201.58">Dialogue 2, 5.4.02</note>
</l>
<l n="59" id="c0201.59">
<w form="ejer" lemma="ejer" pos="N" label="back">ejer</w>
<w form="dub-me-ka" lemma="dub" pos="N" label="tablet">dub-me-ka</w>
<note id="c0201.n59" lang="eng" target="c0201.59">Dialogue 3, 5.4.03</note>
</l>
<l n="60" id="c0201.60">
<w form="X" lemma="X" label="X">X</w>
<w form="X" lemma="X" label="X">X</w>
<w form="lu2" lemma="lu2" pos="N" label="person">lu2</w>
<w form="lil2-la2" lemma="lil2" pos="N" label="ghost">lil2-la2</w>
<note id="c0201.n60" lang="eng" target="c0201.60"><xref doc="c.5.4.11">Diatribe B, 5.4.11</xref> (?)</note>
</l>
<l n="61" id="c0201.61">
<damage/>
<w form="dim2-ma-ni-us2-a-ni" lemma="dim2-ma-ni-us2-a-ni" pos="N" type="PN" label="Dimani-usani">dim2<damageEnd/>-ma-ni-us2-a-ni</w>
<note id="c0201.n61" lang="eng" target="c0201.61">Diatribe A, 5.4.10</note>
</l>
<l n="62" id="c0201.62">
<w form="a" lemma="a" pos="N" label="water">a</w>
<w form="dug3-ga" lemma="dug3" pos="V" label="to be good">dug3-ga</w>
<w form="ur-ra" lemma="ur" pos="N" label="dog"><unclear cert="cor">ur</unclear>-ra</w>
<note id="c0201.n62" lang="eng" target="c0201.62"><xref doc="c.5.4.12">Diatribe C, 5.4.12</xref></note>
&hr;
</l>
</body>
</text>
</TEI.2>
