<TEI.2 id="c.1.7.6">
<teiHeader lang="eng">
<fileDesc>
<titleStmt>
<title>How grain came to Sumer -- a composite transliteration</title>
<respStmt><name>Jeremy Black</name><resp>Project Director and Editor</resp></respStmt>
<respStmt><name>G&aacute;bor Z&oacute;lyomi</name><resp>Editor</resp></respStmt>
<respStmt><name>Graham Cunningham</name><resp>Editor</resp></respStmt>
<respStmt><name>Eleanor Robson</name><resp>Technical Developer</resp></respStmt>
<respStmt><name>Jarle Ebeling</name><resp>Technical Developer</resp></respStmt>
</titleStmt>
<publicationStmt>
<distributor>The Electronic Text Corpus of Sumerian Literature
</distributor><address><addrLine>The Oriental Institute, University of Oxford, Pusey Lane, Oxford OX1 2LE, UK, email etcsl&commat;orinst.ox.ac.uk, http://etcsl.orinst.ox.ac.uk</addrLine></address>
<date>1999</date>
</publicationStmt>
<seriesStmt><p>The Electronic Text Corpus of Sumerian Literature aims to make accessible over 400 literary works composed in the Sumerian language in ancient Mesopotamia during the late third and early second millennia BC. The works are in Sumerian composite transliteration and English prose translation with bibliographical information on each composition.</p></seriesStmt>
<sourceDesc>
<listBibl type="secondary">
<bibl><xref from="b122">R&ouml;mer 1993a</xref><biblScope type="page">360-363</biblScope><biblScope type="contents">translation, commentary</biblScope></bibl>
<bibl><xref from="b141">Bott&eacute;ro and Kramer 1989</xref><biblScope type="page">515-516</biblScope><biblScope type="contents">translation, commentary</biblScope></bibl>
<bibl><xref from="b288">Black 1997c</xref><biblScope type="contents">composite text, translation</biblScope><note>electronic source</note></bibl>
<bibl><xref from="b308">Krecher 1996a</xref><biblScope type="contents">composite text, translation</biblScope><note>electronic source</note></bibl>
<bibl><xref from="b511">Bruschweiler 1987</xref><biblScope type="page">54-56</biblScope><biblScope type="contents">composite text, translation, commentary</biblScope></bibl>
</listBibl>
<listBibl type="tablets">
<bibl><biblScope type="museumNumber">HS 1518 (TMH NF 3 5; WK 15)</biblScope></bibl>
<bibl><biblScope type="museumNumber">Sb 12518</biblScope></bibl>
</listBibl>
</sourceDesc>
</fileDesc>
<revisionDesc>
<change><date>16.ii.1998-19.ii.1998</date><respStmt><name>GZ</name><resp>editor</resp></respStmt>
<item>standardisation</item></change>
<change><date>23.ii.1998</date><respStmt><name>JAB</name><resp>editor</resp></respStmt>
<item>proofreading</item></change>
<change><date>12.ii.1999</date><respStmt><name>GZ</name><resp>editor</resp></respStmt>
<item>minor corrections</item></change>
<change><date>12.ii.1999</date><respStmt><name>GZ</name><resp>editor</resp></respStmt>
<item>SGML tagging</item></change>
<change><date>12.iii.1999</date><respStmt><name>ER</name><resp>editor</resp></respStmt>
<item>proofreading SGML</item></change>
<change><date>15.v.2002</date><respStmt><name>RH</name><resp>editor</resp></respStmt>
<item>adding tablets</item></change>
<change><date>12.iii.1999</date><respStmt><name>ER</name><resp>editor</resp></respStmt>
<item>web publication</item></change>
<change><date>01.vi.2003</date><respStmt><name>GC/JE</name><resp>editor/technical developer</resp></respStmt>
<item>XML/TEI conversion</item></change>
<change><date>30.iii.2005</date><respStmt><name>GC/JE</name><resp>senior editor/technical developer</resp></respStmt>
<item>lemmatised version published</item></change>
</revisionDesc>
</teiHeader>
<text lang="sux">
<body>
<l n="1" id="c176.1" corresp="t176.p1">
<w form="uj3-e" lemma="uj3" pos="N" label="people">uj3-e</w>
<w form="udu-gin7" lemma="udu" pos="N" label="sheep">udu-gin7</w>
<w form="u2" lemma="u2" pos="N" label="plant">u2</w>
<w form="ka-ba" lemma="ka" pos="N" label="mouth">ka-ba</w>
<w form="mu-ni-ib-gu7" lemma="gu7" pos="V" label="to eat">mu-ni-ib-<corr resp="scrAdd"/>ni<corrEnd/>-<supplied/>gu7</w>
<suppliedEnd/>
</l>
<l n="2" id="c176.2" corresp="t176.p1">
<w form="ud" lemma="ud" pos="N" label="day(light)">ud</w>
<w form="re-a" lemma="re" pos="PD" type="demonstrative" label="that">re-a</w>
<w form="&d;ezina2" lemma="ezina2" pos="N" type="DN" label="Ezina" det="&d;">&d;ezina2</w>
<w form="ce" lemma="ce" pos="N" label="barley">ce</w>
<w form="gu" lemma="gu" pos="N" label="(flax) thread">gu</w>
<w form="nu-zu" lemma="zu" pos="V" label="to know">nu-<supplied/>zu</w>
<suppliedEnd/>
</l>
<l n="3" id="c176.3" corresp="t176.p1">
<w form="an-ne2" lemma="an" pos="N" type="DN" label="An">an-ne2</w>
<w form="an-cag4-ta" lemma="an-cag4" pos="N" label="interior of heaven">an-cag4-ta</w>
<w form="im-da-an-ed3-de3" lemma="ed3" pos="V" label="to go down or up">im-da-an-ed3-de3</w>
</l>
<l n="4" id="c176.4" corresp="t176.p1">
<w form="&d;en-lil2-le" lemma="en-lil2" pos="N" type="DN" label="Enlil" det="&d;">&d;en-lil2-le</w>
<w form="a2" lemma="a2" pos="N" label="arm"><corr sic="DA">a2</corr></w>
<w form="tarah-gin7" lemma="tarah" pos="N" label="wild goat">tarah-gin7</w>
<w form="hur-saj" lemma="hur-saj" pos="N" label="mountain (range)">hur-saj</w>
<w form="galam" lemma="galam" pos="V" label="to be skilful">galam</w>
<w form="X-da" lemma="X" label="X">X-da</w>
<w form="ed3-de3" lemma="ed3" pos="V" label="to go down or up">ed3-de3</w>
<w form="igi" lemma="igi" pos="N" label="eye">igi</w>
<w form="mi-ni-ib-il2-il2-i" lemma="il2" pos="V" label="to raise" form-type="RR">mi-ni-ib-il2-il2-i</w>
</l>
<l n="5" id="c176.5" corresp="t176.p1">
<w form="igi-ni" lemma="igi" pos="N" label="eye">igi-ni</w>
<w form="sig-ce3" lemma="sig" pos="V" label="to be low">sig-ce3</w>
<w form="mu-un-il2" lemma="il2" pos="V" label="to raise">mu-un-il2</w>
<w form="a-ab-ba" lemma="a-ab-ba" pos="N" label="sea(water)">a-ab-ba</w>
<w form="sug4-ga-am3" lemma="sug4" pos="V" label="to be full">sug4-ga-am3</w>
</l>
<l n="6" id="c176.6" corresp="t176.p1">
<w form="igi-nim-ce3" lemma="igi-nim" pos="N" label="upper land">igi-nim-ce3</w>
<w form="mu-un-il2" lemma="il2" pos="V" label="to raise">mu-un-il2</w>
<w form="kur" lemma="kur" pos="N" label="(mountain) land">kur</w>
<w form="cim" lemma="cim" pos="N" label="aromatic (fragrance)">cim</w>
<w form="&jic;erin-na-kam" lemma="erin" pos="N" label="cedar" bound="L,ak.am" det="&jic;">&jic;erin-na-kam</w>
</l>
<l n="7" id="c176.7" corresp="t176.p1">
<w form="&d;en-lil2-le" lemma="en-lil2" pos="N" type="DN" label="Enlil" det="&d;">&d;en-lil2-le</w>
<w form="ce" lemma="ce" pos="N" label="barley">ce</w>
<w form="in-dub" lemma="dub" pos="V" label="to heap up">in-<damage/>dub</w>
<damageEnd/>
<w form="kur-re" lemma="kur" pos="N" label="(mountain) land">kur-re</w>
<w form="ba-an-cum2" lemma="cum2" pos="V" label="to give">ba-an-cum2</w>
</l>
<l n="8" id="c176.8" corresp="t176.p1">
<w form="he2-jal2" lemma="he2-jal2" pos="N" label="plenty">he2-jal2</w>
<w form="kalam-ma-ke4" lemma="kalam" pos="N" label="the Land">kalam-ma-ke4</w>
<w form="in-X" lemma="X" label="X">in-X</w>
<w form="kur" lemma="kur" pos="N" label="(mountain) land">kur</w>
<w form="in-nu-ha" lemma="in-nu-ha" pos="N" label="type of barley">in-<damage/>nu-ha</w>
<damageEnd/>
<w form="X" lemma="X" label="X">X</w>
<damage/>
<w form="im-ma-an-cum2" lemma="cum2" pos="V" label="to give">im-ma<damageEnd/>-an-<damage/>cum2</w>
<damageEnd/>
</l>
<l n="9" id="c176.9" corresp="t176.p1">
<w form="hur-saj" lemma="hur-saj" pos="N" label="mountain (range)">hur-saj</w>
<w form="jal2" lemma="jal2" pos="V" label="to open">jal2</w>
<damage/>
<w form="da13-da13" lemma="taka4" pos="V" label="to leave behind" form-type="rr">da13-da13</w>
<damageEnd/>
<w form="igi" lemma="igi" pos="N" label="eye">igi</w>
<w form="ba-ni-in-tab-tab" lemma="tab" pos="V" label="to be parallel" form-type="RR">ba-ni-in-tab-tab</w>
</l>
<l n="10" id="c176.10" corresp="t176.p1">
<w form="&jic;saj-kul-bi" lemma="saj-kul" pos="N" label="(locking) bar" bound="L,bi" det="&jic;">&jic;saj-kul-bi</w>
<damage/>
<w form="an" lemma="an" pos="N" label="heaven">an</w>
<damageEnd/>
<w form="ki" lemma="ki" pos="N" label="place">ki</w>
<w form="X" lemma="X" label="X">X</w>
<supplied/>
<w form="&X;" lemma="&X;" label="&X;">&X;</w>
<suppliedEnd/>
</l>
<l n="11" id="c176.11" corresp="t176.p1">
<w form="&jic;suhubx-bi" lemma="suhub4" pos="N" label="door bolt" det="&jic;">&jic;suhubx(CU.EC.DI)-bi</w>
<supplied/>
<w form="&X;" lemma="&X;" label="&X;">&X;</w>
<suppliedEnd/>
<w form="X" lemma="X" label="X">X</w>
<supplied/>
<w form="&X;" lemma="&X;" label="&X;">&X;</w>
<suppliedEnd/>
</l>
<l n="12" id="c176.12" corresp="t176.p1">
<w form="AN" lemma="AN" label="AN">AN</w>
<supplied/>
<w form="&X;" lemma="&X;" label="&X;">&X;</w>
<suppliedEnd/>
<w form="MA" lemma="MA" label="MA">MA</w>
<w form="X" lemma="X" label="X">X</w>
<w form="JAR" lemma="JAR" label="&G;AR">JAR</w>
<supplied/>
<w form="&X;" lemma="&X;" label="&X;">&X;</w>
<suppliedEnd/>
<w form="im-mi-in-&X;" lemma="&X;" label="&X;"><unclear cert="qry">im</unclear>-mi-in-<supplied/>&X;</w>
<suppliedEnd/>
</l>
<l n="13" id="c176.13" corresp="t176.p2">
<w form="ud-ba" lemma="ud" pos="N" label="day(light)">ud-ba</w>
<w form="&d;nin-a-zu" lemma="nin-a-zu" pos="N" type="DN" label="Ninazu" det="&d;">&d;nin-a-zu</w>
<w form="X" lemma="X" label="X">X</w>
<damage/>
<w form="KA" lemma="KA" label="KA">KA</w>
<damageEnd/>
<supplied/>
<w form="&X;" lemma="&X;" label="&X;">&X;</w>
<suppliedEnd/>
</l>
<l n="14" id="c176.14" corresp="t176.p2">
<w form="cec-a-ni" lemma="cec" pos="N" label="brother">cec-a-ni</w>
<w form="&d;nin-ma-da-ra" lemma="nin-ma-da" pos="N" type="DN" label="Ninmada" det="&d;">&d;nin-ma-<damage/>da-ra<damageEnd/></w>
<damage/>
<w form="gu3" lemma="gu3" pos="N" label="voice">gu3</w>
<damageEnd/>
<supplied/>
<w form="mu-na-de2-e" lemma="de2" pos="V" label="to pour">mu-na-de2-e</w>
<suppliedEnd/>
</l>
<l n="15" id="c176.15" corresp="t176.p2">
<w form="kur-ce3" lemma="kur" pos="N" label="(mountain) land">kur-ce3</w>
<w form="ga-e-re7-en-de3-en" lemma="jen" pos="V" label="to go" form-type="ppl">ga-e-re7-en-de3-<damage/>en</w>
<damageEnd/>
<supplied/>
<w form="&X;" lemma="&X;" label="&X;">&X;</w>
<suppliedEnd/>
</l>
<l n="16" id="c176.16" corresp="t176.p2">
<w form="kur" lemma="kur" pos="N" label="(mountain) land">kur</w>
<w form="ce" lemma="ce" pos="N" label="barley">ce</w>
<w form="gu" lemma="gu" pos="N" label="(flax) thread">gu</w>
<w form="mu2-mu2" lemma="mu2" pos="V" label="to grow" form-type="RR">mu2-mu2</w>
<w form="X" lemma="X" label="X">X</w>
<supplied/>
<w form="&X;" lemma="&X;" label="&X;">&X;</w>
<suppliedEnd/>
</l>
<l n="17" id="c176.17" corresp="t176.p2">
<damage/>
<w form="id2" lemma="id2" pos="N" label="watercourse">id2</w>
<damageEnd/>
<w form="hal-hal" lemma="hal-hal" pos="V" label="to roll" form-type="RR">hal-hal</w>
<w form="a" lemma="a" pos="N" label="water">a</w>
<w form="ki-ta" lemma="ki" pos="N" label="place">ki-ta</w>
<w form="DU.DU" lemma="DU" label="DU">DU.DU</w>
<w form="X" lemma="X" label="X">X</w>
<note id="c176.n1" lang="eng" target="c176.17">on upper edge, possibly a continuation of the line:</note>
<w form="AM" lemma="AM" label="AM"><unclear cert="qry">AM</unclear></w>
<w form="MA" lemma="MA" label="MA"><unclear cert="qry">MA</unclear></w>
<w form="X" lemma="X" label="X">X</w>
<w form="X" lemma="X" label="X">X</w>
<w form="X" lemma="X" label="X">X</w>
</l>
<l n="18" id="c176.18" corresp="t176.p2">
<supplied/>
<w form="ce" lemma="ce" pos="N" label="barley">ce</w>
<w form="kur-ba" lemma="kur" pos="N" label="(mountain) land">kur-ba</w>
<w form="ga-am3-ta-ab-ed3-en-de3-en" lemma="ed3" pos="V" label="to go down or up">ga<suppliedEnd/>-am3-<damage/>ta<damageEnd/>-<supplied/>ab-ed3-en-de3-en</w>
<suppliedEnd/>
</l>
<l n="19" id="c176.19" corresp="t176.p2">
<w form="in-nu-ha" lemma="in-nu-ha" pos="N" label="type of barley">in-<supplied/>nu-ha</w>
<suppliedEnd/>
<w form="ki-en-gi" lemma="ki-en-gi" pos="N" type="GN" label="Sumer"><supplied/>ki<suppliedEnd/>-en-gi</w>
<w form="X" lemma="X" label="X">X</w>
<supplied/>
<w form="X" lemma="X" label="X">X</w>
<suppliedEnd/>
<damage/>
<w form="X" lemma="X" label="X">X</w>
<damageEnd/>
<supplied/>
<w form="&X;" lemma="&X;" label="&X;">&X;</w>
<suppliedEnd/>
</l>
<l n="20" id="c176.20" corresp="t176.p2">
<w form="ki-en-gi" lemma="ki-en-gi" pos="N" type="GN" label="Sumer">ki-en-gi</w>
<w form="ce" lemma="ce" pos="N" label="barley">ce</w>
<w form="nu-zu" lemma="zu" pos="V" label="to know">nu-zu</w>
<w form="ce" lemma="ce" pos="N" label="barley">ce</w>
<w form="gi-bi2-&X;" lemma="&X;" label="&X;">gi-bi2-<supplied/>&X;</w>
<suppliedEnd/>
</l>
<l n="21" id="c176.21" corresp="t176.p3">
<w form="&d;nin-ma-da" lemma="nin-ma-da" pos="N" type="DN" label="Ninmada" det="&d;">&d;nin-ma-da</w>
<w form="cudu3" lemma="cudu3" pos="N" label="prayer">cudu3</w>
<w form="an-na-ke4" lemma="an" pos="N" type="DN" label="An">an-na-ke4</w>
<supplied/>
<w form="mu-na-ni-ib-gi4-gi4" lemma="gi4" pos="V" label="to return" form-type="RR">mu-na-ni-ib-gi4-gi4</w>
<suppliedEnd/>
</l>
<l n="22" id="c176.22" corresp="t176.p3">
<w form="nij2" lemma="nij2" pos="N" label="thing">nij2</w>
<w form="a-a-me" lemma="a-a" pos="N" label="father">a-a-me</w>
<w form="nu-mu-un-dug4-ga" lemma="dug4" pos="V" label="to say">nu-mu-un-dug4-<damage/>ga</w>
<damageEnd/>
<supplied/>
<w form="&X;" lemma="&X;" label="&X;">&X;</w>
<suppliedEnd/>
</l>
<l n="23" id="c176.23" corresp="t176.p3">
<w form="nij2" lemma="nij2" pos="N" label="thing">nij2</w>
<w form="&d;en-lil2-le" lemma="en-lil2" pos="N" type="DN" label="Enlil" det="&d;">&d;en-lil2-le</w>
<w form="nu-mu-un-dug4-ga" lemma="dug4" pos="V" label="to say">nu-mu-un-<damage/>dug4-ga</w>
<damageEnd/>
<supplied/>
<w form="&X;" lemma="&X;" label="&X;">&X;</w>
<suppliedEnd/>
</l>
<l n="24" id="c176.24" corresp="t176.p3">
<w form="a-na-gin7-nam" lemma="a-na-gin7" pos="AV" label="how">a-na-gin7-nam</w>
<w form="kur-ce3" lemma="kur" pos="N" label="(mountain) land">kur-ce3</w>
<w form="i3-sub2-be2-en-de3-en" lemma="jen" pos="V" label="to go" form-type="ipl">i3-sub2-be2-en-<damage/>de3<damageEnd/>-<supplied/>en</w>
<suppliedEnd/>
</l>
<l n="25" id="c176.25" corresp="t176.p3">
<w form="ce" lemma="ce" pos="N" label="barley">ce</w>
<w form="kur-ba" lemma="kur" pos="N" label="(mountain) land">kur-ba</w>
<w form="a-na-gin7-nam" lemma="a-na-gin7" pos="AV" label="how">a-<damage/>na<damageEnd/>-gin7-<damage/>nam</w>
<damageEnd/>
<w form="im-ta-ab-ed3-de3-en-de3-en" lemma="ed3" pos="V" label="to go down or up">im-ta-<damage/>ab<damageEnd/>-ed3-de3-en-<damage/>de3<damageEnd/>-<supplied/>en</w>
<suppliedEnd/>
</l>
<l n="26" id="c176.26" corresp="t176.p3">
<w form="in-nu-ha" lemma="in-nu-ha" pos="N" label="type of barley">in-nu-ha</w>
<w form="ki-en-gi" lemma="ki-en-gi" pos="N" type="GN" label="Sumer"><damage/>ki-en<damageEnd/>-gi</w>
<w form="a-na-gin7-nam" lemma="a-na-gin7" pos="AV" label="how">a-na-gin7-<supplied/>nam</w>
<suppliedEnd/>
<w form="im-ma-ni-ib-kur9-en-de3-en" lemma="kur9" pos="V" label="to enter">im-ma-ni-ib-kur9-en-de3-en</w>
</l>
<l n="27" id="c176.27" corresp="t176.p3">
<w form="ki-en-gi" lemma="ki-en-gi" pos="N" type="GN" label="Sumer">ki-en-gi</w>
<w form="ce" lemma="ce" pos="N" label="barley">ce</w>
<w form="nu-zu" lemma="zu" pos="V" label="to know">nu-zu</w>
<damage/>
<w form="a-na-gin7-nam" lemma="a-na-gin7" pos="AV" label="how">a-na-gin7<damageEnd/>-nam</w>
<w form="im-bi2-ib-zu-zu-un-de3-en" lemma="zu" pos="V" label="to know" form-type="RR">im-bi2-ib-zu-<damage/>zu-un<damageEnd/>-de3-<damage/>en</w>
<damageEnd/>
</l>
<l n="28" id="c176.28" corresp="t176.p4">
<w form="jen-na" lemma="jen" pos="V" label="to go">jen-na</w>
<w form="&d;utu" lemma="utu" pos="N" type="DN" label="Utu" det="&d;">&d;utu</w>
<w form="an-na" lemma="an" pos="N" label="heaven">an-na</w>
<w form="ga-ba-ni-re7-en-de3-en" lemma="jen" pos="V" label="to go" form-type="ppl">ga-ba-ni-<supplied/>re7<suppliedEnd/>-<damage/>en-de3-en</w>
<damageEnd/>
</l>
<l n="29" id="c176.29" corresp="t176.p4">
<w form="lu2" lemma="lu2" pos="N" label="person">lu2</w>
<w form="ba-nu2-a" lemma="nu2" pos="V" label="to lie down">ba-nu2-a</w>
<w form="lu2" lemma="lu2" pos="N" label="person">lu2</w>
<w form="ba-nu2-a" lemma="nu2" pos="V" label="to lie down">ba-nu2-a</w>
<damage/>
<w form="u3-sa2" lemma="u3-sa2" pos="N" label="sleep">u3-sa2</w>
<w form="ku-ku-nam" lemma="ku" pos="V" label="to lay down" form-type="RR">ku-ku<damageEnd/>-nam</w>
</l>
<l n="30" id="c176.30" corresp="t176.p4">
<w form="ur-saj" lemma="ur-saj" pos="N" label="hero">ur-saj</w>
<w form="dumu" lemma="dumu" pos="N" label="child">dumu</w>
<w form="&d;nin-gal" lemma="nin-gal" pos="N" type="DN" label="Ningal" det="&d;">&d;nin-gal</w>
<w form="lu2" lemma="lu2" pos="N" label="person">lu2</w>
<w form="ba-nu2-a" lemma="nu2" pos="V" label="to lie down"><unclear cert="cor">ba</unclear>-nu2-a</w>
<w form="u3-sa2" lemma="u3-sa2" pos="N" label="sleep">u3-sa2</w>
<w form="ku-ku-nam" lemma="ku" pos="V" label="to lay down" form-type="RR">ku-ku-nam</w>
</l>
<l n="31" id="c176.31" corresp="t176.p4">
<w form="&d;utu" lemma="utu" pos="N" type="DN" label="Utu" det="&d;">&d;utu</w>
<w form="&jic;ig" lemma="ig" pos="N" label="door" det="&jic;">&jic;ig</w>
<w form="70-am3" lemma="70" pos="NU" type="cardinal" label="70">70-am3</w>
<w form="cu" lemma="cu" pos="N" label="hand">cu</w>
<w form="mu-na-an-zig3" lemma="zig3" pos="V" label="to rise">mu-na-an-zig3</w>
&hr;
</l>
<l n="32" id="c176.32" corresp="t176.p5">
<w form="&d;utu" lemma="utu" pos="N" type="DN" label="Utu" det="&d;">&d;utu</w>
<w form="&jic;bancur" lemma="bancur" pos="N" label="(offering) table" det="&jic;">&jic;<damage/><unclear cert="qry">bancur</unclear></w>
<damageEnd/>
<w form="AC" lemma="AC" label="A&C;">AC</w>
<w form="KI" lemma="KI" label="KI">KI</w>
</l>
</body>
</text>
</TEI.2>
