<TEI.2 id="c.2.4.1.3">
<teiHeader lang="eng">
<fileDesc>
<titleStmt>
<title>A praise poem of Ur-Namma (Ur-Namma C) -- a composite transliteration</title>
<respStmt><name>Jeremy Black</name><resp>Project Director and Editor</resp></respStmt>
<respStmt><name>G&aacute;bor Z&oacute;lyomi</name><resp>Editor</resp></respStmt>
<respStmt><name>Graham Cunningham</name><resp>Editor</resp></respStmt>
<respStmt><name>Eleanor Robson</name><resp>Technical Developer</resp></respStmt>
<respStmt><name>Jarle Ebeling</name><resp>Technical Developer</resp></respStmt>
</titleStmt>
<publicationStmt>
<distributor>The Electronic Text Corpus of Sumerian Literature
</distributor><address><addrLine>The Oriental Institute, University of Oxford, Pusey Lane, Oxford OX1 2LE, UK, email etcsl&commat;orinst.ox.ac.uk, http://etcsl.orinst.ox.ac.uk</addrLine></address>
<date>2000</date>
</publicationStmt>
<seriesStmt><p>The Electronic Text Corpus of Sumerian Literature aims to make accessible over 400 literary works composed in the Sumerian language in ancient Mesopotamia during the late third and early second millennia BC. The works are in Sumerian composite transliteration and English prose translation with bibliographical information on each composition.</p></seriesStmt>
<sourceDesc>
<listBibl type="secondary">
<bibl><xref from="b309">Krecher 1996b</xref><biblScope type="contents">translation, score transliteration</biblScope><note>electronic source</note></bibl>
<bibl><xref from="b245">Castellino 1959</xref><biblScope type="page">118-131</biblScope><biblScope type="contents">score transliteration, translation, commentary</biblScope></bibl>
<bibl><xref from="b506">Sj&ouml;berg 1960</xref><biblScope type="page">119-122</biblScope><biblScope type="contents">score transliteration, translation, commentary</biblScope><note>ll. 1-16</note></bibl>
<bibl><xref from="b602">Fl&uuml;ckiger-Hawker 1999</xref><biblScope type="page">204-227</biblScope><biblScope type="plate">16-20</biblScope><biblScope type="contents">translation, photograph, commentary, score transliteration</biblScope></bibl>
</listBibl>
<listBibl type="tablets">
<bibl><biblScope type="museumNumber">AO 5378 (TCL 15 12)</biblScope></bibl>
</listBibl>
</sourceDesc>
</fileDesc>
<revisionDesc>
<change><date>21.iv.1999</date><respStmt><name>GZ</name><resp>editor</resp></respStmt>
<item>standardisation</item></change>
<change><date>23.vii.1999</date><respStmt><name>JAB</name><resp>editor</resp></respStmt>
<item>proofreading</item></change>
<change><date>20.xii.1999</date><respStmt><name>GZ</name><resp>editor</resp></respStmt>
<item>minor corrections</item></change>
<change><date>19.v.2000</date><respStmt><name>JAB</name><resp>editor</resp></respStmt>
<item>proofreading</item></change>
<change><date>19.v.2000</date><respStmt><name>GC</name><resp>editor</resp></respStmt>
<item>SGML tagging</item></change>
<change><date>26.v.2000</date><respStmt><name>ER</name><resp>editor</resp></respStmt>
<item>proofreading SGML</item></change>
<change><date>26.v.2000</date><respStmt><name>ER</name><resp>editor</resp></respStmt>
<item>web publication</item></change>
<change><date>01.vi.2003</date><respStmt><name>GC/JE</name><resp>editor/technical developer</resp></respStmt>
<item>XML/TEI conversion</item></change>
<change><date>30.iii.2005</date><respStmt><name>GC/JE</name><resp>senior editor/technical developer</resp></respStmt>
<item>lemmatised version published</item></change>
</revisionDesc>
</teiHeader>
<text lang="sux">
<body>
<l n="1" id="c2413.1" corresp="t2413.p1">
<w form="iri" lemma="iri" pos="N" label="town">iri</w>
<w form="me" lemma="me" pos="N" label="essence">me</w>
<w form="dug3-dug3-ga" lemma="dug3" pos="V" label="to be good" form-type="RR">dug3-dug3-ga</w>
<w form="barag" lemma="barag" pos="N" label="dais">barag</w>
<w form="mah" lemma="mah" pos="V" label="to be majestic">mah</w>
<w form="nam-lugal-la" lemma="nam-lugal" pos="N" label="kingship">nam-lugal-la</w>
</l>
<l n="2" id="c2413.2" corresp="t2413.p1">
<w form="ec3" lemma="ec3" pos="N" label="shrine">ec3</w>
<w form="urim5&ki;" lemma="urim2" pos="N" type="SN" label="Urim" det="&ki;">urim5&ki;</w>
<w form="gu2-gal" lemma="gu2-gal" pos="AJ" label="foremost">gu2-gal</w>
<w form="ki-en-gi-ra" lemma="ki-en-gi" pos="N" type="GN" label="Sumer"><damage/>ki<damageEnd/>-en-gi-ra</w>
<w form="ki" lemma="ki" pos="N" label="place">ki</w>
<w form="kug-ga" lemma="kug" pos="AJ" label="shining">kug-ga</w>
<w form="du3-a" lemma="du3" pos="V" label="to erect">du3-a</w>
</l>
<l n="3" id="c2413.3" corresp="t2413.p1">
<w form="iri" lemma="iri" pos="N" label="town">iri</w>
<w form="bad3" lemma="bad3" pos="N" label="wall">bad3</w>
<w form="gal" lemma="gal" pos="V" label="to be big">gal</w>
<w form="ki" lemma="ki" pos="N" label="place">ki</w>
<w form="jar-ra-zu" lemma="jar" pos="V" label="to place">jar-ra-<unclear cert="cor">zu</unclear></w>
<w form="abzu-ta" lemma="abzu" pos="N" label="underground water">abzu-ta</w>
<w form="mu2-a" lemma="mu2" pos="V" label="to grow">mu2-a</w>
</l>
<l n="4" id="c2413.4" corresp="t2413.p1">
<w form="iri" lemma="iri" pos="N" label="town">iri</w>
<w form="an-gin7" lemma="an" pos="N" label="heaven">an-gin7</w>
<w form="sig7-ga" lemma="sig7" pos="V" label="to be green">sig7-ga</w>
<w form="hi-li" lemma="hi-li" pos="N" label="attractiveness">hi-li</w>
<w form="gur3-ru" lemma="guru3" pos="V" label="to bear">gur3-ru</w>
<w form="ki" lemma="ki" pos="N" label="place">ki</w>
<w form="gal-la" lemma="gal" pos="V" label="to be big">gal-la</w>
<w form="gun3-gun3" lemma="gun3" pos="V" label="to be multicoloured" form-type="RR">gun3-gun3</w>
</l>
<l n="5" id="c2413.5" corresp="t2413.p1">
<w form="ec3" lemma="ec3" pos="N" label="shrine">ec3</w>
<w form="urim5&ki;" lemma="urim2" pos="N" type="SN" label="Urim" det="&ki;">urim5&ki;</w>
<w form="ji6-par4" lemma="ji6-par4" pos="N" label="cloister">ji6-par4</w>
<w form="ki" lemma="ki" pos="N" label="place">ki</w>
<w form="jar-ra" lemma="jar" pos="V" label="to place">jar-ra</w>
<w form="ki-tuc" lemma="ki-tuc" pos="N" label="dwelling place">ki-tuc</w>
<w form="an" lemma="an" pos="N" type="DN" label="An">an</w>
<w form="&d;en-lil2-la2" lemma="en-lil2" pos="N" type="DN" label="Enlil" det="&d;">&d;en-lil2-la2</w>
</l>
<l n="6" id="c2413.6" corresp="t2413.p1">
<w form="e2-gal" lemma="e2-gal" pos="N" label="palace">e2-gal</w>
<w form="mah-zu" lemma="mah" pos="V" label="to be majestic">mah-<unclear cert="cor">zu</unclear></w>
<w form="e2-kic-nu-jal2" lemma="e2-kic-nu-jal2" pos="N" type="TN" label="E-ki&c;-nu-&g;al">e2-kic-nu-jal2</w>
<w form="cag4-ga" lemma="cag4" pos="N" label="heart">cag4-ga</w>
<w form="nam" lemma="nam" pos="N" label="destiny">nam</w>
<w form="tar-ra" lemma="tar" pos="V" label="to cut">tar-ra</w>
</l>
<l n="7" id="c2413.7" corresp="t2413.p1">
<w form="dub-la2-zu" lemma="dub-la2" pos="N" label="(doorpost) platform">dub-la2-zu</w>
<w form="me-lem4" lemma="me-lem4" pos="N" label="(awesome) radiance">me-lem4</w>
<w form="du8-du8-a" lemma="du8" pos="V" label="to spread" form-type="RR">du8-du8-a</w>
<w form="kur-kur-ra" lemma="kur" pos="N" label="(mountain) land" form-type="RR">kur-kur-ra</w>
<w form="dirig-ga" lemma="dirig" pos="V" label="to be superior">dirig-ga</w>
</l>
<l n="8" id="c2413.8" corresp="t2413.p1">
<w form="gi-gun4-na-bi" lemma="gi-gun4-na" pos="N" label="temple terrace">gi-gun4-na-bi</w>
<w form="dungu" lemma="dungu" pos="N" label="cloud">dungu</w>
<w form="babbar-gin7" lemma="babbar" pos="AJ" label="white">babbar-gin7</w>
<w form="an-cag4-ga" lemma="an-cag4" pos="N" label="interior of heaven">an-cag4-ga</w>
<w form="u6" lemma="u6" pos="N" label="wonder">u6</w>
<w form="di" lemma="dug4" pos="V" label="to say" form-type="nfi">di</w>
</l>
<l n="9" id="c2413.9" corresp="t2413.p1">
<w form="&jic;RU-bi" lemma="RU" pos="N" label="architectural feature" det="&jic;">&jic;RU-bi</w>
<w form="nim" lemma="nim" pos="N" label="lightning">nim</w>
<w form="jir2-jir2-e-gin7" lemma="jir2" pos="V" label="to flash" form-type="RR">jir2-jir2-e-gin7</w>
<w form="ec3" lemma="ec3" pos="N" label="shrine">ec3</w>
<w form="cag4-ga" lemma="cag4" pos="N" label="heart">cag4-ga</w>
<w form="kumx-kumx-mu" lemma="kun2" pos="V" label="to shine" form-type="RR">kumx(PA)-kumx(PA)-mu</w>
</l>
<l n="10" id="c2413.10" corresp="t2413.p1">
<w form="1" lemma="1" pos="NU" type="cardinal" label="1">1</w>
<w form="gud" lemma="gud" pos="N" label="bull">gud</w>
<w form="&jic;cudul4-a-gin7" lemma="cudul" pos="N" label="yoke" det="&jic;">&jic;cudul4-a-gin7</w>
<w form="ur2" lemma="ur2" pos="N" label="root">ur2</w>
<w form="gur-ra" lemma="gur4" pos="V" label="to be thick">gur-ra</w>
<w form="X" lemma="X" label="X">X</w>
<w form="kug" lemma="kug" pos="AJ" label="shining">kug</w>
<w form="da-ra-ga" lemma="da-ra" pos="V" label="meaning unknown">da-ra-ga</w>
</l>
<l n="11" id="c2413.11" corresp="t2413.p1">
<w form="&jic;bancur" lemma="bancur" pos="N" label="(offering) table" det="&jic;">&jic;bancur</w>
<damage/>
<w form="sikil-la" lemma="sikil" pos="V" label="to be pure">sikil-la</w>
<damageEnd/>
<w form="ki" lemma="ki" pos="N" label="place">ki</w>
<w form="aj2" lemma="aj2" pos="V" label="to measure">aj2</w>
<w form="&d;suen-na" lemma="suen" pos="N" type="DN" label="Suen" det="&d;">&d;suen-na</w>
</l>
<l n="12" id="c2413.12" corresp="t2413.p1">
<w form="e2-kic-nu-jal2" lemma="e2-kic-nu-jal2" pos="N" type="TN" label="E-ki&c;-nu-&g;al">e2-kic-nu-jal2</w>
<w form="&jic;bancur" lemma="bancur" pos="N" label="(offering) table" det="&jic;">&jic;bancur</w>
<damage/>
<w form="sikil-la" lemma="sikil" pos="V" label="to be pure">sikil<damageEnd/>-la</w>
<w form="ki" lemma="ki" pos="N" label="place">ki</w>
<w form="aj2" lemma="aj2" pos="V" label="to measure">aj2</w>
<w form="&d;suen-na" lemma="suen" pos="N" type="DN" label="Suen" det="&d;">&d;suen-na</w>
</l>
<l n="13" id="c2413.13" corresp="t2413.p1">
<w form="lugal" lemma="lugal" pos="N" label="king">lugal</w>
<w form="KI.LUGAL.GUB-la" lemma="KI.LUGAL.GUB" pos="N" label="royal station">KI.LUGAL.GUB-la</w>
<w form="he2-du7-bi" lemma="he2-du7" pos="N" label="(fitting) ornament">he2-du7-bi</w>
<damage/>
<w form="kisal" lemma="kisal" pos="N" label="courtyard">kisal</w>
<damageEnd/>
<w form="mah-e" lemma="mah" pos="V" label="to be majestic">mah-e</w>
<w form="si-a" lemma="si" pos="V" label="to fill">si-a</w>
</l>
<l n="14" id="c2413.14" corresp="t2413.p1">
<w form="ur-&d;namma" lemma="ur-namma" pos="N" type="RN" label="Ur-Namma" npart="DN:Namma" det="&d;"><damage/><unclear cert="cor">ur</unclear><damageEnd/>-&d;namma</w>
<w form="uru16" lemma="uru16" pos="V" label="to be towering">uru16</w>
<w form="a2" lemma="a2" pos="N" label="arm">a2</w>
<w form="nun" lemma="nun" pos="N" label="prince">nun</w>
<w form="gi4-a" lemma="gi4" pos="V" label="to return">gi4-a</w>
<w form="&d;en-X" lemma="en-X" pos="N" type="DN" label="En-X" det="&d;"><damage/>&d;en<damageEnd/>-X</w>
<w form="X" lemma="X" label="X">X</w>
<w form="X-ma" lemma="X" label="X">X-ma</w>
</l>
<l n="15" id="c2413.15" corresp="t2413.p1">
<supplied/>
<w form="Xbr" lemma="Xbr" label="Xbr">(X)</w>
<suppliedEnd/>
<w form="urim5&ki;" lemma="urim2" pos="N" type="SN" label="Urim" det="&ki;"><damage/>urim5<damageEnd/>&ki;</w>
<damage/>
<w form="iri" lemma="iri" pos="N" label="town"><unclear cert="qry">iri</unclear></w>
<damageEnd/>
<w form="dajal-ba" lemma="dajal" pos="V" label="to be wide">dajal-<damage/><unclear cert="qry">ba</unclear></w>
<w form="SAR" lemma="SAR" label="SAR"><unclear cert="qry">SAR</unclear></w>
<damageEnd/>
<w form="X" lemma="X" label="X">X</w>
<supplied/>
<w form="Xbr" lemma="Xbr" label="Xbr">(X)</w>
<w form="X" lemma="X" label="X">X</w>
<w form="X" lemma="X" label="X">X</w>
<suppliedEnd/>
</l>
<l n="16" id="c2413.16" corresp="t2413.p1">
<supplied/>
<w form="&X;" lemma="&X;" label="&X;">&X;</w>
<suppliedEnd/>
<w form="NAM" lemma="NAM" label="NAM">NAM</w>
<w form="X" lemma="X" label="X">X</w>
<w form="X" lemma="X" label="X">X</w>
<damage/>
<w form="GA" lemma="GA" label="GA">GA</w>
<w form="pa" lemma="pa" pos="N" label="branch"><unclear cert="qry">pa</unclear></w>
<damageEnd/>
<w form="ba-e-ni-a-e3" lemma="e3" pos="V" label="to go out or in">ba-e-ni-a-e3</w>
</l>
<l n="17" id="c2413.17" corresp="t2413.p2">
<supplied/>
<w form="&X;" lemma="&X;" label="&X;">&X;</w>
<suppliedEnd/>
<w form="X" lemma="X" label="X">X</w>
<w form="Xbr" lemma="Xbr" label="Xbr">(X)</w>
<supplied/>
<w form="Xbr" lemma="Xbr" label="Xbr">(X)</w>
<w form="X" lemma="X" label="X">X</w>
<suppliedEnd/>
<w form="X" lemma="X" label="X">X</w>
<w form="nir-jal2-e" lemma="nir-jal2" pos="AJ" label="authoritative">nir-jal2-e</w>
</l>
<l n="18" id="c2413.18" corresp="t2413.p2">
<supplied/>
<w form="ni2-te-a-ni" lemma="ni2-te-a-ni" pos="PD" type="reflexive" label="himself, herself">ni2-te-a<suppliedEnd/>-ni</w>
<w form="mi2" lemma="mi2" pos="N" label="(loving) care">mi2</w>
<w form="zid" lemma="zid" pos="AJ" label="right">zid</w>
<w form="i-ri" lemma="ar2" pos="N" label="praise">i-ri</w>
<w form="in-ga-am3-me" lemma="dug4" pos="V" label="to say" form-type="ppli">in-ga-am3-me</w>
</l>
<l n="19" id="c2413.19" corresp="t2413.p2">
<damage/>
<w form="ur-&d;namma" lemma="ur-namma" pos="N" type="RN" label="Ur-Namma" npart="DN:Namma" det="&d;">ur-&d;namma</w>
<damageEnd/>
<w form="lugal" lemma="lugal" pos="N" label="king">lugal</w>
<w form="urim5&ki;-ma" lemma="urim2" pos="N" type="SN" label="Urim" det="&ki;">urim5&ki;-ma</w>
<w form="nam" lemma="nam" pos="N" label="destiny">nam</w>
<w form="dug3" lemma="dug3" pos="V" label="to be good">dug3</w>
<w form="tar-ra-ba" lemma="tar" pos="V" label="to cut">tar-ra-ba</w>
<w form="jiri3" lemma="jiri3" pos="N" label="foot">jiri3</w>
<phr type="VP" lemma="si sa2" label="to make straight">
<w form="si" lemma="si" pos="N" label="horn">si</w>
<w form="mu-un-da-ab-sa2" lemma="sa2" pos="V" label="to equal">mu-un-da-ab-sa2</w>
</phr>
</l>
<l n="20" id="c2413.20" corresp="t2413.p2">
<w form="an-e" lemma="an" pos="N" type="DN" label="An">an-e</w>
<w form="ka" lemma="ka" pos="N" label="mouth">ka</w>
<damage/>
<w form="kug-ga-ni" lemma="kug" pos="AJ" label="shining">kug<damageEnd/>-ga-ni</w>
<w form="mu-un-ba" lemma="ba" pos="V" label="to allot">mu-un-ba</w>
<w form="cejx" lemma="cej3" pos="N" label="rain">cejx(IM.A)</w>
<w form="ma-u3-tud" lemma="tud" pos="V" label="to give birth">ma-u3-tud</w>
</l>
<l n="21" id="c2413.21" corresp="t2413.p2">
<w form="ki-ce3" lemma="ki" pos="N" label="place">ki-ce3</w>
<w form="cag4-ga" lemma="cag4" pos="N" label="heart">cag4-ga</w>
<phr type="VP" lemma="si sa2" label="to make straight">
<w form="si" lemma="si" pos="N" label="horn">si</w>
<w form="ba-an-sa2" lemma="sa2" pos="V" label="to equal">ba-an-sa2</w>
</phr>
<w form="he2-jal2" lemma="he2-jal2" pos="N" label="plenty">he2-jal2</w>
<w form="ma-ra-de6" lemma="de6" pos="V" label="to carry">ma-ra-de6</w>
</l>
<l n="22" id="c2413.22" corresp="t2413.p2">
<w form="&d;en-lil2-le" lemma="en-lil2" pos="N" type="DN" label="Enlil" det="&d;">&d;en-lil2-le</w>
<w form="mi2" lemma="mi2" pos="N" label="(loving) care">mi2</w>
<w form="zid" lemma="zid" pos="AJ" label="right">zid</w>
<w form="mu-un-dug4" lemma="dug4" pos="V" label="to say">mu-un-dug4</w>
<w form="UN" lemma="UN" label="UN">UN</w>
<w form="mu-ci-in-X" lemma="X" label="X">mu-ci-in-X</w>
</l>
<l n="23" id="c2413.23" corresp="t2413.p2">
<w form="&d;en-ki-ke4" lemma="en-ki" pos="N" type="DN" label="Enki" det="&d;">&d;<damage/>en<damageEnd/>-ki-ke4</w>
<w form="mi2" lemma="mi2" pos="N" label="(loving) care">mi2</w>
<w form="zid" lemma="zid" pos="AJ" label="right">zid</w>
<w form="mu-un-dug4" lemma="dug4" pos="V" label="to say">mu-un-dug4</w>
<w form="a-ectub&ku6;" lemma="a-ectub" pos="N" label="carp(-filled) water" det="&ku6;">a-ectub&ku6;</w>
<w form="&d;ezina2" lemma="ezina2" pos="N" type="DN" label="Ezina" det="&d;">&d;ezina2</w>
<w form="ce" lemma="ce" pos="N" label="barley">ce</w>
<w form="gu-nu" lemma="gu-nu" pos="N" label="flax">gu-nu</w>
<w form="saj-e-ec" lemma="saj" pos="N" label="head">saj-e-ec</w>
<w form="mu-un-rig7" lemma="rig7" pos="V" label="to bestow">mu-un-rig7</w>
</l>
<l n="24" id="c2413.24" corresp="t2413.p2">
<w form="&d;nin-tur5-re" lemma="nin-tur5" pos="N" type="DN" label="Nintur" det="&d;"><damage/>&d;nin<damageEnd/>-tur5-re</w>
<w form="je26-e" lemma="je26" pos="PD" type="personal" label="I">je26-e</w>
<w form="mu-un-dim2-dim2-en" lemma="dim2" pos="V" label="to create" form-type="RR">mu-un-dim2-dim2-en</w>
<w form="gaba-ri-ju10" lemma="gaba-ri" pos="N" label="equal"><corr sic="ga">gaba</corr>-ri-ju10</w>
<w form="nu-tuku" lemma="tuku" pos="V" label="to have">nu-tuku</w>
</l>
<l n="25" id="c2413.25" corresp="t2413.p2">
<supplied/>
<w form="&X;" lemma="&X;" label="&X;">&X;</w>
<suppliedEnd/>
<w form="X" lemma="X" label="X">X</w>
<w form="dug3-bi" lemma="dug3" pos="V" label="to be good">dug3-bi</w>
<w form="bi2-in-pec-en" lemma="pec" pos="V" label="to be thick">bi2-in-pec-en</w>
<w form="lugal" lemma="lugal" pos="N" label="king">lugal</w>
<w form="kalam-ma-me-en" lemma="kalam" pos="N" label="the Land">kalam-ma-me-en</w>
</l>
<l n="26" id="c2413.26" corresp="t2413.p2">
<supplied/>
<w form="&X;" lemma="&X;" label="&X;">&X;</w>
<suppliedEnd/>
<damage/>
<w form="jal2" lemma="jal2" pos="V" label="to be (located)">jal2</w>
<damageEnd/>
<w form="zid-da-me-en" lemma="zid" pos="AJ" label="right">zid-da-me-en</w>
<w form="tur3" lemma="tur3" pos="N" label="animal stall">tur3</w>
<w form="amac" lemma="amac" pos="N" label="sheepfold">amac</w>
<w form="mu-da-dajal" lemma="dajal" pos="V" label="to be wide">mu-da-<damage/>dajal</w>
<damageEnd/>
</l>
<l n="27" id="c2413.27" corresp="t2413.p2">
<w form="&d;utu" lemma="utu" pos="N" type="DN" label="Utu" det="&d;">&d;utu</w>
<w form="ka-ja2" lemma="ka" pos="N" label="mouth">ka-ja2</w>
<w form="inim" lemma="inim" pos="N" label="word">inim</w>
<w form="ba-ni-in-jal2" lemma="jal2" pos="V" label="to be (located)">ba-ni-in-jal2</w>
</l>
<l n="28" id="c2413.28" corresp="t2413.p2">
<phr type="VP" lemma="di kud" label="to judge">
<w form="di" lemma="di" pos="N" label="(law)suit">di</w>
<w form="ku5-ru-ju10" lemma="kud" pos="V" label="to cut">ku5-ru-ju10</w>
</phr>
<w form="ki-en-gi" lemma="ki-en-gi" pos="N" type="GN" label="Sumer">ki-en-gi</w>
<w form="ki-uri" lemma="ki-uri" pos="N" type="GN" label="Akkad">ki-uri</w>
<w form="gu3" lemma="gu3" pos="N" label="voice">gu3</w>
<w form="tec2-a" lemma="tec2" pos="N" label="unity">tec2-a</w>
<w form="bi2-in-sig10" lemma="sig10" pos="V" label="to place">bi2-in-sig10</w>
</l>
<l n="29" id="c2413.29" corresp="t2413.p2">
<w form="&d;nin-gublaga-ke4" lemma="nin-gublaga" pos="N" type="DN" label="Ningublaga" det="&d;">&d;nin-gublaga-ke4</w>
<w form="a2" lemma="a2" pos="N" label="arm">a2</w>
<w form="ma-an-cum2" lemma="cum2" pos="V" label="to give">ma-an-cum2</w>
</l>
<l n="30" id="c2413.30" corresp="t2413.p2">
<w form="me3-ju10" lemma="me3" pos="N" label="battle">me3-ju10</w>
<w form="an" lemma="an" pos="N" label="heaven">an</w>
<w form="ki" lemma="ki" pos="N" label="place">ki</w>
<w form="cu2-a-bi" lemma="cu2" pos="V" label="to cover">cu2-a-bi</w>
<w form="lu2" lemma="lu2" pos="N" label="person">lu2</w>
<w form="la-ba-ra-e3" lemma="e3" pos="V" label="to go out or in">la-ba-ra-e3</w>
</l>
<l n="31" id="c2413.31" corresp="t2413.p3">
<w form="ur-&d;namma" lemma="ur-namma" pos="N" type="RN" label="Ur-Namma" npart="DN:Namma" det="&d;">ur-&d;namma</w>
<w form="lugal" lemma="lugal" pos="N" label="king">lugal</w>
<w form="urim5&ki;-ma" lemma="urim2" pos="N" type="SN" label="Urim" det="&ki;">urim5&ki;-ma</w>
<w form="&d;lamma" lemma="lamma" pos="N" label="guardian deity" det="&d;">&d;lamma</w>
<w form="iri-ja2-me-en" lemma="iri" pos="N" label="town">iri-ja2-me-en</w>
</l>
<l n="32" id="c2413.32" corresp="t2413.p3">
<w form="cer7-da" lemma="cer7-da" pos="N" label="crime">cer7-da</w>
<w form="mu-dub2" lemma="dub2" pos="V" label="to tremble">mu-dub2</w>
<w form="su" lemma="su" pos="N" label="flesh">su</w>
<w form="mu-un-sag3-sag3" lemma="sag3" pos="V" label="to beat" form-type="RR">mu-un-sag3-sag3</w>
</l>
<l n="33" id="c2413.33" corresp="t2413.p3">
<w form="ni2" lemma="ni2" pos="N" label="fear(someness)">ni2</w>
<term id="c2413.t1">
<w form="su-e" lemma="su" pos="N" label="flesh">su-e</w>
<w form="bi2-us2-sa-ju10" lemma="us2" pos="V" label="to be adjacent">bi2-us2-sa-ju10</w>
<w form="X" lemma="X" label="X">X</w>
<w form="X-a" lemma="X" label="X">X-a</w>
</term>
<gloss lang="akk" target="c2413.t1">
i-na
mu
X
X
ri-ia-ac
</gloss>
</l>
<l n="34" id="c2413.34" corresp="t2413.p3">
<phr type="VP" lemma="di kud" label="to judge">
<w form="di" lemma="di" pos="N" label="(law)suit">di</w>
<w form="ku5-ru-ju10" lemma="kud" pos="V" label="to cut">ku5-ru-ju10</w>
</phr>
<w form="ki-en-gi" lemma="ki-en-gi" pos="N" type="GN" label="Sumer">ki-en-gi</w>
<w form="ki-uri" lemma="ki-uri" pos="N" type="GN" label="Akkad">ki-uri</w>
<w form="us2" lemma="us2" pos="N" label="path">us2</w>
<w form="dili-a" lemma="dili" pos="AJ" label="single">dili-a</w>
<w form="mi-ni-ib-dab5" lemma="dab5" pos="V" label="to seize">mi-ni-ib-dab5</w>
</l>
<l n="35" id="c2413.35" corresp="t2413.p3">
<w form="ni2-zuh" lemma="ni2-zuh" pos="N" label="thief">ni2-zuh</w>
<w form="lu2" lemma="lu2" pos="N" label="person">lu2</w>
<w form="i-&d;utu-ka" lemma="i-utu" pos="N" label="(cry of) complaint" bound="L,ak.a" det="&d;">i-&d;utu-ka</w>
<w form="gu2-ba" lemma="gu2" pos="N" label="neck">gu2-ba</w>
<w form="jiri3" lemma="jiri3" pos="N" label="foot">jiri3</w>
<w form="bi2-gub" lemma="gub" pos="V" label="to stand">bi2-gub</w>
</l>
<l n="36" id="c2413.36" corresp="t2413.p3">
<w form="erim2-du" lemma="erim2-du" pos="AJ" label="wicked">erim2-du</w>
<w form="muc-gin7" lemma="muc" pos="N" label="snake">muc-gin7</w>
<w form="cu" lemma="cu" pos="N" label="hand">cu</w>
<w form="gid2-gid2-da" lemma="gid2" pos="V" label="to be long" form-type="RR">gid2-gid2-da</w>
<w form="cu" lemma="cu" pos="N" label="hand">cu</w>
<w form="im-da-an-cu2-cu2" lemma="cu2" pos="V" label="to cover" form-type="RR">im-da-an-cu2-cu2</w>
</l>
<l n="37" id="c2413.37" corresp="t2413.p3">
<w form="lu2-kar-da" lemma="lu2-kar-ra" pos="N" label="fugitive">lu2-kar-da</w>
<w form="gur5-ru-uc" lemma="guru5" pos="V" label="to cut down">gur5-ru-uc</w>
<w form="im-da-ab-be2" lemma="dug4" pos="V" label="to say" form-type="ppli">im-da-ab-be2</w>
<w form="cag4-bi" lemma="cag4" pos="N" label="heart">cag4-bi</w>
<phr type="VP" lemma="si sa2" label="to make straight">
<w form="si" lemma="si" pos="N" label="horn">si</w>
<w form="bi2-ib-sa2" lemma="sa2" pos="V" label="to equal">bi2-ib-sa2</w>
</phr>
</l>
<l n="38" id="c2413.38" corresp="t2413.p3">
<w form="nij2-si-sa2-e" lemma="nij2-si-sa2" pos="N" label="justice">nij2-si-sa2-e</w>
<w form="pa" lemma="pa" pos="N" label="branch">pa</w>
<w form="e3" lemma="e3" pos="V" label="to go out or in">e3</w>
<w form="bi2-ak" lemma="ak" pos="V" label="to do">bi2-ak</w>
<w form="nij2-erim2" lemma="nij2-erim2" pos="N" label="fraudulent action">nij2-erim2</w>
<w form="sa2" lemma="sa2" pos="V" label="to equal">sa2</w>
<w form="bi2-dug4" lemma="dug4" pos="V" label="to say">bi2-dug4</w>
</l>
<l n="39" id="c2413.39" corresp="t2413.p3">
<w form="&d;gibil6-gin7" lemma="gibil6" pos="N" type="DN" label="Gibil" det="&d;">&d;gibil6-gin7</w>
<w form="saj-ki" lemma="saj-ki" pos="N" label="forehead">saj-ki</w>
<w form="gid2-da-ju10" lemma="gid2" pos="V" label="to be long">gid2-da-ju10</w>
<damage/>
<w form="gu3" lemma="gu3" pos="N" label="voice">gu3</w>
<damageEnd/>
<w form="tec2-a" lemma="tec2" pos="N" label="unity">tec2-a</w>
<w form="bi2-sig10" lemma="sig10" pos="V" label="to place">bi2-<damage/>sig10</w>
<damageEnd/>
</l>
<l n="40" id="c2413.40" corresp="t2413.p3">
<w form="inim-ju10" lemma="inim" pos="N" label="word">inim-ju10</w>
<w form="me-me" lemma="me" pos="N" label="essence" form-type="RR">me-me</w>
<w form="DU8-ba" lemma="DU8" label="DU&s8;">DU8-ba</w>
<w form="gub-bi" lemma="gub" pos="V" label="to stand">gub-bi</w>
<w form="UN" lemma="UN" label="UN">UN</w>
<w form="X" lemma="X" label="X">X</w>
<w form="A" lemma="A" label="A">A</w>
<supplied/>
<w form="&X;" lemma="&X;" label="&X;">&X;</w>
<suppliedEnd/>
<w form="X" lemma="X" label="X">X</w>
<w form="Xbr" lemma="Xbr" label="Xbr">(X)</w>
<w form="E" lemma="E" label="E">E</w>
</l>
<l n="41" id="c2413.41" corresp="t2413.p3">
<w form="DAG" lemma="DAG" label="DAG">DAG</w>
<w form="X" lemma="X" label="X">X</w>
<w form="Xbr-la" lemma="Xbr" label="Xbr">(X)-la</w>
<w form="ma-da" lemma="ma-da" pos="N" label="land">ma-da</w>
<w form="kur-kur-ra" lemma="kur" pos="N" label="(mountain) land" form-type="RR">kur-<damage/>kur<damageEnd/>-<supplied/>ra</w>
<w form="&X;" lemma="&X;" label="&X;">&X;</w>
<suppliedEnd/>
<w form="urim5&ki;-e" lemma="urim2" pos="N" type="SN" label="Urim" det="&ki;">urim5<damage/>&ki;-<unclear cert="qry">e</unclear><damageEnd/></w>
<w form="X" lemma="X" label="X">X</w>
<damage/>
<w form="kur" lemma="kur" pos="N" label="(mountain) land">kur</w>
<damageEnd/>
<supplied/>
<w form="&X;" lemma="&X;" label="&X;">&X;</w>
<suppliedEnd/>
</l>
<l n="42" id="c2413.42" corresp="t2413.p3">
<w form="nidba-bi" lemma="nidba" pos="N" label="(food) offering">nidba-bi</w>
<w form="e2-kic-nu-jal2-la-na" lemma="e2-kic-nu-jal2" pos="N" type="TN" label="E-ki&c;-nu-&g;al">e2-kic-nu-<damage/>jal2-la-na<damageEnd/></w>
<w form="&d;nanna-ar" lemma="nanna" pos="N" type="DN" label="Nanna" det="&d;">&d;nanna-ar</w>
<w form="mi-ni-in-hul2-le" lemma="hul2" pos="V" label="to be happy">mi-ni-in-hul2-le</w>
</l>
<l n="43" id="c2413.43" corresp="t2413.p4">
<w form="a-ju10" lemma="a" pos="N" label="water"><unclear cert="cor">a</unclear>-ju10</w>
<w form="cag4" lemma="cag4" pos="N" label="heart">cag4</w>
<w form="kug-ge" lemma="kug" pos="AJ" label="shining">kug-ge</w>
<w form="ba-ri-a-ta" lemma="ri" pos="V" label="to direct">ba-ri-a-ta</w>
</l>
<l n="44" id="c2413.44" corresp="t2413.p4">
<w form="&d;suen-e" lemma="suen" pos="N" type="DN" label="Suen" det="&d;">&d;suen-e</w>
<w form="u6-e" lemma="u6" pos="N" label="wonder">u6-e</w>
<w form="ki" lemma="ki" pos="N" label="place">ki</w>
<w form="aj2-ni" lemma="aj2" pos="V" label="to measure">aj2-ni</w>
</l>
<l n="45" id="c2413.45" corresp="t2413.p4">
<w form="&d;nanna-ar" lemma="nanna" pos="N" type="DN" label="Nanna" det="&d;">&d;nanna-ar</w>
<w form="hi-li-na" lemma="hi-li" pos="N" label="attractiveness">hi-li-na</w>
<w form="ba-ni-in-kur9-re" lemma="kur9" pos="V" label="to enter">ba-ni-in-kur9-re</w>
</l>
<l n="46" id="c2413.46" corresp="t2413.p4">
<w form="&d;en-lil2-le" lemma="en-lil2" pos="N" type="DN" label="Enlil" det="&d;">&d;en-lil2-le</w>
<w form="&d;utu-gin7" lemma="utu" pos="N" type="DN" label="Utu" det="&d;">&d;utu-gin7</w>
<w form="kalam-ma" lemma="kalam" pos="N" label="the Land">kalam-ma</w>
<w form="ed2-de3" lemma="e3" pos="V" label="to go out or in">ed2-de3</w>
<w form="mu" lemma="mu" pos="N" label="name">mu</w>
<w form="dug3" lemma="dug3" pos="V" label="to be good">dug3</w>
<w form="mu-un-sa4" lemma="sa4" pos="V" label="to call">mu-un-<damage/>sa4</w>
<damageEnd/>
</l>
<l n="47" id="c2413.47" corresp="t2413.p4">
<w form="&d;nin-tur5" lemma="nin-tur5" pos="N" type="DN" label="Nintur" det="&d;">&d;<corr sic="nin9">nin</corr>-tur5</w>
<w form="tud-tud-a" lemma="tud" pos="V" label="to give birth" form-type="RR">tud-<damage/>tud<damageEnd/>-a</w>
<w form="mu-un-gub-bu" lemma="gub" pos="V" label="to stand">mu-un-gub-<unclear cert="cor">bu</unclear></w>
</l>
<l n="48" id="c2413.48" corresp="t2413.p4">
<w form="cag4" lemma="cag4" pos="N" label="heart">cag4</w>
<w form="ama-ju10" lemma="ama" pos="N" label="mother">ama-ju10</w>
<w form="&d;nin-sumun2-ka-ta" lemma="nin-sumun2" pos="N" type="DN" label="Ninsumun" det="&d;">&d;nin-sumun2-ka-ta</w>
</l>
<l n="49" id="c2413.49" corresp="t2413.p4">
<w form="nam" lemma="nam" pos="N" label="destiny">nam</w>
<w form="tar-ra" lemma="tar" pos="V" label="to cut">tar-ra</w>
<w form="sag9-ga" lemma="sag9" pos="V" label="to be good">sag9-ga</w>
<w form="ma-ta-e3" lemma="e3" pos="V" label="to go out or in">ma-ta-e3</w>
</l>
<l n="50" id="c2413.50" corresp="t2413.p5">
<w form="ur-&d;namma-me-en" lemma="ur-namma" pos="N" type="RN" label="Ur-Namma" npart="DN:Namma" det="&d;">ur-&d;namma-me-en</w>
<w form="ma-da" lemma="ma-da" pos="N" label="land">ma-da</w>
<w form="ki-en-gi" lemma="ki-en-gi" pos="N" type="GN" label="Sumer">ki-en-gi</w>
<w form="ki-uri" lemma="ki-uri" pos="N" type="GN" label="Akkad">ki-<damage/>uri<damageEnd/></w>
<w form="&d;lamma" lemma="lamma" pos="N" label="guardian deity" det="&d;">&d;lamma</w>
<w form="mu-un-da-an-tuku" lemma="tuku" pos="V" label="to have">mu-un-da-an-tuku</w>
</l>
<l n="51" id="c2413.51" corresp="t2413.p5">
<w form="kalam-ma" lemma="kalam" pos="N" label="the Land">kalam-ma</w>
<w form="ki" lemma="ki" pos="N" label="place">ki</w>
<w form="ur5" lemma="ur5" pos="N" label="liver">ur5</w>
<w form="sag9-ge-bi" lemma="sag9" pos="V" label="to be good">sag9-ge-bi</w>
<w form="je26-e-me-en" lemma="je26" pos="PD" type="personal" label="I">je26-e-me-en</w>
<w form="zi-ju10" lemma="zi" pos="N" label="life (breath)">zi-ju10</w>
<w form="he2-u3-tud" lemma="tud" pos="V" label="to give birth">he2-u3-tud</w>
</l>
<l n="52" id="c2413.52" corresp="t2413.p5">
<w form="ug" lemma="ug" pos="N" label="lion">ug</w>
<w form="ucumgal" lemma="ucumgal" pos="N" label="type of serpent">ucumgal</w>
<w form="X" lemma="X" label="X">X</w>
<w form="A" lemma="A" label="A">A</w>
<w form="KA" lemma="KA" label="KA">KA</w>
<w form="IGI" lemma="IGI" label="IGI">IGI</w>
<w form="Xbr" lemma="Xbr" label="Xbr">(X)</w>
<w form="LA2" lemma="LA2" label="LA&s2;">LA2</w>
<w form="a-cag4" lemma="a-cag4" pos="N" label="field">a-cag4</w>
<w form="mu-da-dadag" lemma="dadag" pos="V" label="to be bright" form-type="RR">mu-da-dadag</w>
</l>
<l n="53" id="c2413.53" corresp="t2413.p5">
<damage/>
<w form="gana2" lemma="gana2" pos="N" label="field"><unclear cert="qry">gana2</unclear></w>
<damageEnd/>
<w form="gi" lemma="gi" pos="N" label="reed">gi</w>
<w form="hul" lemma="hul" pos="V" label="to be bad">hul</w>
<w form="mu2-a" lemma="mu2" pos="V" label="to grow">mu2-a</w>
<w form="cuba2" lemma="cuba" pos="N" label="agate?">cuba2</w>
<w form="nu-mu-u8-da-lu" lemma="lu" pos="V" label="to be abundant">nu-mu-u8-da-lu</w>
</l>
<l n="54" id="c2413.54" corresp="t2413.p5">
<w form="edimx-ma" lemma="edin" pos="N" label="open country">edimx(EDIN)-ma</w>
<w form="ezen-gin7" lemma="ezen" pos="N" label="festival">ezen-gin7</w>
<w form="du3-a-ba" lemma="du3" pos="V" label="to erect">du3-a-ba</w>
<w form="jiri3" lemma="jiri3" pos="N" label="foot">jiri3</w>
<phr type="VP" lemma="si sa2" label="to make straight">
<w form="si" lemma="si" pos="N" label="horn">si</w>
<w form="mu-un-da-ab-sa2" lemma="sa2" pos="V" label="to equal">mu-un-da-ab-sa2</w>
</phr>
</l>
<l n="55" id="c2413.55" corresp="t2413.p5">
<w form="lu2" lemma="lu2" pos="N" label="person">lu2</w>
<w form="a-cag4-ga" lemma="a-cag4" pos="N" label="field">a-cag4-ga</w>
<w form="nir-jal2-bi" lemma="nir-jal2" pos="AJ" label="authoritative">nir-jal2-bi</w>
<w form="mu-un-DU" lemma="DU" pos="V" label="DU">mu-un-DU</w>
<w form="gaba-na" lemma="gaba" pos="N" label="chest">gaba-na</w>
<w form="ib2-ta-an-zig3" lemma="zig3" pos="V" label="to rise">ib2-ta-an-zig3</w>
</l>
<l n="56" id="c2413.56" corresp="t2413.p5">
<w form="dumu" lemma="dumu" pos="N" label="child">dumu</w>
<w form="ukur3-ra" lemma="ukur3" pos="V" label="to be poor">ukur3-ra</w>
<w form="u2" lemma="u2" pos="N" label="plant">u2</w>
<w form="il2-i-de3" lemma="il2" pos="V" label="to raise">il2-i-de3</w>
<w form="jen-na" lemma="jen" pos="V" label="to go">jen-na</w>
<w form="ama-ni-ir" lemma="ama" pos="N" label="mother">ama-ni-ir</w>
<w form="mu-un-gi4-gi4" lemma="gi4" pos="V" label="to return" form-type="RR">mu-un-gi4-gi4</w>
</l>
<l n="57" id="c2413.57" corresp="t2413.p6">
<damage/>
<w form="a-ma-ru" lemma="a-ma-ru" pos="N" label="flood"><unclear cert="qry">a</unclear><damageEnd/>-ma-ru</w>
<damage/>
<w form="gi4-ba" lemma="gi4" pos="V" label="to return"><unclear cert="qry">gi4</unclear><damageEnd/>-ba</w>
<w form="i-ti" lemma="itid" pos="N" label="moon(light)"><term id="c2413.t2">i-ti</term><gloss lang="sux" target="c2413.t2">X</gloss></w>
<w form="ma-gi4" lemma="gi4" pos="V" label="to return"><term id="c2413.t3">ma-gi4</term><gloss lang="sux" target="c2413.t3">X-a-ba</gloss></w>
</l>
<l n="58" id="c2413.58" corresp="t2413.p6">
<w form="&d;en-lil2-le" lemma="en-lil2" pos="N" type="DN" label="Enlil" det="&d;">&d;en-lil2-le</w>
<damage/>
<w form="ud" lemma="ud" pos="N" label="day(light)">ud</w>
<damageEnd/>
<w form="dug3-dug3-ga-na" lemma="dug3" pos="V" label="to be good" form-type="RR">dug3-dug3-ga-na</w>
<w form="mac2-e" lemma="mac2" pos="N" label="(kid) goat">mac2-e</w>
<damage/>
<w form="bi2-in-pad3-de3-en" lemma="pad3" pos="V" label="to find">bi2-in<damageEnd/>-pad3-de3-en</w>
</l>
<l n="59" id="c2413.59" corresp="t2413.p6">
<w form="ki-en-gi-ra" lemma="ki-en-gi" pos="N" type="GN" label="Sumer">ki-en-gi-<damage/>ra<damageEnd/></w>
<w form="gu3" lemma="gu3" pos="N" label="voice">gu3</w>
<w form="zid" lemma="zid" pos="AJ" label="right">zid</w>
<w form="mu-un-de2" lemma="de2" pos="V" label="to pour">mu-un-de2</w>
<w form="e2-a" lemma="e2" pos="N" label="house(hold)"><unclear cert="cor">e2</unclear>-a</w>
<w form="in-da-an-zig3-ge-en" lemma="zig3" pos="V" label="to rise">in-da-an-zig3-ge-en</w>
</l>
<l n="60" id="c2413.60" corresp="t2413.p6">
<damage/>
<w form="jectug2" lemma="jectug2" pos="N" label="ear">jectug2</w>
<w form="dajal" lemma="dajal" pos="V" label="to be wide">dajal</w>
<damageEnd/>
<w form="igi-jal2-tuku-ju10-ce3" lemma="igi-jal2-tuku" pos="AJ" label="wise">igi-jal2-tuku-ju10-ce3</w>
</l>
<l n="61" id="c2413.61" corresp="t2413.p6">
<w form="X" lemma="X" label="X">X</w>
<w form="an" lemma="an" pos="N" type="DN" label="An"><supplied/>an<suppliedEnd/></w>
<damage/>
<w form="lugal-e" lemma="lugal" pos="N" label="king">lugal<damageEnd/>-e</w>
<w form="cu-ju10-ce3" lemma="cu" pos="N" label="hand">cu-ju10-ce3</w>
<w form="ba-an-cum2" lemma="cum2" pos="V" label="to give">ba-an-cum2</w>
</l>
<l n="62" id="c2413.62" corresp="t2413.p6">
<w form="ki-en-gi-ra" lemma="ki-en-gi" pos="N" type="GN" label="Sumer"><supplied/>ki-en<suppliedEnd/>-<damage/>gi<damageEnd/>-ra</w>
<w form="uz3-saj-bi" lemma="uz3-saj" pos="N" label="(cosmic) bond">uz3-saj-bi</w>
<w form="je26-e-me-en" lemma="je26" pos="PD" type="personal" label="I">je26-e-me-en</w>
</l>
<l n="63" id="c2413.63" corresp="t2413.p6">
<supplied/>
<w form="&X;" lemma="&X;" label="&X;">&X;</w>
<suppliedEnd/>
<w form="X" lemma="X" label="X">X</w>
<supplied/>
<w form="Xbr" lemma="Xbr" label="Xbr">(X)</w>
<suppliedEnd/>
<w form="X" lemma="X" label="X">X</w>
<w form="X" lemma="X" label="X">X</w>
<w form="sag9-ga-me-en" lemma="sag9" pos="V" label="to be good">sag9-ga-me-en</w>
</l>
<l n="64" id="c2413.64" corresp="t2413.p6">
<supplied/>
<w form="&X;-a-me-en" lemma="&X;" label="&X;">&X;<suppliedEnd/>-<damage/><unclear cert="qry">a</unclear><damageEnd/>-me-en</w>
</l>
<l n="65" id="c2413.65" corresp="t2413.p6">
<supplied/>
<w form="&X;" lemma="&X;" label="&X;">&X;</w>
<suppliedEnd/>
<w form="X" lemma="X" label="X">X</w>
<supplied/>
<w form="&X;" lemma="&X;" label="&X;">&X;</w>
<suppliedEnd/>
<w form="X" lemma="X" label="X">X</w>
<w form="kalam-ma-me-en" lemma="kalam" pos="N" label="the Land">kalam-ma-me-en</w>
</l>
<l n="66" id="c2413.66" corresp="t2413.p6">
<supplied/>
<w form="&X;" lemma="&X;" label="&X;">&X;</w>
<suppliedEnd/>
<w form="X" lemma="X" label="X">X</w>
<w form="tum2-mu" lemma="de6" pos="V" label="to carry" form-type="isg">tum2-mu</w>
</l>
<l n="67" id="c2413.67" corresp="t2413.p6">
<w form="X" lemma="X" label="X">X</w>
<w form="X" lemma="X" label="X">X</w>
<w form="X" lemma="X" label="X">X</w>
<supplied/>
<w form="&X;" lemma="&X;" label="&X;">&X;</w>
<suppliedEnd/>
</l>
<l n="68" id="c2413.68" corresp="t2413.p6">
<w form="X" lemma="X" label="X">X</w>
<damage/>
<w form="HI" lemma="HI" label="&H;I"><unclear cert="qry">HI</unclear></w>
<damageEnd/>
<w form="X" lemma="X" label="X">X</w>
<supplied/>
<w form="&X;" lemma="&X;" label="&X;">&X;</w>
<suppliedEnd/>
</l>
<l n="69" id="c2413.69" corresp="t2413.p6">
<w form="en-me-en" lemma="en" pos="N" label="lord">en-me-<damage/>en</w>
<w form="zi" lemma="zi" pos="N" label="life (breath)"><unclear cert="qry">zi</unclear></w>
<damageEnd/>
<w form="X" lemma="X" label="X">X</w>
<w form="X" lemma="X" label="X">X</w>
<w form="X" lemma="X" label="X">X</w>
<supplied/>
<w form="&X;" lemma="&X;" label="&X;">&X;</w>
<suppliedEnd/>
<w form="X" lemma="X" label="X">X</w>
<w form="X" lemma="X" label="X">X</w>
<supplied/>
<w form="&X;" lemma="&X;" label="&X;">&X;</w>
<suppliedEnd/>
</l>
<l n="70" id="c2413.70" corresp="t2413.p7">
<w form="ur-&d;namma" lemma="ur-namma" pos="N" type="RN" label="Ur-Namma" npart="DN:Namma" det="&d;">ur-&d;namma</w>
<w form="an-ce3" lemma="an" pos="N" label="heaven">an-ce3</w>
<w form="tud-da" lemma="tud" pos="V" label="to give birth">tud-<damage/>da</w>
<damageEnd/>
<w form="kug-ge-ec" lemma="kug" pos="AJ" label="shining">kug-ge-ec</w>
<w form="X" lemma="X" label="X">X</w>
<supplied/>
<w form="&X;" lemma="&X;" label="&X;">&X;</w>
<suppliedEnd/>
</l>
<l n="71" id="c2413.71" corresp="t2413.p7">
<damage/>
<w form="unken" lemma="unken" pos="N" label="assembly"><unclear cert="qry">unken</unclear></w>
<damageEnd/>
<w form="igi-ju10-ce3" lemma="igi" pos="N" label="eye">igi-ju10-ce3</w>
<phr type="VP" lemma="si sa2" label="to make straight">
<w form="si" lemma="si" pos="N" label="horn">si</w>
<w form="im-sa2" lemma="sa2" pos="V" label="to equal">im-sa2</w>
</phr>
</l>
<l n="72" id="c2413.72" corresp="t2413.p7">
<w form="erin2" lemma="erin2" pos="N" label="group of people">erin2</w>
<w form="silim-ma" lemma="silim" pos="V" label="to be healthy">silim-ma</w>
<w form="kalam" lemma="kalam" pos="N" label="the Land">kalam</w>
<w form="cu-a" lemma="cu" pos="N" label="hand">cu-a</w>
<w form="gi4-gi4" lemma="gi4" pos="V" label="to return" form-type="RR">gi4-gi4</w>
<w form="&d;en-lil2-le" lemma="en-lil2" pos="N" type="DN" label="Enlil" det="&d;">&d;en-lil2-le</w>
<w form="ma-ra-an-cum2" lemma="cum2" pos="V" label="to give">ma-ra-an-<damage/>cum2</w>
<damageEnd/>
</l>
<l n="73" id="c2413.73" corresp="t2413.p7">
<w form="ji6-par4-ra" lemma="ji6-par4" pos="N" label="cloister">ji6-par4-ra</w>
<damage/>
<w form="&tug2;gada" lemma="gada" pos="N" label="linen (fibre)" det="&tug2;"><unclear cert="qry">&tug2;</unclear><damageEnd/>gada</w>
<w form="nam-mi-la2" lemma="la2" pos="V" label="to hang">nam-mi-la2</w>
</l>
<l n="74" id="c2413.74" corresp="t2413.p7">
<w form="jic-nu2" lemma="jic-nu2" pos="N" label="bed">jic-nu2</w>
<w form="gi-rin-na" lemma="gi-rin" pos="N" label="blossom">gi-rin-na</w>
<w form="ki-nu2" lemma="ki-nu2" pos="N" label="sleeping quarter">ki-nu2</w>
<w form="dug3-ba" lemma="dug3" pos="V" label="to be good">dug3-ba</w>
<w form="mu-nu2" lemma="nu2" pos="V" label="to lie down">mu-nu2</w>
</l>
<l n="75" id="c2413.75" corresp="t2413.p7">
<w form="uj3-e" lemma="uj3" pos="N" label="people">uj3-e</w>
<w form="u2" lemma="u2" pos="N" label="plant">u2</w>
<w form="nir-jal2" lemma="nir-jal2" pos="AJ" label="authoritative">nir-jal2</w>
<w form="bi2-ib2-gu7-en" lemma="gu7" pos="V" label="to eat">bi2-ib2-<damage/><unclear cert="qry">gu7</unclear><damageEnd/>-en</w>
<w form="&d;en-ki-im-du-bi-me-en" lemma="en-ki-im-du" pos="N" type="DN" label="Enkimdu" det="&d;">&d;en-ki-im-du-bi-me-en</w>
</l>
<l n="76" id="c2413.76" corresp="t2413.p7">
<w form="sipad" lemma="sipad" pos="N" label="shepherd">sipad</w>
<w form="zid" lemma="zid" pos="AJ" label="right">zid</w>
<w form="udu-ni" lemma="udu" pos="N" label="sheep">udu-ni</w>
<w form="dirig" lemma="dirig" pos="V" label="to be superior">dirig</w>
<w form="jal2-la-me-en" lemma="jal2" pos="V" label="to be (located)">jal2-la-me-en</w>
</l>
<l n="77" id="c2413.77" corresp="t2413.p7">
<w form="tur3" lemma="tur3" pos="N" label="animal stall">tur3</w>
<w form="amac" lemma="amac" pos="N" label="sheepfold">amac</w>
<w form="dajal" lemma="dajal" pos="V" label="to be wide">dajal</w>
<w form="KA&times;MAC-bi" lemma="KA&times;MAC" label="KA&times;MA&C;">KA&times;MAC-bi</w>
<w form="jal2" lemma="jal2" pos="V" label="to open">jal2</w>
<w form="bi2-taka4" lemma="taka4" pos="V" label="to leave behind">bi2-taka4</w>
<w form="gaba-ri-ju10" lemma="gaba-ri" pos="N" label="equal">gaba-ri-ju10</w>
<w form="nu-tuku" lemma="tuku" pos="V" label="to have">nu-tuku</w>
</l>
<l n="78" id="c2413.78" corresp="t2413.p7">
<w form="sipad" lemma="sipad" pos="N" label="shepherd">sipad</w>
<w form="u2" lemma="u2" pos="N" label="plant">u2</w>
<w form="naj-ja2-bi" lemma="naj" pos="V" label="to drink">naj-ja2-bi</w>
<w form="cuba2" lemma="cuba" pos="N" label="agate?"><term id="c2413.t4">cuba2</term><gloss lang="sux" target="c2413.t4">X-X</gloss></w>
<w form="ma-car2" lemma="car2" pos="V" label="to be numerous"><term id="c2413.t5">ma-car2</term><gloss lang="sux" target="c2413.t5"><unclear cert="qry">mu</unclear>-ni-car2</gloss></w>
</l>
<l n="79" id="c2413.79" corresp="t2413.p8">
<w form="nam-en-na-bi" lemma="nam-en" pos="N" label="high (priestly) office">nam-en-na-bi</w>
<w form="u3-me-ni-tag" lemma="tag" pos="V" label="to touch">u3-me-ni-tag</w>
</l>
<l n="80" id="c2413.80" corresp="t2413.p8">
<w form="buru14" lemma="buru14" pos="N" label="harvest (time)">buru14</w>
<w form="mah-ju10" lemma="mah" pos="V" label="to be majestic">mah-ju10</w>
<w form="ni2-bi" lemma="ni2-bi" pos="PD" type="reflexive" label="itself, themselves">ni2-bi</w>
<w form="il2-il2-i" lemma="il2" pos="V" label="to raise" form-type="RR">il2-il2-i</w>
<w form="nij2-kud" lemma="nij2-kud" pos="N" label="revenue">nij2-kud</w>
<w form="nu-ak-e" lemma="ak" pos="V" label="to do">nu-ak-e</w>
</l>
<l n="81" id="c2413.81" corresp="t2413.p8">
<w form="a2" lemma="a2" pos="N" label="arm">a2</w>
<w form="aj2-ja2-ju10" lemma="aj2" pos="V" label="to measure">aj2-ja2-ju10</w>
<w form="bad3" lemma="bad3" pos="N" label="wall">bad3</w>
<w form="gal" lemma="gal" pos="V" label="to be big">gal</w>
<w form="kur-ra-ka" lemma="kur" pos="N" label="(mountain) land">kur-ra-ka</w>
<phr type="VP" lemma="e-ne dug4" label="to play">
<w form="a-ne" lemma="e-ne" pos="N" label="game">a-ne</w>
<w form="hul2-la" lemma="hul2" pos="V" label="to be happy">hul2-la</w>
<w form="mu-e" lemma="dug4" pos="V" label="to say" form-type="ppli">mu-e</w>
</phr>
</l>
<l n="82" id="c2413.82" corresp="t2413.p8">
<w form="iri-ja2" lemma="iri" pos="N" label="town">iri-ja2</w>
<w form="ki-sur-ra" lemma="ki-sur-ra" pos="N" label="territory">ki-sur-ra</w>
<w form="ki-en-gi-ra" lemma="ki-en-gi" pos="N" type="GN" label="Sumer">ki-en-gi-ra</w>
<w form="giri17-zal-bi" lemma="giri17-zal" pos="N" label="joy">giri17-zal-bi</w>
<w form="ma-dug3" lemma="dug3" pos="V" label="to be good">ma-dug3</w>
</l>
<l n="83" id="c2413.83" corresp="t2413.p8">
<w form="ki-en-gi" lemma="ki-en-gi" pos="N" type="GN" label="Sumer">ki-en-gi</w>
<w form="id2-ba" lemma="id2" pos="N" label="watercourse">id2-ba</w>
<w form="a" lemma="a" pos="N" label="water">a</w>
<w form="cu" lemma="cu" pos="N" label="hand">cu</w>
<w form="bi2-ba" lemma="ba" pos="V" label="to allot">bi2-ba</w>
<w form="jic" lemma="jic" pos="N" label="tree">jic</w>
<w form="gu2-ba" lemma="gu2" pos="N" label="neck">gu2-ba</w>
<w form="mu-zig3" lemma="zig3" pos="V" label="to rise">mu-zig3</w>
</l>
<l n="84" id="c2413.84" corresp="t2413.p8">
<w form="saj-ur-saj-bi" lemma="saj-ur-saj" pos="N" label="type of cult performer">saj-ur-saj-bi</w>
<w form="&jic;cudul4-bi" lemma="cudul" pos="N" label="yoke" det="&jic;">&jic;cudul4-bi</w>
<w form="mu-zig3" lemma="zig3" pos="V" label="to rise">mu-zig3</w>
</l>
<l n="85" id="c2413.85" corresp="t2413.p8">
<supplied/>
<w form="&X;" lemma="&X;" label="&X;">&X;</w>
<suppliedEnd/>
<damage/>
<w form="kur-ra-ka" lemma="kur" pos="N" label="(mountain) land">kur<damageEnd/>-ra-ka</w>
<w form="zag-la2-bi" lemma="zag-la2" pos="N" label="meaning unknown">zag-la2-<damage/><unclear cert="qry">bi</unclear></w>
<damageEnd/>
<w form="mu-du8" lemma="du8" pos="V" label="to spread">mu-<damage/><unclear cert="qry">du8</unclear></w>
<damageEnd/>
</l>
<l n="86" id="c2413.86" corresp="t2413.p9">
<damage/>
<w form="urim5&ki;" lemma="urim2" pos="N" type="SN" label="Urim" det="&ki;">urim5&ki;</w>
<w form="cu-ba" lemma="cu" pos="N" label="hand">cu<damageEnd/>-ba</w>
<w form="im-mi-gi4" lemma="gi4" pos="V" label="to return">im-mi-gi4</w>
</l>
<l n="87" id="c2413.87" corresp="t2413.p9">
<w form="X-ba" lemma="X" label="X">X-ba</w>
<w form="ITIMA-gin7" lemma="ITIMA" label="ITIMA"><unclear cert="qry">ITIMA</unclear>-gin7</w>
<w form="kur-ra-na" lemma="kur" pos="N" label="(mountain) land">kur-<damage/>ra<damageEnd/>-na</w>
<w form="bi2-gi4" lemma="gi4" pos="V" label="to return">bi2-gi4</w>
</l>
<l n="88" id="c2413.88" corresp="t2413.p9">
<w form="ce-bi" lemma="ce" pos="N" label="barley">ce-bi</w>
<w form="ma2-gur8-ra-ke4" lemma="ma2-gur8" pos="N" label="processional boat">ma2-gur8-ra-ke4</w>
<w form="bi2-la2" lemma="la2" pos="V" label="to hang">bi2-la2</w>
<w form="ja2-nun-bi" lemma="ja2-nun" pos="N" label="storehouse">ja2-nun-bi</w>
<damage/>
<w form="bi2-gi4" lemma="gi4" pos="V" label="to return">bi2<damageEnd/>-gi4</w>
</l>
<l n="89" id="c2413.89" corresp="t2413.p9">
<w form="dumu" lemma="dumu" pos="N" label="child">dumu</w>
<damage/>
<w form="KIJ2-bi" lemma="KIJ2" label="KI&G;&s2;"><unclear cert="qry">KIJ2</unclear><damageEnd/>-bi</w>
<w form="e2-a-ni" lemma="e2" pos="N" label="house(hold)">e2-a-<corr sic="IR">ni</corr></w>
<w form="im-mi-gi4" lemma="gi4" pos="V" label="to return">im-mi-gi4</w>
<w form="dusu-bi" lemma="dusu" pos="N" label="earth-carrying basket">dusu-bi</w>
<w form="mu-gi4" lemma="gi4" pos="V" label="to return">mu-gi4</w>
</l>
<l n="90" id="c2413.90" corresp="t2413.p9">
<w form="gu-ti-um&ki;" lemma="gu-ti-um" pos="N" type="GN" label="Gutium" det="&ki;">gu-ti-um&ki;</w>
<w form="lu2-CAG4&times;TAR-a-ke4" lemma="lu2-CAG4&times;TAR-a" pos="N" label="possibly related to LU&s2;&times;KAR&s2;">lu2-<unclear cert="qry">CAG4&times;TAR</unclear>-a-ke4</w>
<w form="cu" lemma="cu" pos="N" label="hand">cu</w>
<w form="sis-na" lemma="sis" pos="V" label="to be bitter">sis-na</w>
<w form="mu-du8" lemma="du8" pos="V" label="to spread">mu-du8</w>
</l>
<l n="91" id="c2413.91" corresp="t2413.p9">
<w form="i-&d;utu" lemma="i-utu" pos="N" label="(cry of) complaint" det="&d;">i-&d;utu</w>
<w form="ka-ba" lemma="ka" pos="N" label="mouth">ka-ba</w>
<w form="um-mi-gi4" lemma="gi4" pos="V" label="to return">um-mi-gi4</w>
</l>
<l n="92" id="c2413.92" corresp="t2413.p9">
<w form="bad3" lemma="bad3" pos="N" label="wall"><unclear cert="qry">bad3</unclear></w>
<w form="bi2-cub-ba" lemma="cub" pos="V" label="to fall">bi2-<damage/><unclear cert="qry">cub</unclear><damageEnd/>-ba</w>
<w form="bi2-gi4" lemma="gi4" pos="V" label="to return">bi2-gi4</w>
<w form="cag4" lemma="cag4" pos="N" label="heart">cag4</w>
<w form="su3-ra-ju10" lemma="sud" pos="V" label="to be distant">su3-ra-ju10</w>
<w form="X" lemma="X" label="X">X</w>
<ref id="c2413.r1">
<w form="iri" lemma="iri" pos="N" label="town"><unclear cert="qry">iri</unclear></w>
<w form="DU" lemma="DU" label="DU">DU</w>
<w form="mu-gul" lemma="gul" pos="V" label="to destroy">mu-<unclear cert="qry">gul</unclear></w>
<w form="ec3" lemma="ec3" pos="N" label="shrine">ec3</w>
<w form="urim5&ki;" lemma="urim2" pos="N" type="SN" label="Urim" det="&ki;">urim5<supplied/>&ki;<suppliedEnd/></w>
<supplied/>
<w form="&X;" lemma="&X;" label="&X;">&X;</w>
<suppliedEnd/>
</ref>
<note id="c2413.n1" lang="eng" target="c2413.r1">squeezed between lines 92 and 93</note>
</l>
<l n="93" id="c2413.93" corresp="t2413.p9">
<w form="juruc" lemma="juruc" pos="N" label="young man"><unclear cert="qry">juruc</unclear></w>
<w form="gu2-tuku" lemma="gu2-tuku" pos="AJ" label="perfect">gu2-<damage/>tuku</w>
<damageEnd/>
<w form="&d;en-lil2-la2-me-en" lemma="en-lil2" pos="N" type="DN" label="Enlil" det="&d;">&d;en-lil2-la2-me-en</w>
<w form="nidba" lemma="nidba" pos="N" label="(food) offering">nidba</w>
<w form="X" lemma="X" label="X">X</w>
<w form="Xbr" lemma="Xbr" label="Xbr">(X)</w>
<w form="X-me-en" lemma="X" label="X">X-me-<damage/>en</w>
<damageEnd/>
</l>
<l n="94" id="c2413.94" corresp="t2413.p9">
<w form="X" lemma="X" label="X">X</w>
<damage/>
<w form="uj3" lemma="uj3" pos="N" label="people">uj3</w>
<damageEnd/>
<w form="Xbr" lemma="Xbr" label="Xbr">(X)</w>
<damage/>
<w form="dajal-bi" lemma="dajal" pos="V" label="to be wide">dajal<damageEnd/>-bi</w>
<w form="AN" lemma="AN" label="AN">AN</w>
<w form="DA" lemma="DA" label="DA">DA</w>
<w form="X" lemma="X" label="X">X</w>
<w form="X" lemma="X" label="X">X</w>
<w form="Xbr" lemma="Xbr" label="Xbr">(X)</w>
</l>
<l n="95" id="c2413.95" corresp="t2413.p9">
<supplied/>
<w form="&X;" lemma="&X;" label="&X;">&X;</w>
<suppliedEnd/>
<w form="X-bi" lemma="X" label="X">X-bi</w>
<w form="an-da" lemma="an" pos="N" label="heaven">an-da</w>
<damage/>
<w form="NI" lemma="NI" label="NI"><unclear cert="qry">NI</unclear></w>
<damageEnd/>
<w form="X" lemma="X" label="X">X</w>
<w form="Xbr" lemma="Xbr" label="Xbr">(X)</w>
</l>
<l n="96" id="c2413.96" corresp="t2413.p9">
<supplied/>
<w form="&X;" lemma="&X;" label="&X;">&X;</w>
<suppliedEnd/>
<w form="X" lemma="X" label="X">X</w>
<supplied/>
<w form="Xbr" lemma="Xbr" label="Xbr">(X)</w>
<suppliedEnd/>
<w form="X" lemma="X" label="X">X</w>
<w form="X" lemma="X" label="X">X</w>
<supplied/>
<w form="&X;" lemma="&X;" label="&X;">&X;</w>
<suppliedEnd/>
<damage/>
<w form="dug3" lemma="dug3" pos="V" label="to be good"><unclear cert="qry">dug3</unclear></w>
<damageEnd/>
</l>
<l n="97" id="c2413.97" corresp="t2413.p9">
<supplied/>
<w form="&X;" lemma="&X;" label="&X;">&X;</w>
<suppliedEnd/>
<w form="X" lemma="X" label="X">X</w>
<supplied/>
<w form="&X;" lemma="&X;" label="&X;">&X;</w>
<suppliedEnd/>
<w form="X" lemma="X" label="X">X</w>
</l>
<gap extent="1 line missing"/>
<l n="99" id="c2413.99" corresp="t2413.p9">
<supplied/>
<w form="&X;" lemma="&X;" label="&X;">&X;</w>
<suppliedEnd/>
<w form="X" lemma="X" label="X">X</w>
<supplied/>
<w form="&X;" lemma="&X;" label="&X;">&X;</w>
<suppliedEnd/>
</l>
<l n="100" id="c2413.100" corresp="t2413.p9">
<damage/>
<w form="JIC" lemma="JIC" label="&G;I&C;"><unclear cert="qry">JIC</unclear></w>
<damageEnd/>
<w form="X" lemma="X" label="X">X</w>
<w form="&jic;cinig" lemma="cinig" pos="N" label="tamarisk" det="&jic;">&jic;<unclear cert="qry">cinig</unclear></w>
<damage/>
<w form="JIC" lemma="JIC" label="&G;I&C;">JIC</w>
<damageEnd/>
<supplied/>
<w form="&X;" lemma="&X;" label="&X;">&X;</w>
<suppliedEnd/>
</l>
<l n="101" id="c2413.101" corresp="t2413.p10">
<w form="iri-a" lemma="iri" pos="N" label="town">iri-a</w>
<w form="jicbun-e" lemma="jicbun" pos="N" label="(cult) meal">jicbun-e</w>
<w form="mu-da-an-&X;" lemma="&X;" label="&X;">mu-<damage/>da-an<damageEnd/>-<supplied/>&X;</w>
<suppliedEnd/>
</l>
<l n="102" id="c2413.102" corresp="t2413.p10">
<phr type="VP" lemma="e-ne dug4" label="to play">
<w form="e-ne" lemma="e-ne" pos="N" label="game">e-ne</w>
<w form="di" lemma="dug4" pos="V" label="to say" form-type="nfi">di</w>
</phr>
<w form="hul2-la" lemma="hul2" pos="V" label="to be happy">hul2-la</w>
<w form="jar-ra-ce3" lemma="jar" pos="V" label="to place">jar-ra-ce3</w>
<w form="je26-e" lemma="je26" pos="PD" type="personal" label="I"><unclear cert="qry">je26</unclear>-<unclear cert="qry">e</unclear></w>
<w form="X" lemma="X" label="X">X</w>
<supplied/>
<w form="&X;" lemma="&X;" label="&X;">&X;</w>
<suppliedEnd/>
</l>
<l n="103" id="c2413.103" corresp="t2413.p10">
<w form="id2" lemma="id2" pos="N" label="watercourse">id2</w>
<damage/>
<w form="lugal-la" lemma="lugal" pos="N" label="king">lugal<damageEnd/>-la</w>
<w form="e2" lemma="e2" pos="N" label="house(hold)">e2</w>
<w form="&d;en-lil2-la2-ce3" lemma="en-lil2" pos="N" type="DN" label="Enlil" det="&d;">&d;en-lil2-la2-ce3</w>
<w form="he2-jal2" lemma="he2-jal2" pos="N" label="plenty">he2-jal2</w>
<w form="mu-un-da-kur9" lemma="kur9" pos="V" label="to enter">mu-un-da-<damage/>kur9</w>
<damageEnd/>
</l>
<l n="104" id="c2413.104" corresp="t2413.p10">
<w form="kar-jectin-na" lemma="kar-jectin-na" pos="N" type="TN" label="Kar-&g;e&c;tina">kar-jectin-na</w>
<w form="&d;en-lil2-la2-ce3" lemma="en-lil2" pos="N" type="DN" label="Enlil" det="&d;">&d;en-lil2-la2-ce3</w>
<w form="ma2" lemma="ma2" pos="N" label="boat">ma2</w>
<w form="na-an-ga-mu-ni-in-ri" lemma="ri" pos="V" label="to direct">na-an-ga-mu-ni-<damage/>in<damageEnd/>-ri</w>
</l>
<l n="105" id="c2413.105" corresp="t2413.p10">
<w form="kar-za-gin3-na" lemma="kar-za-gin3-na" pos="N" type="TN" label="Kar-zagina">kar-za-gin3-na</w>
<w form="&d;nanna-ka" lemma="nanna" pos="N" type="DN" label="Nanna" det="&d;">&d;nanna-ka</w>
<w form="ma2" lemma="ma2" pos="N" label="boat">ma2</w>
<w form="na-an-ga-mu-ni-in-ri" lemma="ri" pos="V" label="to direct">na-an-ga-mu-ni-in-ri</w>
</l>
<l n="106" id="c2413.106" corresp="t2413.p10">
<w form="&d;en-lil2-ra" lemma="en-lil2" pos="N" type="DN" label="Enlil" det="&d;">&d;en-lil2-ra</w>
<w form="kurun2" lemma="kurun" pos="N" label="type of beer">kurun2</w>
<w form="lal3" lemma="lal3" pos="N" label="syrup">lal3</w>
<w form="ba-an-na-de2" lemma="de2" pos="V" label="to pour">ba-an-na-de2</w>
</l>
<l n="107" id="c2413.107" corresp="t2413.p10">
<w form="sipad" lemma="sipad" pos="N" label="shepherd">sipad</w>
<w form="ur-&d;namma-me-en" lemma="ur-namma" pos="N" type="RN" label="Ur-Namma" npart="DN:Namma" det="&d;">ur-&d;namma-me-en</w>
<w form="til3" lemma="til3" pos="V" label="to live">til3</w>
<w form="nij2-ba-ju10" lemma="nij2-ba" pos="N" label="gift">nij2-ba-ju10</w>
<w form="he2-a" lemma="me" pos="V" label="to be">he2-a</w>
</l>
<l n="108" id="c2413.108" corresp="t2413.p10">
<w form="&d;nanna" lemma="nanna" pos="N" type="DN" label="Nanna" det="&d;">&d;nanna</w>
<w form="lugal-ju10" lemma="lugal" pos="N" label="king">lugal-ju10</w>
<w form="e2-gal-la-na" lemma="e2-gal" pos="N" label="palace">e2-gal-la-na</w>
<w form="mu-na-du3" lemma="du3" pos="V" label="to erect">mu-na-du3</w>
</l>
<l n="109" id="c2413.109" corresp="t2413.p10">
<w form="e2-kic-nu-jal2" lemma="e2-kic-nu-jal2" pos="N" type="TN" label="E-ki&c;-nu-&g;al">e2-kic-nu-jal2</w>
<w form="hur-saj" lemma="hur-saj" pos="N" label="mountain (range)">hur-saj</w>
<w form="sig7-ga-gin7" lemma="sig7" pos="V" label="to be green">sig7-ga-gin7</w>
<w form="ki" lemma="ki" pos="N" label="place">ki</w>
<w form="gal-la" lemma="gal" pos="V" label="to be big">gal-la</w>
<w form="bi2-gub" lemma="gub" pos="V" label="to stand">bi2-gub</w>
</l>
<l n="110" id="c2413.110" corresp="t2413.p10">
<w form="gi-gun4-na-bi" lemma="gi-gun4-na" pos="N" label="temple terrace">gi-gun4-na-bi</w>
<w form="kug-sig17" lemma="kug-sig17" pos="N" label="gold">kug-sig17</w>
<w form="&na4;za-gin3-na" lemma="za-gin3" pos="N" label="lapis lazuli" bound="L,ak" det="&na4;">&na4;za-gin3-na</w>
<w form="dub-ba-an" lemma="dub-ba-an" pos="N" label="fence">dub-ba-an</w>
<w form="ba-la2" lemma="la2" pos="V" label="to hang">ba-la2</w>
</l>
<l n="111" id="c2413.111" corresp="t2413.p11">
<w form="cu" lemma="cu" pos="N" label="hand">cu</w>
<w form="dug4-ga-e" lemma="dug4" pos="V" label="to say">dug4-ga-e</w>
<w form="&d;nanna-a-me-en" lemma="nanna" pos="N" type="DN" label="Nanna" det="&d;">&d;nanna-a-me-en</w>
</l>
<l n="112" id="c2413.112" corresp="t2413.p11">
<w form="cec" lemma="cec" pos="N" label="brother">cec</w>
<w form="&d;gilgamec2" lemma="gilgamec2" pos="N" type="DN" label="Gilgame&c;" det="&d;">&d;gilgamec2</w>
<w form="gu-la-me-en" lemma="gal" pos="V" label="to be big">gu-la-me-en</w>
</l>
<l n="113" id="c2413.113" corresp="t2413.p11">
<supplied/>
<w form="dumu" lemma="dumu" pos="N" label="child">dumu</w>
<suppliedEnd/>
<damage/>
<w form="tud-da" lemma="tud" pos="V" label="to give birth">tud<damageEnd/>-da</w>
<w form="&d;nin-sumun2-ka-me-en" lemma="nin-sumun2" pos="N" type="DN" label="Ninsumun" det="&d;">&d;nin-sumun2-ka-me-en</w>
<w form="numun" lemma="numun" pos="N" label="seed">numun</w>
<w form="nam-en-na-me-en" lemma="nam-en" pos="N" label="high (priestly) office">nam-en-na-me-en</w>
</l>
<l n="114" id="c2413.114" corresp="t2413.p11">
<supplied/>
<w form="an-ta" lemma="an" pos="N" label="heaven">an<suppliedEnd/>-ta</w>
<w form="nam-lugal" lemma="nam-lugal" pos="N" label="kingship">nam-lugal</w>
<w form="ma-ra-ed3" lemma="ed3" pos="V" label="to go down or up">ma-ra-<corr sic="SI.DU">ed3</corr></w>
</l>
<l n="115" id="c2413.115" corresp="t2413.p11">
<supplied/>
<w form="sipad" lemma="sipad" pos="N" label="shepherd">sipad</w>
<suppliedEnd/>
<w form="ur-&d;namma-me-en" lemma="ur-namma" pos="N" type="RN" label="Ur-Namma" npart="DN:Namma" det="&d;">ur-&d;namma-me-en</w>
<w form="za3-mi2-ju10" lemma="za3-mi2" pos="N" label="praise">za3-mi2-ju10</w>
<w form="dug3-ga-am3" lemma="dug3" pos="V" label="to be good">dug3-ga-am3</w>
</l>
</body>
</text>
</TEI.2>
