<TEI.2 id="c.2.8.2.1">
<teiHeader lang="eng">
<fileDesc>
<titleStmt>
<title>A praise poem of &H;ammu-r&amacr;bi (&H;ammu-r&amacr;bi A) -- a composite transliteration</title>
<respStmt><name>Jeremy Black</name><resp>Project Director and Editor</resp></respStmt>
<respStmt><name>G&aacute;bor Z&oacute;lyomi</name><resp>Editor</resp></respStmt>
<respStmt><name>Graham Cunningham</name><resp>Editor</resp></respStmt>
<respStmt><name>Eleanor Robson</name><resp>Technical Developer</resp></respStmt>
<respStmt><name>Jarle Ebeling</name><resp>Technical Developer</resp></respStmt>
</titleStmt>
<publicationStmt>
<distributor>The Electronic Text Corpus of Sumerian Literature
</distributor><address><addrLine>The Oriental Institute, University of Oxford, Pusey Lane, Oxford OX1 2LE, UK, email etcsl&commat;orinst.ox.ac.uk, http://etcsl.orinst.ox.ac.uk</addrLine></address>
<date>1999</date>
</publicationStmt>
<seriesStmt><p>The Electronic Text Corpus of Sumerian Literature aims to make accessible over 400 literary works composed in the Sumerian language in ancient Mesopotamia during the late third and early second millennia BC. The works are in Sumerian composite transliteration and English prose translation with bibliographical information on each composition.</p></seriesStmt>
<sourceDesc>
<listBibl type="secondary">
<bibl><xref from="b360">Tinney 1998a</xref><biblScope type="contents">composite text</biblScope><note>electronic source</note></bibl>
</listBibl>
<listBibl type="tablets">
<bibl><biblScope type="museumNumber">VAT 6494 (VAS 10 210) (+?) VAT 6506 + VAT 6585 (both VAS 10 209)</biblScope></bibl>
</listBibl>
</sourceDesc>
</fileDesc>
<revisionDesc>
<change><date>25.iii.1999-31.iii.1999</date><respStmt><name>JAB</name><resp>editor</resp></respStmt>
<item>standardisation</item></change>
<change><date>06.v.1999</date><respStmt><name>GZ</name><resp>editor</resp></respStmt>
<item>proofreading</item></change>
<change><date>08.vi.1999</date><respStmt><name>GZ</name><resp>editor</resp></respStmt>
<item>SGML tagging</item></change>
<change><date>11.vi.1999</date><respStmt><name>ER</name><resp>editor</resp></respStmt>
<item>proofreading SGML</item></change>
<change><date>11.vi.1999</date><respStmt><name>ER</name><resp>editor</resp></respStmt>
<item>web publication</item></change>
<change><date>01.vi.2003</date><respStmt><name>GC/JE</name><resp>editor/technical developer</resp></respStmt>
<item>XML/TEI conversion</item></change>
<change><date>30.iii.2005</date><respStmt><name>GC/JE</name><resp>senior editor/technical developer</resp></respStmt>
<item>lemmatised version published</item></change>
</revisionDesc>
</teiHeader>
<text lang="sux">
<body>
<div1 type="segment" n="A">
<gap extent="unknown no. of lines missing"/>
<l n="1" id="c2821.A.1" corresp="t2821.p1">
<supplied/>
<w form="&X;-ce3" lemma="&X;" label="&X;">&X;<suppliedEnd/>-ce3</w>
<w form="mu-un-X" lemma="X" label="X">mu-<damage/>un<damageEnd/>-X</w>
<supplied/>
<w form="&X;" lemma="&X;" label="&X;">&X;</w>
<suppliedEnd/>
</l>
<l n="2" id="c2821.A.2" corresp="t2821.p1">
<supplied/>
<w form="&X;" lemma="&X;" label="&X;">&X;</w>
<suppliedEnd/>
<w form="nam-en-bi" lemma="nam-en" pos="N" label="high (priestly) office">nam-en-bi</w>
<w form="ak-de3" lemma="ak" pos="V" label="to do">ak-de3</w>
<w form="mu-un-&X;" lemma="&X;" pos="V" label="&X;">mu-<damage/>un<damageEnd/>-<supplied/>&X;</w>
<suppliedEnd/>
</l>
<l n="3" id="c2821.A.3" corresp="t2821.p1">
<supplied/>
<w form="&X;" lemma="&X;" label="&X;">&X;</w>
<suppliedEnd/>
<w form="cu" lemma="cu" pos="N" label="hand">cu</w>
<w form="iri" lemma="iri" pos="N" label="town"><unclear cert="qry">iri</unclear></w>
<supplied/>
<w form="&X;" lemma="&X;" label="&X;">&X;</w>
<suppliedEnd/>
</l>
<l n="4" id="c2821.A.4" corresp="t2821.p1">
<supplied/>
<w form="&X;" lemma="&X;" label="&X;">&X;</w>
<suppliedEnd/>
<w form="X" lemma="X" label="X">X</w>
<w form="ZI" lemma="ZI" label="ZI">ZI</w>
<w form="hul-da" lemma="hul" pos="V" label="to be bad">hul-<unclear cert="qry">da</unclear></w>
<w form="X-ni-me-en" lemma="X" label="X">X-<damage/>ni-me<damageEnd/>-<supplied/>en</w>
<suppliedEnd/>
</l>
<l n="5" id="c2821.A.5" corresp="t2821.p1">
<supplied/>
<w form="&X;" lemma="&X;" label="&X;">&X;</w>
<suppliedEnd/>
<w form="X" lemma="X" label="X">X</w>
<w form="nu-mu-un-tuku" lemma="tuku" pos="V" label="to have">nu-mu-un-<damage/><unclear cert="qry">tuku</unclear></w>
<damageEnd/>
<supplied/>
<w form="X" lemma="X" label="X">X</w>
<suppliedEnd/>
</l>
<l n="6" id="c2821.A.6" corresp="t2821.p1">
<supplied/>
<w form="&X;" lemma="&X;" label="&X;">&X;</w>
<suppliedEnd/>
<w form="kece2-ni-me-en" lemma="kece2" pos="V" label="to bind">kece2-ni-<supplied/>me<suppliedEnd/>-en</w>
</l>
<l n="7" id="c2821.A.7" corresp="t2821.p1">
<supplied/>
<w form="&X;" lemma="&X;" label="&X;">&X;</w>
<suppliedEnd/>
<w form="X" lemma="X" label="X">X</w>
<w form="MAR" lemma="MAR" label="MAR">MAR</w>
<w form="A" lemma="A" label="A">A</w>
<w form="BU" lemma="BU" label="BU">BU</w>
<w form="A2" lemma="A2" label="A&s2;">A2</w>
<w form="UR" lemma="UR" label="UR">UR</w>
<w form="X" lemma="X" label="X">X</w>
<damage/>
<w form="JIC" lemma="JIC" label="&G;I&C;"><unclear cert="qry">JIC</unclear></w>
<damageEnd/>
<w form="ZI" lemma="ZI" label="ZI">ZI</w>
</l>
<l n="8" id="c2821.A.8" corresp="t2821.p1">
<supplied/>
<w form="&X;" lemma="&X;" label="&X;">&X;</w>
<suppliedEnd/>
<w form="GU" lemma="GU" label="GU">GU</w>
<w form="TU" lemma="TU" label="TU">TU</w>
<w form="UM" lemma="UM" label="UM">UM</w>
<w form="DI" lemma="DI" label="DI">DI</w>
<w form="U3" lemma="U3" label="U&s3;">U3</w>
<w form="DA-DA" lemma="DA" label="DA" form-type="RR">DA-DA</w>
<w form="SU" lemma="SU" label="SU">SU</w>
</l>
<l n="9" id="c2821.A.9" corresp="t2821.p1">
<supplied/>
<w form="&X;" lemma="&X;" label="&X;">&X;</w>
<suppliedEnd/>
<w form="X" lemma="X" label="X">X</w>
<w form="X" lemma="X" label="X">X</w>
<w form="DI" lemma="DI" label="DI">DI</w>
<w form="nam-da-X-a-ni-ce3" lemma="X" pos="N" label="X">nam-da-X-a-<unclear cert="cor">ni</unclear>-ce3</w>
</l>
<l n="10" id="c2821.A.10" corresp="t2821.p1">
<supplied/>
<w form="&X;-zu" lemma="&X;" label="&X;">&X;<suppliedEnd/>-zu</w>
<w form="X" lemma="X" label="X">X</w>
<w form="um-ma-ri" lemma="ri" pos="V" label="to direct">um-ma-ri</w>
<w form="saj" lemma="saj" pos="N" label="head">saj</w>
<w form="gig2-ga" lemma="gig2" pos="V" label="to be black">gig2-ga</w>
<supplied/>
<w form="&X;br" lemma="&X;br" label="&X;br">(&X;)</w>
<suppliedEnd/>
<damage/>
<w form="IM" lemma="IM" label="IM"><unclear cert="qry">IM</unclear></w>
<damageEnd/>
<w form="en" lemma="en" pos="N" label="lord">en</w>
<w form="GIL" lemma="GIL" label="GIL">GIL</w>
</l>
<l n="11" id="c2821.A.11" corresp="t2821.p1">
<w form="X" lemma="X" label="X">X</w>
<supplied/>
<w form="X" lemma="X" label="X">X</w>
<suppliedEnd/>
<w form="&id2;buranuna" lemma="buranuna" pos="N" type="WN" label="Euphrates" det="&id2;"><supplied/>&id2;<suppliedEnd/>buranuna</w>
<w form="KU" lemma="KU" label="KU"><unclear cert="qry">KU</unclear></w>
<supplied/>
<w form="Xbr" lemma="Xbr" label="Xbr">(X</w>
<w form="Xbr" lemma="Xbr" label="Xbr">X)</w>
<suppliedEnd/>
<w form="X" lemma="X" label="X">X</w>
<w form="X" lemma="X" label="X">X</w>
<w form="ki-bi-da-ke4" lemma="ki" pos="N" label="place"><unclear cert="qry">ki</unclear>-bi-da-ke4</w>
<w form="ha-ba-da-X" lemma="X" pos="V" label="X">ha-ba-da-<supplied/>X</w>
<suppliedEnd/>
</l>
<l n="12" id="c2821.A.12" corresp="t2821.p1">
<w form="&id2;idigna" lemma="idigna" pos="N" type="WN" label="Tigris" det="&id2;">&id2;<damage/>idigna<damageEnd/></w>
<w form="X" lemma="X" label="X">X</w>
<w form="IM" lemma="IM" label="IM">IM</w>
<damage/>
<w form="AN" lemma="AN" label="AN"><unclear cert="qry">AN</unclear></w>
<damageEnd/>
<supplied/>
<w form="X" lemma="X" label="X">X</w>
<suppliedEnd/>
</l>
<l n="13" id="c2821.A.13" corresp="t2821.p1">
<w form="gu2" lemma="gu2" pos="N" label="neck">gu2</w>
<w form="&id2;ir-ni-na-ta" lemma="ir-ni-na" pos="N" type="WN" label="Irnina" det="&id2;">&id2;ir-ni-na-ta</w>
<w form="garac2" lemma="garac2" pos="N" label="military camp">garac2(KI.KAL.<unclear cert="qry">BAD</unclear>)</w>
<w form="bi-ib2-du3" lemma="du3" pos="V" label="to erect">bi-ib2-<unclear cert="qry">du3</unclear></w>
<supplied/>
<w form="X" lemma="X" label="X">X</w>
<w form="Xbr" lemma="Xbr" label="Xbr">(X)</w>
<suppliedEnd/>
</l>
<l n="14" id="c2821.A.14" corresp="t2821.p1">
<w form="ha-am-mu-ra-bi" lemma="ha-am-mu-ra-bi" pos="N" type="RN" label="&H;ammu-r&amacr;bi">ha-am-mu-ra-bi</w>
<w form="lugal" lemma="lugal" pos="N" label="king">lugal</w>
<w form="&d;gibil" lemma="gibil6" pos="N" type="DN" label="Gibil" det="&d;">&d;gibil</w>
<w form="mu-X" lemma="X" pos="V" label="X">mu-X</w>
<supplied/>
<w form="&X;" lemma="&X;" label="&X;">&X;</w>
<suppliedEnd/>
</l>
<l n="15" id="c2821.A.15" corresp="t2821.p1">
<w form="&d;en-lil2-le" lemma="en-lil2" pos="N" type="DN" label="Enlil" det="&d;">&d;en-<corr resp="scrOm"/>lil2<corrEnd/>-le</w>
<w form="nam-a-ni-ce3" lemma="nam" pos="N" label="destiny">nam-a-ni-ce3</w>
<w form="X" lemma="X" label="X">X</w>
<w form="X" lemma="X" label="X">X</w>
<supplied/>
<w form="&X;" lemma="&X;" label="&X;">&X;</w>
<suppliedEnd/>
</l>
<l n="16" id="c2821.A.16" corresp="t2821.p1">
<w form="&d;en-ki-ke4" lemma="en-ki" pos="N" type="DN" label="Enki" det="&d;">&d;en-ki-ke4</w>
<w form="nam-ur-saj" lemma="nam-ur-saj" pos="N" label="heroism">nam-ur-<supplied/>saj</w>
<w form="&X;" lemma="&X;" label="&X;">&X;</w>
<suppliedEnd/>
</l>
<l n="17" id="c2821.A.17" corresp="t2821.p1">
<w form="&d;suen-na" lemma="suen" pos="N" type="DN" label="Suen" det="&d;">&d;suen-na</w>
<w form="mu-un-&X;" lemma="&X;" pos="V" label="&X;">mu-un-<supplied/>&X;</w>
<suppliedEnd/>
&hr;
</l>
<l n="18" id="c2821.A.18" corresp="t2821.p2">
<w form="&d;utu" lemma="utu" pos="N" type="DN" label="Utu" det="&d;">&d;utu</w>
<w form="mac-mac" lemma="mac-mac" pos="N" label="sorcerer">mac-mac</w>
<supplied/>
<w form="&X;" lemma="&X;" label="&X;">&X;</w>
<suppliedEnd/>
</l>
<l n="19" id="c2821.A.19" corresp="t2821.p2">
<w form="ka" lemma="ka" pos="N" label="mouth">ka</w>
<damage/>
<w form="pirij" lemma="pirij" pos="N" label="lion"><unclear cert="qry">pirij</unclear></w>
<damageEnd/>
<w form="A" lemma="A" label="A">A</w>
<supplied/>
<w form="&X;" lemma="&X;" label="&X;">&X;</w>
<suppliedEnd/>
</l>
<l n="20" id="c2821.A.20" corresp="t2821.p2">
<w form="nij2" lemma="nij2" pos="N" label="thing">nij2</w>
<w form="cag4-ge" lemma="cag4" pos="N" label="heart">cag4-ge</w>
<w form="de6-a-ni" lemma="de6" pos="V" label="to carry">de6-a-ni</w>
<supplied/>
<w form="&X;" lemma="&X;" label="&X;">&X;</w>
<suppliedEnd/>
</l>
<l n="21" id="c2821.A.21" corresp="t2821.p2">
<w form="&d;ickur" lemma="ickur" pos="N" type="DN" label="I&c;kur" det="&d;">&d;ickur</w>
<w form="nam-ur-saj" lemma="nam-ur-saj" pos="N" label="heroism">nam-ur-saj</w>
<supplied/>
<w form="&X;" lemma="&X;" label="&X;">&X;</w>
<suppliedEnd/>
</l>
<l n="22" id="c2821.A.22" corresp="t2821.p2">
<w form="&d;marduk" lemma="marduk" pos="N" type="DN" label="Marduk" det="&d;">&d;marduk</w>
<w form="nam-kalag" lemma="nam-kalag-ga" pos="N" label="strength">nam-kalag</w>
<w form="IM" lemma="IM" label="IM">IM</w>
<w form="X" lemma="X" label="X">X</w>
<w form="la-&X;" lemma="&X;" pos="V" label="&X;">la-<supplied/>&X;</w>
<suppliedEnd/>
</l>
<l n="23" id="c2821.A.23" corresp="t2821.p2">
<w form="&d;inana" lemma="inana" pos="N" type="DN" label="Inana" det="&d;">&d;inana</w>
<w form="me" lemma="me" pos="N" label="essence">me</w>
<w form="X" lemma="X" label="X">X</w>
<w form="X" lemma="X" label="X">X</w>
<w form="X" lemma="X" label="X">X</w>
<supplied/>
<w form="&X;" lemma="&X;" label="&X;">&X;</w>
<suppliedEnd/>
</l>
<l n="24" id="c2821.A.24" corresp="t2821.p2">
<w form="ni2-tuku" lemma="ni2-tuku" pos="AJ" label="reverent">ni2-tuku</w>
<supplied/>
<w form="&X;" lemma="&X;" label="&X;">&X;</w>
<suppliedEnd/>
</l>
<l n="25" id="c2821.A.25" corresp="t2821.p2">
<w form="X" lemma="X" label="X">X</w>
<supplied/>
<w form="&X;" lemma="&X;" label="&X;">&X;</w>
<suppliedEnd/>
</l>
<gap extent="unknown no. of lines missing"/>
</div1>
<div1 type="segment" n="B">
<l n="1" id="c2821.B.1" corresp="t2821.p3">
<w form="X" lemma="X" label="X">X</w>
<supplied/>
<w form="&X;" lemma="&X;" label="&X;">&X;</w>
<suppliedEnd/>
</l>
<l n="2" id="c2821.B.2" corresp="t2821.p3">
<w form="AN" lemma="AN" label="AN">AN</w>
<supplied/>
<w form="&X;" lemma="&X;" label="&X;">&X;</w>
<suppliedEnd/>
</l>
<l n="3" id="c2821.B.3" corresp="t2821.p3">
<w form="X" lemma="X" label="X">X</w>
<supplied/>
<w form="&X;" lemma="&X;" label="&X;">&X;</w>
<suppliedEnd/>
</l>
<l n="4" id="c2821.B.4" corresp="t2821.p3">
<w form="X" lemma="X" label="X">X</w>
<supplied/>
<w form="&X;" lemma="&X;" label="&X;">&X;</w>
<suppliedEnd/>
</l>
<l n="5" id="c2821.B.5" corresp="t2821.p3">
<w form="X" lemma="X" label="X">X</w>
<supplied/>
<w form="&X;" lemma="&X;" label="&X;">&X;</w>
<suppliedEnd/>
</l>
<gap extent="unknown no. of lines missing"/>
</div1>
<div1 type="segment" n="C">
<l n="1" id="c2821.C.1" corresp="t2821.p4">
<supplied/>
<w form="&X;" lemma="&X;" label="&X;">&X;</w>
<suppliedEnd/>
<w form="AB" lemma="AB" label="AB"><unclear cert="qry">AB</unclear></w>
<w form="KID" lemma="KID" label="KID">KID</w>
<w form="X" lemma="X" label="X">X</w>
<w form="NI" lemma="NI" label="NI">NI</w>
<w form="X" lemma="X" label="X">X</w>
<supplied/>
<w form="&X;" lemma="&X;" label="&X;">&X;</w>
<suppliedEnd/>
</l>
<l n="2" id="c2821.C.2" corresp="t2821.p4">
<supplied/>
<w form="&X;" lemma="&X;" label="&X;">&X;</w>
<suppliedEnd/>
<w form="e-ri" lemma="ri" pos="V" label="to direct">e-ri</w>
<w form="nam-lu2-ulu3" lemma="nam-lu2-ulu3" pos="N" label="humanity">nam-lu2-<supplied/>ulu3</w>
<w form="&X;" lemma="&X;" label="&X;">&X;</w>
<suppliedEnd/>
</l>
<l n="3" id="c2821.C.3" corresp="t2821.p4">
<supplied/>
<w form="&X;" lemma="&X;" label="&X;">&X;</w>
<suppliedEnd/>
<w form="a-ri" lemma="ri" pos="V" label="to direct">a-ri</w>
<w form="nam-zu" lemma="nam" pos="N" label="destiny">nam-<unclear cert="qry">zu</unclear></w>
<supplied/>
<w form="&X;" lemma="&X;" label="&X;">&X;</w>
<suppliedEnd/>
</l>
<l n="4" id="c2821.C.4" corresp="t2821.p4">
<supplied/>
<w form="&X;" lemma="&X;" label="&X;">&X;</w>
<suppliedEnd/>
<w form="X" lemma="X" label="X">X</w>
<w form="X-me-en" lemma="X" label="X">X-<damage/>me-en</w>
<damageEnd/>
</l>
<l n="5" id="c2821.C.5" corresp="t2821.p4">
<supplied/>
<w form="&X;" lemma="&X;" label="&X;">&X;</w>
<suppliedEnd/>
<w form="X-zu-e" lemma="X" label="X">X-zu-e</w>
<w form="sag3-ge" lemma="sag3" pos="V" label="to beat">sag3-ge</w>
</l>
<l n="6" id="c2821.C.6" corresp="t2821.p4">
<supplied/>
<w form="&X;" lemma="&X;" label="&X;">&X;</w>
<suppliedEnd/>
<w form="HAR" lemma="HAR" label="&H;AR">HAR</w>
<w form="nam-zu" lemma="nam" pos="N" label="destiny">nam-<unclear cert="qry">zu</unclear></w>
<w form="E" lemma="E" label="E">E</w>
<w form="AN" lemma="AN" label="AN">AN</w>
<w form="X" lemma="X" label="X">X</w>
</l>
<l n="7" id="c2821.C.7" corresp="t2821.p4">
<supplied/>
<w form="&X;" lemma="&X;" label="&X;">&X;</w>
<suppliedEnd/>
<w form="X" lemma="X" label="X">X</w>
<w form="X-ke4" lemma="X" label="X">X-<unclear cert="qry">ke4</unclear></w>
<w form="saj" lemma="saj" pos="N" label="head">saj</w>
<w form="X" lemma="X" label="X">X</w>
<w form="tah-tah" lemma="tah" pos="V" label="to add" form-type="RR"><unclear cert="cor">tah</unclear>-tah</w>
</l>
<l n="8" id="c2821.C.8" corresp="t2821.p4">
<supplied/>
<w form="&X;" lemma="&X;" label="&X;">&X;</w>
<suppliedEnd/>
<w form="X" lemma="X" label="X">X</w>
<w form="kur" lemma="kur" pos="N" label="(mountain) land">kur</w>
<w form="gal" lemma="gal" pos="V" label="to be big">gal</w>
<w form="X-le-ne" lemma="X" label="X">X-le-ne</w>
</l>
<l n="9" id="c2821.C.9" corresp="t2821.p4">
<supplied/>
<w form="&X;" lemma="&X;" label="&X;">&X;</w>
<suppliedEnd/>
<w form="X" lemma="X" label="X">X</w>
<w form="mu-un-dug4-ec" lemma="dug4" pos="V" label="to say">mu-un-dug4-ec</w>
</l>
<l n="10" id="c2821.C.10" corresp="t2821.p4">
<supplied/>
<w form="&X;" lemma="&X;" label="&X;">&X;</w>
<suppliedEnd/>
<w form="me" lemma="me" pos="N" label="essence">me</w>
<w form="lugal-la-ke4" lemma="lugal" pos="N" label="king">lugal-<damage/>la-ke4</w>
<damageEnd/>
</l>
<l n="11" id="c2821.C.11" corresp="t2821.p4">
<supplied/>
<w form="&X;" lemma="&X;" label="&X;">&X;</w>
<suppliedEnd/>
<w form="X" lemma="X" label="X">X</w>
<w form="NA" lemma="NA" label="NA">NA</w>
<w form="RA" lemma="RA" label="RA">RA</w>
<w form="SI" lemma="SI" label="SI">SI</w>
<w form="X" lemma="X" label="X">X</w>
</l>
<l n="12" id="c2821.C.12" corresp="t2821.p4">
<supplied/>
<w form="&X;" lemma="&X;" label="&X;">&X;</w>
<suppliedEnd/>
<w form="&d;en-lil2" lemma="en-lil2" pos="N" type="DN" label="Enlil" det="&d;">&d;en-lil2</w>
<w form="saj" lemma="saj" pos="N" label="head">saj</w>
<supplied/>
<w form="&X;" lemma="&X;" label="&X;">&X;</w>
<suppliedEnd/>
</l>
<l n="13" id="c2821.C.13" corresp="t2821.p4">
<supplied/>
<w form="&X;" lemma="&X;" label="&X;">&X;</w>
<suppliedEnd/>
<w form="PA" lemma="PA" label="PA"><unclear cert="qry">PA</unclear></w>
<w form="IM" lemma="IM" label="IM">IM</w>
<w form="AC" lemma="AC" label="A&C;">AC</w>
</l>
<l n="14" id="c2821.C.14" corresp="t2821.p4">
<supplied/>
<w form="&X;" lemma="&X;" label="&X;">&X;</w>
<w form="nam-en-bi" lemma="nam-en" pos="N" label="high (priestly) office">nam<suppliedEnd/>-<damage/>en<damageEnd/>-bi</w>
<w form="ak" lemma="ak" pos="V" label="to do">ak</w>
</l>
<l n="15" id="c2821.C.15" corresp="t2821.p4">
<supplied/>
<w form="&X;-bi" lemma="&X;" label="&X;">&X;<suppliedEnd/>-bi</w>
<w form="ak" lemma="ak" pos="V" label="to do">ak</w>
</l>
<l n="16" id="c2821.C.16" corresp="t2821.p4">
<supplied/>
<w form="&X;" lemma="&X;" label="&X;">&X;</w>
<suppliedEnd/>
<w form="X" lemma="X" label="X">X</w>
<w form="ib2" lemma="ib2" pos="V" label="to be furious">ib2</w>
<w form="NE" lemma="NE" label="NE">NE</w>
<w form="X" lemma="X" label="X">X</w>
<w form="X" lemma="X" label="X">X</w>
<damage/>
<w form="DI" lemma="DI" label="DI"><unclear cert="qry">DI</unclear></w>
<damageEnd/>
</l>
<l n="17" id="c2821.C.17" corresp="t2821.p4">
<supplied/>
<w form="&X;" lemma="&X;" label="&X;">&X;</w>
<suppliedEnd/>
<w form="X" lemma="X" label="X">X</w>
<supplied/>
<w form="&X;" lemma="&X;" label="&X;">&X;</w>
<suppliedEnd/>
</l>
<gap extent="unknown no. of lines missing"/>
</div1>
<div1 type="segment" n="D">
<l n="1" id="c2821.D.1" corresp="t2821.p5">
<w form="X" lemma="X" label="X">X</w>
<w form="X" lemma="X" label="X">X</w>
<w form="X" lemma="X" label="X">X</w>
<supplied/>
<w form="&X;" lemma="&X;" label="&X;">&X;</w>
<suppliedEnd/>
</l>
<l n="2" id="c2821.D.2" corresp="t2821.p5">
<supplied/>
<w form="&X;" lemma="&X;" label="&X;">&X;</w>
<suppliedEnd/>
<w form="&d;en-ki-ke4" lemma="en-ki" pos="N" type="DN" label="Enki" det="&d;">&d;en-ki-ke4</w>
</l>
<l n="3" id="c2821.D.3" corresp="t2821.p5">
<supplied/>
<w form="&X;" lemma="&X;" label="&X;">&X;</w>
<suppliedEnd/>
<w form="X-zu" lemma="X" label="X">X-zu</w>
<w form="kalam-ta" lemma="kalam" pos="N" label="the Land">kalam-ta</w>
<w form="e3-a" lemma="e3" pos="V" label="to go out or in">e3-a</w>
</l>
<l n="4" id="c2821.D.4" corresp="t2821.p5">
<supplied/>
<w form="&X;" lemma="&X;" label="&X;">&X;</w>
<suppliedEnd/>
<w form="X" lemma="X" label="X">X</w>
<w form="me-te" lemma="me-te" pos="N" label="(fitting) attribute">me-te</w>
<w form="nam-dijir" lemma="nam-dijir" pos="N" label="divinity">nam-dijir</w>
<w form="LAGAB" lemma="LAGAB" label="LAGAB">LAGAB</w>
</l>
<l n="5" id="c2821.D.5" corresp="t2821.p5">
<supplied/>
<w form="&X;" lemma="&X;" label="&X;">&X;</w>
<suppliedEnd/>
<w form="KA" lemma="KA" label="KA">KA</w>
<w form="ib2-ni" lemma="ib2" pos="V" label="to be furious">ib2-ni</w>
<w form="X" lemma="X" label="X">X</w>
</l>
<l n="6" id="c2821.D.6" corresp="t2821.p5">
<supplied/>
<w form="&X;" lemma="&X;" label="&X;">&X;</w>
<suppliedEnd/>
<w form="X" lemma="X" label="X">X</w>
<w form="BI" lemma="BI" label="BI">BI</w>
<w form="RI" lemma="RI" label="RI">RI</w>
<w form="X" lemma="X" label="X">X</w>
<w form="EN" lemma="EN" label="EN">EN</w>
<w form="IG" lemma="IG" label="IG">IG</w>
<w form="A" lemma="A" label="A">A</w>
<w form="X" lemma="X" label="X">X</w>
</l>
<l n="7" id="c2821.D.7" corresp="t2821.p5">
<supplied/>
<w form="&X;" lemma="&X;" label="&X;">&X;</w>
<suppliedEnd/>
<w form="X" lemma="X" label="X">X</w>
<w form="X" lemma="X" label="X">X</w>
<w form="X" lemma="X" label="X">X</w>
<w form="X" lemma="X" label="X">X</w>
<w form="X" lemma="X" label="X">X</w>
<w form="jar-jar-ra" lemma="jar" pos="V" label="to place" form-type="RR">jar-jar-ra</w>
</l>
<l n="8" id="c2821.D.8" corresp="t2821.p5">
<supplied/>
<w form="&X;-gin7" lemma="&X;" label="&X;">&X;<suppliedEnd/>-gin7</w>
<w form="nij2-hul2-e" lemma="nij2-hul2-la" pos="N" label="joy">nij2-<unclear cert="qry">hul2</unclear>-e</w>
<w form="X" lemma="X" label="X">X</w>
<w form="X" lemma="X" label="X">X</w>
</l>
<l n="9" id="c2821.D.9" corresp="t2821.p5">
<supplied/>
<w form="&X;-ra" lemma="&X;" label="&X;">&X;<suppliedEnd/>-ra</w>
<w form="en3-du-bi" lemma="en3-du" pos="N" label="song">en3-du-bi</w>
<w form="i-i-e" lemma="i" pos="V" label="to bring out" form-type="RR">i-<damage/><unclear cert="qry">i</unclear><damageEnd/>-e</w>
</l>
<l n="10" id="c2821.D.10" corresp="t2821.p5">
<supplied/>
<w form="&X;" lemma="&X;" label="&X;">&X;</w>
<suppliedEnd/>
<damage/>
<w form="GI" lemma="GI" label="GI"><unclear cert="qry">GI</unclear></w>
<damageEnd/>
<w form="alan-zu" lemma="alan" pos="N" label="statue">alan-zu</w>
<w form="la-ba-da-an-kur9-re" lemma="kur9" pos="V" label="to enter">la-ba-da-an-kur9-re</w>
</l>
<l n="11" id="c2821.D.11" corresp="t2821.p5">
<supplied/>
<w form="&X;" lemma="&X;" label="&X;">&X;</w>
<suppliedEnd/>
<w form="ud-da-ni-ce3" lemma="ud" pos="N" label="day(light)">ud-da-<damage/><unclear cert="qry">ni</unclear><damageEnd/>-ce3</w>
</l>
<l n="12" id="c2821.D.12" corresp="t2821.p5">
<supplied/>
<w form="&X;" lemma="&X;" label="&X;">&X;</w>
<suppliedEnd/>
<w form="X" lemma="X" label="X">X</w>
<w form="X" lemma="X" label="X">X</w>
<w form="zu" lemma="zu" pos="V" label="to know">zu</w>
<w form="cu" lemma="cu" pos="N" label="hand">cu</w>
<w form="mi-ni-ib2-DU.DU" lemma="DU" pos="V" label="DU">mi-ni-ib2-DU.DU</w>
</l>
<l n="13" id="c2821.D.13" corresp="t2821.p5">
<w form="&d;en-lil2" lemma="en-lil2" pos="N" type="DN" label="Enlil" det="&d;"><supplied/>&d;en<suppliedEnd/>-lil2</w>
<w form="cag4-zu" lemma="cag4" pos="N" label="heart"><unclear cert="qry">cag4</unclear>-zu</w>
<w form="mu-un-na-dim2" lemma="dim2" pos="V" label="to create">mu-un-na-dim2</w>
</l>
<l n="14" id="c2821.D.14" corresp="t2821.p5">
<supplied/>
<w form="&X;" lemma="&X;" label="&X;">&X;</w>
<suppliedEnd/>
<damage/>
<w form="ba-da-an-kur9-re" lemma="kur9" pos="V" label="to enter">ba<damageEnd/>-da-an-kur9-re</w>
</l>
<l n="15" id="c2821.D.15" corresp="t2821.p5">
<supplied/>
<w form="&X;" lemma="&X;" label="&X;">&X;</w>
<suppliedEnd/>
<w form="nam" lemma="nam" pos="N" label="destiny">nam</w>
<w form="kal-kal" lemma="kal" pos="V" label="to be rare" form-type="RR">kal-kal</w>
<supplied/>
<w form="&X;" lemma="&X;" label="&X;">&X;</w>
<suppliedEnd/>
</l>
<l n="16" id="c2821.D.16" corresp="t2821.p5">
<supplied/>
<w form="&X;" lemma="&X;" label="&X;">&X;</w>
<suppliedEnd/>
<w form="X" lemma="X" label="X">X</w>
<w form="RI" lemma="RI" label="RI">RI</w>
<w form="DA" lemma="DA" label="DA">DA</w>
<w form="lu2" lemma="lu2" pos="N" label="person">lu2</w>
<w form="X" lemma="X" label="X">X</w>
<w form="X" lemma="X" label="X">X</w>
<supplied/>
<w form="&X;" lemma="&X;" label="&X;">&X;</w>
<suppliedEnd/>
</l>
<l n="17" id="c2821.D.17" corresp="t2821.p5">
<supplied/>
<w form="&X;" lemma="&X;" label="&X;">&X;</w>
<suppliedEnd/>
<w form="X" lemma="X" label="X">X</w>
<supplied/>
<w form="&X;" lemma="&X;" label="&X;">&X;</w>
<suppliedEnd/>
</l>
<gap extent="unknown no. of lines missing"/>
</div1>
<div1 type="segment" n="E">
<l n="1" id="c2821.E.1" corresp="t2821.p6">
<w form="X" lemma="X" label="X">X</w>
<supplied/>
<w form="&X;" lemma="&X;" label="&X;">&X;</w>
<suppliedEnd/>
</l>
<l n="2" id="c2821.E.2" corresp="t2821.p6">
<w form="lu2" lemma="lu2" pos="N" label="person">lu2</w>
<w form="X" lemma="X" label="X">X</w>
<supplied/>
<w form="&X;" lemma="&X;" label="&X;">&X;</w>
<suppliedEnd/>
</l>
<l n="3" id="c2821.E.3" corresp="t2821.p6">
<w form="E" lemma="E" label="E">E</w>
<supplied/>
<w form="&X;" lemma="&X;" label="&X;">&X;</w>
<suppliedEnd/>
</l>
<l n="4" id="c2821.E.4" corresp="t2821.p6">
<w form="X" lemma="X" label="X">X</w>
<supplied/>
<w form="&X;" lemma="&X;" label="&X;">&X;</w>
<suppliedEnd/>
</l>
<gap extent="unknown no. of lines missing"/>
</div1>
<div1 type="segment" n="F">
<l n="1" id="c2821.F.1" corresp="t2821.p7">
<w form="X" lemma="X" label="X">X</w>
<supplied/>
<w form="X" lemma="X" label="X">X</w>
<suppliedEnd/>
<w form="X" lemma="X" label="X">X</w>
<w form="X" lemma="X" label="X">X</w>
<supplied/>
<w form="&X;" lemma="&X;" label="&X;">&X;</w>
<suppliedEnd/>
</l>
<l n="2" id="c2821.F.2" corresp="t2821.p7">
<supplied/>
<w form="nun-bi" lemma="nun" pos="N" label="prince">nun<suppliedEnd/>-bi</w>
<w form="&d;marduk" lemma="marduk" pos="N" type="DN" label="Marduk" det="&d;">&d;marduk</w>
<w form="lu2" lemma="lu2" pos="N" label="person">lu2</w>
<w form="mu-un-&X;" lemma="&X;" pos="V" label="&X;">mu-<damage/>un<damageEnd/>-<supplied/>&X;</w>
<suppliedEnd/>
</l>
<l n="3" id="c2821.F.3" corresp="t2821.p7">
<w form="ac2" lemma="ac2" pos="N" label="curse">ac2</w>
<w form="gig-ga" lemma="gig" pos="V" label="to be ill">gig-ga</w>
<supplied/>
<w form="&X;" lemma="&X;" label="&X;">&X;</w>
<suppliedEnd/>
</l>
<l n="4" id="c2821.F.4" corresp="t2821.p7">
<w form="ib2-ba" lemma="ib2" pos="V" label="to be furious">ib2-ba</w>
<w form="gu-la" lemma="gal" pos="V" label="to be big">gu-la</w>
<w form="&d;marduk" lemma="marduk" pos="N" type="DN" label="Marduk" det="&d;">&d;marduk</w>
<supplied/>
<w form="&X;" lemma="&X;" label="&X;">&X;</w>
<suppliedEnd/>
</l>
<l n="5" id="c2821.F.5" corresp="t2821.p7">
<w form="mu-ru-ub" lemma="murub4" pos="N" label="middle">mu-ru-ub</w>
<w form="dijir" lemma="dijir" pos="N" label="deity">dijir</w>
<w form="gal-gal-e-ne" lemma="gal" pos="V" label="to be big" form-type="RR">gal-<damage/>gal<damageEnd/>-<supplied/>e-ne</w>
<suppliedEnd/>
</l>
<l n="6" id="c2821.F.6" corresp="t2821.p7">
<w form="AN" lemma="AN" label="AN">AN</w>
<w form="X" lemma="X" label="X">X</w>
<w form="X" lemma="X" label="X">X</w>
<w form="an-ce3" lemma="an" pos="N" label="heaven">an-ce3</w>
<supplied/>
<w form="&X;" lemma="&X;" label="&X;">&X;</w>
<suppliedEnd/>
<w form="X" lemma="X" label="X">X</w>
<w form="X" lemma="X" label="X">X</w>
<w form="DU" lemma="DU" label="DU"><unclear cert="qry">DU</unclear></w>
<supplied/>
<w form="&X;" lemma="&X;" label="&X;">&X;</w>
<suppliedEnd/>
<w form="nam" lemma="nam" pos="N" label="destiny">nam</w>
<w form="ha-&X;" lemma="&X;" pos="V" label="&X;">ha-<supplied/>&X;</w>
<suppliedEnd/>
</l>
<l n="7" id="c2821.F.7" corresp="t2821.p7">
<supplied/>
<w form="X" lemma="X" label="X">X</w>
<suppliedEnd/>
<w form="&jic;tukul" lemma="tukul" pos="N" label="weapon" det="&jic;">&jic;tukul</w>
<w form="X" lemma="X" label="X">X</w>
<supplied/>
<w form="&X;" lemma="&X;" label="&X;">&X;</w>
<suppliedEnd/>
<w form="KA" lemma="KA" label="KA">KA</w>
<w form="mi-&X;" lemma="&X;" pos="V" label="&X;">mi-<supplied/>&X;</w>
<suppliedEnd/>
</l>
<l n="8" id="c2821.F.8" corresp="t2821.p7">
<w form="JIC" lemma="JIC" label="&G;I&C;">JIC</w>
<w form="X" lemma="X" label="X">X</w>
<w form="JAR" lemma="JAR" label="&G;AR">JAR</w>
<w form="X" lemma="X" label="X">X</w>
<supplied/>
<w form="&X;" lemma="&X;" label="&X;">&X;</w>
<suppliedEnd/>
</l>
<l n="9" id="c2821.F.9" corresp="t2821.p7">
<w form="ceg12-X" lemma="ceg12" pos="N" label="brick(work)"><unclear cert="qry">ceg12</unclear>-X</w>
<damage/>
<w form="ni2" lemma="ni2" pos="N" label="fear(someness)">ni2</w>
<damageEnd/>
<w form="te-a-ni" lemma="te" pos="V" label="to approach">te-a-ni</w>
<supplied/>
<w form="&X;" lemma="&X;" label="&X;">&X;</w>
<suppliedEnd/>
</l>
<l n="10" id="c2821.F.10" corresp="t2821.p7">
<supplied/>
<w form="X" lemma="X" label="X">X</w>
<w form="X" lemma="X" label="X">X</w>
<suppliedEnd/>
<w form="X" lemma="X" label="X">X</w>
<w form="X" lemma="X" label="X">X</w>
<w form="X" lemma="X" label="X">X</w>
<w form="X" lemma="X" label="X">X</w>
<w form="X" lemma="X" label="X">X</w>
<supplied/>
<w form="&X;" lemma="&X;" label="&X;">&X;</w>
<suppliedEnd/>
</l>
<l n="11" id="c2821.F.11" corresp="t2821.p7">
<supplied/>
<w form="X" lemma="X" label="X">X</w>
<w form="X" lemma="X" label="X">X</w>
<suppliedEnd/>
<w form="NI" lemma="NI" label="NI"><unclear cert="qry">NI</unclear></w>
<w form="AN" lemma="AN" label="AN">AN</w>
<w form="X" lemma="X" label="X">X</w>
<w form="X" lemma="X" label="X">X</w>
<w form="X" lemma="X" label="X">X</w>
<w form="X" lemma="X" label="X">X</w>
<supplied/>
<w form="&X;" lemma="&X;" label="&X;">&X;</w>
<suppliedEnd/>
</l>
<l n="12" id="c2821.F.12" corresp="t2821.p7">
<supplied/>
<w form="X" lemma="X" label="X">X</w>
<w form="X" lemma="X" label="X">X</w>
<suppliedEnd/>
<w form="X" lemma="X" label="X">X</w>
<w form="X" lemma="X" label="X">X</w>
<w form="X" lemma="X" label="X">X</w>
<supplied/>
<w form="&X;" lemma="&X;" label="&X;">&X;</w>
<suppliedEnd/>
</l>
<l n="13" id="c2821.F.13" corresp="t2821.p7">
<supplied/>
<w form="X" lemma="X" label="X">X</w>
<w form="X" lemma="X" label="X">X</w>
<suppliedEnd/>
<w form="X" lemma="X" label="X">X</w>
<supplied/>
<w form="&X;" lemma="&X;" label="&X;">&X;</w>
<suppliedEnd/>
</l>
<l n="14" id="c2821.F.14" corresp="t2821.p7">
<supplied/>
<w form="X" lemma="X" label="X">X</w>
<w form="X" lemma="X" label="X">X</w>
<suppliedEnd/>
<w form="X" lemma="X" label="X">X</w>
<supplied/>
<w form="&X;" lemma="&X;" label="&X;">&X;</w>
<suppliedEnd/>
</l>
<l n="15" id="c2821.F.15" corresp="t2821.p7">
<supplied/>
<w form="X" lemma="X" label="X">X</w>
<w form="X" lemma="X" label="X">X</w>
<suppliedEnd/>
<w form="X" lemma="X" label="X">X</w>
<supplied/>
<w form="&X;" lemma="&X;" label="&X;">&X;</w>
<suppliedEnd/>
</l>
<l n="16" id="c2821.F.16" corresp="t2821.p7">
<supplied/>
<w form="X" lemma="X" label="X">X</w>
<w form="X" lemma="X" label="X">X</w>
<suppliedEnd/>
<w form="X" lemma="X" label="X">X</w>
<supplied/>
<w form="&X;" lemma="&X;" label="&X;">&X;</w>
<suppliedEnd/>
</l>
<l n="17" id="c2821.F.17" corresp="t2821.p7">
<supplied/>
<w form="&X;" lemma="&X;" label="&X;">&X;</w>
<suppliedEnd/>
<w form="X" lemma="X" label="X">X</w>
<w form="X" lemma="X" label="X">X</w>
<supplied/>
<w form="X" lemma="X" label="X">X</w>
<w form="X" lemma="X" label="X">X</w>
<suppliedEnd/>
</l>
<l n="18" id="c2821.F.18" corresp="t2821.p7">
<supplied/>
<w form="&X;-ta" lemma="&X;" label="&X;">&X;<suppliedEnd/>-<unclear cert="qry">ta</unclear></w>
<w form="hul" lemma="hul" pos="V" label="to be bad">hul</w>
<w form="KIJ2" lemma="KIJ2" label="KI&G;&s2;"><unclear cert="qry">KIJ2</unclear></w>
<supplied/>
<w form="&X;" lemma="&X;" label="&X;">&X;</w>
<suppliedEnd/>
<w form="X" lemma="X" label="X">X</w>
<w form="E" lemma="E" label="E">E</w>
</l>
<l n="19" id="c2821.F.19" corresp="t2821.p7">
<supplied/>
<w form="Xbr" lemma="Xbr" label="Xbr">(X)</w>
<suppliedEnd/>
<w form="X" lemma="X" label="X">X</w>
<supplied/>
<w form="&X;" lemma="&X;" label="&X;">&X;</w>
<suppliedEnd/>
<w form="X" lemma="X" label="X">X</w>
<w form="GA" lemma="GA" label="GA">GA</w>
<w form="nam" lemma="nam" pos="N" label="destiny">nam</w>
<w form="ha-la" lemma="ha-la" pos="N" label="share">ha-la</w>
<w form="X" lemma="X" label="X">X</w>
</l>
<l n="20" id="c2821.F.20" corresp="t2821.p7">
<supplied/>
<w form="X" lemma="X" label="X">X</w>
<w form="Xbr" lemma="Xbr" label="Xbr">(X)</w>
<suppliedEnd/>
<w form="X" lemma="X" label="X">X</w>
<w form="X" lemma="X" label="X">X</w>
<w form="X" lemma="X" label="X">X</w>
<w form="X" lemma="X" label="X">X</w>
<w form="X" lemma="X" label="X">X</w>
<w form="mu-un-na-DU-X" lemma="DU" pos="V" label="DU">mu-un-na-DU-X</w>
</l>
<l n="21" id="c2821.F.21" corresp="t2821.p7">
<supplied/>
<w form="saj" lemma="saj" pos="N" label="head">saj</w>
<suppliedEnd/>
<damage/>
<w form="gig2-ga" lemma="gig2" pos="V" label="to be black">gig2<damageEnd/>-ga</w>
<w form="X" lemma="X" label="X">X</w>
<w form="X" lemma="X" label="X">X</w>
<w form="X" lemma="X" label="X">X</w>
<w form="NI" lemma="NI" label="NI">NI</w>
<w form="X" lemma="X" label="X">X</w>
<w form="X" lemma="X" label="X">X</w>
<w form="X" lemma="X" label="X">X</w>
<w form="X" lemma="X" label="X">X</w>
<supplied/>
<w form="&X;" lemma="&X;" label="&X;">&X;</w>
<suppliedEnd/>
</l>
<l n="22" id="c2821.F.22" corresp="t2821.p7">
<supplied/>
<w form="X" lemma="X" label="X">X</w>
<w form="X" lemma="X" label="X">X</w>
<suppliedEnd/>
<w form="X" lemma="X" label="X">X</w>
<w form="X" lemma="X" label="X">X</w>
<w form="JAR" lemma="JAR" label="&G;AR"><unclear cert="qry">JAR</unclear></w>
<supplied/>
<w form="&X;" lemma="&X;" label="&X;">&X;</w>
<suppliedEnd/>
</l>
<gap extent="unknown no. of lines missing"/>
</div1>
</body>
</text>
</TEI.2>
