<TEI.2 id="c.2.5.4.29">
<teiHeader lang="eng">
<fileDesc>
<titleStmt>
<title>A hymn to Ninurta for I&c;me-Dagan -- a composite transliteration</title>
<respStmt><name>Jeremy Black</name><resp>Project Director and Editor</resp></respStmt>
<respStmt><name>G&aacute;bor Z&oacute;lyomi</name><resp>Editor</resp></respStmt>
<respStmt><name>Graham Cunningham</name><resp>Editor</resp></respStmt>
<respStmt><name>Eleanor Robson</name><resp>Technical Developer</resp></respStmt>
<respStmt><name>Jarle Ebeling</name><resp>Technical Developer</resp></respStmt>
</titleStmt>
<publicationStmt>
<distributor>The Electronic Text Corpus of Sumerian Literature
</distributor><address><addrLine>The Oriental Institute, University of Oxford, Pusey Lane, Oxford OX1 2LE, UK, email etcsl&commat;orinst.ox.ac.uk, http://etcsl.orinst.ox.ac.uk</addrLine></address>
<date>1999</date>
</publicationStmt>
<seriesStmt><p>The Electronic Text Corpus of Sumerian Literature aims to make accessible over 400 literary works composed in the Sumerian language in ancient Mesopotamia during the late third and early second millennia BC. The works are in Sumerian composite transliteration and English prose translation with bibliographical information on each composition.</p></seriesStmt>
<sourceDesc>
<listBibl type="secondary">
<bibl><xref from="b412">Tinney 1998aaa</xref><biblScope type="contents">composite text</biblScope><note>electronic source</note></bibl>
<bibl><xref from="b540">Tinney 1995</xref><biblScope type="page">18-20</biblScope><biblScope type="contents">composite text, handcopy, commentary, translation</biblScope></bibl>
</listBibl>
<listBibl type="tablets">
<bibl><biblScope type="museumNumber">N 2176 + N 6276</biblScope><biblScope type="provenance">Nippur</biblScope></bibl>
</listBibl>
</sourceDesc>
</fileDesc>
<revisionDesc>
<change><date>24.vi.1999</date><respStmt><name>GZ</name><resp>editor</resp></respStmt>
<item>standardisation</item></change>
<change><date>30.vii.1999</date><respStmt><name>JAB</name><resp>editor</resp></respStmt>
<item>proofreading</item></change>
<change><date>06.viii.1999</date><respStmt><name>GZ</name><resp>editor</resp></respStmt>
<item>SGML tagging</item></change>
<change><date>03.ix.1999</date><respStmt><name>ER</name><resp>editor</resp></respStmt>
<item>proofreading SGML</item></change>
<change><date>03.ix.1999</date><respStmt><name>ER</name><resp>editor</resp></respStmt>
<item>web publication</item></change>
<change><date>01.vi.2003</date><respStmt><name>GC/JE</name><resp>editor/technical developer</resp></respStmt>
<item>XML/TEI conversion</item></change>
<change><date>30.iii.2005</date><respStmt><name>GC/JE</name><resp>senior editor/technical developer</resp></respStmt>
<item>lemmatised version published</item></change>
</revisionDesc>
</teiHeader>
<text lang="sux">
<body>
<div1 type="segment" n="A">
<l n="1" id="c25429.A.1" corresp="t25429.p1">
<w form="&d;en-ki" lemma="en-ki" pos="N" type="DN" label="Enki" det="&d;">&d;en-ki</w>
<w form="en" lemma="en" pos="N" label="lord">en</w>
<w form="dumu-saj" lemma="dumu-saj" pos="N" label="first-born (child)">dumu-saj</w>
<w form="an" lemma="an" pos="N" type="DN" label="An">an</w>
<w form="kug-ga" lemma="kug" pos="AJ" label="shining">kug-ga</w>
</l>
<l n="2" id="c25429.A.2" corresp="t25429.p1">
<w form="nam-&d;en-lil2-ban3-da-ac" lemma="nam-en-lil2-ban3-da" pos="N" label="status as deity second to Enlil" det="&d;">nam-&d;en-lil2-ban3-da-ac</w>
<w form="mu-ni-in-il2-i-ic" lemma="il2" pos="V" label="to raise">mu-ni-in-il2-i-ic</w>
<w form="an" lemma="an" pos="N" label="heaven">an</w>
<w form="ki-a" lemma="ki" pos="N" label="place">ki-a</w>
<w form="du7" lemma="du7" pos="V" label="to be perfect">du7</w>
<w form="mah-e-ec" lemma="mah" pos="V" label="to be majestic">mah-e-ec</w>
</l>
<l n="3" id="c25429.A.3" corresp="t25429.p1">
<w form="ki" lemma="ki" pos="N" label="place">ki</w>
<w form="pad3-de3" lemma="pad3" pos="V" label="to find">pad3-de3</w>
<w form="jectug2" lemma="jectug2" pos="N" label="ear">jectug2</w>
<w form="7-bi" lemma="7" pos="NU" type="cardinal" label="7">7-bi</w>
<w form="saj-e-ec" lemma="saj" pos="N" label="head">saj-e-ec</w>
<w form="mu-ni-in-rig7-ec" lemma="rig7" pos="V" label="to bestow">mu-ni-in-rig7-ec</w>
</l>
<l n="4" id="c25429.A.4" corresp="t25429.p1">
<w form="ad" lemma="ad" pos="N" label="voice">ad</w>
<w form="gi4-gi4" lemma="gi4" pos="V" label="to return" form-type="RR">gi4-gi4</w>
<w form="nam" lemma="nam" pos="N" label="destiny">nam</w>
<w form="gal" lemma="gal" pos="V" label="to be big">gal</w>
<w form="tar-tar-re" lemma="tar" pos="V" label="to cut" form-type="RR">tar-tar-re</w>
</l>
<l n="5" id="c25429.A.5" corresp="t25429.p1">
<w form="ud" lemma="ud" pos="N" label="day(light)">ud</w>
<w form="e3" lemma="e3" pos="V" label="to go out or in">e3</w>
<w form="X" lemma="X" label="X">X</w>
<w form="X" lemma="X" label="X">X</w>
<w form="X-ce3" lemma="X" label="X">X-ce3</w>
<w form="igi-jal2" lemma="igi-jal2" pos="AJ" label="wise">igi-jal2</w>
<w form="cum2-mu" lemma="cum2" pos="V" label="to give">cum2-mu</w>
<w form="gi16-sa-ce3" lemma="gi16-sa" pos="N" label="(everlasting) treasure">gi16-sa-ce3</w>
<w form="mu-ni-in-ak-ec" lemma="ak" pos="V" label="to do">mu-ni-in-ak-<damage/>ec</w>
<damageEnd/>
</l>
<l n="6" id="c25429.A.6" corresp="t25429.p2">
<w form="abzu" lemma="abzu" pos="N" label="underground water">abzu</w>
<w form="kug" lemma="kug" pos="AJ" label="shining">kug</w>
<w form="e2" lemma="e2" pos="N" label="house(hold)">e2</w>
<damage/>
<w form="ceg12-bi" lemma="ceg12" pos="N" label="brick(work)">ceg12<damageEnd/>-bi</w>
<w form="KA" lemma="KA" label="KA">KA</w>
<w form="X" lemma="X" label="X">X</w>
<w form="bar-bi" lemma="bar" pos="N" label="outside">bar-bi</w>
<w form="cag4" lemma="cag4" pos="N" label="heart">cag4</w>
<w form="kuc2-u3" lemma="kuc2" pos="V" label="to be tired">kuc2-u3</w>
</l>
<l n="7" id="c25429.A.7" corresp="t25429.p2">
<w form="cag4" lemma="cag4" pos="N" label="heart">cag4</w>
<w form="X" lemma="X" label="X">X</w>
<w form="X" lemma="X" label="X">X</w>
<supplied/>
<w form="&X;" lemma="&X;" label="&X;">&X;</w>
<suppliedEnd/>
<w form="X" lemma="X" label="X">X</w>
<w form="igi-ni-ce3" lemma="igi" pos="N" label="eye">igi-ni-ce3</w>
<w form="ja2-ja2" lemma="jar" pos="V" label="to place" form-type="rr">ja2-ja2</w>
</l>
<l n="8" id="c25429.A.8" corresp="t25429.p2">
<supplied/>
<w form="&X;" lemma="&X;" label="&X;">&X;</w>
<suppliedEnd/>
<w form="X" lemma="X" label="X">X</w>
<w form="X" lemma="X" label="X">X</w>
<w form="X" lemma="X" label="X">X</w>
</l>
<gap extent="unknown no. of lines missing"/>
</div1>
<div1 type="segment" n="B">
<l n="1" id="c25429.B.1" corresp="t25429.p3">
<supplied/>
<w form="e-ne-ne" lemma="e-ne-ne" pos="PD" type="personal" label="they">e-ne<suppliedEnd/>-<damage/>ne</w>
<w form="nun" lemma="nun" pos="N" label="prince">nun</w>
<damageEnd/>
<supplied/>
<w form="er9-me-ec" lemma="er9" pos="V" label="to be mighty">er9<suppliedEnd/>-<damage/>me-ec</w>
<w form="en" lemma="en" pos="N" label="lord">en</w>
<w form="nam" lemma="nam" pos="N" label="destiny">nam</w>
<w form="tar-re-me-ec" lemma="tar" pos="V" label="to cut">tar-re-me-ec</w>
<damageEnd/>
</l>
<l n="2" id="c25429.B.2" corresp="t25429.p3">
<w form="cag4-zu-a" lemma="cag4" pos="N" label="heart">cag4-zu-a</w>
<w form="en" lemma="en" pos="N" label="lord">en</w>
<w form="&d;nin-urta-ra" lemma="nin-urta" pos="N" type="DN" label="Ninurta" det="&d;">&d;nin-urta-ra</w>
<w form="me" lemma="me" pos="N" label="essence">me</w>
<w form="mu-na-ni-in-cum2-mu-uc" lemma="cum2" pos="V" label="to give">mu-na-ni-in-cum2-mu-uc</w>
</l>
<l n="3" id="c25429.B.3" corresp="t25429.p3">
<w form="nibru&ki;" lemma="nibru" pos="N" type="SN" label="Nibru" det="&ki;">nibru&ki;</w>
<w form="cir3" lemma="cir3" pos="N" label="song">cir3</w>
<damage/>
<w form="kug-zu" lemma="kug" pos="AJ" label="shining">kug<damageEnd/>-zu</w>
<w form="nij2" lemma="nij2" pos="N" label="thing">nij2</w>
<w form="kal-kal" lemma="kal" pos="V" label="to be rare" form-type="RR">kal-kal</w>
<w form="a-re-ec" lemma="ar2" pos="N" label="praise">a-re-ec</w>
<w form="dib-ba-am3" lemma="dib" pos="V" label="to pass">dib-ba-am3</w>
</l>
<l n="4" id="c25429.B.4" corresp="t25429.p3">
<w form="&d;ic-me-&d;da-gan-me-en" lemma="ic-me-da-gan" pos="N" type="RN" label="I&c;me-Dagan" npart="DN:Dagan" det="&d;">&d;ic-me-&d;da-gan-me-en</w>
<w form="du-ri2-ce3" lemma="du-ri2" pos="N" label="eternity">du-ri2-ce3</w>
<w form="ka-ga14" lemma="ka" pos="N" label="mouth">ka-ga14</w>
<w form="mu-ni-jar" lemma="jar" pos="V" label="to place">mu-ni-jar</w>
</l>
</div1>
</body>
</text>
</TEI.2>
