<TEI.2 id="c.2.4.4.4">
<teiHeader lang="eng">
<fileDesc>
<titleStmt>
<title>A <foreign lang="sux">tigi</foreign> (?) to Ninurta for &C;u-Suen (&C;u-Suen D) -- a composite transliteration</title>
<respStmt><name>Jeremy Black</name><resp>Project Director and Editor</resp></respStmt>
<respStmt><name>G&aacute;bor Z&oacute;lyomi</name><resp>Editor</resp></respStmt>
<respStmt><name>Graham Cunningham</name><resp>Editor</resp></respStmt>
<respStmt><name>Eleanor Robson</name><resp>Technical Developer</resp></respStmt>
<respStmt><name>Jarle Ebeling</name><resp>Technical Developer</resp></respStmt>
</titleStmt>
<publicationStmt>
<distributor>The Electronic Text Corpus of Sumerian Literature
</distributor><address><addrLine>The Oriental Institute, University of Oxford, Pusey Lane, Oxford OX1 2LE, UK, email etcsl&commat;orinst.ox.ac.uk, http://etcsl.orinst.ox.ac.uk</addrLine></address>
<date>2000</date>
</publicationStmt>
<seriesStmt><p>The Electronic Text Corpus of Sumerian Literature aims to make accessible over 400 literary works composed in the Sumerian language in ancient Mesopotamia during the late third and early second millennia BC. The works are in Sumerian composite transliteration and English prose translation with bibliographical information on each composition.</p></seriesStmt>
<sourceDesc>
<listBibl type="secondary">
<bibl><xref from="b625">Sj&ouml;berg 1976</xref><biblScope type="page">412-414; 421-424</biblScope><biblScope type="plate">XX*</biblScope><biblScope type="contents">photograph, translation, composite text, commentary</biblScope></bibl>
</listBibl>
<listBibl type="tablets">
<bibl><biblScope type="museumNumber">CBS 11325 (PBS 1/1 9) + CBS 11348 + CBS 11362 + CBS 11367 (BE 29 1, photo pl. 1f.)</biblScope></bibl>
<bibl><biblScope type="museumNumber">CBS 15208 (photo pl. 20)</biblScope></bibl>
</listBibl>
</sourceDesc>
</fileDesc>
<revisionDesc>
<change><date>22.ii.2000</date><respStmt><name>GZ</name><resp>editor</resp></respStmt>
<item>typing, standardisation</item></change>
<change><date>16.vi.2000-25.vii.2000</date><respStmt><name>JAB</name><resp>editor</resp></respStmt>
<item>proofreading</item></change>
<change><date>26.vii.2000</date><respStmt><name>GC</name><resp>editor</resp></respStmt>
<item>SGML tagging</item></change>
<change><date>15.ix.2000</date><respStmt><name>ER</name><resp>editor</resp></respStmt>
<item>proofreading SGML</item></change>
<change><date>15.ix.2000</date><respStmt><name>ER</name><resp>editor</resp></respStmt>
<item>web publication</item></change>
<change><date>01.vi.2003</date><respStmt><name>GC/JE</name><resp>editor/technical developer</resp></respStmt>
<item>XML/TEI conversion</item></change>
<change><date>30.iii.2005</date><respStmt><name>GC/JE</name><resp>senior editor/technical developer</resp></respStmt>
<item>lemmatised version published</item></change>
</revisionDesc>
</teiHeader>
<text lang="sux">
<body>
<lg n="A" type="barsud">
<l n="1" id="c2444.A.1" corresp="t2444.p1">
<w form="ur-saj" lemma="ur-saj" pos="N" label="hero">ur-saj</w>
<w form="ul" lemma="ul" pos="N" label="distant time">ul</w>
<w form="gal-le-ec" lemma="gal" pos="V" label="to be big">gal-le-ec</w>
<w form="nir" lemma="nir" pos="N" label="authority">nir</w>
<damage/>
<w form="gaba-jal2" lemma="gaba-jal2" pos="AJ" label="forceful">gaba<damageEnd/>-jal2</w>
<w form="zag" lemma="zag" pos="N" label="side">zag</w>
<w form="pirij" lemma="pirij" pos="N" label="lion">pirij</w>
<w form="ul" lemma="ul" pos="N" label="bud">ul</w>
<w form="sig7-ga" lemma="sig7" pos="V" label="to be green">sig7-ga</w>
<note lang="eng">Cited in <xref doc="c.0.2.06" from="c0206.33">OB catalogue from Nibru (N3), 0.2.06, line 33</xref> (?)</note>
</l>
<l n="2" id="c2444.A.2" corresp="t2444.p1">
<w form="&d;nin-urta" lemma="nin-urta" pos="N" type="DN" label="Ninurta" det="&d;">&d;nin-urta</w>
<w form="X" lemma="X" label="X">X</w>
<damage/>
<w form="mar-uru5" lemma="mar-uru5" pos="N" label="tempest">mar<damageEnd/>-uru5</w>
<w form="ug" lemma="ug" pos="N" label="lion">ug</w>
<w form="gal" lemma="gal" pos="V" label="to be big">gal</w>
<w form="cen-cen-na" lemma="cen" pos="N" label="combat" form-type="RR">cen-cen-na</w>
<w form="ru-ru-gu2" lemma="ru-gu2" pos="V" label="to face" form-type="RR">ru-ru-gu2</w>
</l>
<l n="3" id="c2444.A.3" corresp="t2444.p1">
<w form="a2-jal2" lemma="a2-jal2" pos="AJ" label="strong">a2-jal2</w>
<w form="uj3" lemma="uj3" pos="N" label="people">uj3</w>
<w form="erim2" lemma="erim2" pos="N" label="enemy">erim2</w>
<w form="X" lemma="X" label="X">X</w>
<damage/>
<w form="RA" lemma="RA" label="RA">RA</w>
<damageEnd/>
<w form="SU" lemma="SU" label="SU">SU</w>
<distinct type="emesal">
<w form="uru2" lemma="iri" pos="N" label="town" emesal="uru2">uru2</w>
</distinct>
<w form="gul-lu" lemma="gul" pos="V" label="to destroy">gul-lu</w>
<w form="a2-dam" lemma="a2-dam" pos="N" label="habitation">a2-dam</w>
<w form="sahar-re-ec" lemma="sahar" pos="N" label="earth">sahar-re-ec</w>
<w form="gi4" lemma="gi4" pos="V" label="to return">gi4</w>
</l>
<l n="4" id="c2444.A.4" corresp="t2444.p1">
<w form="&d;nin-urta" lemma="nin-urta" pos="N" type="DN" label="Ninurta" det="&d;">&d;nin-urta</w>
<w form="am" lemma="am" pos="N" label="wild bull">am</w>
<w form="gal" lemma="gal" pos="V" label="to be big">gal</w>
<w form="gud-si-AC" lemma="gud-si-AC" pos="N" label="battering ram">gud-si-AC</w>
<w form="bad3" lemma="bad3" pos="N" label="wall">bad3</w>
<w form="gal" lemma="gal" pos="V" label="to be big">gal</w>
<damage/>
<w form="CU.KAD4-CU.KAD4-e" lemma="CU.KAD4-CU.KAD4" pos="V" label="meaning unknown" form-type="RR">CU.KAD4-CU.KAD4<damageEnd/>-e</w>
</l>
<trailer place="rubric" type="barsud">
<l n="5" id="c2444.A.5" corresp="t2444.p2">
<w form="bar-sud-am3" lemma="bar-sud" pos="N" label="composition-division">bar-sud-am3</w>
</l>
</trailer>
</lg>
<lg n="B" type="cagbatuku">
<l n="6" id="c2444.B.6" corresp="t2444.p3">
<w form="a-ma-ru" lemma="a-ma-ru" pos="N" label="flood">a-ma-ru</w>
<w form="ki-bal-ce3" lemma="ki-bal" pos="N" label="rebel land">ki-bal-ce3</w>
<w form="hu-luh-ha" lemma="huluh" pos="V" label="to be frightened">hu-luh-ha</w>
<w form="gaba-cu-jar" lemma="gaba-cu-jar" pos="N" label="rival">gaba-cu-jar</w>
<w form="nu-tuku" lemma="tuku" pos="V" label="to have">nu-tuku</w>
</l>
<l n="7" id="c2444.B.7" corresp="t2444.p3">
<w form="&d;nin-urta" lemma="nin-urta" pos="N" type="DN" label="Ninurta" det="&d;">&d;nin-urta</w>
<w form="i-lim" lemma="i-lim" pos="N" label="(awesome) radiance">i-lim</w>
<w form="u5" lemma="u5" pos="V" label="to ride">u5</w>
<addSpan to="c2444.v1" type="primary"/>
<w form="su" lemma="su" pos="N" label="flesh">su</w>
<w form="nij2-jir2" lemma="nij2-jir2" pos="N" label="lightning bolt">nij2-jir2</w>
<w form="ud" lemma="ud" pos="N" label="storm">ud</w>
<w form="jar" lemma="jar" pos="V" label="to place">jar</w>
<w form="A" lemma="A" label="A">A</w>
<damage/>
<w form="MUC3" lemma="MUC3" label="MU&C;&s3;"><unclear cert="qry">MUC3</unclear></w>
<damageEnd/>
<supplied/>
<w form="&X;" lemma="&X;" label="&X;">&X;</w>
<suppliedEnd/>
<anchor id="c2444.v1"/>
<addSpan to="c2444.v2" type="secondary"/>
<note id="c2444.n1" lang="eng" target="c2444.v1">the other ms. has instead:</note>
<w form="su-lim" lemma="su-lim" pos="N" label="(awesome) radiance">su-lim</w>
<w form="gur3-ru" lemma="guru3" pos="V" label="to bear">gur3-ru</w>
<w form="ud" lemma="ud" pos="N" label="storm">ud</w>
<w form="jar" lemma="jar" pos="V" label="to place">jar</w>
<w form="erim2" lemma="erim2" pos="N" label="enemy">erim2</w>
<w form="X" lemma="X" label="X">X</w>
<w form="X" lemma="X" label="X">X</w>
<anchor id="c2444.v2"/>
</l>
<altGrp><alt targType="addSpan" targets="c2444.v1 c2444.v2"/></altGrp>
<l n="8" id="c2444.B.8" corresp="t2444.p3">
<w form="lugal" lemma="lugal" pos="N" label="king">lugal</w>
<w form="&d;cu-&d;suen" lemma="cu-suen" pos="N" type="RN" label="&C;u-Suen" npart="DN:Suen" det="&d;">&d;cu-&d;suen</w>
<w form="uj3" lemma="uj3" pos="N" label="people">uj3</w>
<w form="dajal-la" lemma="dajal" pos="V" label="to be wide">dajal-la</w>
<w form="mu-ni" lemma="mu" pos="N" label="name">mu-ni</w>
<w form="X-zu" lemma="X" label="X">X-zu</w>
</l>
<l n="9" id="c2444.B.9" corresp="t2444.p3">
<w form="e2-cu-me-ca4" lemma="e2-cu-me-ca4" pos="N" type="TN" label="E-&c;u-me-&c;a">e2-cu-me-ca4</w>
<w form="ki-tuc" lemma="ki-tuc" pos="N" label="dwelling place">ki-tuc</w>
<w form="kug" lemma="kug" pos="AJ" label="shining">kug</w>
<w form="igi-cu-galam" lemma="igi-cu-galam" pos="N" type="TN" label="Igi-&c;u-galam">igi-cu-galam</w>
<w form="ki" lemma="ki" pos="N" label="place">ki</w>
<w form="nam" lemma="nam" pos="N" label="destiny">nam</w>
<damage/>
<w form="tar-re-za" lemma="tar" pos="V" label="to cut">tar<damageEnd/>-<supplied/>re<suppliedEnd/>-za</w>
</l>
<l n="10" id="c2444.B.10" corresp="t2444.p3">
<w form="kisal" lemma="kisal" pos="N" label="courtyard">kisal</w>
<w form="mah-ba" lemma="mah" pos="V" label="to be majestic">mah-<unclear cert="cor">ba</unclear></w>
<w form="gud" lemma="gud" pos="N" label="bull">gud</w>
<w form="gal" lemma="gal" pos="V" label="to be big">gal</w>
<w form="udu" lemma="udu" pos="N" label="sheep">udu</w>
<w form="gal-e" lemma="gal" pos="V" label="to be big">gal-e</w>
<phr type="VP" lemma="si sa2" label="to make straight">
<w form="si" lemma="si" pos="N" label="horn">si</w>
<w form="um-ma-ni-sa2" lemma="sa2" pos="V" label="to equal">um-<damage/>ma<damageEnd/>-<supplied/>ni<suppliedEnd/>-sa2</w>
</phr>
</l>
<l n="11" id="c2444.B.11" corresp="t2444.p3">
<w form="KI.LUGAL.GUB" lemma="KI.LUGAL.GUB" pos="N" label="royal station">KI.LUGAL.GUB</w>
<w form="kug-ba" lemma="kug" pos="AJ" label="shining">kug-<damage/><unclear cert="cor">ba</unclear></w>
<damageEnd/>
<w form="cu" lemma="cu" pos="N" label="hand">cu</w>
<w form="ha-ra-ni-in-mu2-mu2" lemma="mu2" pos="V" label="to grow" form-type="RR">ha-ra-ni-in-mu2-<damage/>mu2</w>
<damageEnd/>
<supplied/>
<w form="&X;" lemma="&X;" label="&X;">&X;</w>
<suppliedEnd/>
</l>
<l n="12" id="c2444.B.12" corresp="t2444.p3">
<w form="&d;cu-&d;suen-na" lemma="cu-suen" pos="N" type="RN" label="&C;u-Suen" npart="DN:Suen" det="&d;">&d;cu-&d;suen-na</w>
<w form="cu" lemma="cu" pos="N" label="hand">cu</w>
<w form="ha-ra-ni-in-mu2-mu2" lemma="mu2" pos="V" label="to grow" form-type="RR">ha-ra-ni-in-mu2-<supplied/>mu2</w>
<w form="&X;" lemma="&X;" label="&X;">&X;</w>
<suppliedEnd/>
</l>
<l n="13" id="c2444.B.13" corresp="t2444.p3">
<w form="&d;nin-urta" lemma="nin-urta" pos="N" type="DN" label="Ninurta" det="&d;">&d;nin-urta</w>
<w form="til3" lemma="til3" pos="V" label="to live">til3</w>
<w form="ud" lemma="ud" pos="N" label="day(light)">ud</w>
<w form="su3-ra2-ka" lemma="sud" pos="V" label="to be distant">su3-ra2-ka</w>
<w form="NA" lemma="NA" label="NA">NA</w>
<w form="X" lemma="X" label="X">X</w>
<supplied/>
<w form="&X;" lemma="&X;" label="&X;">&X;</w>
<suppliedEnd/>
</l>
<l n="14" id="c2444.B.14" corresp="t2444.p3">
<w form="&d;cu-&d;suen-na" lemma="cu-suen" pos="N" type="RN" label="&C;u-Suen" npart="DN:Suen" det="&d;">&d;cu-&d;suen-na</w>
<w form="til3" lemma="til3" pos="V" label="to live">til3</w>
<w form="ud" lemma="ud" pos="N" label="day(light)">ud</w>
<w form="su3-ra2-ka" lemma="sud" pos="V" label="to be distant">su3-ra2-ka</w>
<w form="NA" lemma="NA" label="NA">NA</w>
<damage/>
<w form="gu2" lemma="gu2" pos="N" label="neck"><unclear cert="qry">gu2</unclear></w>
<damageEnd/>
<supplied/>
<w form="&X;" lemma="&X;" label="&X;">&X;</w>
<suppliedEnd/>
</l>
<trailer place="rubric" type="cagbatuku">
<l n="15" id="c2444.B.15" corresp="t2444.p4">
<supplied/>
<w form="cag4-ba-tuku-am3" lemma="cag4-ba-tuku" pos="N" label="composition-division">cag4<suppliedEnd/>-ba-<unclear cert="cor">tuku</unclear>-<damage/>am3</w>
<damageEnd/>
</l>
</trailer>
</lg>
<lg n="C" type="barsud">
<l n="16" id="c2444.C.16" corresp="t2444.p5">
<supplied/>
<w form="X" lemma="X" label="X">X</w>
<w form="X" lemma="X" label="X">X</w>
<suppliedEnd/>
<damage/>
<w form="a2-ni" lemma="a2" pos="N" label="arm">a2<damageEnd/>-ni</w>
<w form="sud-sud" lemma="sud" pos="V" label="to be distant" form-type="RR">sud-sud</w>
<w form="X" lemma="X" label="X">X</w>
<supplied/>
<w form="&X;" lemma="&X;" label="&X;">&X;</w>
<suppliedEnd/>
</l>
<l n="17" id="c2444.C.17" corresp="t2444.p5">
<supplied/>
<w form="&X;" lemma="&X;" label="&X;">&X;</w>
<suppliedEnd/>
<w form="X" lemma="X" label="X">X</w>
<w form="X" lemma="X" label="X">X</w>
<w form="X" lemma="X" label="X">X</w>
<supplied/>
<w form="&X;" lemma="&X;" label="&X;">&X;</w>
<suppliedEnd/>
</l>
<l n="18" id="c2444.C.18" corresp="t2444.p5">
<w form="&d;nin-urta" lemma="nin-urta" pos="N" type="DN" label="Ninurta" det="&d;"><supplied/>&d;<suppliedEnd/><damage/>nin<damageEnd/>-urta</w>
<w form="dumu-saj" lemma="dumu-saj" pos="N" label="first-born (child)">dumu-saj</w>
<w form="&d;en-lil2-la2" lemma="en-lil2" pos="N" type="DN" label="Enlil" det="&d;">&d;en-lil2-la2</w>
<w form="su-lim-ma" lemma="su-lim" pos="N" label="(awesome) radiance">su-lim-ma</w>
<w form="X" lemma="X" label="X">X</w>
<supplied/>
<w form="&X;" lemma="&X;" label="&X;">&X;</w>
<suppliedEnd/>
</l>
<l n="19" id="c2444.C.19" corresp="t2444.p5">
<supplied/>
<w form="X" lemma="X" label="X">X</w>
<suppliedEnd/>
<w form="X" lemma="X" label="X">X</w>
<w form="gu2-e" lemma="gu2-e" pos="N" label="near side"><unclear cert="qry">gu2</unclear>-e</w>
<w form="me" lemma="me" pos="N" label="essence">me</w>
<w form="jar" lemma="jar" pos="V" label="to place"><unclear cert="qry">jar</unclear></w>
<w form="TE" lemma="TE" label="TE">TE</w>
<w form="X" lemma="X" label="X">X</w>
<w form="X" lemma="X" label="X">X</w>
<w form="DI" lemma="DI" label="DI">DI</w>
<w form="X" lemma="X" label="X">X</w>
<supplied/>
<w form="&X;" lemma="&X;" label="&X;">&X;</w>
<suppliedEnd/>
</l>
<l n="20" id="c2444.C.20" corresp="t2444.p5">
<supplied/>
<w form="&X;" lemma="&X;" label="&X;">&X;</w>
<suppliedEnd/>
<w form="X" lemma="X" label="X">X</w>
<w form="X" lemma="X" label="X">X</w>
<w form="X" lemma="X" label="X">X</w>
<supplied/>
<w form="&X;" lemma="&X;" label="&X;">&X;</w>
<suppliedEnd/>
</l>
<trailer place="rubric" type="barsud">
<l n="21" id="c2444.C.21" corresp="t2444.p6">
<supplied/>
<w form="bar-sud" lemma="bar-sud" pos="N" label="composition-division">bar<suppliedEnd/>-sud</w>
<w form="2-kam-ma-am3" lemma="2-kam-ma" pos="NU" type="ordinal" label="2nd">2-<supplied/>kam-ma<suppliedEnd/>-<damage/>am3</w>
<damageEnd/>
</l>
</trailer>
</lg>
<lg n="D" type="sa-gida">
<l n="22" id="c2444.D.22" corresp="t2444.p7">
<supplied/>
<w form="&X;" lemma="&X;" label="&X;">&X;</w>
<suppliedEnd/>
<w form="X" lemma="X" label="X">X</w>
<w form="cu" lemma="cu" pos="N" label="hand">cu</w>
<w form="nu-te" lemma="te" pos="V" label="to approach">nu-te</w>
<w form="AB-AB" lemma="AB" label="AB" form-type="RR"><unclear cert="qry">AB</unclear>-<damage/><unclear cert="qry">AB</unclear></w>
<damageEnd/>
<supplied/>
<w form="&X;" lemma="&X;" label="&X;">&X;</w>
<suppliedEnd/>
<w form="X" lemma="X" label="X">X</w>
<w form="X" lemma="X" label="X">X</w>
</l>
<l n="23" id="c2444.D.23" corresp="t2444.p7">
<supplied/>
<w form="X" lemma="X" label="X">X</w>
<w form="X" lemma="X" label="X">X</w>
<w form="Xbr" lemma="Xbr" label="Xbr">(X)</w>
<suppliedEnd/>
<w form="X" lemma="X" label="X">X</w>
<w form="si" lemma="si" pos="N" label="horn">si</w>
<w form="gal-a-ni" lemma="gal" pos="V" label="to be big">gal-a-<unclear cert="qry">ni</unclear></w>
<w form="NA" lemma="NA" label="NA"><unclear cert="qry">NA</unclear></w>
<w form="X" lemma="X" label="X">X</w>
<supplied/>
<w form="&X;" lemma="&X;" label="&X;">&X;</w>
<suppliedEnd/>
<w form="X" lemma="X" label="X">X</w>
<w form="RA" lemma="RA" label="RA">RA</w>
</l>
<l n="24" id="c2444.D.24" corresp="t2444.p7">
<supplied/>
<w form="X" lemma="X" label="X">X</w>
<suppliedEnd/>
<w form="X" lemma="X" label="X">X</w>
<w form="huc-am3" lemma="huc" pos="V" label="to be reddish">huc-am3</w>
<w form="an-ur2" lemma="an-ur2" pos="N" label="horizon">an-ur2</w>
<w form="X" lemma="X" label="X">X</w>
<supplied/>
<w form="&X;" lemma="&X;" label="&X;">&X;</w>
<suppliedEnd/>
<w form="X" lemma="X" label="X">X</w>
<w form="I" lemma="I" label="I">I</w>
</l>
<l n="25" id="c2444.D.25" corresp="t2444.p7">
<w form="&d;nin-urta" lemma="nin-urta" pos="N" type="DN" label="Ninurta" det="&d;">&d;nin-urta</w>
<w form="kalag-ga" lemma="kalag" pos="V" label="to be strong">kalag-ga</w>
<w form="ux-a" lemma="u2-a" pos="N" label="provisioner">ux(PA)-a</w>
<damage/>
<w form="mah" lemma="mah" pos="V" label="to be majestic">mah</w>
<damageEnd/>
<w form="&d;nin-lil2-le" lemma="nin-lil2" pos="N" type="DN" label="Ninlil" det="&d;"><supplied/>&d;<suppliedEnd/>nin-lil2-le</w>
<w form="tud-da" lemma="tud" pos="V" label="to give birth">tud-da</w>
</l>
<l n="26" id="c2444.D.26" corresp="t2444.p7">
<w form="i-lim" lemma="i-lim" pos="N" label="(awesome) radiance">i-lim</w>
<w form="u5" lemma="u5" pos="V" label="to ride">u5</w>
<w form="X" lemma="X" label="X">X</w>
<w form="X" lemma="X" label="X">X</w>
<w form="Xbr" lemma="Xbr" label="Xbr">(X)</w>
<w form="&d;cu-&d;suen" lemma="cu-suen" pos="N" type="RN" label="&C;u-Suen" npart="DN:Suen" det="&d;">&d;cu-&d;suen</w>
<w form="&d;en-lil2-ce3" lemma="en-lil2" pos="N" type="DN" label="Enlil" det="&d;">&d;en-lil2-ce3</w>
<w form="jal2-la" lemma="jal2" pos="V" label="to be (located)">jal2-la</w>
</l>
<l n="27" id="c2444.D.27" corresp="t2444.p7">
<w form="&d;nin-urta" lemma="nin-urta" pos="N" type="DN" label="Ninurta" det="&d;">&d;nin-urta</w>
<w form="bad3" lemma="bad3" pos="N" label="wall">bad3</w>
<w form="gal-a-ni" lemma="gal" pos="V" label="to be big">gal-a-ni</w>
<w form="he2-me-en" lemma="me" pos="V" label="to be">he2-me-en</w>
<w form="igi" lemma="igi" pos="N" label="eye">igi</w>
<w form="dug3" lemma="dug3" pos="V" label="to be good">dug3</w>
<w form="hu-mu-ni-du8" lemma="du8" pos="V" label="to spread">hu-mu-ni-du8</w>
</l>
<l n="28" id="c2444.D.28" corresp="t2444.p7">
<w form="&d;cu-&d;suen" lemma="cu-suen" pos="N" type="RN" label="&C;u-Suen" npart="DN:Suen" det="&d;"><supplied/>&d;cu<suppliedEnd/>-<supplied/>&d;<suppliedEnd/><damage/>suen<damageEnd/></w>
<w form="bad3" lemma="bad3" pos="N" label="wall">bad3</w>
<w form="gal-a-ni" lemma="gal" pos="V" label="to be big">gal-a-ni</w>
<w form="he2-me-en" lemma="me" pos="V" label="to be">he2-me-en</w>
<w form="igi" lemma="igi" pos="N" label="eye">igi</w>
<w form="dug3" lemma="dug3" pos="V" label="to be good">dug3</w>
<w form="hu-mu-ni-du8" lemma="du8" pos="V" label="to spread">hu-mu-ni-du8</w>
</l>
<trailer place="rubric" type="sa-gida">
<l n="29" id="c2444.D.29" corresp="t2444.p8">
<supplied/>
<w form="sa-gid2-da-am3" lemma="sa-gid2-da" pos="N" label="composition-division">sa<suppliedEnd/>-gid2-da-am3</w>
</l>
</trailer>
</lg>
<lg n="E" type="jicgijal">
<l n="30" id="c2444.E.30" corresp="t2444.p9">
<supplied/>
<w form="&d;nin-urta" lemma="nin-urta" pos="N" type="DN" label="Ninurta" det="&d;">&d;nin-urta</w>
<suppliedEnd/>
<w form="&d;cu-&d;suen-ju10-ur2" lemma="cu-suen" pos="N" type="RN" label="&C;u-Suen" npart="DN:Suen" det="&d;">&d;cu-&d;suen-ju10-ur2</w>
<w form="a2-tah" lemma="a2-tah" pos="N" label="helper">a2-tah</w>
<w form="&jic;tukul-a-ni" lemma="tukul" pos="N" label="weapon" bound="L,ani" det="&jic;">&jic;tukul-a-ni</w>
<w form="he2-me-en" lemma="me" pos="V" label="to be">he2-me-en</w>
</l>
<trailer place="rubric" type="jicgijal">
<l n="31" id="c2444.E.31" corresp="t2444.p10">
<supplied/>
<w form="jic-gi5-jal2-bi-im" lemma="jic-gi4-jal2" pos="N" label="composition-division">jic<suppliedEnd/>-gi5-jal2-bi-im</w>
</l>
</trailer>
</lg>
<lg n="F" type="sa-jara">
<l n="32" id="c2444.F.32" corresp="t2444.p11">
<supplied/>
<w form="&X;" lemma="&X;" label="&X;">&X;</w>
<suppliedEnd/>
<w form="LU" lemma="LU" label="LU">LU</w>
<w form="tir" lemma="tir" pos="N" label="forest">tir</w>
<w form="KA" lemma="KA" label="KA">KA</w>
<w form="galam-ma" lemma="galam" pos="V" label="to be skilful">galam-ma</w>
<w form="kur-cag4-ce3" lemma="kur-cag4" pos="N" label="centre of mountain">kur-cag4-ce3</w>
<w form="dub3" lemma="dub3" pos="N" label="knee">dub3</w>
<w form="bar-re" lemma="bar" pos="V" label="to set aside">bar-re</w>
</l>
<l n="33" id="c2444.F.33" corresp="t2444.p11">
<w form="&d;nin-urta" lemma="nin-urta" pos="N" type="DN" label="Ninurta" det="&d;"><supplied/>&d;nin<suppliedEnd/>-urta</w>
<w form="ulu3" lemma="ulu3" pos="N" label="south wind (storm)">ulu3</w>
<w form="mah" lemma="mah" pos="V" label="to be majestic">mah</w>
<w form="ki-bal-a" lemma="ki-bal" pos="N" label="rebel land">ki-bal-a</w>
<w form="kuc7" lemma="kuc7" pos="N" label="devastation">kuc7</w>
<w form="lu2-ra" lemma="lu2" pos="N" label="person">lu2-ra</w>
<w form="su-su" lemma="su" pos="V" label="to sink" form-type="RR">su-su</w>
</l>
<l n="34" id="c2444.F.34" corresp="t2444.p11">
<supplied/>
<w form="sa2-jar" lemma="sa2-jar" pos="N" label="counsellor">sa2-jar</w>
<w form="me" lemma="me" pos="N" label="essence">me</w>
<suppliedEnd/>
<w form="e2-kur-ra" lemma="e2-kur" pos="N" type="TN" label="E-kur"><supplied/>e2<suppliedEnd/>-kur-ra</w>
<w form="cu" lemma="cu" pos="N" label="hand">cu</w>
<w form="du7" lemma="du7" pos="V" label="to be perfect">du7</w>
<w form="jickim-til3" lemma="jickim-til3" pos="N" label="(source of) trust">jickim-til3</w>
<w form="a-a-na" lemma="a-a" pos="N" label="father">a-a-na</w>
</l>
<l n="35" id="c2444.F.35" corresp="t2444.p11">
<w form="&d;nin-urta" lemma="nin-urta" pos="N" type="DN" label="Ninurta" det="&d;"><supplied/>&d;<suppliedEnd/>nin-urta</w>
<w form="tir" lemma="tir" pos="N" label="forest">tir</w>
<w form="KA" lemma="KA" label="KA">KA</w>
<w form="galam-ma" lemma="galam" pos="V" label="to be skilful">galam-ma</w>
<w form="kur-cag4-ce3" lemma="kur-cag4" pos="N" label="centre of mountain">kur-cag4-ce3</w>
<w form="dub3" lemma="dub3" pos="N" label="knee">dub3</w>
<w form="bar-re" lemma="bar" pos="V" label="to set aside">bar-re</w>
</l>
<l n="36" id="c2444.F.36" corresp="t2444.p11">
<w form="&d;nin-urta" lemma="nin-urta" pos="N" type="DN" label="Ninurta" det="&d;">&d;nin-urta</w>
<w form="ulu3" lemma="ulu3" pos="N" label="south wind (storm)">ulu3</w>
<w form="mah" lemma="mah" pos="V" label="to be majestic">mah</w>
<w form="ki-bal-a" lemma="ki-bal" pos="N" label="rebel land">ki-bal-a</w>
<w form="kuc7" lemma="kuc7" pos="N" label="devastation">kuc7</w>
<w form="lu2-ra" lemma="lu2" pos="N" label="person">lu2-ra</w>
<w form="su-su" lemma="su" pos="V" label="to sink" form-type="RR">su-su</w>
</l>
<l n="37" id="c2444.F.37" corresp="t2444.p11">
<w form="sa2-jar" lemma="sa2-jar" pos="N" label="counsellor">sa2-jar</w>
<w form="me" lemma="me" pos="N" label="essence">me</w>
<w form="e2-kur-ra" lemma="e2-kur" pos="N" type="TN" label="E-kur">e2-kur-ra</w>
<w form="cu" lemma="cu" pos="N" label="hand">cu</w>
<w form="du7" lemma="du7" pos="V" label="to be perfect">du7</w>
<w form="jickim-til3" lemma="jickim-til3" pos="N" label="(source of) trust">jickim-til3</w>
<w form="a-a-na" lemma="a-a" pos="N" label="father">a-a-na</w>
</l>
<l n="38" id="c2444.F.38" corresp="t2444.p11">
<w form="lugal-ju10" lemma="lugal" pos="N" label="king">lugal-ju10</w>
<w form="a2" lemma="a2" pos="N" label="arm">a2</w>
<w form="mah" lemma="mah" pos="V" label="to be majestic">mah</w>
<w form="&d;en-lil2-la2" lemma="en-lil2" pos="N" type="DN" label="Enlil" det="&d;">&d;en-lil2-la2</w>
<w form="kur" lemma="kur" pos="N" label="(mountain) land">kur</w>
<w form="cu-ni" lemma="cu" pos="N" label="hand">cu-ni</w>
<w form="nu-e3" lemma="e3" pos="V" label="to go out or in">nu-e3</w>
</l>
<l n="39" id="c2444.F.39" corresp="t2444.p11">
<w form="&d;cu-&d;suen" lemma="cu-suen" pos="N" type="RN" label="&C;u-Suen" npart="DN:Suen" det="&d;"><supplied/>&d;<suppliedEnd/>cu-&d;suen</w>
<w form="X" lemma="X" label="X">X</w>
<w form="X" lemma="X" label="X">X</w>
<w form="a2" lemma="a2" pos="N" label="arm">a2</w>
<w form="mah" lemma="mah" pos="V" label="to be majestic">mah</w>
<w form="cum2-ma" lemma="cum2" pos="V" label="to give">cum2-ma</w>
<w form="a-a" lemma="a-a" pos="N" label="father">a-a</w>
<w form="&d;en-lil2-la2-ra" lemma="en-lil2" pos="N" type="DN" label="Enlil" det="&d;">&d;en-lil2-la2-ra</w>
</l>
<l n="40" id="c2444.F.40" corresp="t2444.p11">
<w form="&d;nin-urta" lemma="nin-urta" pos="N" type="DN" label="Ninurta" det="&d;">&d;nin-urta</w>
<damage/>
<w form="me3" lemma="me3" pos="N" label="battle">me3</w>
<damageEnd/>
<w form="cen-cen-na" lemma="cen" pos="N" label="combat" form-type="RR">cen-cen-na</w>
<w form="car2" lemma="car2" pos="V" label="to be numerous">car2</w>
<w form="ca-mu-na-an-gul-e" lemma="gul" pos="V" label="to destroy">ca-mu-na-an-gul-e</w>
</l>
<l n="41" id="c2444.F.41" corresp="t2444.p11">
<w form="&d;nin-urta" lemma="nin-urta" pos="N" type="DN" label="Ninurta" det="&d;">&d;nin-urta</w>
<w form="a2" lemma="a2" pos="N" label="arm">a2</w>
<w form="mah" lemma="mah" pos="V" label="to be majestic">mah</w>
<w form="&d;en-lil2-la" lemma="en-lil2" pos="N" type="DN" label="Enlil" det="&d;">&d;en-lil2-la</w>
<w form="kur" lemma="kur" pos="N" label="(mountain) land">kur</w>
<w form="cu-ni" lemma="cu" pos="N" label="hand">cu-ni</w>
<w form="nu-e3" lemma="e3" pos="V" label="to go out or in">nu-e3</w>
</l>
<l n="42" id="c2444.F.42" corresp="t2444.p11">
<w form="&d;cu-&d;suen" lemma="cu-suen" pos="N" type="RN" label="&C;u-Suen" npart="DN:Suen" det="&d;">&d;cu-&d;<damage/>suen<damageEnd/></w>
<w form="X" lemma="X" label="X">X</w>
<w form="X" lemma="X" label="X">X</w>
<w form="a2" lemma="a2" pos="N" label="arm">a2</w>
<w form="mah" lemma="mah" pos="V" label="to be majestic">mah</w>
<w form="cum2-ma" lemma="cum2" pos="V" label="to give">cum2-ma</w>
<w form="a-a" lemma="a-a" pos="N" label="father">a-a</w>
<w form="&d;en-lil2-la2-ra" lemma="en-lil2" pos="N" type="DN" label="Enlil" det="&d;">&d;en-lil2-la2-ra</w>
</l>
<l n="43" id="c2444.F.43" corresp="t2444.p11">
<w form="&d;nin-urta" lemma="nin-urta" pos="N" type="DN" label="Ninurta" det="&d;">&d;nin-<damage/>urta<damageEnd/></w>
<damage/>
<w form="me3" lemma="me3" pos="N" label="battle">me3</w>
<damageEnd/>
<w form="cen-cen-na" lemma="cen" pos="N" label="combat" form-type="RR">cen-cen-na</w>
<damage/>
<w form="car2" lemma="car2" pos="V" label="to be numerous">car2</w>
<w form="ca-mu-na-an-gul-e" lemma="gul" pos="V" label="to destroy">ca-mu<damageEnd/>-na-an-gul-e</w>
</l>
<l n="44" id="c2444.F.44" corresp="t2444.p12">
<w form="lugal-ju10" lemma="lugal" pos="N" label="king">lugal-ju10</w>
<w form="me" lemma="me" pos="N" label="essence">me</w>
<w form="ul" lemma="ul" pos="N" label="distant time">ul</w>
<w form="dili" lemma="dili" pos="AJ" label="single">dili</w>
<w form="ca-ba-ak" lemma="ak" pos="V" label="to do">ca-ba-<corr resp="scrOm"/>ak</w>
<corrEnd/>
<w form="kij2" lemma="kij2" pos="N" label="work">kij2</w>
<w form="gal-le-ec" lemma="gal" pos="V" label="to be big">gal-le-ec</w>
<w form="rib-ba" lemma="rib" pos="V" label="to be outstanding">rib-<supplied/>ba</w>
<suppliedEnd/>
</l>
<l n="45" id="c2444.F.45" corresp="t2444.p12">
<w form="&d;nin-urta" lemma="nin-urta" pos="N" type="DN" label="Ninurta" det="&d;">&d;nin-urta</w>
<w form="u2-sa11-an" lemma="u2-sa11-an" pos="N" label="evening">u2-sa11-an</w>
<w form="sig7-ga" lemma="sig7" pos="V" label="to be green">sig7-ga</w>
<w form="kalam-ma" lemma="kalam" pos="N" label="the Land">kalam-ma</w>
<w form="ni2" lemma="ni2" pos="N" label="fear(someness)">ni2</w>
<w form="ru-ru-gu2" lemma="ru-gu2" pos="V" label="to face" form-type="RR">ru-ru-gu2</w>
</l>
<l n="46" id="c2444.F.46" corresp="t2444.p12">
<w form="&d;urac" lemma="urac" pos="N" type="DN" label="Ura&c;" det="&d;">&d;urac</w>
<w form="kug-gin7" lemma="kug" pos="AJ" label="shining">kug-gin7</w>
<w form="ucum" lemma="ucum" pos="N" label="type of snake">ucum</w>
<w form="su-lim-ma" lemma="su-lim" pos="N" label="(awesome) radiance">su-lim-ma</w>
<w form="izi-jar" lemma="izi-jar" pos="N" label="torch">izi-jar</w>
<w form="huc" lemma="huc" pos="V" label="to be reddish">huc</w>
<w form="il2-il2-i" lemma="il2" pos="V" label="to raise" form-type="RR">il2-<supplied/>il2-i</w>
<suppliedEnd/>
</l>
<l n="47" id="c2444.F.47" corresp="t2444.p12">
<w form="&d;nin-urta" lemma="nin-urta" pos="N" type="DN" label="Ninurta" det="&d;">&d;nin-urta</w>
<w form="me" lemma="me" pos="N" label="essence">me</w>
<w form="ul" lemma="ul" pos="N" label="distant time">ul</w>
<w form="dili" lemma="dili" pos="AJ" label="single">dili</w>
<w form="ca-ba-ak" lemma="ak" pos="V" label="to do">ca-ba-ak</w>
<w form="kij2" lemma="kij2" pos="N" label="work">kij2</w>
<w form="gal-le-ec" lemma="gal" pos="V" label="to be big">gal-le-ec</w>
<w form="rib-ba" lemma="rib" pos="V" label="to be outstanding">rib-<supplied/>ba</w>
<suppliedEnd/>
</l>
<l n="48" id="c2444.F.48" corresp="t2444.p12">
<w form="&d;nin-urta" lemma="nin-urta" pos="N" type="DN" label="Ninurta" det="&d;">&d;nin-urta</w>
<w form="u2-sa11-an" lemma="u2-sa11-an" pos="N" label="evening">u2-sa11-an</w>
<w form="sig7-ga" lemma="sig7" pos="V" label="to be green">sig7-ga</w>
<w form="kalam-ma" lemma="kalam" pos="N" label="the Land">kalam-ma</w>
<w form="ni2" lemma="ni2" pos="N" label="fear(someness)">ni2</w>
<w form="ru-ru-gu2" lemma="ru-gu2" pos="V" label="to face" form-type="RR">ru-ru-<supplied/>gu2</w>
<suppliedEnd/>
</l>
<l n="49" id="c2444.F.49" corresp="t2444.p12">
<w form="&d;urac" lemma="urac" pos="N" type="DN" label="Ura&c;" det="&d;">&d;urac</w>
<w form="kug-gin7" lemma="kug" pos="AJ" label="shining">kug-gin7</w>
<w form="ucum" lemma="ucum" pos="N" label="type of snake">ucum</w>
<w form="su-lim-ma" lemma="su-lim" pos="N" label="(awesome) radiance">su-lim-ma</w>
<w form="izi-jar" lemma="izi-jar" pos="N" label="torch">izi-jar</w>
<w form="huc" lemma="huc" pos="V" label="to be reddish">huc</w>
<w form="il2-il2-i" lemma="il2" pos="V" label="to raise" form-type="RR">il2-il2-<damage/>i</w>
<damageEnd/>
</l>
<l n="50" id="c2444.F.50" corresp="t2444.p12">
<w form="lugal-ju10" lemma="lugal" pos="N" label="king">lugal-ju10</w>
<w form="mah-di" lemma="mah-di" pos="AJ" label="illustrious">mah-di</w>
<w form="ur-saj" lemma="ur-saj" pos="N" label="hero">ur-saj</w>
<w form="gal" lemma="gal" pos="V" label="to be big">gal</w>
<w form="ne-ni-da" lemma="ne3" pos="N" label="strength">ne-ni-da</w>
<w form="nir-jal2" lemma="nir-jal2" pos="AJ" label="authoritative">nir-jal2</w>
</l>
<l n="51" id="c2444.F.51" corresp="t2444.p12">
<w form="&d;cu-&d;suen" lemma="cu-suen" pos="N" type="RN" label="&C;u-Suen" npart="DN:Suen" det="&d;">&d;cu-&d;suen</w>
<w form="jickim" lemma="jickim" pos="N" label="sign">jickim</w>
<w form="hu-mu-un-til3-en" lemma="til3" pos="V" label="to live">hu-mu-un-til3-en</w>
<w form="en" lemma="en" pos="N" label="lord">en</w>
<w form="&d;nin-urta-ra" lemma="nin-urta" pos="N" type="DN" label="Ninurta" det="&d;">&d;nin-urta-ra</w>
</l>
<l n="52" id="c2444.F.52" corresp="t2444.p12">
<w form="lugal" lemma="lugal" pos="N" label="king">lugal</w>
<w form="&d;en-lil2-le" lemma="en-lil2" pos="N" type="DN" label="Enlil" det="&d;">&d;en-lil2-le</w>
<w form="ma-ra-an-cum2-ma-a" lemma="cum2" pos="V" label="to give">ma-ra-an-cum2-ma-a</w>
<w form="mackim-zu" lemma="mackim" pos="N" label="judicial officer">mackim-zu</w>
<w form="he2-a" lemma="me" pos="V" label="to be">he2-a</w>
</l>
<l n="53" id="c2444.F.53" corresp="t2444.p12">
<w form="&d;nin-urta" lemma="nin-urta" pos="N" type="DN" label="Ninurta" det="&d;">&d;nin-urta</w>
<w form="mah-di" lemma="mah-di" pos="AJ" label="illustrious">mah-di</w>
<w form="ur-saj" lemma="ur-saj" pos="N" label="hero">ur-saj</w>
<w form="gal" lemma="gal" pos="V" label="to be big">gal</w>
<w form="ne-ni-da" lemma="ne3" pos="N" label="strength">ne-ni-da</w>
<w form="nir-jal2" lemma="nir-jal2" pos="AJ" label="authoritative">nir-jal2</w>
</l>
<l n="54" id="c2444.F.54" corresp="t2444.p12">
<w form="&d;cu-&d;suen" lemma="cu-suen" pos="N" type="RN" label="&C;u-Suen" npart="DN:Suen" det="&d;">&d;cu-&d;suen</w>
<w form="jickim" lemma="jickim" pos="N" label="sign">jickim</w>
<w form="hu-mu-un-til3-en" lemma="til3" pos="V" label="to live">hu-mu-un-til3-en</w>
<w form="en" lemma="en" pos="N" label="lord">en</w>
<w form="&d;nin-urta-ra" lemma="nin-urta" pos="N" type="DN" label="Ninurta" det="&d;">&d;nin-urta-ra</w>
</l>
<l n="55" id="c2444.F.55" corresp="t2444.p12">
<damage/>
<w form="lugal" lemma="lugal" pos="N" label="king">lugal</w>
<damageEnd/>
<w form="&d;en-lil2-le" lemma="en-lil2" pos="N" type="DN" label="Enlil" det="&d;">&d;en-lil2-le</w>
<w form="ma-ra-an-cum2-ma-a" lemma="cum2" pos="V" label="to give">ma-ra-an-cum2-ma-a</w>
<w form="mackim-zu" lemma="mackim" pos="N" label="judicial officer">mackim-zu</w>
<w form="he2-a" lemma="me" pos="V" label="to be">he2-a</w>
</l>
<l n="56" id="c2444.F.56" corresp="t2444.p12">
<supplied/>
<w form="&X;" lemma="&X;" label="&X;">&X;</w>
<suppliedEnd/>
<w form="X" lemma="X" label="X">X</w>
<w form="&na4;nir7-a" lemma="nir2" pos="N" label="type of stone" bound="L,ak" det="&na4;">&na4;nir7-a</w>
<w form="kug" lemma="kug" pos="AJ" label="shining">kug</w>
<w form="su-lim-ma" lemma="su-lim" pos="N" label="(awesome) radiance">su-lim-ma</w>
<w form="kij2" lemma="kij2" pos="N" label="work">kij2</w>
<w form="gal-le-ec" lemma="gal" pos="V" label="to be big">gal-le-ec</w>
<w form="rib-ba" lemma="rib" pos="V" label="to be outstanding">rib-ba</w>
</l>
<l n="57" id="c2444.F.57" corresp="t2444.p12">
<supplied/>
<w form="&X;" lemma="&X;" label="&X;">&X;</w>
<suppliedEnd/>
<w form="X-gin7" lemma="X" label="X">X-gin7</w>
<w form="a2" lemma="a2" pos="N" label="arm">a2</w>
<w form="mah-za" lemma="mah" pos="V" label="to be majestic">mah-za</w>
<w form="im-mi-in-DU" lemma="DU" pos="V" label="DU">im-mi-in-DU</w>
<w form="mu-zu" lemma="mu" pos="N" label="name">mu-zu</w>
<supplied/>
<w form="im-mi-in-sar" lemma="sar" pos="V" label="to write">im-mi<suppliedEnd/>-<damage/>in<damageEnd/>-sar</w>
</l>
<l n="58" id="c2444.F.58" corresp="t2444.p12">
<supplied/>
<w form="&X;" lemma="&X;" label="&X;">&X;</w>
<suppliedEnd/>
<w form="ul-ce3" lemma="ul" pos="N" label="distant time">ul-ce3</w>
<w form="nam-til3-la-ni" lemma="nam-til3" pos="N" label="life">nam-til3-la-ni</w>
<w form="en-nu-uj3" lemma="en-nu-uj3" pos="N" label="guard">en-nu-uj3</w>
<w form="ci-im-&X;-ak" lemma="ak" pos="V" label="to do">ci-im-<supplied/>&X;-ak</w>
<suppliedEnd/>
</l>
<l n="59" id="c2444.F.59" corresp="t2444.p12">
<w form="&d;cu-&d;suen-na" lemma="cu-suen" pos="N" type="RN" label="&C;u-Suen" npart="DN:Suen" det="&d;"><supplied/>&d;cu<suppliedEnd/>-<damage/>&d;<damageEnd/>suen-na</w>
<w form="kug" lemma="kug" pos="AJ" label="shining">kug</w>
<w form="su-lim-ma" lemma="su-lim" pos="N" label="(awesome) radiance">su-lim-ma</w>
<w form="kij2" lemma="kij2" pos="N" label="work">kij2</w>
<w form="gal-le-ec" lemma="gal" pos="V" label="to be big">gal-le-ec</w>
<w form="rib-ba" lemma="rib" pos="V" label="to be outstanding">rib-ba</w>
</l>
<l n="60" id="c2444.F.60" corresp="t2444.p12">
<supplied/>
<w form="X" lemma="X" label="X">X</w>
<w form="X-gin7" lemma="X" label="X">X<suppliedEnd/>-<damage/>gin7</w>
<w form="a2" lemma="a2" pos="N" label="arm">a2</w>
<w form="mah-za" lemma="mah" pos="V" label="to be majestic">mah-za</w>
<damageEnd/>
<w form="im-mi-in-DU" lemma="DU" pos="V" label="DU">im-<supplied/>mi-in<suppliedEnd/>-DU</w>
<w form="mu-zu" lemma="mu" pos="N" label="name">mu-zu</w>
<w form="im-mi-in-sar" lemma="sar" pos="V" label="to write">im-mi-in-sar</w>
</l>
<l n="61" id="c2444.F.61" corresp="t2444.p12">
<supplied/>
<w form="&X;" lemma="&X;" label="&X;">&X;</w>
<w form="ul-ce3" lemma="ul" pos="N" label="distant time">ul-ce3</w>
<w form="nam-til3-la-ni" lemma="nam-til3" pos="N" label="life">nam-til3-la-ni</w>
<w form="en-nu-uj3" lemma="en-nu-uj3" pos="N" label="guard">en-nu<suppliedEnd/>-<damage/>uj3</w>
<damageEnd/>
<w form="ci-im-&X;-ak" lemma="ak" pos="V" label="to do">ci-im-<supplied/>&X;-ak</w>
<suppliedEnd/>
</l>
<gap extent="1 line missing"/>
<trailer place="rubric" type="sa-jara">
<l n="63" id="c2444.F.63" corresp="t2444.p13">
<supplied/>
<w form="sa-jar-ra-am3" lemma="sa-jar-ra" pos="N" label="composition-division">sa<suppliedEnd/>-jar-ra-am3</w>
<supplied/>
<w form="&X;" lemma="&X;" label="&X;">&X;</w>
<suppliedEnd/>
</l>
</trailer>
</lg>
</body>
</text>
</TEI.2>
