<TEI.2 id="c.2.5.4.15">
<teiHeader lang="eng">
<fileDesc>
<titleStmt>
<title>A <foreign lang="sux">tigi</foreign> (?) to Ninurta for I&c;me-Dagan (I&c;me-Dagan O) -- a composite transliteration</title>
<respStmt><name>Jeremy Black</name><resp>Project Director and Editor</resp></respStmt>
<respStmt><name>G&aacute;bor Z&oacute;lyomi</name><resp>Editor</resp></respStmt>
<respStmt><name>Graham Cunningham</name><resp>Editor</resp></respStmt>
<respStmt><name>Eleanor Robson</name><resp>Technical Developer</resp></respStmt>
<respStmt><name>Jarle Ebeling</name><resp>Technical Developer</resp></respStmt>
</titleStmt>
<publicationStmt>
<distributor>The Electronic Text Corpus of Sumerian Literature
</distributor><address><addrLine>The Oriental Institute, University of Oxford, Pusey Lane, Oxford OX1 2LE, UK, email etcsl&commat;orinst.ox.ac.uk, http://etcsl.orinst.ox.ac.uk</addrLine></address>
<date>2000</date>
</publicationStmt>
<seriesStmt><p>The Electronic Text Corpus of Sumerian Literature aims to make accessible over 400 literary works composed in the Sumerian language in ancient Mesopotamia during the late third and early second millennia BC. The works are in Sumerian composite transliteration and English prose translation with bibliographical information on each composition.</p></seriesStmt>
<sourceDesc>
<listBibl type="secondary">
<bibl><xref from="b399">Tinney 1998nn</xref><biblScope type="contents">composite text</biblScope><note>electronic source</note></bibl>
<bibl><xref from="b639">Sj&ouml;berg 1976a</xref><biblScope type="page">159, 178</biblScope><biblScope type="contents">score transliteration, translation, commentary</biblScope></bibl>
<bibl><xref from="b783">Z&oacute;lyomi 2001</xref><biblScope type="page">139-144</biblScope><biblScope type="contents">score transliteration, translation, handcopy, commentary</biblScope><note>Version B</note></bibl>
</listBibl>
<listBibl type="tablets">
<bibl><biblScope type="museumNumber">UM 29-15-132 (photo OrS 23-24 178)</biblScope><note>collated by ER</note></bibl>
<bibl><biblScope type="museumNumber">BM 114862 (CT 58 25)</biblScope><note>collated by GZ</note></bibl>
</listBibl>
</sourceDesc>
</fileDesc>
<revisionDesc>
<change><date>28.viii.2000</date><respStmt><name>GZ</name><resp>editor</resp></respStmt>
<item>standardisation, transliteration, collation</item></change>
<change><date>18.viii.1999</date><respStmt><name>ER</name><resp>editor</resp></respStmt>
<item>collation</item></change>
<change><date>29.ix.2000</date><respStmt><name>JAB</name><resp>editor</resp></respStmt>
<item>proofreading</item></change>
<change><date>03.x.2000</date><respStmt><name>GC</name><resp>editor</resp></respStmt>
<item>SGML tagging</item></change>
<change><date>08.xii.2000</date><respStmt><name>ER</name><resp>editor</resp></respStmt>
<item>proofreading SGML</item></change>
<change><date>26.x.2000</date><respStmt><name>ER</name><resp>editor</resp></respStmt>
<item>web publication</item></change>
<change><date>01.vi.2003</date><respStmt><name>GC/JE</name><resp>editor/technical developer</resp></respStmt>
<item>XML/TEI conversion</item></change>
<change><date>30.iii.2005</date><respStmt><name>GC/JE</name><resp>senior editor/technical developer</resp></respStmt>
<item>lemmatised version published</item></change>
</revisionDesc>
</teiHeader>
<text lang="sux">
<group>
<text n="1">
<body>
<head lang="eng">Version A</head>
<div1 type="segment" n="A">
<lg id="c25415.sec1" n="A" type="sa-gida">
<l n="1" id="c25415.1.A.A.1" corresp="t25415.p1">
<supplied/>
<w form="ur-saj" lemma="ur-saj" pos="N" label="hero">ur-saj</w>
<suppliedEnd/>
<w form="gal" lemma="gal" pos="V" label="to be big">gal</w>
<w form="a2" lemma="a2" pos="N" label="arm">a2</w>
<w form="gal" lemma="gal" pos="V" label="to be big">gal</w>
<w form="an" lemma="an" pos="N" label="heaven">an</w>
<w form="ki-a" lemma="ki" pos="N" label="place">ki-a</w>
</l>
<l n="2" id="c25415.1.A.A.2" corresp="t25415.p1">
<supplied/>
<w form="&d;nin-urta" lemma="nin-urta" pos="N" type="DN" label="Ninurta" det="&d;">&d;nin-urta</w>
<suppliedEnd/>
<w form="e2-kur-ra" lemma="e2-kur" pos="N" type="TN" label="E-kur">e2-kur-ra</w>
<w form="me" lemma="me" pos="N" label="essence">me</w>
<w form="50" lemma="50" pos="NU" type="cardinal" label="50">50</w>
<w form="cu" lemma="cu" pos="N" label="hand">cu</w>
<w form="du7" lemma="du7" pos="V" label="to be perfect">du7</w>
</l>
<l n="3" id="c25415.1.A.A.3" corresp="t25415.p1">
<supplied/>
<w form="X" lemma="X" label="X">X</w>
<w form="X" lemma="X" label="X">X</w>
<w form="Xbr" lemma="Xbr" label="Xbr">(X)</w>
<suppliedEnd/>
<w form="ensi2" lemma="ensi2" pos="N" label="(city) ruler">ensi2</w>
<w form="a-a-na" lemma="a-a" pos="N" label="father">a-a-na</w>
<w form="u18-lu" lemma="ulu3" pos="N" label="south wind (storm)">u18-lu</w>
<w form="sumur" lemma="sumur" pos="V" label="to be angry">sumur</w>
<w form="zig3-ga" lemma="zig3" pos="V" label="to rise">zig3-ga</w>
</l>
<l n="4" id="c25415.1.A.A.4" corresp="t25415.p1">
<supplied/>
<w form="X" lemma="X" label="X">X</w>
<w form="X" lemma="X" label="X">X</w>
<suppliedEnd/>
<damage/>
<w form="kur-ce3" lemma="kur" pos="N" label="(mountain) land">kur<damageEnd/>-ce3</w>
<w form="ni2" lemma="ni2" pos="N" label="self">ni2</w>
<w form="gid2-gid2-i" lemma="gid2" pos="V" label="to be long" form-type="RR">gid2-gid2-i</w>
</l>
<l n="5" id="c25415.1.A.A.5" corresp="t25415.p1">
<supplied/>
<w form="X" lemma="X" label="X">X</w>
<w form="X" lemma="X" label="X">X</w>
<suppliedEnd/>
<w form="X" lemma="X" label="X">X</w>
<w form="ZU" lemma="ZU" label="ZU">ZU</w>
<w form="X" lemma="X" label="X">X</w>
<w form="gu3" lemma="gu3" pos="N" label="voice">gu3</w>
<w form="nun" lemma="nun" pos="N" label="prince">nun</w>
<w form="di" lemma="dug4" pos="V" label="to say" form-type="nfi">di</w>
<w form="GAN" lemma="GAN" label="GAN">GAN</w>
<w form="DIM2" lemma="DIM2" label="DIM&s2;">DIM2</w>
</l>
<l n="6" id="c25415.1.A.A.6" corresp="t25415.p1">
<supplied/>
<w form="ni2" lemma="ni2" pos="N" label="fear(someness)">ni2</w>
<w form="su-a" lemma="su" pos="N" label="flesh">su<suppliedEnd/>-a</w>
<w form="ru-ru-gu2" lemma="ru-gu2" pos="V" label="to face" form-type="RR">ru-ru-gu2</w>
<w form="gaba-cu-jar" lemma="gaba-cu-jar" pos="N" label="rival">gaba-cu-jar</w>
<w form="nu-tuku" lemma="tuku" pos="V" label="to have">nu-tuku</w>
</l>
<l n="7" id="c25415.1.A.A.7" corresp="t25415.p1">
<w form="&d;nin-urta" lemma="nin-urta" pos="N" type="DN" label="Ninurta" det="&d;"><supplied/>&d;nin<suppliedEnd/>-urta</w>
<w form="nam-cul-a" lemma="nam-cul" pos="N" label="manliness">nam-cul-a</w>
<w form="dirig-ga" lemma="dirig" pos="V" label="to be superior">dirig-ga</w>
</l>
<l n="8" id="c25415.1.A.A.8" corresp="t25415.p1">
<supplied/>
<w form="X" lemma="X" label="X">X</w>
<w form="X" lemma="X" label="X">X</w>
<suppliedEnd/>
<w form="usu" lemma="usu" pos="N" label="strength">usu</w>
<w form="gal" lemma="gal" pos="V" label="to be big">gal</w>
<w form="mah" lemma="mah" pos="V" label="to be majestic">mah</w>
<w form="X" lemma="X" label="X">X</w>
<w form="X" lemma="X" label="X">X</w>
<w form="zi-i-zi" lemma="zig3" pos="V" label="to rise" form-type="rr">zi-i-zi</w>
</l>
<l n="9" id="c25415.1.A.A.9" corresp="t25415.p1">
<supplied/>
<w form="X" lemma="X" label="X">X</w>
<w form="X" lemma="X" label="X">X</w>
<suppliedEnd/>
<w form="MU" lemma="MU" label="MU">MU</w>
<w form="UN" lemma="UN" label="UN">UN</w>
<w form="nam" lemma="nam" pos="N" label="destiny"><unclear cert="qry">nam</unclear></w>
<w form="&d;en-lil2-la2" lemma="en-lil2" pos="N" type="DN" label="Enlil" det="&d;">&d;en-lil2-la2</w>
</l>
<l n="10" id="c25415.1.A.A.10" corresp="t25415.p1">
<supplied/>
<w form="&X;" lemma="&X;" label="&X;">&X;</w>
<suppliedEnd/>
<w form="&d;en-lil2-ka" lemma="en-lil2" pos="N" type="DN" label="Enlil" det="&d;">&d;en-lil2-ka</w>
<w form="he2-du7" lemma="he2-du7" pos="N" label="(fitting) ornament">he2-du7</w>
<w form="ec3" lemma="ec3" pos="N" label="shrine">ec3</w>
<w form="mah-a" lemma="mah" pos="V" label="to be majestic">mah-a</w>
</l>
<l n="11" id="c25415.1.A.A.11" corresp="t25415.p1">
<supplied/>
<w form="&X;" lemma="&X;" label="&X;">&X;</w>
<suppliedEnd/>
<w form="me-lem4" lemma="me-lem4" pos="N" label="(awesome) radiance">me-lem4</w>
<w form="X" lemma="X" label="X">X</w>
<w form="X" lemma="X" label="X">X</w>
<w form="X" lemma="X" label="X">X</w>
<w form="X" lemma="X" label="X">X</w>
<w form="jal2" lemma="jal2" pos="V" label="to be (located)">jal2</w>
</l>
<l n="12" id="c25415.1.A.A.12" corresp="t25415.p1">
<supplied/>
<w form="&X;" lemma="&X;" label="&X;">&X;</w>
<suppliedEnd/>
<w form="X" lemma="X" label="X">X</w>
<w form="E" lemma="E" label="E">E</w>
<w form="X" lemma="X" label="X">X</w>
<w form="X" lemma="X" label="X">X</w>
<w form="X" lemma="X" label="X">X</w>
<w form="X" lemma="X" label="X">X</w>
<w form="X" lemma="X" label="X">X</w>
</l>
<l n="13" id="c25415.1.A.A.13" corresp="t25415.p1">
<supplied/>
<w form="&X;" lemma="&X;" label="&X;">&X;</w>
<w form="&jic;rab3" lemma="rab3" pos="N" label="shackle" det="&jic;">&jic;rab3</w>
<suppliedEnd/>
<w form="dijir-re-e-ne" lemma="dijir" pos="N" label="deity">dijir-re-e-ne</w>
</l>
<l n="14" id="c25415.1.A.A.14" corresp="t25415.p1">
<supplied/>
<w form="&X;" lemma="&X;" label="&X;">&X;</w>
<suppliedEnd/>
<w form="X" lemma="X" label="X">X</w>
<w form="X" lemma="X" label="X">X</w>
<w form="X" lemma="X" label="X">X</w>
<w form="X" lemma="X" label="X">X</w>
</l>
<l n="15" id="c25415.1.A.A.15" corresp="t25415.p1">
<supplied/>
<w form="&X;" lemma="&X;" label="&X;">&X;</w>
<suppliedEnd/>
<w form="&d;a-nun-ke4-ne" lemma="a-nun-na" pos="N" type="DN" label="Anuna" det="&d;"><supplied/>&d;<suppliedEnd/>a-nun-ke4-ne</w>
</l>
<l n="16" id="c25415.1.A.A.16" corresp="t25415.p1">
<supplied/>
<w form="&X;" lemma="&X;" label="&X;">&X;</w>
<suppliedEnd/>
<w form="a2-nun-jal2" lemma="a2-nun-jal2" pos="AJ" label="strong">a2-nun-jal2</w>
<w form="mah-bi" lemma="mah" pos="V" label="to be majestic">mah-bi</w>
</l>
<l n="17" id="c25415.1.A.A.17" corresp="t25415.p1">
<supplied/>
<w form="&X;" lemma="&X;" label="&X;">&X;</w>
<suppliedEnd/>
<w form="X" lemma="X" label="X">X</w>
<w form="en" lemma="en" pos="N" label="lord">en</w>
<w form="dumu" lemma="dumu" pos="N" label="child">dumu</w>
<w form="&d;en-lil2-la2" lemma="en-lil2" pos="N" type="DN" label="Enlil" det="&d;">&d;en-lil2-la2</w>
</l>
<l n="18" id="c25415.1.A.A.18" corresp="t25415.p1">
<supplied/>
<w form="hur-saj-ta" lemma="hur-saj" pos="N" label="mountain (range)">hur-saj-ta</w>
<suppliedEnd/>
<w form="e3-a" lemma="e3" pos="V" label="to go out or in">e3-a</w>
<w form="me" lemma="me" pos="N" label="essence">me</w>
<w form="car2-ra" lemma="car2" pos="V" label="to be numerous">car2-ra</w>
<w form="u5" lemma="u5" pos="V" label="to ride"><unclear cert="qry">u5</unclear></w>
<w form="X" lemma="X" label="X">X</w>
</l>
<l n="19" id="c25415.1.A.A.19" corresp="t25415.p1">
<supplied/>
<w form="X" lemma="X" label="X">X</w>
<w form="X" lemma="X" label="X">X</w>
<suppliedEnd/>
<w form="ur-saj" lemma="ur-saj" pos="N" label="hero">ur-saj</w>
<w form="gal" lemma="gal" pos="V" label="to be big">gal</w>
<w form="ucum" lemma="ucum" pos="N" label="type of snake">ucum</w>
<w form="zag" lemma="zag" pos="N" label="side">zag</w>
<w form="dib" lemma="dib" pos="V" label="to pass">dib</w>
</l>
<l n="20" id="c25415.1.A.A.20" corresp="t25415.p1">
<supplied/>
<w form="nam-en-na" lemma="nam-en" pos="N" label="high (priestly) office">nam<suppliedEnd/>-<damage/>en<damageEnd/>-na</w>
<w form="cu" lemma="cu" pos="N" label="hand">cu</w>
<w form="du7" lemma="du7" pos="V" label="to be perfect">du7</w>
<w form="e-ne-da" lemma="e-ne" pos="PD" type="personal" label="he, she">e-ne-da</w>
<w form="X" lemma="X" label="X">X</w>
<w form="nu-sa2" lemma="sa2" pos="V" label="to equal">nu-sa2</w>
</l>
<l n="21" id="c25415.1.A.A.21" corresp="t25415.p1">
<supplied/>
<w form="ur-saj" lemma="ur-saj" pos="N" label="hero">ur-saj</w>
<suppliedEnd/>
<damage/>
<w form="gal" lemma="gal" pos="V" label="to be big">gal</w>
<damageEnd/>
<w form="ne3-ni-da" lemma="ne3" pos="N" label="strength">ne3-ni-da</w>
<w form="nir-jal2" lemma="nir-jal2" pos="AJ" label="authoritative">nir-jal2</w>
</l>
<l n="22" id="c25415.1.A.A.22" corresp="t25415.p1">
<supplied/>
<w form="X" lemma="X" label="X">X</w>
<w form="X" lemma="X" label="X">X</w>
<suppliedEnd/>
<w form="GI" lemma="GI" label="GI">GI</w>
<w form="RU" lemma="RU" label="RU">RU</w>
<w form="iri" lemma="iri" pos="N" label="town"><unclear cert="qry">iri</unclear></w>
<w form="BA" lemma="BA" label="BA">BA</w>
<w form="RI" lemma="RI" label="RI">RI</w>
<w form="X" lemma="X" label="X">X</w>
<w form="X" lemma="X" label="X">X</w>
</l>
<l n="23" id="c25415.1.A.A.23" corresp="t25415.p1">
<supplied/>
<w form="&X;" lemma="&X;" label="&X;">&X;</w>
<w form="ec-bar" lemma="ec-bar" pos="N" label="decision">ec<suppliedEnd/>-bar</w>
<w form="nu-kam3-me" lemma="kam3" pos="V" label="to alter">nu-kam3-me</w>
</l>
<l n="24" id="c25415.1.A.A.24" corresp="t25415.p1">
<supplied/>
<w form="&X;" lemma="&X;" label="&X;">&X;</w>
<suppliedEnd/>
<w form="dug4-ga-ni" lemma="dug4" pos="V" label="to say">dug4-ga-ni</w>
<w form="ki-bi-ce3" lemma="ki" pos="N" label="place">ki-bi-ce3</w>
<w form="jar" lemma="jar" pos="V" label="to place">jar</w>
</l>
<l n="25" id="c25415.1.A.A.25" corresp="t25415.p1">
<supplied/>
<w form="&X;" lemma="&X;" label="&X;">&X;</w>
<suppliedEnd/>
<w form="dumu" lemma="dumu" pos="N" label="child">dumu</w>
<w form="mah" lemma="mah" pos="V" label="to be majestic">mah</w>
<w form="&d;en-lil2-la2" lemma="en-lil2" pos="N" type="DN" label="Enlil" det="&d;">&d;en-lil2-la2</w>
</l>
<l n="26" id="c25415.1.A.A.26" corresp="t25415.p1">
<supplied/>
<w form="&X;" lemma="&X;" label="&X;">&X;</w>
<suppliedEnd/>
<w form="X" lemma="X" label="X">X</w>
<w form="X" lemma="X" label="X">X</w>
<w form="kur-ce3" lemma="kur" pos="N" label="(mountain) land">kur-ce3</w>
<phr type="VP" lemma="cu ca-an-ca-ca" label="to overwhelm">
<w form="cu" lemma="cu" pos="N" label="hand">cu</w>
<w form="ca-an-ca" lemma="ca-an-ca-ca" pos="V" label="verb part of multiword verb">ca-an-ca</w>
</phr>
</l>
<l n="27" id="c25415.1.A.A.27" corresp="t25415.p1">
<supplied/>
<w form="X" lemma="X" label="X">X</w>
<w form="X" lemma="X" label="X">X</w>
<w form="kur" lemma="kur" pos="N" label="(mountain) land">kur</w>
<suppliedEnd/>
<w form="gal" lemma="gal" pos="V" label="to be big"><unclear cert="qry">gal</unclear></w>
<w form="&d;en-lil2" lemma="en-lil2" pos="N" type="DN" label="Enlil" det="&d;">&d;en-lil2</w>
<w form="e2-kur-ra" lemma="e2-kur" pos="N" type="TN" label="E-kur">e2-kur-ra</w>
<w form="an" lemma="an" pos="N" label="heaven">an</w>
<w form="ki" lemma="ki" pos="N" label="place">ki</w>
<w form="nij2-dajal-ba" lemma="nij2-dajal" pos="N" label="vastness">nij2-dajal-ba</w>
</l>
<l n="28" id="c25415.1.A.A.28" corresp="t25415.p1">
<supplied/>
<w form="&X;-ba" lemma="&X;" label="&X;">&X;<suppliedEnd/>-<unclear cert="qry">ba</unclear></w>
<w form="mah-a-ni" lemma="mah" pos="V" label="to be majestic">mah-a-ni</w>
<w form="dul-la" lemma="dul" pos="V" label="to cover (together)">dul-la</w>
</l>
<l n="29" id="c25415.1.A.A.29" corresp="t25415.p1">
<supplied/>
<w form="X" lemma="X" label="X">X</w>
<w form="X" lemma="X" label="X">X</w>
<suppliedEnd/>
<w form="X" lemma="X" label="X">X</w>
<w form="sumur" lemma="sumur" pos="V" label="to be angry">sumur</w>
<w form="X" lemma="X" label="X">X</w>
<supplied/>
<w form="&X;" lemma="&X;" label="&X;">&X;</w>
<suppliedEnd/>
</l>
<l n="30" id="c25415.1.A.A.30" corresp="t25415.p1">
<supplied/>
<w form="&X;" lemma="&X;" label="&X;">&X;</w>
<suppliedEnd/>
<w form="SU" lemma="SU" label="SU">SU</w>
<w form="X" lemma="X" label="X">X</w>
<supplied/>
<w form="&X;" lemma="&X;" label="&X;">&X;</w>
<suppliedEnd/>
</l>
<gap extent="up to 8 lines missing"/>
<linkGrp><link targType="section" targets="c25415.sec1 c25415.sec2"/>
</linkGrp>
</lg>
</div1>
<div1 type="segment" n="B">
<lg id="c25415.sec2" n="B" type="sa-gida">
<l n="1" id="c25415.1.B.B.1" corresp="t25415.p2">
<w form="inim-ma-ni" lemma="inim" pos="N" label="word">inim-ma-ni</w>
<w form="kal-kal-a-am3" lemma="kal" pos="V" label="to be rare" form-type="RR">kal-kal-a-<supplied/>am3</w>
<suppliedEnd/>
</l>
<l n="2" id="c25415.1.B.B.2" corresp="t25415.p2">
<w form="dug4-ga-ni" lemma="dug4" pos="V" label="to say">dug4-ga-ni</w>
<w form="zid-da-am3" lemma="zid" pos="AJ" label="right">zid-da-<damage/>am3</w>
<damageEnd/>
</l>
<l n="3" id="c25415.1.B.B.3" corresp="t25415.p2">
<w form="&d;nin-urta" lemma="nin-urta" pos="N" type="DN" label="Ninurta" det="&d;">&d;nin-urta</w>
<w form="pirij" lemma="pirij" pos="N" label="lion">pirij</w>
<w form="sumur" lemma="sumur" pos="V" label="to be angry">sumur</w>
<w form="nu-ce-ga" lemma="ce" pos="V" label="to agree">nu-ce-<damage/>ga</w>
<damageEnd/>
</l>
<l n="4" id="c25415.1.B.B.4" corresp="t25415.p2">
<w form="nir-jal2" lemma="nir-jal2" pos="AJ" label="authoritative">nir-jal2</w>
<w form="kur" lemma="kur" pos="N" label="(mountain) land">kur</w>
<w form="gam-gam" lemma="gam" pos="V" label="to bow down" form-type="RR">gam-gam</w>
<w form="X" lemma="X" label="X">X</w>
<supplied/>
<w form="X" lemma="X" label="X">X</w>
<w form="Xbr" lemma="Xbr" label="Xbr">(X)</w>
<suppliedEnd/>
</l>
<trailer place="rubric" type="sa-gida">
<l n="5" id="c25415.1.B.B.5" corresp="t25415.p3">
<w form="sa-gid2-da-am3" lemma="sa-gid2-da" pos="N" label="composition-division">sa-gid2-da-<supplied/>am3</w>
<suppliedEnd/>
</l>
</trailer>
</lg>
<lg n="C" type="jicgijal">
<l n="6" id="c25415.1.B.C.6" corresp="t25415.p4">
<w form="&d;nin-urta" lemma="nin-urta" pos="N" type="DN" label="Ninurta" det="&d;">&d;nin-urta</w>
<w form="&d;ic-me-&d;da-gan" lemma="ic-me-da-gan" pos="N" type="RN" label="I&c;me-Dagan" npart="DN:Dagan" det="&d;">&d;ic-me-&d;<supplied/>da-gan<suppliedEnd/></w>
<supplied/>
<w form="&X;" lemma="&X;" label="&X;">&X;</w>
<suppliedEnd/>
</l>
<l n="7" id="c25415.1.B.C.7" corresp="t25415.p4">
<w form="igi" lemma="igi" pos="N" label="eye">igi</w>
<w form="nam-til3-la" lemma="nam-til3" pos="N" label="life">nam-til3-la</w>
<w form="hu-mu-ci-in-bar" lemma="bar" pos="V" label="to set aside">hu-<damage/>mu<damageEnd/>-<supplied/>ci-in-bar</w>
<suppliedEnd/>
</l>
<trailer place="rubric" type="jicgijal">
<l n="8" id="c25415.1.B.C.8" corresp="t25415.p5">
<w form="jic-gi4-jal2" lemma="jic-gi4-jal2" pos="N" label="composition-division">jic-gi4-jal2</w>
<w form="sa-gid2-da-bi-im" lemma="sa-gid2-da" pos="N" label="composition-division">sa-gid2-<supplied/>da-bi-im</w>
<suppliedEnd/>
</l>
</trailer>
</lg>
<lg n="D" type="unknown">
<l n="9" id="c25415.1.B.D.9" corresp="t25415.p6">
<w form="u4-ta-u18-lu" lemma="u4-ta-u18-lu" pos="N" type="DN" label="Uta-ulu">u4-ta-u18-lu</w>
<w form="i-lim" lemma="i-lim" pos="N" label="(awesome) radiance">i-lim</w>
<w form="u5" lemma="u5" pos="V" label="to ride">u5</w>
<supplied/>
<w form="X" lemma="X" label="X">X</w>
<w form="X" lemma="X" label="X">X</w>
<suppliedEnd/>
</l>
<l n="10" id="c25415.1.B.D.10" corresp="t25415.p6">
<w form="en" lemma="en" pos="N" label="lord">en</w>
<w form="gal-e-ne" lemma="gal" pos="V" label="to be big">gal-e-ne</w>
<w form="dirig" lemma="dirig" pos="V" label="to be superior">dirig</w>
<w form="X" lemma="X" label="X">X</w>
<supplied/>
<w form="X" lemma="X" label="X">X</w>
<w form="X" lemma="X" label="X">X</w>
<suppliedEnd/>
</l>
<l n="11" id="c25415.1.B.D.11" corresp="t25415.p6">
<w form="&d;nin-urta" lemma="nin-urta" pos="N" type="DN" label="Ninurta" det="&d;">&d;nin-urta</w>
<w form="nam-nir-ra" lemma="nam-nir" pos="N" label="authority">nam-nir-ra</w>
<damage/>
<w form="cu" lemma="cu" pos="N" label="hand">cu</w>
<damageEnd/>
<supplied/>
<w form="du7" lemma="du7" pos="V" label="to be perfect">du7</w>
<suppliedEnd/>
</l>
<l n="12" id="c25415.1.B.D.12" corresp="t25415.p6">
<w form="saj" lemma="saj" pos="N" label="head">saj</w>
<phr type="VP" lemma="en3 tar" label="to ask">
<w form="en3" lemma="en3" pos="N" label="noun part of multiword verb">en3</w>
<w form="tar" lemma="tar" pos="V" label="to cut">tar</w>
</phr>
<w form="an" lemma="an" pos="N" label="heaven">an</w>
<w form="ki" lemma="ki" pos="N" label="place">ki</w>
<w form="X" lemma="X" label="X">X</w>
<supplied/>
<w form="X" lemma="X" label="X">X</w>
<w form="X" lemma="X" label="X">X</w>
<suppliedEnd/>
</l>
<l n="13" id="c25415.1.B.D.13" corresp="t25415.p6">
<w form="en" lemma="en" pos="N" label="lord">en</w>
<w form="a2" lemma="a2" pos="N" label="arm">a2</w>
<w form="cum2-ma" lemma="cum2" pos="V" label="to give">cum2-ma</w>
<w form="&d;nu-nam-nir-ra" lemma="nu-nam-nir" pos="N" type="DN" label="Nunamnir" det="&d;">&d;nu-<supplied/>nam-nir-ra<suppliedEnd/></w>
</l>
<l n="14" id="c25415.1.B.D.14" corresp="t25415.p6">
<w form="ne3-ni-da" lemma="ne3" pos="N" label="strength">ne3-ni-da</w>
<w form="nir-jal2" lemma="nir-jal2" pos="AJ" label="authoritative">nir-jal2</w>
<supplied/>
<w form="X" lemma="X" label="X">X</w>
<w form="X" lemma="X" label="X">X</w>
<w form="Xbr" lemma="Xbr" label="Xbr">(X)</w>
<suppliedEnd/>
</l>
<l n="15" id="c25415.1.B.D.15" corresp="t25415.p6">
<w form="&d;nin-urta" lemma="nin-urta" pos="N" type="DN" label="Ninurta" det="&d;">&d;nin-urta</w>
<w form="saj-kal" lemma="saj-kal" pos="AJ" label="foremost">saj-kal</w>
<supplied/>
<w form="&X;" lemma="&X;" label="&X;">&X;</w>
<suppliedEnd/>
</l>
<l n="16" id="c25415.1.B.D.16" corresp="t25415.p6">
<w form="&d;en-lil2-le" lemma="en-lil2" pos="N" type="DN" label="Enlil" det="&d;">&d;en-lil2-le</w>
<supplied/>
<w form="&X;" lemma="&X;" label="&X;">&X;</w>
<suppliedEnd/>
</l>
<l n="17" id="c25415.1.B.D.17" corresp="t25415.p6">
<w form="gud" lemma="gud" pos="N" label="bull">gud</w>
<w form="du7-du7-gin7" lemma="du7" pos="V" label="to push" form-type="RR">du7-du7-gin7</w>
<w form="X" lemma="X" label="X">X</w>
<supplied/>
<w form="&X;" lemma="&X;" label="&X;">&X;</w>
<suppliedEnd/>
</l>
<l n="18" id="c25415.1.B.D.18" corresp="t25415.p6">
<w form="nu-ce-zu" lemma="ce" pos="V" label="to agree">nu-ce-zu</w>
<w form="jiri3-zu" lemma="jiri3" pos="N" label="foot">jiri3-zu</w>
<w form="X" lemma="X" label="X">X</w>
<supplied/>
<w form="&X;" lemma="&X;" label="&X;">&X;</w>
<suppliedEnd/>
</l>
<l n="19" id="c25415.1.B.D.19" corresp="t25415.p6">
<w form="ur-saj" lemma="ur-saj" pos="N" label="hero">ur-saj</w>
<w form="gal" lemma="gal" pos="V" label="to be big">gal</w>
<w form="X" lemma="X" label="X">X</w>
<w form="X" lemma="X" label="X">X</w>
<w form="X" lemma="X" label="X">X</w>
<supplied/>
<w form="&X;" lemma="&X;" label="&X;">&X;</w>
<suppliedEnd/>
</l>
<l n="20" id="c25415.1.B.D.20" corresp="t25415.p6">
<w form="hur-saj" lemma="hur-saj" pos="N" label="mountain (range)">hur-saj</w>
<w form="sud" lemma="sud" pos="V" label="to be distant">sud</w>
<supplied/>
<w form="&X;" lemma="&X;" label="&X;">&X;</w>
<suppliedEnd/>
</l>
<l n="21" id="c25415.1.B.D.21" corresp="t25415.p6">
<w form="lugal-ra" lemma="lugal" pos="N" label="king">lugal-ra</w>
<w form="kur" lemma="kur" pos="N" label="(mountain) land">kur</w>
<w form="gu2-erim2-jal2-la" lemma="gu2-erim2-jal2" pos="AJ" label="hostile">gu2-<damage/>erim2<damageEnd/>-<supplied/>jal2-la</w>
<suppliedEnd/>
</l>
<l n="22" id="c25415.1.B.D.22" corresp="t25415.p6">
<w form="cu-ni-ce3" lemma="cu" pos="N" label="hand">cu-ni-ce3</w>
<supplied/>
<w form="&X;" lemma="&X;" label="&X;">&X;</w>
<suppliedEnd/>
</l>
<l n="23" id="c25415.1.B.D.23" corresp="t25415.p6">
<w form="&d;nin-urta" lemma="nin-urta" pos="N" type="DN" label="Ninurta" det="&d;">&d;nin-urta</w>
<w form="&d;ic-me-&d;da-gan-ra" lemma="ic-me-da-gan" pos="N" type="RN" label="I&c;me-Dagan" npart="DN:Dagan" det="&d;">&d;ic-<supplied/>me<suppliedEnd/>-<supplied/>&d;da-gan-ra<suppliedEnd/></w>
</l>
<l n="24" id="c25415.1.B.D.24" corresp="t25415.p6">
<w form="cen-cen" lemma="cen" pos="N" label="combat" form-type="RR">cen-cen</w>
<w form="a2-tah" lemma="a2-tah" pos="N" label="helper">a2-<damage/>tah</w>
<damageEnd/>
<supplied/>
<w form="&X;" lemma="&X;" label="&X;">&X;</w>
<suppliedEnd/>
</l>
<l n="25" id="c25415.1.B.D.25" corresp="t25415.p6">
<w form="&jic;tukul" lemma="tukul" pos="N" label="weapon" det="&jic;">&jic;tukul</w>
<w form="mah-a-ni" lemma="mah" pos="V" label="to be majestic">mah-a-ni</w>
<supplied/>
<w form="&X;" lemma="&X;" label="&X;">&X;</w>
<suppliedEnd/>
</l>
<l n="26" id="c25415.1.B.D.26" corresp="t25415.p6">
<w form="ki-bal" lemma="ki-bal" pos="N" label="rebel land">ki-bal</w>
<w form="nu-ce-ga" lemma="ce" pos="V" label="to agree">nu-<supplied/>ce-ga</w>
<w form="&X;" lemma="&X;" label="&X;">&X;</w>
<suppliedEnd/>
</l>
<l n="27" id="c25415.1.B.D.27" corresp="t25415.p6">
<w form="udug2" lemma="udug2" pos="N" label="type of weapon">udug2</w>
<w form="mah-a-ni" lemma="mah" pos="V" label="to be majestic">mah-a-ni</w>
<damage/>
<w form="erim2" lemma="erim2" pos="N" label="enemy"><unclear cert="qry">erim2</unclear></w>
<damageEnd/>
<supplied/>
<w form="&X;" lemma="&X;" label="&X;">&X;</w>
<suppliedEnd/>
</l>
<l n="28" id="c25415.1.B.D.28" corresp="t25415.p6">
<w form="me3" lemma="me3" pos="N" label="battle">me3</w>
<w form="X" lemma="X" label="X">X</w>
<w form="gu2-erim2" lemma="gu2-erim2" pos="N" label="enemy">gu2-<damage/><unclear cert="qry">erim2</unclear></w>
<damageEnd/>
<supplied/>
<w form="X" lemma="X" label="X">X</w>
<w form="X" lemma="X" label="X">X</w>
<suppliedEnd/>
</l>
<l n="29" id="c25415.1.B.D.29" corresp="t25415.p6">
<w form="&d;ic-me-&d;da-gan" lemma="ic-me-da-gan" pos="N" type="RN" label="I&c;me-Dagan" npart="DN:Dagan" det="&d;">&d;ic-me-&d;da-gan</w>
<supplied/>
<w form="&X;" lemma="&X;" label="&X;">&X;</w>
<suppliedEnd/>
</l>
<l n="30" id="c25415.1.B.D.30" corresp="t25415.p6">
<w form="he2-em-ta-X" lemma="X" label="X">he2-em-<unclear cert="qry">ta</unclear>-X</w>
<supplied/>
<w form="&X;" lemma="&X;" label="&X;">&X;</w>
<suppliedEnd/>
</l>
<gap extent="unknown no. of lines missing"/>
</lg>
</div1>
<div1 type="segment" n="C">
<lg id="c25415.sec5" n="E" type="unknown">
<note id="c25415.n1" lang="eng" target="c25415.sec5">Segments C and D might well belong to a separate composition</note>
<l n="1" id="c25415.1.C.E.1" corresp="t25415.p7">
<supplied/>
<w form="&X;" lemma="&X;" label="&X;">&X;</w>
<suppliedEnd/>
<w form="X" lemma="X" label="X">X</w>
<supplied/>
<w form="&X;" lemma="&X;" label="&X;">&X;</w>
<suppliedEnd/>
</l>
<l n="2" id="c25415.1.C.E.2" corresp="t25415.p7">
<w form="UD" lemma="UD" label="UD">UD</w>
<w form="X" lemma="X" label="X">X</w>
<supplied/>
<w form="&X;" lemma="&X;" label="&X;">&X;</w>
<suppliedEnd/>
<w form="X" lemma="X" label="X">X</w>
<supplied/>
<w form="&X;" lemma="&X;" label="&X;">&X;</w>
<suppliedEnd/>
</l>
<l n="3" id="c25415.1.C.E.3" corresp="t25415.p7">
<w form="en" lemma="en" pos="N" label="lord">en</w>
<w form="kur-ra" lemma="kur" pos="N" label="(mountain) land">kur-ra</w>
<supplied/>
<w form="&X;" lemma="&X;" label="&X;">&X;</w>
<suppliedEnd/>
<w form="KA" lemma="KA" label="KA">KA</w>
<damage/>
<w form="AC" lemma="AC" label="A&C;"><unclear cert="qry">AC</unclear></w>
<damageEnd/>
<supplied/>
<w form="&X;" lemma="&X;" label="&X;">&X;</w>
<suppliedEnd/>
</l>
<l n="4" id="c25415.1.C.E.4" corresp="t25415.p7">
<w form="&d;en-ki" lemma="en-ki" pos="N" type="DN" label="Enki" det="&d;">&d;en-ki</w>
<damage/>
<w form="an" lemma="an" pos="N" label="heaven"><unclear cert="qry">an</unclear></w>
<damageEnd/>
<supplied/>
<w form="&X;" lemma="&X;" label="&X;">&X;</w>
<suppliedEnd/>
<w form="EN" lemma="EN" label="lord">EN</w>
<supplied/>
<w form="&X;" lemma="&X;" label="&X;">&X;</w>
<suppliedEnd/>
</l>
<l n="5" id="c25415.1.C.E.5" corresp="t25415.p7">
<w form="X" lemma="X" label="X">X</w>
<w form="&d;en-&X;" lemma="en-&X;" pos="N" type="DN" label="En-&X;" det="&d;"><unclear cert="qry">&d;</unclear><unclear cert="qry">en</unclear>-<supplied/>&X;<suppliedEnd/></w>
</l>
<l n="6" id="c25415.1.C.E.6" corresp="t25415.p7">
<w form="dirig" lemma="dirig" pos="V" label="to be superior">dirig</w>
<w form="X" lemma="X" label="X">X</w>
<supplied/>
<w form="&X;" lemma="&X;" label="&X;">&X;</w>
<suppliedEnd/>
</l>
<l n="7" id="c25415.1.C.E.7" corresp="t25415.p7">
<w form="MAC" lemma="MAC" label="MA&C;">MAC</w>
<w form="NI" lemma="NI" label="NI"><unclear cert="qry">NI</unclear></w>
<supplied/>
<w form="&X;" lemma="&X;" label="&X;">&X;</w>
<suppliedEnd/>
</l>
<l n="8" id="c25415.1.C.E.8" corresp="t25415.p7">
<damage/>
<w form="nin" lemma="nin" pos="N" label="lady"><unclear cert="qry">nin</unclear></w>
<damageEnd/>
<supplied/>
<w form="&X;" lemma="&X;" label="&X;">&X;</w>
<suppliedEnd/>
</l>
<l n="9" id="c25415.1.C.E.9" corresp="t25415.p7">
<w form="X" lemma="X" label="X">X</w>
<supplied/>
<w form="&X;" lemma="&X;" label="&X;">&X;</w>
<suppliedEnd/>
</l>
<gap extent="unknown no. of lines missing"/>
</lg>
</div1>
<div1 type="segment" n="D">
<lg id="c25415.sec6" n="F" type="unknown">
<note id="c25415.n2" lang="eng" target="c25415.sec6">Segments C and D might well belong to a separate composition</note>
<l n="1" id="c25415.1.D.F.1" corresp="t25415.p8">
<supplied/>
<w form="&X;" lemma="&X;" label="&X;">&X;</w>
<suppliedEnd/>
<w form="E" lemma="E" label="E">E</w>
</l>
<l n="2" id="c25415.1.D.F.2" corresp="t25415.p8">
<supplied/>
<w form="&X;" lemma="&X;" label="&X;">&X;</w>
<suppliedEnd/>
<w form="X" lemma="X" label="X">X</w>
</l>
<l n="3" id="c25415.1.D.F.3" corresp="t25415.p8">
<supplied/>
<w form="&X;" lemma="&X;" label="&X;">&X;</w>
<suppliedEnd/>
<w form="X" lemma="X" label="X">X</w>
</l>
<l n="4" id="c25415.1.D.F.4" corresp="t25415.p8">
<supplied/>
<w form="&X;" lemma="&X;" label="&X;">&X;</w>
<suppliedEnd/>
<w form="X" lemma="X" label="X">X</w>
<w form="X" lemma="X" label="X">X</w>
</l>
<l n="5" id="c25415.1.D.F.5" corresp="t25415.p8">
<supplied/>
<w form="&X;" lemma="&X;" label="&X;">&X;</w>
<suppliedEnd/>
<w form="BI" lemma="BI" label="BI"><unclear cert="qry">BI</unclear></w>
</l>
<l n="6" id="c25415.1.D.F.6" corresp="t25415.p8">
<supplied/>
<w form="&X;" lemma="&X;" label="&X;">&X;</w>
<suppliedEnd/>
<w form="X-gin7" lemma="X" label="X">X-<unclear cert="qry">gin7</unclear></w>
<w form="KI" lemma="KI" label="KI"><unclear cert="qry">KI</unclear></w>
<w form="kug" lemma="kug" pos="AJ" label="shining"><unclear cert="qry">kug</unclear></w>
<w form="X" lemma="X" label="X">X</w>
<w form="E" lemma="E" label="E">E</w>
</l>
<l n="7" id="c25415.1.D.F.7" corresp="t25415.p8">
<supplied/>
<w form="&X;" lemma="&X;" label="&X;">&X;</w>
<suppliedEnd/>
<w form="X" lemma="X" label="X">X</w>
<w form="X" lemma="X" label="X">X</w>
<w form="X" lemma="X" label="X">X</w>
<w form="X" lemma="X" label="X">X</w>
<w form="X" lemma="X" label="X">X</w>
<w form="NA" lemma="NA" label="NA"><unclear cert="qry">NA</unclear></w>
</l>
<l n="8" id="c25415.1.D.F.8" corresp="t25415.p8">
<supplied/>
<w form="&X;" lemma="&X;" label="&X;">&X;</w>
<suppliedEnd/>
<w form="HA" lemma="HA" label="&H;A">HA</w>
<w form="X" lemma="X" label="X">X</w>
<supplied/>
<w form="&X;" lemma="&X;" label="&X;">&X;</w>
<suppliedEnd/>
<w form="TU" lemma="TU" label="TU"><unclear cert="qry">TU</unclear></w>
<w form="X" lemma="X" label="X">X</w>
</l>
<l n="9" id="c25415.1.D.F.9" corresp="t25415.p8">
<supplied/>
<w form="&X;" lemma="&X;" label="&X;">&X;</w>
<suppliedEnd/>
<w form="GI" lemma="GI" label="GI">GI</w>
<w form="&d;en-ki" lemma="en-ki" pos="N" type="DN" label="Enki" det="&d;">&d;en-<unclear cert="qry">ki</unclear></w>
<w form="X" lemma="X" label="X">X</w>
<w form="X" lemma="X" label="X">X</w>
</l>
<l n="10" id="c25415.1.D.F.10" corresp="t25415.p8">
<supplied/>
<w form="&X;" lemma="&X;" label="&X;">&X;</w>
<suppliedEnd/>
<w form="X" lemma="X" label="X">X</w>
<w form="X" lemma="X" label="X">X</w>
<w form="X" lemma="X" label="X">X</w>
<w form="X" lemma="X" label="X">X</w>
</l>
<l n="11" id="c25415.1.D.F.11" corresp="t25415.p8">
<supplied/>
<w form="&X;" lemma="&X;" label="&X;">&X;</w>
<suppliedEnd/>
<w form="&d;en-X" lemma="en-X" pos="N" type="DN" label="En-X" det="&d;">&d;en-X</w>
<w form="RI" lemma="RI" label="RI">RI</w>
</l>
<l n="12" id="c25415.1.D.F.12" corresp="t25415.p8">
<supplied/>
<w form="&X;" lemma="&X;" label="&X;">&X;</w>
<suppliedEnd/>
<w form="X" lemma="X" label="X">X</w>
<w form="X" lemma="X" label="X">X</w>
<w form="X" lemma="X" label="X">X</w>
<w form="NA" lemma="NA" label="NA">NA</w>
</l>
<l n="13" id="c25415.1.D.F.13" corresp="t25415.p8">
<supplied/>
<w form="&X;" lemma="&X;" label="&X;">&X;</w>
<suppliedEnd/>
<w form="X" lemma="X" label="X">X</w>
<w form="GA" lemma="GA" label="GA"><unclear cert="qry">GA</unclear></w>
</l>
<l n="14" id="c25415.1.D.F.14" corresp="t25415.p8">
<supplied/>
<w form="&X;-am3" lemma="&X;" label="&X;">&X;<suppliedEnd/>-am3</w>
</l>
<l n="15" id="c25415.1.D.F.15" corresp="t25415.p8">
<supplied/>
<w form="&X;" lemma="&X;" label="&X;">&X;</w>
<suppliedEnd/>
<w form="X" lemma="X" label="X">X</w>
<w form="X" lemma="X" label="X">X</w>
</l>
<l n="16" id="c25415.1.D.F.16" corresp="t25415.p8">
<supplied/>
<w form="&X;-a" lemma="&X;" label="&X;">&X;<suppliedEnd/>-<unclear cert="qry">a</unclear></w>
</l>
<l n="17" id="c25415.1.D.F.17" corresp="t25415.p8">
<supplied/>
<w form="&X;" lemma="&X;" label="&X;">&X;</w>
<suppliedEnd/>
<w form="X" lemma="X" label="X">X</w>
<w form="X" lemma="X" label="X">X</w>
</l>
<l n="18" id="c25415.1.D.F.18" corresp="t25415.p8">
<supplied/>
<w form="&X;" lemma="&X;" label="&X;">&X;</w>
<suppliedEnd/>
<w form="X" lemma="X" label="X">X</w>
<w form="X" lemma="X" label="X">X</w>
</l>
<gap extent="unknown no. of lines missing"/>
</lg>
</div1>
</body>
</text>
<text n="2">
<body>
<head lang="eng">Version B</head>
<lg n="A" type="sa-gida">
<gap extent="up to 3 lines missing"/>
<l n="1" id="c25415.2.A.1" corresp="t25415.p9">
<supplied/>
<w form="&X;" lemma="&X;" label="&X;">&X;</w>
<suppliedEnd/>
<w form="X" lemma="X" label="X">X</w>
<supplied/>
<w form="&X;" lemma="&X;" label="&X;">&X;</w>
<suppliedEnd/>
</l>
<l n="2" id="c25415.2.A.2" corresp="t25415.p9">
<supplied/>
<w form="u18-lu" lemma="ulu3" pos="N" label="south wind (storm)">u18<suppliedEnd/>-lu</w>
<w form="sumur" lemma="sumur" pos="V" label="to be angry">sumur</w>
<damage/>
<w form="zig3-ga" lemma="zig3" pos="V" label="to rise">zig3<damageEnd/>-<supplied/>ga</w>
<w form="&X;" lemma="&X;" label="&X;">&X;</w>
<suppliedEnd/>
</l>
<l n="3" id="c25415.2.A.3" corresp="t25415.p9">
<supplied/>
<w form="X" lemma="X" label="X">X</w>
<suppliedEnd/>
<damage/>
<w form="NI" lemma="NI" label="NI"><unclear cert="qry">NI</unclear></w>
<w form="pirij" lemma="pirij" pos="N" label="lion">pirij</w>
<damageEnd/>
<w form="X" lemma="X" label="X">X</w>
<supplied/>
<w form="&X;" lemma="&X;" label="&X;">&X;</w>
<suppliedEnd/>
</l>
<l n="4" id="c25415.2.A.4" corresp="t25415.p9">
<supplied/>
<w form="X-gin7" lemma="X" label="X">X<suppliedEnd/>-gin7</w>
<w form="KA" lemma="KA" label="KA">KA</w>
<damage/>
<w form="GA" lemma="GA" label="GA"><unclear cert="qry">GA</unclear></w>
<damageEnd/>
<supplied/>
<w form="&X;" lemma="&X;" label="&X;">&X;</w>
<suppliedEnd/>
</l>
<l n="5" id="c25415.2.A.5" corresp="t25415.p9">
<w form="&d;nin-urta" lemma="nin-urta" pos="N" type="DN" label="Ninurta" det="&d;"><supplied/>&d;<suppliedEnd/><damage/>nin<damageEnd/>-urta</w>
<w form="X" lemma="X" label="X">X</w>
<supplied/>
<w form="&X;" lemma="&X;" label="&X;">&X;</w>
<suppliedEnd/>
</l>
<l n="6" id="c25415.2.A.6" corresp="t25415.p9">
<supplied/>
<w form="X" lemma="X" label="X">X</w>
<w form="X" lemma="X" label="X">X</w>
<suppliedEnd/>
<w form="usu" lemma="usu" pos="N" label="strength">usu</w>
<w form="X" lemma="X" label="X">X</w>
<supplied/>
<w form="&X;" lemma="&X;" label="&X;">&X;</w>
<suppliedEnd/>
</l>
<l n="7" id="c25415.2.A.7" corresp="t25415.p9">
<supplied/>
<w form="&X;" lemma="&X;" label="&X;">&X;</w>
<suppliedEnd/>
<w form="X" lemma="X" label="X">X</w>
<supplied/>
<w form="&X;" lemma="&X;" label="&X;">&X;</w>
<suppliedEnd/>
</l>
<l n="8" id="c25415.2.A.8" corresp="t25415.p9">
<supplied/>
<w form="X" lemma="X" label="X">X</w>
<w form="X" lemma="X" label="X">X</w>
<suppliedEnd/>
<damage/>
<w form="IB" lemma="IB" label="IB"><unclear cert="qry">IB</unclear></w>
<damageEnd/>
<supplied/>
<w form="&X;" lemma="&X;" label="&X;">&X;</w>
<suppliedEnd/>
</l>
<l n="9" id="c25415.2.A.9" corresp="t25415.p9">
<supplied/>
<w form="X" lemma="X" label="X">X</w>
<w form="X" lemma="X" label="X">X</w>
<suppliedEnd/>
<w form="X" lemma="X" label="X">X</w>
<w form="X" lemma="X" label="X">X</w>
<supplied/>
<w form="&X;" lemma="&X;" label="&X;">&X;</w>
<suppliedEnd/>
<w form="X" lemma="X" label="X">X</w>
<damage/>
<w form="AB" lemma="AB" label="AB"><unclear cert="qry">AB</unclear></w>
<w form="dur" lemma="dur" pos="N" label="bond">dur</w>
<damageEnd/>
<supplied/>
<w form="&X;" lemma="&X;" label="&X;">&X;</w>
<suppliedEnd/>
</l>
<l n="10" id="c25415.2.A.10" corresp="t25415.p9">
<supplied/>
<w form="X" lemma="X" label="X">X</w>
<w form="X" lemma="X" label="X">X</w>
<suppliedEnd/>
<w form="X" lemma="X" label="X">X</w>
<w form="X" lemma="X" label="X">X</w>
<supplied/>
<w form="X" lemma="X" label="X">X</w>
<suppliedEnd/>
<damage/>
<w form="&jic;rab3" lemma="rab3" pos="N" label="shackle" det="&jic;">&jic;<damageEnd/>rab3</w>
<w form="dijir-re-e-ne" lemma="dijir" pos="N" label="deity">dijir-<supplied/>re-e-ne</w>
<suppliedEnd/>
</l>
<l n="11" id="c25415.2.A.11" corresp="t25415.p9">
<supplied/>
<w form="X" lemma="X" label="X">X</w>
<w form="X" lemma="X" label="X">X</w>
<suppliedEnd/>
<w form="gaba" lemma="gaba" pos="N" label="chest">gaba</w>
<supplied/>
<w form="nu-gi4" lemma="gi4" pos="V" label="to return">nu<suppliedEnd/>-gi4</w>
<w form="kur-re" lemma="kur" pos="N" label="(mountain) land">kur-re</w>
<damage/>
<w form="KA" lemma="KA" label="KA">KA</w>
<damageEnd/>
<supplied/>
<w form="&X;" lemma="&X;" label="&X;">&X;</w>
<suppliedEnd/>
</l>
<l n="12" id="c25415.2.A.12" corresp="t25415.p9">
<w form="&d;nin-urta" lemma="nin-urta" pos="N" type="DN" label="Ninurta" det="&d;"><damage/>&d;<damageEnd/><supplied/>nin<suppliedEnd/>-urta</w>
<supplied/>
<w form="X" lemma="X" label="X">X</w>
<suppliedEnd/>
<w form="A" lemma="A" label="A">A</w>
<w form="&d;a-nun-na" lemma="a-nun-na" pos="N" type="DN" label="Anuna" det="&d;">&d;a-nun-<supplied/>na<suppliedEnd/></w>
<supplied/>
<w form="&X;" lemma="&X;" label="&X;">&X;</w>
<suppliedEnd/>
</l>
<l n="13" id="c25415.2.A.13" corresp="t25415.p9">
<damage/>
<w form="en" lemma="en" pos="N" label="lord">en</w>
<damageEnd/>
<w form="e2-kur-ra" lemma="e2-kur" pos="N" type="TN" label="E-kur"><damage/><unclear cert="qry">e2</unclear><damageEnd/>-kur-ra</w>
<w form="X" lemma="X" label="X">X</w>
<w form="a2-nun-jal2" lemma="a2-nun-jal2" pos="AJ" label="strong">a2-nun-jal2</w>
<supplied/>
<w form="&X;" lemma="&X;" label="&X;">&X;</w>
<suppliedEnd/>
</l>
<l n="14" id="c25415.2.A.14" corresp="t25415.p9">
<w form="u4-ta-u18-lu" lemma="u4-ta-u18-lu" pos="N" type="DN" label="Uta-ulu">u4-ta-u18-lu</w>
<supplied/>
<w form="Xbr" lemma="Xbr" label="Xbr">(X)</w>
<suppliedEnd/>
<w form="a2" lemma="a2" pos="N" label="arm">a2</w>
<w form="mah" lemma="mah" pos="V" label="to be majestic">mah</w>
<w form="X" lemma="X" label="X">X</w>
<supplied/>
<w form="&X;" lemma="&X;" label="&X;">&X;</w>
<suppliedEnd/>
</l>
<l n="15" id="c25415.2.A.15" corresp="t25415.p9">
<w form="hur-saj-ta" lemma="hur-saj" pos="N" label="mountain (range)">hur-saj-ta</w>
<damage/>
<w form="e3-a" lemma="e3" pos="V" label="to go out or in">e3<damageEnd/>-<unclear cert="cor">a</unclear></w>
<w form="me" lemma="me" pos="N" label="essence">me</w>
<w form="car2-ra" lemma="car2" pos="V" label="to be numerous">car2-<damage/>ra</w>
<damageEnd/>
<supplied/>
<w form="&X;" lemma="&X;" label="&X;">&X;</w>
<suppliedEnd/>
</l>
<l n="16" id="c25415.2.A.16" corresp="t25415.p9">
<w form="&d;nin-urta" lemma="nin-urta" pos="N" type="DN" label="Ninurta" det="&d;">&d;<damage/>nin<damageEnd/>-urta</w>
<w form="X" lemma="X" label="X">X</w>
<supplied/>
<w form="&X;" lemma="&X;" label="&X;">&X;</w>
<suppliedEnd/>
<damage/>
<w form="UD" lemma="UD" label="UD"><unclear cert="qry">UD</unclear></w>
<damageEnd/>
<supplied/>
<w form="&X;" lemma="&X;" label="&X;">&X;</w>
<suppliedEnd/>
</l>
<l n="17" id="c25415.2.A.17" corresp="t25415.p9">
<damage/>
<w form="nam-en-na" lemma="nam-en" pos="N" label="high (priestly) office">nam<damageEnd/>-en-na</w>
<w form="cu" lemma="cu" pos="N" label="hand">cu</w>
<damage/>
<w form="du7" lemma="du7" pos="V" label="to be perfect">du7</w>
<damageEnd/>
<supplied/>
<w form="&X;" lemma="&X;" label="&X;">&X;</w>
<suppliedEnd/>
</l>
<l n="18" id="c25415.2.A.18" corresp="t25415.p9">
<damage/>
<w form="ur-saj" lemma="ur-saj" pos="N" label="hero">ur<damageEnd/>-saj</w>
<w form="gal" lemma="gal" pos="V" label="to be big">gal</w>
<damage/>
<w form="kur" lemma="kur" pos="N" label="(mountain) land">kur</w>
<damageEnd/>
<supplied/>
<w form="&X;" lemma="&X;" label="&X;">&X;</w>
<suppliedEnd/>
<damage/>
<w form="IN" lemma="IN" label="IN"><unclear cert="qry">IN</unclear></w>
<damageEnd/>
<w form="X" lemma="X" label="X">X</w>
<supplied/>
<w form="&X;" lemma="&X;" label="&X;">&X;</w>
<suppliedEnd/>
</l>
<l n="19" id="c25415.2.A.19" corresp="t25415.p9">
<damage/>
<w form="na4-bi" lemma="na4" pos="N" label="stone"><unclear cert="qry">na4</unclear><damageEnd/>-bi</w>
<w form="sug-zag-ge4" lemma="sug-zag" pos="N" label="marsh edge"><unclear cert="cor">sug</unclear>-<damage/>zag-ge4</w>
<damageEnd/>
<w form="tec2-bi" lemma="tec2" pos="N" label="unity"><unclear cert="qry">tec2</unclear>-bi</w>
<w form="X" lemma="X" label="X">X</w>
<supplied/>
<w form="&X;-gu7" lemma="gu7" pos="V" label="to eat">&X;-gu7</w>
<suppliedEnd/>
</l>
<l n="20" id="c25415.2.A.20" corresp="t25415.p10">
<damage/>
<w form="sa2" lemma="sa2" pos="N" label="advice">sa2</w>
<damageEnd/>
<w form="pad3-de3" lemma="pad3" pos="V" label="to find">pad3-<damage/>de3</w>
<damageEnd/>
<w form="ec-bar" lemma="ec-bar" pos="N" label="decision">ec-bar</w>
<w form="nu-kam3-me" lemma="kam3" pos="V" label="to alter">nu-<damage/><unclear cert="qry">kam3</unclear><damageEnd/>-<supplied/>me</w>
<suppliedEnd/>
</l>
<l n="21" id="c25415.2.A.21" corresp="t25415.p10">
<w form="&d;nin-urta" lemma="nin-urta" pos="N" type="DN" label="Ninurta" det="&d;"><damage/>&d;nin<damageEnd/>-urta</w>
<damage/>
<w form="dug4-ga-ni" lemma="dug4" pos="V" label="to say">dug4-ga<damageEnd/>-ni</w>
<w form="ki-bi-ce3" lemma="ki" pos="N" label="place">ki-bi-<supplied/>ce3</w>
<w form="jar" lemma="jar" pos="V" label="to place">jar</w>
<suppliedEnd/>
</l>
<l n="22" id="c25415.2.A.22" corresp="t25415.p10">
<supplied/>
<w form="ur-saj" lemma="ur-saj" pos="N" label="hero">ur<suppliedEnd/>-<damage/>saj</w>
<w form="en" lemma="en" pos="N" label="lord"><unclear cert="qry">en</unclear></w>
<damageEnd/>
<w form="dumu" lemma="dumu" pos="N" label="child">dumu</w>
<w form="mah" lemma="mah" pos="V" label="to be majestic">mah</w>
<w form="&d;en-lil2-la2" lemma="en-lil2" pos="N" type="DN" label="Enlil" det="&d;">&d;<damage/>en<damageEnd/>-<supplied/>lil2-la2<suppliedEnd/></w>
</l>
<l n="23" id="c25415.2.A.23" corresp="t25415.p10">
<supplied/>
<w form="X" lemma="X" label="X">X</w>
<suppliedEnd/>
<w form="X" lemma="X" label="X">X</w>
<w form="MA" lemma="MA" label="MA">MA</w>
<w form="X-a" lemma="X" label="X">X-a</w>
<w form="kur-ce3" lemma="kur" pos="N" label="(mountain) land">kur-ce3</w>
<phr type="VP" lemma="cu ca-an-ca-ca" label="to overwhelm">
<w form="cu" lemma="cu" pos="N" label="hand">cu</w>
<w form="ca-an-ca" lemma="ca-an-ca-ca" pos="V" label="verb part of multiword verb">ca-<supplied/>an-ca</w>
<suppliedEnd/>
</phr>
</l>
<l n="24" id="c25415.2.A.24" corresp="t25415.p10">
<w form="&d;nin-urta" lemma="nin-urta" pos="N" type="DN" label="Ninurta" det="&d;"><supplied/>&d;<suppliedEnd/><damage/>nin-urta<damageEnd/></w>
<w form="mah-di" lemma="mah-di" pos="AJ" label="illustrious">mah-di</w>
<w form="e2-kur-ra" lemma="e2-kur" pos="N" type="TN" label="E-kur">e2-kur-<damage/>ra<damageEnd/></w>
<supplied/>
<w form="Xbr" lemma="Xbr" label="Xbr">(X)</w>
<suppliedEnd/>
</l>
<l n="25" id="c25415.2.A.25" corresp="t25415.p10">
<supplied/>
<w form="&X;" lemma="&X;" label="&X;">&X;</w>
<suppliedEnd/>
<w form="X" lemma="X" label="X">X</w>
<supplied/>
<w form="&X;" lemma="&X;" label="&X;">&X;</w>
<suppliedEnd/>
<w form="X" lemma="X" label="X">X</w>
<w form="BA" lemma="BA" label="BA">BA</w>
<w form="u18-lu" lemma="ulu3" pos="N" label="south wind (storm)">u18-lu</w>
<w form="mah-a-ni" lemma="mah" pos="V" label="to be majestic">mah-a-<damage/>ni</w>
<damageEnd/>
<supplied/>
<w form="&X;" lemma="&X;" label="&X;">&X;</w>
<suppliedEnd/>
</l>
<l n="26" id="c25415.2.A.26" corresp="t25415.p10">
<supplied/>
<w form="X" lemma="X" label="X">X</w>
<suppliedEnd/>
<w form="X" lemma="X" label="X">X</w>
<w form="RU" lemma="RU" label="RU">RU</w>
<w form="sumur-ra2" lemma="sumur" pos="V" label="to be angry">sumur-ra2</w>
<w form="ki-bal" lemma="ki-bal" pos="N" label="rebel land">ki-<damage/>bal</w>
<damageEnd/>
<supplied/>
<w form="X" lemma="X" label="X">X</w>
<suppliedEnd/>
</l>
<l n="27" id="c25415.2.A.27" corresp="t25415.p10">
<supplied/>
<w form="X" lemma="X" label="X">X</w>
<suppliedEnd/>
<w form="X" lemma="X" label="X">X</w>
<w form="ZI2" lemma="ZI2" label="ZI&s2;">ZI2</w>
<w form="X" lemma="X" label="X">X</w>
<damage/>
<w form="LI" lemma="LI" label="LI">LI</w>
<damageEnd/>
<w form="BU" lemma="BU" label="BU">BU</w>
<w form="nu-ce-ga" lemma="ce" pos="V" label="to agree">nu-ce-ga</w>
<w form="X" lemma="X" label="X">X</w>
<supplied/>
<w form="X" lemma="X" label="X">X</w>
<suppliedEnd/>
</l>
<l n="28" id="c25415.2.A.28" corresp="t25415.p10">
<w form="&d;nin-urta" lemma="nin-urta" pos="N" type="DN" label="Ninurta" det="&d;"><supplied/>&d;<suppliedEnd/><damage/>nin-urta<damageEnd/></w>
<supplied/>
<w form="Xbr" lemma="Xbr" label="Xbr">(X)</w>
<suppliedEnd/>
<w form="X-ga-bi" lemma="X" label="X">X-ga-bi</w>
<w form="X" lemma="X" label="X">X</w>
<supplied/>
<w form="X" lemma="X" label="X">X</w>
<suppliedEnd/>
</l>
<l n="29" id="c25415.2.A.29" corresp="t25415.p10">
<supplied/>
<w form="ur-saj" lemma="ur-saj" pos="N" label="hero">ur<suppliedEnd/>-<damage/>saj</w>
<damageEnd/>
<w form="gal" lemma="gal" pos="V" label="to be big">gal</w>
<w form="gu2-erim2-jal2-la" lemma="gu2-erim2-jal2" pos="AJ" label="hostile">gu2-<damage/>erim2<damageEnd/>-jal2-la</w>
<w form="ur2" lemma="ur2" pos="N" label="root">ur2</w>
<w form="X" lemma="X" label="X">X</w>
<supplied/>
<w form="X" lemma="X" label="X">X</w>
<suppliedEnd/>
</l>
<l n="30" id="c25415.2.A.30" corresp="t25415.p10">
<damage/>
<w form="ur-saj" lemma="ur-saj" pos="N" label="hero">ur-saj</w>
<damageEnd/>
<w form="igi" lemma="igi" pos="N" label="eye">igi</w>
<supplied/>
<w form="X" lemma="X" label="X">X</w>
<w form="X" lemma="X" label="X">X</w>
<suppliedEnd/>
<w form="&d;en-lil2" lemma="en-lil2" pos="N" type="DN" label="Enlil" det="&d;">&d;en-lil2</w>
<supplied/>
<w form="X" lemma="X" label="X">X</w>
<w form="Xbr" lemma="Xbr" label="Xbr">(X)</w>
<suppliedEnd/>
</l>
<l n="31" id="c25415.2.A.31" corresp="t25415.p10">
<supplied/>
<w form="X" lemma="X" label="X">X</w>
<suppliedEnd/>
<damage/>
<w form="NI" lemma="NI" label="NI">NI</w>
<damageEnd/>
<w form="IN" lemma="IN" label="IN">IN</w>
<w form="X" lemma="X" label="X">X</w>
<supplied/>
<w form="X" lemma="X" label="X">X</w>
<w form="X" lemma="X" label="X">X</w>
<w form="Xbr" lemma="Xbr" label="Xbr">(X)</w>
<suppliedEnd/>
<w form="X" lemma="X" label="X">X</w>
<w form="X" lemma="X" label="X">X</w>
<w form="SUM" lemma="SUM" label="SUM">SUM</w>
<w form="X" lemma="X" label="X">X</w>
</l>
<l n="32" id="c25415.2.A.32" corresp="t25415.p10">
<supplied/>
<w form="X" lemma="X" label="X">X</w>
<w form="X" lemma="X" label="X">X</w>
<suppliedEnd/>
<w form="X" lemma="X" label="X">X</w>
<w form="X" lemma="X" label="X">X</w>
<supplied/>
<w form="X" lemma="X" label="X">X</w>
<w form="Xbr" lemma="Xbr" label="Xbr">(X)</w>
<suppliedEnd/>
<w form="X" lemma="X" label="X">X</w>
<w form="A-A" lemma="A" label="A" form-type="RR">A-A</w>
<supplied/>
<w form="X" lemma="X" label="X">X</w>
<suppliedEnd/>
</l>
<l n="33" id="c25415.2.A.33" corresp="t25415.p10">
<supplied/>
<w form="&X;-ta" lemma="&X;" label="&X;">&X;<suppliedEnd/>-ta</w>
<w form="erim2-e" lemma="erim2" pos="N" label="enemy">erim2-e</w>
<damage/>
<w form="gu2" lemma="gu2" pos="N" label="neck">gu2</w>
<damageEnd/>
<supplied/>
<w form="X" lemma="X" label="X">X</w>
<w form="X" lemma="X" label="X">X</w>
<suppliedEnd/>
</l>
<l n="34" id="c25415.2.A.34" corresp="t25415.p10">
<supplied/>
<w form="&X;-a-ni" lemma="&X;" label="&X;">&X;<suppliedEnd/>-a-ni</w>
<w form="kur-ra" lemma="kur" pos="N" label="(mountain) land">kur-ra</w>
<w form="cu-mu-X" lemma="X" label="X">cu-mu-X</w>
<w form="X" lemma="X" label="X">X</w>
</l>
<l n="35" id="c25415.2.A.35" corresp="t25415.p10">
<supplied/>
<w form="&X;" lemma="&X;" label="&X;">&X;</w>
<w form="kalam-ma" lemma="kalam" pos="N" label="the Land">kalam<suppliedEnd/>-ma</w>
<w form="tug2-gin7" lemma="tug2" pos="N" label="garment">tug2-gin7</w>
<w form="ci-im-cu4" lemma="cu2" pos="V" label="to cover">ci-im-<damage/><unclear cert="qry">cu4</unclear></w>
<damageEnd/>
</l>
<l n="36" id="c25415.2.A.36" corresp="t25415.p11">
<supplied/>
<w form="&X;" lemma="&X;" label="&X;">&X;</w>
<suppliedEnd/>
<w form="DU" lemma="DU" label="DU">DU</w>
</l>
<l n="37" id="c25415.2.A.37" corresp="t25415.p11">
<supplied/>
<w form="&X;" lemma="&X;" label="&X;">&X;</w>
<suppliedEnd/>
<w form="KI" lemma="KI" label="KI"><unclear cert="qry">KI</unclear></w>
</l>
<l n="38" id="c25415.2.A.38" corresp="t25415.p11">
<supplied/>
<w form="&X;" lemma="&X;" label="&X;">&X;</w>
<suppliedEnd/>
<damage/>
<w form="NE" lemma="NE" label="NE">NE</w>
<damageEnd/>
</l>
<l n="39" id="c25415.2.A.39" corresp="t25415.p11">
<w form="X" lemma="X" label="X">X</w>
<damage/>
<w form="EC" lemma="EC" label="E&C;">EC</w>
<damageEnd/>
<supplied/>
<w form="&X;" lemma="&X;" label="&X;">&X;</w>
<suppliedEnd/>
</l>
<l n="40" id="c25415.2.A.40" corresp="t25415.p11">
<supplied/>
<w form="ur-saj" lemma="ur-saj" pos="N" label="hero">ur<suppliedEnd/>-saj</w>
<w form="gal" lemma="gal" pos="V" label="to be big">gal</w>
<w form="X" lemma="X" label="X">X</w>
<supplied/>
<w form="&X;" lemma="&X;" label="&X;">&X;</w>
<suppliedEnd/>
</l>
<l n="41" id="c25415.2.A.41" corresp="t25415.p11">
<w form="&d;a-nun-na-ke4-ne" lemma="a-nun-na" pos="N" type="DN" label="Anuna" det="&d;"><supplied/>&d;<suppliedEnd/><damage/>a<damageEnd/>-nun-na-<damage/>ke4<damageEnd/>-<supplied/>ne<suppliedEnd/></w>
<supplied/>
<w form="&X;" lemma="&X;" label="&X;">&X;</w>
<suppliedEnd/>
</l>
<l n="42" id="c25415.2.A.42" corresp="t25415.p11">
<supplied/>
<w form="X" lemma="X" label="X">X</w>
<w form="Xbr" lemma="Xbr" label="Xbr">(X)</w>
<suppliedEnd/>
<w form="X-a-ni" lemma="X" label="X">X-a-<damage/>ni</w>
<damageEnd/>
<supplied/>
<w form="&X;" lemma="&X;" label="&X;">&X;</w>
<suppliedEnd/>
</l>
<l n="43" id="c25415.2.A.43" corresp="t25415.p11">
<supplied/>
<w form="&X;" lemma="&X;" label="&X;">&X;</w>
<suppliedEnd/>
<damage/>
<w form="kal-kal" lemma="kal" pos="V" label="to be rare" form-type="RR">kal-kal</w>
<damageEnd/>
<supplied/>
<w form="&X;" lemma="&X;" label="&X;">&X;</w>
<suppliedEnd/>
</l>
<l n="44" id="c25415.2.A.44" corresp="t25415.p11">
<supplied/>
<w form="&X;" lemma="&X;" label="&X;">&X;</w>
<suppliedEnd/>
<w form="pirij" lemma="pirij" pos="N" label="lion">pirij</w>
<damage/>
<w form="sumur" lemma="sumur" pos="V" label="to be angry"><unclear cert="qry">sumur</unclear></w>
<damageEnd/>
<supplied/>
<w form="&X;" lemma="&X;" label="&X;">&X;</w>
<suppliedEnd/>
</l>
<l n="45" id="c25415.2.A.45" corresp="t25415.p11">
<supplied/>
<w form="&X;" lemma="&X;" label="&X;">&X;</w>
<suppliedEnd/>
<damage/>
<w form="gam-gam" lemma="gam" pos="V" label="to bow down" form-type="RR">gam<damageEnd/>-gam</w>
<w form="X" lemma="X" label="X">X</w>
<supplied/>
<w form="&X;" lemma="&X;" label="&X;">&X;</w>
<suppliedEnd/>
</l>
<trailer place="rubric" type="sa-gida">
<l n="46" id="c25415.2.A.46" corresp="t25415.p12">
<supplied/>
<w form="sa-gid2-da-am3" lemma="sa-gid2-da" pos="N" label="composition-division">sa<suppliedEnd/>-<damage/>gid2-da<damageEnd/>-<supplied/>am3</w>
<suppliedEnd/>
</l>
</trailer>
</lg>
<lg n="B" type="jicgijal">
<l n="47" id="c25415.2.B.47" corresp="t25415.p13">
<supplied/>
<w form="&X;" lemma="&X;" label="&X;">&X;</w>
<suppliedEnd/>
<w form="&d;ic-me-&d;da-gan" lemma="ic-me-da-gan" pos="N" type="RN" label="I&c;me-Dagan" npart="DN:Dagan" det="&d;"><supplied/>&d;<suppliedEnd/>ic-me-<supplied/>&d;da-gan<suppliedEnd/></w>
<supplied/>
<w form="&X;" lemma="&X;" label="&X;">&X;</w>
<suppliedEnd/>
</l>
<l n="48" id="c25415.2.B.48" corresp="t25415.p13">
<supplied/>
<w form="&X;" lemma="&X;" label="&X;">&X;</w>
<suppliedEnd/>
<damage/>
<w form="nam-til3" lemma="nam-til3" pos="N" label="life">nam<damageEnd/>-<unclear cert="qry">til3</unclear></w>
<supplied/>
<w form="&X;" lemma="&X;" label="&X;">&X;</w>
<suppliedEnd/>
</l>
<trailer place="rubric" type="jicgijal">
<l n="49" id="c25415.2.B.49" corresp="t25415.p14">
<w form="jic-gi4-jal2" lemma="jic-gi4-jal2" pos="N" label="composition-division">jic-<supplied/>gi4-jal2</w>
<suppliedEnd/>
<damage/>
<w form="sa-gid2-da-bi-im" lemma="sa-gid2-da" pos="N" label="composition-division">sa-gid2<damageEnd/>-<supplied/>da-bi-im</w>
<suppliedEnd/>
</l>
</trailer>
</lg>
<lg n="C" type="unknown">
<l n="50" id="c25415.2.C.50" corresp="t25415.p15">
<w form="u4-ta-u18-lu" lemma="u4-ta-u18-lu" pos="N" type="DN" label="Uta-ulu">u4-<damage/>ta<damageEnd/>-<supplied/>u18-lu<suppliedEnd/></w>
<supplied/>
<w form="Xbr" lemma="Xbr" label="Xbr">(X)</w>
<suppliedEnd/>
<w form="nam-nun-na" lemma="nam-nun" pos="N" label="princeliness">nam-<unclear cert="cor">nun</unclear>-<damage/>na</w>
<damageEnd/>
<supplied/>
<w form="&X;" lemma="&X;" label="&X;">&X;</w>
<suppliedEnd/>
</l>
<l n="51" id="c25415.2.C.51" corresp="t25415.p15">
<w form="mi-tum" lemma="mitum" pos="N" label="type of weapon">mi-<damage/><unclear cert="qry">tum</unclear></w>
<damageEnd/>
<supplied/>
<w form="&X;-e" lemma="&X;" label="&X;">&X;<suppliedEnd/>-e</w>
<w form="erim2" lemma="erim2" pos="N" label="enemy">erim2</w>
<supplied/>
<w form="&X;" lemma="&X;" label="&X;">&X;</w>
<suppliedEnd/>
</l>
<l n="52" id="c25415.2.C.52" corresp="t25415.p15">
<w form="&d;nin-urta" lemma="nin-urta" pos="N" type="DN" label="Ninurta" det="&d;">&d;nin-<damage/>urta<damageEnd/></w>
<supplied/>
<w form="nam-nir-ra" lemma="nam-nir" pos="N" label="authority">nam<suppliedEnd/>-<damage/>nir<damageEnd/>-ra</w>
<damage/>
<w form="zag" lemma="zag" pos="N" label="side">zag</w>
<damageEnd/>
<supplied/>
<w form="dib" lemma="dib" pos="V" label="to pass">dib</w>
<suppliedEnd/>
</l>
<l n="53" id="c25415.2.C.53" corresp="t25415.p15">
<w form="saj" lemma="saj" pos="N" label="head">saj</w>
<phr type="VP" lemma="en3 tar" label="to ask">
<w form="en3" lemma="en3" pos="N" label="noun part of multiword verb">en3</w>
<damage/>
<w form="tar" lemma="tar" pos="V" label="to cut">tar</w>
</phr>
<damageEnd/>
<supplied/>
<w form="X" lemma="X" label="X">X</w>
<w form="X" lemma="X" label="X">X</w>
<suppliedEnd/>
<w form="X" lemma="X" label="X">X</w>
<w form="BAL" lemma="BAL" label="BAL">BAL</w>
<w form="RI" lemma="RI" label="RI">RI</w>
<w form="X" lemma="X" label="X">X</w>
<supplied/>
<w form="&X;" lemma="&X;" label="&X;">&X;</w>
<suppliedEnd/>
</l>
<l n="54" id="c25415.2.C.54" corresp="t25415.p15">
<w form="en" lemma="en" pos="N" label="lord">en</w>
<w form="a2" lemma="a2" pos="N" label="arm">a2</w>
<damage/>
<w form="cum2-ma" lemma="cum2" pos="V" label="to give">cum2<damageEnd/>-<supplied/>ma</w>
<suppliedEnd/>
<w form="&d;nu-nam-nir-ra" lemma="nu-nam-nir" pos="N" type="DN" label="Nunamnir" det="&d;">&d;nu-nam-nir-<damage/>ra<damageEnd/></w>
</l>
<l n="55" id="c25415.2.C.55" corresp="t25415.p15">
<w form="ne3-ni-da" lemma="ne3" pos="N" label="strength">ne3-ni-<damage/>da</w>
<damageEnd/>
<supplied/>
<w form="nir-jal2" lemma="nir-jal2" pos="AJ" label="authoritative">nir<suppliedEnd/>-<damage/>jal2</w>
<damageEnd/>
<w form="me3-ce3" lemma="me3" pos="N" label="battle">me3-ce3</w>
<w form="gub-bu" lemma="gub" pos="V" label="to stand">gub-bu</w>
<w form="X" lemma="X" label="X">X</w>
</l>
<l n="56" id="c25415.2.C.56" corresp="t25415.p15">
<w form="&d;nin-urta" lemma="nin-urta" pos="N" type="DN" label="Ninurta" det="&d;">&d;nin-<supplied/>urta<suppliedEnd/></w>
<supplied/>
<w form="Xbr" lemma="Xbr" label="Xbr">(X)</w>
<suppliedEnd/>
<w form="X" lemma="X" label="X">X</w>
<w form="gu2-gal" lemma="gu2-gal" pos="AJ" label="foremost">gu2-gal</w>
<w form="X" lemma="X" label="X">X</w>
<supplied/>
<w form="X" lemma="X" label="X">X</w>
<suppliedEnd/>
</l>
<l n="57" id="c25415.2.C.57" corresp="t25415.p15">
<w form="am" lemma="am" pos="N" label="wild bull">am</w>
<damage/>
<w form="gal" lemma="gal" pos="V" label="to be big"><unclear cert="qry">gal</unclear></w>
<damageEnd/>
<supplied/>
<w form="&X;" lemma="&X;" label="&X;">&X;</w>
<suppliedEnd/>
<w form="&d;en-lil2-le" lemma="en-lil2" pos="N" type="DN" label="Enlil" det="&d;">&d;en-lil2-<damage/>le<damageEnd/></w>
<supplied/>
<w form="&X;" lemma="&X;" label="&X;">&X;</w>
<suppliedEnd/>
</l>
<l n="58" id="c25415.2.C.58" corresp="t25415.p15">
<w form="am" lemma="am" pos="N" label="wild bull">am</w>
<supplied/>
<w form="&X;" lemma="&X;" label="&X;">&X;</w>
<suppliedEnd/>
<w form="X" lemma="X" label="X">X</w>
<w form="TA" lemma="TA" label="TA"><unclear cert="qry">TA</unclear></w>
<w form="A" lemma="A" label="A"><unclear cert="qry">A</unclear></w>
</l>
<l n="59" id="c25415.2.C.59" corresp="t25415.p15">
<w form="X" lemma="X" label="X">X</w>
<supplied/>
<w form="&X;" lemma="&X;" label="&X;">&X;</w>
<suppliedEnd/>
<w form="RI" lemma="RI" label="RI">RI</w>
<w form="AM" lemma="AM" label="AM">AM</w>
<w form="A" lemma="A" label="A">A</w>
<supplied/>
<w form="X" lemma="X" label="X">X</w>
<suppliedEnd/>
</l>
<l n="60" id="c25415.2.C.60" corresp="t25415.p15">
<supplied/>
<w form="&X;" lemma="&X;" label="&X;">&X;</w>
<suppliedEnd/>
<w form="&d;en-lil2" lemma="en-lil2" pos="N" type="DN" label="Enlil" det="&d;"><supplied/>&d;en<suppliedEnd/>-lil2</w>
<w form="kur" lemma="kur" pos="N" label="(mountain) land">kur</w>
<w form="gal-la" lemma="gal" pos="V" label="to be big">gal-la</w>
</l>
<l n="61" id="c25415.2.C.61" corresp="t25415.p15">
<supplied/>
<w form="&X;" lemma="&X;" label="&X;">&X;</w>
<suppliedEnd/>
<damage/>
<w form="hur-saj" lemma="hur-saj" pos="N" label="mountain (range)">hur<damageEnd/>-saj</w>
<w form="sud4-su13-ra" lemma="sud" pos="V" label="to be distant" form-type="RR">sud4-su13-<damage/><unclear cert="qry">ra</unclear></w>
<damageEnd/>
</l>
<l n="62" id="c25415.2.C.62" corresp="t25415.p15">
<supplied/>
<w form="&X;" lemma="&X;" label="&X;">&X;</w>
<w form="gu2-erim2-jal2-la" lemma="gu2-erim2-jal2" pos="AJ" label="hostile">gu2<suppliedEnd/>-<damage/>erim2<damageEnd/>-jal2-la</w>
<w form="X" lemma="X" label="X">X</w>
<supplied/>
<w form="Xbr" lemma="Xbr" label="Xbr">(X)</w>
<suppliedEnd/>
</l>
<l n="63" id="c25415.2.C.63" corresp="t25415.p15">
<supplied/>
<w form="&X;" lemma="&X;" label="&X;">&X;</w>
<suppliedEnd/>
<w form="X" lemma="X" label="X">X</w>
<damage/>
<w form="cu-ni-ce3" lemma="cu" pos="N" label="hand">cu<damageEnd/>-ni-ce3</w>
<damage/>
<w form="RU" lemma="RU" label="RU"><unclear cert="qry">RU</unclear></w>
<damageEnd/>
<supplied/>
<w form="&X;" lemma="&X;" label="&X;">&X;</w>
<suppliedEnd/>
</l>
<l n="64" id="c25415.2.C.64" corresp="t25415.p15">
<supplied/>
<w form="&X;" lemma="&X;" label="&X;">&X;</w>
<suppliedEnd/>
<w form="&d;ic-me-&d;da-gan" lemma="ic-me-da-gan" pos="N" type="RN" label="I&c;me-Dagan" npart="DN:Dagan" det="&d;"><supplied/>&d;ic-me<suppliedEnd/>-<supplied/>&d;<suppliedEnd/>da-gan</w>
<damage/>
<w form="dumu" lemma="dumu" pos="N" label="child">dumu</w>
<damageEnd/>
<supplied/>
<w form="&X;" lemma="&X;" label="&X;">&X;</w>
<suppliedEnd/>
</l>
<trailer place="rubric" type="missing">
<l n="65" id="c25415.2.C.65" corresp="t25415.p16">
<supplied/>
<w form="&X;-am3" lemma="&X;" label="&X;">&X;<suppliedEnd/>-<damage/>am3</w>
<damageEnd/>
</l>
</trailer>
</lg>
<lg n="D" type="unknown">
<l n="66" id="c25415.2.D.66" corresp="t25415.p17">
<supplied/>
<w form="&X;" lemma="&X;" label="&X;">&X;</w>
<w form="kur-ra" lemma="kur" pos="N" label="(mountain) land">kur<suppliedEnd/>-ra</w>
<w form="cu" lemma="cu" pos="N" label="hand">cu</w>
<w form="ur4-ur4" lemma="ur4" pos="V" label="to collect" form-type="RR">ur4-<supplied/>ur4</w>
<w form="&X;" lemma="&X;" label="&X;">&X;</w>
<suppliedEnd/>
</l>
<l n="67" id="c25415.2.D.67" corresp="t25415.p17">
<supplied/>
<w form="&X;-gin7" lemma="&X;" label="&X;">&X;<suppliedEnd/>-gin7</w>
<w form="SI" lemma="SI" label="SI"><unclear cert="qry">SI</unclear></w>
<w form="X" lemma="X" label="X">X</w>
<supplied/>
<w form="&X;" lemma="&X;" label="&X;">&X;</w>
<suppliedEnd/>
</l>
<l n="68" id="c25415.2.68" corresp="t25415.p17">
<supplied/>
<w form="&X;" lemma="&X;" label="&X;">&X;</w>
<suppliedEnd/>
<w form="RU" lemma="RU" label="RU">RU</w>
<w form="a2" lemma="a2" pos="N" label="arm">a2</w>
<supplied/>
<w form="&X;" lemma="&X;" label="&X;">&X;</w>
<suppliedEnd/>
</l>
<l n="69" id="c25415.2.D.69" corresp="t25415.p17">
<supplied/>
<w form="&X;" lemma="&X;" label="&X;">&X;</w>
<suppliedEnd/>
<w form="X" lemma="X" label="X">X</w>
<w form="hul" lemma="hul" pos="V" label="to be bad">hul</w>
<supplied/>
<w form="&X;" lemma="&X;" label="&X;">&X;</w>
<suppliedEnd/>
</l>
<gap extent="up to 6 lines missing"/>
</lg>
</body>
</text>
</group>
</text>
</TEI.2>
