<TEI.2 id="c.2.4.2.a">
<teiHeader lang="eng">
<fileDesc>
<titleStmt>
<title>A song of &C;ulgi -- a composite transliteration</title>
<respStmt><name>Jeremy Black</name><resp>Project Director and Editor</resp></respStmt>
<respStmt><name>G&aacute;bor Z&oacute;lyomi</name><resp>Editor</resp></respStmt>
<respStmt><name>Graham Cunningham</name><resp>Editor</resp></respStmt>
<respStmt><name>Eleanor Robson</name><resp>Technical Developer</resp></respStmt>
<respStmt><name>Jarle Ebeling</name><resp>Technical Developer</resp></respStmt>
</titleStmt>
<publicationStmt>
<distributor>The Electronic Text Corpus of Sumerian Literature
</distributor><address><addrLine>The Oriental Institute, University of Oxford, Pusey Lane, Oxford OX1 2LE, UK, email etcsl&commat;orinst.ox.ac.uk, http://etcsl.orinst.ox.ac.uk</addrLine></address>
<date>1999</date>
</publicationStmt>
<seriesStmt><p>The Electronic Text Corpus of Sumerian Literature aims to make accessible over 400 literary works composed in the Sumerian language in ancient Mesopotamia during the late third and early second millennia BC. The works are in Sumerian composite transliteration and English prose translation with bibliographical information on each composition.</p></seriesStmt>
<sourceDesc>
<listBibl type="secondary">
<bibl><xref from="b614">Frayne 1983a</xref><biblScope type="contents">handcopy, commentary, translation, composite text</biblScope></bibl>
</listBibl>
<listBibl type="tablets">
<bibl><biblScope type="museumNumber">D 1027 (ARRIM 1 1983] p. 9)</biblScope></bibl>
</listBibl>
</sourceDesc>
</fileDesc>
<revisionDesc>
<change><date>15.xi.1999</date><respStmt><name>GZ</name><resp>editor</resp></respStmt>
<item>standardisation</item></change>
<change><date>14.xii.1999</date><respStmt><name>JAB</name><resp>editor</resp></respStmt>
<item>proofreading</item></change>
<change><date>16.xii.1999</date><respStmt><name>GC</name><resp>editor</resp></respStmt>
<item>SGML tagging</item></change>
<change><date>11.ii.2000</date><respStmt><name>ER</name><resp>editor</resp></respStmt>
<item>proofreading SGML</item></change>
<change><date>11.ii.2000</date><respStmt><name>ER</name><resp>editor</resp></respStmt>
<item>web publication</item></change>
<change><date>01.vi.2003</date><respStmt><name>GC/JE</name><resp>editor/technical developer</resp></respStmt>
<item>XML/TEI conversion</item></change>
<change><date>30.iii.2005</date><respStmt><name>GC/JE</name><resp>senior editor/technical developer</resp></respStmt>
<item>lemmatised version published</item></change>
</revisionDesc>
</teiHeader>
<text lang="sux">
<body>
<l n="1" id="c242a.1" corresp="t242a.p1">
<supplied/>
<w form="Xbr" lemma="Xbr" label="Xbr">(X)</w>
<suppliedEnd/>
<damage/>
<w form="cag4-ta" lemma="cag4" pos="N" label="heart">cag4<damageEnd/>-ta</w>
<w form="kug-ga" lemma="kug" pos="AJ" label="shining">kug-ga</w>
<w form="X" lemma="X" label="X">X</w>
<supplied/>
<w form="&X;" lemma="&X;" label="&X;">&X;</w>
<suppliedEnd/>
<damage/>
<w form="e3" lemma="e3" pos="V" label="to go out or in">e3</w>
<damageEnd/>
</l>
<l n="2" id="c242a.2" corresp="t242a.p1">
<supplied/>
<w form="&X;" lemma="&X;" label="&X;">&X;</w>
<suppliedEnd/>
<w form="X" lemma="X" label="X">X</w>
<w form="kalam-ma" lemma="kalam" pos="N" label="the Land">kalam-ma</w>
<supplied/>
<w form="&X;" lemma="&X;" label="&X;">&X;</w>
<suppliedEnd/>
<w form="ki" lemma="ki" pos="N" label="place">ki</w>
<w form="hul2" lemma="hul2" pos="V" label="to be happy">hul2</w>
<supplied/>
<w form="&X;" lemma="&X;" label="&X;">&X;</w>
<suppliedEnd/>
</l>
<l n="3" id="c242a.3" corresp="t242a.p1">
<supplied/>
<w form="&X;" lemma="&X;" label="&X;">&X;</w>
<suppliedEnd/>
<w form="X" lemma="X" label="X">X</w>
<w form="X" lemma="X" label="X">X</w>
<w form="X" lemma="X" label="X">X</w>
<w form="X" lemma="X" label="X">X</w>
<w form="X" lemma="X" label="X">X</w>
<w form="X" lemma="X" label="X">X</w>
<supplied/>
<w form="&X;" lemma="&X;" label="&X;">&X;</w>
<suppliedEnd/>
<w form="X" lemma="X" label="X">X</w>
<w form="KI" lemma="KI" label="KI">KI</w>
<w form="X" lemma="X" label="X">X</w>
<w form="X" lemma="X" label="X">X</w>
</l>
<l n="4" id="c242a.4" corresp="t242a.p1">
<supplied/>
<w form="&X;" lemma="&X;" label="&X;">&X;</w>
<suppliedEnd/>
<w form="X" lemma="X" label="X">X</w>
<w form="dug4-ga" lemma="dug4" pos="V" label="to say">dug4-ga</w>
<supplied/>
<w form="&X;" lemma="&X;" label="&X;">&X;</w>
<suppliedEnd/>
<w form="X" lemma="X" label="X">X</w>
<w form="NA" lemma="NA" label="NA">NA</w>
<w form="X" lemma="X" label="X">X</w>
<w form="X" lemma="X" label="X">X</w>
</l>
<l n="5" id="c242a.5" corresp="t242a.p2">
<supplied/>
<w form="lugal-ju10" lemma="lugal" pos="N" label="king">lugal<suppliedEnd/>-ju10</w>
<w form="eridug&ki;-ce3" lemma="eridug" pos="N" type="SN" label="Eridug" det="&ki;">eridug&ki;-ce3</w>
<w form="na-jen" lemma="jen" pos="V" label="to go">na-jen</w>
</l>
<l n="6" id="c242a.6" corresp="t242a.p2">
<damage/>
<w form="nun" lemma="nun" pos="N" label="prince">nun</w>
<damageEnd/>
<supplied/>
<w form="gal" lemma="gal" pos="V" label="to be big">gal</w>
<suppliedEnd/>
<w form="a-a" lemma="a-a" pos="N" label="father">a-a</w>
<w form="&d;en-ki" lemma="en-ki" pos="N" type="DN" label="Enki" det="&d;">&d;en-ki</w>
<w form="hul2-la-a" lemma="hul2" pos="V" label="to be happy">hul2-<damage/>la-a</w>
<damageEnd/>
</l>
<l n="7" id="c242a.7" corresp="t242a.p2">
<w form="&d;cul-gi-re" lemma="cul-gi" pos="N" type="RN" label="&C;ulgi" det="&d;">&d;<damage/>cul-gi<damageEnd/>-re</w>
<w form="eridug&ki;-ce3" lemma="eridug" pos="N" type="SN" label="Eridug" det="&ki;">eridug<supplied/>&ki;<suppliedEnd/>-ce3</w>
<w form="na-jen" lemma="jen" pos="V" label="to go">na-<supplied/>jen</w>
<suppliedEnd/>
</l>
<l n="8" id="c242a.8" corresp="t242a.p2">
<w form="nun" lemma="nun" pos="N" label="prince">nun</w>
<w form="gal" lemma="gal" pos="V" label="to be big">gal</w>
<supplied/>
<w form="a-a" lemma="a-a" pos="N" label="father">a<suppliedEnd/>-a</w>
<w form="&d;en-ki" lemma="en-ki" pos="N" type="DN" label="Enki" det="&d;"><supplied/>&d;<suppliedEnd/><damage/>en<damageEnd/>-ki</w>
<damage/>
<w form="hul2-la-a" lemma="hul2" pos="V" label="to be happy">hul2-la-a</w>
<damageEnd/>
</l>
<l n="9" id="c242a.9" corresp="t242a.p3">
<w form="lugal-ju10" lemma="lugal" pos="N" label="king">lugal-<damage/>ju10</w>
<damageEnd/>
<w form="nibru&ki;-ce3" lemma="nibru" pos="N" type="SN" label="Nibru" det="&ki;"><damage/>nibru<damageEnd/>&ki;-ce3</w>
<w form="na-jen" lemma="jen" pos="V" label="to go">na-<damage/>jen</w>
<damageEnd/>
</l>
<l n="10" id="c242a.10" corresp="t242a.p3">
<w form="kur" lemma="kur" pos="N" label="(mountain) land">kur</w>
<w form="gal" lemma="gal" pos="V" label="to be big">gal</w>
<w form="a-a" lemma="a-a" pos="N" label="father">a-<damage/>a</w>
<damageEnd/>
<w form="&d;en-lil2" lemma="en-lil2" pos="N" type="DN" label="Enlil" det="&d;"><supplied/>&d;en<suppliedEnd/>-lil2</w>
<w form="hul2-la-a" lemma="hul2" pos="V" label="to be happy">hul2-la-a</w>
</l>
<l n="11" id="c242a.11" corresp="t242a.p3">
<w form="&d;cul-gi-re" lemma="cul-gi" pos="N" type="RN" label="&C;ulgi" det="&d;">&d;cul-gi-<damage/>re<damageEnd/></w>
<w form="nibru&ki;-ce3" lemma="nibru" pos="N" type="SN" label="Nibru" det="&ki;"><damage/>nibru<damageEnd/>&ki;-ce3</w>
<w form="na-jen" lemma="jen" pos="V" label="to go">na-jen</w>
</l>
<l n="12" id="c242a.12" corresp="t242a.p3">
<w form="kur" lemma="kur" pos="N" label="(mountain) land">kur</w>
<w form="gal" lemma="gal" pos="V" label="to be big">gal</w>
<w form="a-a" lemma="a-a" pos="N" label="father">a-a</w>
<w form="&d;en-lil2" lemma="en-lil2" pos="N" type="DN" label="Enlil" det="&d;">&d;en-lil2</w>
<w form="hul2-la-a" lemma="hul2" pos="V" label="to be happy">hul2-la-a</w>
</l>
<l n="13" id="c242a.13" corresp="t242a.p4">
<w form="lugal-ju10" lemma="lugal" pos="N" label="king">lugal-ju10</w>
<w form="e2-cu-me-ca4-ce3" lemma="e2-cu-me-ca4" pos="N" type="TN" label="E-&c;u-me-&c;a">e2-cu-<supplied/>me<suppliedEnd/>-<damage/>ca4<damageEnd/>-ce3</w>
<w form="na-jen" lemma="jen" pos="V" label="to go">na-jen</w>
</l>
<l n="14" id="c242a.14" corresp="t242a.p4">
<w form="en" lemma="en" pos="N" label="lord">en</w>
<w form="&d;nin-urta-ke4" lemma="nin-urta" pos="N" type="DN" label="Ninurta" det="&d;">&d;nin-<supplied/>urta<suppliedEnd/>-ke4</w>
<w form="hul2-la-a" lemma="hul2" pos="V" label="to be happy">hul2-la-a</w>
</l>
<l n="15" id="c242a.15" corresp="t242a.p4">
<w form="&d;cul-gi-re" lemma="cul-gi" pos="N" type="RN" label="&C;ulgi" det="&d;">&d;cul-gi-<damage/>re<damageEnd/></w>
<w form="e2-cu-me-ca4-ce3" lemma="e2-cu-me-ca4" pos="N" type="TN" label="E-&c;u-me-&c;a">e2-cu-me-<damage/>ca4<damageEnd/>-ce3</w>
<w form="na-jen" lemma="jen" pos="V" label="to go">na-jen</w>
</l>
<l n="16" id="c242a.16" corresp="t242a.p4">
<damage/>
<w form="en" lemma="en" pos="N" label="lord">en</w>
<damageEnd/>
<w form="&d;nin-urta-ke4" lemma="nin-urta" pos="N" type="DN" label="Ninurta" det="&d;">&d;nin-<damage/>urta<damageEnd/>-ke4</w>
<w form="hul2-la-NI" lemma="hul2" pos="V" label="to be happy">hul2-la-<damage/><unclear cert="qry">NI</unclear></w>
<damageEnd/>
</l>
<l n="17" id="c242a.17" corresp="t242a.p5">
<w form="lugal-ju10" lemma="lugal" pos="N" label="king">lugal-ju10</w>
<w form="kec3&ki;-ce3" lemma="kec3" pos="N" type="SN" label="Ke&c;" det="&ki;"><damage/>kec3<damageEnd/>&ki;-<damage/>ce3<damageEnd/></w>
<supplied/>
<w form="na-jen" lemma="jen" pos="V" label="to go">na-jen</w>
<suppliedEnd/>
</l>
<l n="18" id="c242a.18" corresp="t242a.p5">
<w form="&d;nin-sumun2-zid-gal-an-na" lemma="nin-sumun2-zid-gal-an-na" pos="N" type="DN" label="Ninsumun-zid-gal-ana" det="&d;">&d;nin-<damage/>sumun2-zid<damageEnd/>-gal-an-<damage/>na<damageEnd/></w>
<supplied/>
<w form="hul2-la-a" lemma="hul2" pos="V" label="to be happy">hul2-la-a</w>
<suppliedEnd/>
</l>
<l n="19" id="c242a.19" corresp="t242a.p5">
<w form="&d;cul-gi-re" lemma="cul-gi" pos="N" type="RN" label="&C;ulgi" det="&d;">&d;<damage/>cul<damageEnd/>-<supplied/>gi<suppliedEnd/>-<damage/>re<damageEnd/></w>
<w form="kec3&ki;-ce3" lemma="kec3" pos="N" type="SN" label="Ke&c;" det="&ki;">kec3<damage/>&ki;<damageEnd/>-<supplied/>ce3<suppliedEnd/></w>
<supplied/>
<w form="na-jen" lemma="jen" pos="V" label="to go">na-jen</w>
<suppliedEnd/>
</l>
<l n="20" id="c242a.20" corresp="t242a.p5">
<w form="&d;nin-sumun2-zid-gal-an-na" lemma="nin-sumun2-zid-gal-an-na" pos="N" type="DN" label="Ninsumun-zid-gal-ana" det="&d;">&d;<supplied/>nin<suppliedEnd/>-<damage/>sumun2<damageEnd/>-zid-gal-an-<damage/>na<damageEnd/></w>
<supplied/>
<w form="hul2-la-a" lemma="hul2" pos="V" label="to be happy">hul2-la-a</w>
<suppliedEnd/>
</l>
<l n="21" id="c242a.21" corresp="t242a.p6">
<w form="lugal-ju10" lemma="lugal" pos="N" label="king">lugal-<damage/>ju10</w>
<damageEnd/>
<w form="urim2-ce3" lemma="urim2" pos="N" type="SN" label="Urim">urim2-ce3</w>
<w form="na-jen" lemma="jen" pos="V" label="to go">na-<supplied/>jen</w>
<suppliedEnd/>
</l>
<l n="22" id="c242a.22" corresp="t242a.p6">
<w form="en" lemma="en" pos="N" label="lord">en</w>
<w form="&d;ac-im4-babbar" lemma="ac-im2-babbar2" pos="N" type="DN" label="A&c;imbabbar" det="&d;">&d;<supplied/>ac<suppliedEnd/>-<damage/>im4<damageEnd/>-babbar</w>
<damage/>
<w form="hul2-la-a" lemma="hul2" pos="V" label="to be happy">hul2<damageEnd/>-<supplied/>la-a</w>
<suppliedEnd/>
</l>
<l n="23" id="c242a.23" corresp="t242a.p6">
<w form="&d;cul-gi-re" lemma="cul-gi" pos="N" type="RN" label="&C;ulgi" det="&d;">&d;cul-gi-<damage/>re<damageEnd/></w>
<supplied/>
<w form="urim2&ki;-ce3" lemma="urim2" pos="N" type="SN" label="Urim" det="&ki;">urim2&ki;-ce3</w>
<w form="na-jen" lemma="jen" pos="V" label="to go">na-jen</w>
<suppliedEnd/>
</l>
<l n="24" id="c242a.24" corresp="t242a.p6">
<w form="en" lemma="en" pos="N" label="lord">en</w>
<w form="&d;ac-im4-babbar" lemma="ac-im2-babbar2" pos="N" type="DN" label="A&c;imbabbar" det="&d;">&d;ac-<damage/>im4<damageEnd/>-<supplied/>babbar<suppliedEnd/></w>
<supplied/>
<w form="hul2-la-a" lemma="hul2" pos="V" label="to be happy">hul2-la-a</w>
<suppliedEnd/>
</l>
<l n="25" id="c242a.25" corresp="t242a.p7">
<damage/>
<w form="lugal-ju10" lemma="lugal" pos="N" label="king">lugal<damageEnd/>-ju10</w>
<w form="e2-babbar2-ce3" lemma="e2-babbar2" pos="N" type="TN" label="E-babbar">e2-<damage/>babbar2<damageEnd/>-ce3</w>
<w form="na-jen" lemma="jen" pos="V" label="to go">na-<damage/>jen</w>
<damageEnd/>
</l>
<l n="26" id="c242a.26" corresp="t242a.p7">
<w form="sun4" lemma="sun4" pos="N" label="beard">sun4</w>
<supplied/>
<w form="za-gin3" lemma="za-gin3" pos="N" label="lapis lazuli">za-gin3</w>
<suppliedEnd/>
<w form="BA" lemma="BA" label="BA"><unclear cert="qry">BA</unclear></w>
<w form="X" lemma="X" label="X">X</w>
<w form="hul2-la-a" lemma="hul2" pos="V" label="to be happy">hul2-<damage/>la<damageEnd/>-<supplied/>a</w>
<suppliedEnd/>
</l>
<l n="27" id="c242a.27" corresp="t242a.p7">
<w form="&d;cul-gi-re" lemma="cul-gi" pos="N" type="RN" label="&C;ulgi" det="&d;">&d;<damage/>cul<damageEnd/>-gi-re</w>
<w form="e2-babbar2-ce3" lemma="e2-babbar2" pos="N" type="TN" label="E-babbar">e2-babbar2-ce3</w>
<w form="na-jen" lemma="jen" pos="V" label="to go">na-<damage/>jen</w>
<damageEnd/>
</l>
<l n="28" id="c242a.28" corresp="t242a.p7">
<w form="sun4" lemma="sun4" pos="N" label="beard">sun4</w>
<w form="za-gin3" lemma="za-gin3" pos="N" label="lapis lazuli">za-gin3</w>
<w form="BA" lemma="BA" label="BA"><unclear cert="qry">BA</unclear></w>
<w form="X" lemma="X" label="X">X</w>
<w form="hul2-la-a" lemma="hul2" pos="V" label="to be happy">hul2-<supplied/>la-a</w>
<suppliedEnd/>
</l>
<l n="29" id="c242a.29" corresp="t242a.p8">
<w form="lugal-ju10" lemma="lugal" pos="N" label="king">lugal-ju10</w>
<w form="kul-aba4&ki;-ce3" lemma="kul-aba" pos="N" type="SN" label="Kulaba" det="&ki;">kul-aba4<damage/>&ki;<damageEnd/>-ce3</w>
<damage/>
<w form="na-jen" lemma="jen" pos="V" label="to go">na-jen</w>
<damageEnd/>
</l>
<l n="30" id="c242a.30" corresp="t242a.p8">
<w form="&d;nin-iri12-gal-ke4" lemma="nin-irigal" pos="N" type="DN" label="Ninirigal" det="&d;">&d;nin-iri12-gal-<damage/>ke4<damageEnd/></w>
<w form="hul2-la-a" lemma="hul2" pos="V" label="to be happy">hul2-la-a</w>
</l>
<l n="31" id="c242a.31" corresp="t242a.p8">
<w form="&d;cul-gi-re" lemma="cul-gi" pos="N" type="RN" label="&C;ulgi" det="&d;">&d;cul-gi-re</w>
<w form="kul-aba4&ki;-ce3" lemma="kul-aba" pos="N" type="SN" label="Kulaba" det="&ki;"><supplied/>kul<suppliedEnd/>-aba4&ki;-ce3</w>
<w form="na-jen" lemma="jen" pos="V" label="to go">na-jen</w>
</l>
<l n="32" id="c242a.32" corresp="t242a.p8">
<w form="&d;nin-iri12-gal-ke4" lemma="nin-irigal" pos="N" type="DN" label="Ninirigal" det="&d;">&d;nin-iri12-gal-<supplied/>ke4<suppliedEnd/></w>
<w form="hul2-la-a" lemma="hul2" pos="V" label="to be happy">hul2-la-a</w>
</l>
<l n="33" id="c242a.33" corresp="t242a.p9">
<w form="lugal-ju10" lemma="lugal" pos="N" label="king">lugal-<damage/>ju10</w>
<damageEnd/>
<supplied/>
<w form="ki" lemma="ki" pos="N" label="place">ki</w>
<suppliedEnd/>
<w form="zabalam2&ki;-ce3" lemma="zabalam" pos="N" type="SN" label="Zabalam" det="&ki;"><damage/>zabalam2<damageEnd/>&ki;-ce3</w>
<w form="na-jen" lemma="jen" pos="V" label="to go">na-jen</w>
</l>
<l n="34" id="c242a.34" corresp="t242a.p9">
<supplied/>
<w form="&X;" lemma="&X;" label="&X;">&X;</w>
<suppliedEnd/>
<w form="&d;inana-ke4" lemma="inana" pos="N" type="DN" label="Inana" det="&d;"><supplied/>&d;<suppliedEnd/>inana-ke4</w>
<w form="hul2-la-a" lemma="hul2" pos="V" label="to be happy">hul2-la-a</w>
</l>
<l n="35" id="c242a.35" corresp="t242a.p9">
<w form="&d;cul-gi-re" lemma="cul-gi" pos="N" type="RN" label="&C;ulgi" det="&d;"><supplied/>&d;<suppliedEnd/><damage/>cul<damageEnd/>-gi-re</w>
<w form="ki" lemma="ki" pos="N" label="place">ki</w>
<w form="zabalam2&ki;-ce3" lemma="zabalam" pos="N" type="SN" label="Zabalam" det="&ki;"><damage/>zabalam2<damageEnd/>&ki;-ce3</w>
<w form="na-jen" lemma="jen" pos="V" label="to go">na-jen</w>
</l>
<l n="36" id="c242a.36" corresp="t242a.p9">
<supplied/>
<w form="&X;" lemma="&X;" label="&X;">&X;</w>
<suppliedEnd/>
<w form="&d;inana-ke4" lemma="inana" pos="N" type="DN" label="Inana" det="&d;"><supplied/>&d;inana<suppliedEnd/>-ke4</w>
<w form="hul2-la-a" lemma="hul2" pos="V" label="to be happy">hul2-la-a</w>
</l>
</body>
</text>
</TEI.2>
