<TEI.2 id="c.2.4.2.15">
<teiHeader lang="eng">
<fileDesc>
<titleStmt>
<title>A praise poem of &C;ulgi (&C;ulgi O) -- a composite transliteration</title>
<respStmt><name>Jeremy Black</name><resp>Project Director and Editor</resp></respStmt>
<respStmt><name>G&aacute;bor Z&oacute;lyomi</name><resp>Editor</resp></respStmt>
<respStmt><name>Graham Cunningham</name><resp>Editor</resp></respStmt>
<respStmt><name>Eleanor Robson</name><resp>Technical Developer</resp></respStmt>
<respStmt><name>Jarle Ebeling</name><resp>Technical Developer</resp></respStmt>
</titleStmt>
<publicationStmt>
<distributor>The Electronic Text Corpus of Sumerian Literature
</distributor><address><addrLine>The Oriental Institute, University of Oxford, Pusey Lane, Oxford OX1 2LE, UK, email etcsl&commat;orinst.ox.ac.uk, http://etcsl.orinst.ox.ac.uk</addrLine></address>
<date>2000</date>
</publicationStmt>
<seriesStmt><p>The Electronic Text Corpus of Sumerian Literature aims to make accessible over 400 literary works composed in the Sumerian language in ancient Mesopotamia during the late third and early second millennia BC. The works are in Sumerian composite transliteration and English prose translation with bibliographical information on each composition.</p></seriesStmt>
<sourceDesc>
<listBibl type="secondary">
<bibl><xref from="b308">Krecher 1996a</xref><biblScope type="contents">composite text, translation</biblScope><note>electronic source</note></bibl>
<bibl><xref from="b504">Klein 1976</xref><biblScope type="page">271-292</biblScope><biblScope type="contents">composite text, translation, commentary</biblScope></bibl>
<bibl><xref from="b506">Sj&ouml;berg 1960</xref><biblScope type="page">108-118</biblScope><biblScope type="contents">composite text, commentary</biblScope><note>ll. 1-28</note></bibl>
<bibl><xref from="b688">Hall 1985</xref><biblScope type="page">428-431</biblScope><biblScope type="contents">commentary</biblScope></bibl>
</listBibl>
<listBibl type="tablets">
<bibl><biblScope type="museumNumber">CBS 10306</biblScope></bibl>
<bibl><biblScope type="museumNumber">CBS 10900 (+?) Ni 13227 (ISET 1 150)</biblScope></bibl>
<bibl><biblScope type="museumNumber">Ni 2477 (SLTN 79)</biblScope></bibl>
<bibl><biblScope type="museumNumber">Ni 4101 (ISET 1 27)</biblScope></bibl>
<bibl><biblScope type="museumNumber">Ni 4112 (ISET 1 72)</biblScope></bibl>
<bibl><biblScope type="museumNumber">Ni 4535 (ISET 2 1)</biblScope></bibl>
<bibl><biblScope type="museumNumber">UM 29-13-990</biblScope></bibl>
<bibl><biblScope type="museumNumber">UM 29-15-9 + UM 29-15-158</biblScope></bibl>
<bibl><biblScope type="museumNumber">?UM 29-15-231</biblScope></bibl>
</listBibl>
</sourceDesc>
</fileDesc>
<revisionDesc>
<change><date>19.ii.1999-01.iii.1999</date><respStmt><name>JAB</name><resp>editor</resp></respStmt>
<item>standardisation</item></change>
<change><date>28.vii.2000</date><respStmt><name>GZ</name><resp>editor</resp></respStmt>
<item>proofreading</item></change>
<change><date>28.vii.2000</date><respStmt><name>GC</name><resp>editor</resp></respStmt>
<item>SGML tagging</item></change>
<change><date>01.ix.2000</date><respStmt><name>ER</name><resp>editor</resp></respStmt>
<item>proofreading SGML</item></change>
<change><date>01.ix.2000</date><respStmt><name>ER</name><resp>editor</resp></respStmt>
<item>web publication</item></change>
<change><date>01.vi.2003</date><respStmt><name>GC/JE</name><resp>editor/technical developer</resp></respStmt>
<item>XML/TEI conversion</item></change>
<change><date>30.iii.2005</date><respStmt><name>GC/JE</name><resp>senior editor/technical developer</resp></respStmt>
<item>lemmatised version published</item></change>
</revisionDesc>
</teiHeader>
<text lang="sux">
<body>
<div1 type="segment" n="A">
<l n="1" id="c24215.A.1" corresp="t24215.p1">
<w form="iri" lemma="iri" pos="N" label="town">iri</w>
<w form="mu-bi-gin7" lemma="mu" pos="N" label="name">mu-bi-gin7</w>
<w form="me-a" lemma="me" pos="N" label="essence">me-a</w>
<w form="tum2-ma" lemma="tum2" pos="V" label="to be suitable">tum2-ma</w>
<note lang="eng">Cited in <xref doc="c.0.2.02" from="c0202.62">OB catalogue in the Louvre, 0.2.02, line 62</xref></note>
</l>
<l n="2" id="c24215.A.2" corresp="t24215.p1">
<w form="ec3" lemma="ec3" pos="N" label="shrine">ec3</w>
<w form="urim2&ki;" lemma="urim2" pos="N" type="SN" label="Urim" det="&ki;">urim2&ki;</w>
<w form="ud" lemma="ud" pos="N" label="storm">ud</w>
<w form="huc" lemma="huc" pos="V" label="to be reddish">huc</w>
<w form="ki-en-gi-ra" lemma="ki-en-gi" pos="N" type="GN" label="Sumer">ki-en-gi-ra</w>
<w form="me3" lemma="me3" pos="N" label="battle">me3</w>
<w form="ki" lemma="ki" pos="N" label="place">ki</w>
<w form="us2-sa" lemma="us2" pos="V" label="to be adjacent">us2-sa</w>
</l>
<l n="3" id="c24215.A.3" corresp="t24215.p1">
<w form="numun" lemma="numun" pos="N" label="seed">numun</w>
<w form="i-i" lemma="i" pos="V" label="to bring out" form-type="RR">i-i</w>
<w form="suhuc" lemma="suhuc" pos="N" label="foundation">suhuc</w>
<w form="kalam-ma" lemma="kalam" pos="N" label="the Land">kalam-ma</w>
<w form="gen6-ne2" lemma="gen6" pos="V" label="to be firm">gen6-ne2</w>
<w form="he2-jal2" lemma="he2-jal2" pos="N" label="plenty">he2-jal2</w>
<w form="ki" lemma="ki" pos="N" label="place">ki</w>
<w form="us2-sa" lemma="us2" pos="V" label="to be adjacent">us2-sa</w>
</l>
<l n="4" id="c24215.A.4" corresp="t24215.p1">
<w form="barag" lemma="barag" pos="N" label="dais">barag</w>
<w form="mah" lemma="mah" pos="V" label="to be majestic">mah</w>
<w form="an-na" lemma="an" pos="N" type="DN" label="An">an-na</w>
<w form="ki" lemma="ki" pos="N" label="place">ki</w>
<w form="kug" lemma="kug" pos="AJ" label="shining">kug</w>
<w form="ki" lemma="ki" pos="N" label="place">ki</w>
<w form="sikil" lemma="sikil" pos="V" label="to be pure">sikil</w>
</l>
<l n="5" id="c24215.A.5" corresp="t24215.p1">
<w form="nij2-saj" lemma="nesaj" pos="N" label="(first-fruit) offering">nij2-saj</w>
<w form="gu7" lemma="gu7" pos="V" label="to eat">gu7</w>
<w form="an-ne2" lemma="an" pos="N" type="DN" label="An">an-ne2</w>
<w form="ni2" lemma="ni2" pos="N" label="self">ni2</w>
<w form="te-en-ten" lemma="ten" pos="V" label="to extinguish" form-type="RR">te-en-ten</w>
<w form="lal3" lemma="lal3" pos="N" label="syrup">lal3</w>
<w form="jectin" lemma="jectin" pos="N" label="grape (wine)">jectin</w>
<w form="biz-biz-ze2-da" lemma="biz" pos="V" label="to drip" form-type="RR">biz-biz-ze2-da</w>
<w form="ki" lemma="ki" pos="N" label="place">ki</w>
<w form="us2-sa" lemma="us2" pos="V" label="to be adjacent">us2-sa</w>
</l>
<l n="6" id="c24215.A.6" corresp="t24215.p1">
<w form="du6-ur2" lemma="du6-ur2" pos="N" type="TN" label="Du-ur">du6-ur2</w>
<w form="ki" lemma="ki" pos="N" label="place">ki</w>
<w form="mu" lemma="mu" pos="N" label="name">mu</w>
<w form="tuku" lemma="tuku" pos="V" label="to have">tuku</w>
<w form="&d;en-lil2-la2" lemma="en-lil2" pos="N" type="DN" label="Enlil" det="&d;">&d;en-lil2-la2</w>
<w form="cag4-bi" lemma="cag4" pos="N" label="heart">cag4-bi</w>
<w form="me" lemma="me" pos="N" label="essence">me</w>
<w form="hal-ha" lemma="hal" pos="V" label="to divide out" form-type="RR">hal-ha</w>
</l>
<l n="7" id="c24215.A.7" corresp="t24215.p1">
<w form="ki" lemma="ki" pos="N" label="place">ki</w>
<w form="nam" lemma="nam" pos="N" label="destiny">nam</w>
<w form="tar-ra" lemma="tar" pos="V" label="to cut">tar-ra</w>
<w form="a-a" lemma="a-a" pos="N" label="father">a-a</w>
<w form="&d;en-lil2-la2" lemma="en-lil2" pos="N" type="DN" label="Enlil" det="&d;">&d;en-lil2-la2</w>
<w form="barag" lemma="barag" pos="N" label="dais">barag</w>
<w form="gal" lemma="gal" pos="V" label="to be big">gal</w>
<w form="ki" lemma="ki" pos="N" label="place">ki</w>
<w form="us2-sa" lemma="us2" pos="V" label="to be adjacent">us2-sa</w>
</l>
<l n="8" id="c24215.A.8" corresp="t24215.p1">
<w form="eridug&ki;" lemma="eridug" pos="N" type="SN" label="Eridug" det="&ki;">eridug&ki;</w>
<w form="ec3" lemma="ec3" pos="N" label="shrine">ec3</w>
<w form="kug-zu" lemma="kug-zu" pos="AJ" label="wise">kug-zu</w>
<w form="nam" lemma="nam" pos="N" label="destiny">nam</w>
<w form="tar-ra" lemma="tar" pos="V" label="to cut">tar-ra</w>
<w form="me" lemma="me" pos="N" label="essence">me</w>
<w form="nun" lemma="nun" pos="N" label="prince">nun</w>
<w form="me" lemma="me" pos="N" label="essence">me</w>
<w form="sikil-la" lemma="sikil" pos="V" label="to be pure">sikil-la</w>
<w form="ki" lemma="ki" pos="N" label="place">ki</w>
<w form="us2-sa" lemma="us2" pos="V" label="to be adjacent">us2-sa</w>
</l>
<l n="9" id="c24215.A.9" corresp="t24215.p1">
<w form="e2-kic-nu-jal2-la" lemma="e2-kic-nu-jal2" pos="N" type="TN" label="E-ki&c;-nu-&g;al">e2-kic-nu-jal2-la</w>
<w form="tur3" lemma="tur3" pos="N" label="animal stall">tur3</w>
<w form="&d;suen-na" lemma="suen" pos="N" type="DN" label="Suen" det="&d;">&d;suen-na</w>
</l>
<l n="10" id="c24215.A.10" corresp="t24215.p1">
<w form="ab2" lemma="ab2" pos="N" label="cow">ab2</w>
<w form="zid" lemma="zid" pos="AJ" label="right">zid</w>
<w form="&gud;ninda2" lemma="ninda2" pos="N" label="breeding bull" det="&gud;">&gud;ninda2</w>
<w form="amar" lemma="amar" pos="N" label="calf">amar</w>
<w form="kug-ge" lemma="kug" pos="AJ" label="shining">kug-ge</w>
<phr type="VP" lemma="e-ne dug4" label="to play">
<w form="a-ne" lemma="e-ne" pos="N" label="game">a-ne</w>
<w form="di" lemma="dug4" pos="V" label="to say" form-type="nfi">di</w>
</phr>
<w form="i3" lemma="i3" pos="N" label="fatty substance">i3</w>
<w form="dug3-ga" lemma="dug3" pos="V" label="to be good"><unclear cert="qry">dug3</unclear>-ga</w>
<w form="ki" lemma="ki" pos="N" label="place">ki</w>
<w form="us2-sa" lemma="us2" pos="V" label="to be adjacent">us2-sa</w>
</l>
<l n="11" id="c24215.A.11" corresp="t24215.p1">
<w form="abzu" lemma="abzu" pos="N" label="underground water">abzu</w>
<w form="ki-tuc" lemma="ki-tuc" pos="N" label="dwelling place">ki-tuc</w>
<w form="kug" lemma="kug" pos="AJ" label="shining">kug</w>
<w form="cul" lemma="cul" pos="N" label="young man">cul</w>
<w form="&d;suen-na" lemma="suen" pos="N" type="DN" label="Suen" det="&d;">&d;suen-na</w>
</l>
<l n="12" id="c24215.A.12" corresp="t24215.p1">
<w form="&jic;ecgiri2" lemma="ecgiri2" pos="N" label="staff" det="&jic;">&jic;ecgiri2</w>
<w form="mah" lemma="mah" pos="V" label="to be majestic">mah</w>
<w form="an-na" lemma="an" pos="N" label="heaven">an-na</w>
<w form="saj" lemma="saj" pos="N" label="head">saj</w>
<w form="il2-la" lemma="il2" pos="V" label="to raise">il2-la</w>
<w form="u6" lemma="u6" pos="N" label="wonder">u6</w>
<w form="di" lemma="dug4" pos="V" label="to say" form-type="nfi">di</w>
<w form="ki" lemma="ki" pos="N" label="place">ki</w>
<w form="us2-sa" lemma="us2" pos="V" label="to be adjacent">us2-sa</w>
</l>
<l n="13" id="c24215.A.13" corresp="t24215.p2">
<w form="ji6-par4" lemma="ji6-par4" pos="N" label="cloister">ji6-par4</w>
<w form="ec3" lemma="ec3" pos="N" label="shrine">ec3</w>
<w form="nam-hi-li" lemma="nam-hi-li" pos="N" label="charm">nam-hi-li</w>
<w form="du3-a" lemma="du3" pos="V" label="to erect">du3-a</w>
<w form="me" lemma="me" pos="N" label="essence">me</w>
<w form="zid" lemma="zid" pos="AJ" label="right">zid</w>
<w form="nam-en-na" lemma="nam-en" pos="N" label="high (priestly) office">nam-en-na</w>
<w form="ki" lemma="ki" pos="N" label="place">ki</w>
<w form="us2-sa" lemma="us2" pos="V" label="to be adjacent">us2-sa</w>
</l>
<l n="14" id="c24215.A.14" corresp="t24215.p2">
<w form="en" lemma="en" pos="N" label="high priest(ess)">en</w>
<w form="nun-na" lemma="nun" pos="N" label="prince">nun-na</w>
<w form="mu" lemma="mu" pos="N" label="name">mu</w>
<w form="gal-zu" lemma="gal" pos="V" label="to be big">gal-zu</w>
<w form="sikil-la-am3" lemma="sikil" pos="V" label="to be pure">sikil-la-am3</w>
</l>
<l n="15" id="c24215.A.15" corresp="t24215.p2">
<w form="suh" lemma="suh10" pos="N" label="crown">suh</w>
<w form="bur2-bur2" lemma="bur2" pos="V" label="to release" form-type="RR">bur2-bur2</w>
<w form="&d;nanna" lemma="nanna" pos="N" type="DN" label="Nanna" det="&d;">&d;nanna</w>
<w form="ki-tuc" lemma="ki-tuc" pos="N" label="dwelling place">ki-tuc</w>
<w form="dug3-ge" lemma="dug3" pos="V" label="to be good">dug3-ge</w>
<w form="inim" lemma="inim" pos="N" label="word">inim</w>
<w form="dug3" lemma="dug3" pos="V" label="to be good">dug3</w>
<w form="nij2-si-sa2-e" lemma="nij2-si-sa2" pos="N" label="justice">nij2-si-sa2-e</w>
<w form="ki" lemma="ki" pos="N" label="place">ki</w>
<w form="us2-sa" lemma="us2" pos="V" label="to be adjacent">us2-sa</w>
</l>
<l n="16" id="c24215.A.16" corresp="t24215.p2">
<w form="id2-nun-kug" lemma="id2-nun-kug" pos="N" type="WN" label="Id-nun-kug">id2-nun-kug</w>
<w form="a" lemma="a" pos="N" label="water">a</w>
<w form="zal-le" lemma="zal" pos="V" label="to pass">zal-le</w>
<w form="gal-gal-la" lemma="gal" pos="V" label="to be big" form-type="RR">gal-gal-la</w>
<w form="kun-zu-ce3" lemma="kun" pos="N" label="tail">kun-zu-ce3</w>
<w form="ku6" lemma="ku6" pos="N" label="fish">ku6</w>
<w form="mucen" lemma="mucen" pos="N" label="bird">mucen</w>
<w form="ki" lemma="ki" pos="N" label="place">ki</w>
<w form="us2-sa" lemma="us2" pos="V" label="to be adjacent">us2-sa</w>
</l>
<l n="17" id="c24215.A.17" corresp="t24215.p2">
<w form="bad3" lemma="bad3" pos="N" label="wall">bad3</w>
<w form="nijin2-na" lemma="nijin2" pos="V" label="to go around">nijin2-na</w>
<w form="iri" lemma="iri" pos="N" label="town">iri</w>
<w form="ki" lemma="ki" pos="N" label="place">ki</w>
<w form="ja2-ra-bi" lemma="jar" pos="V" label="to place">ja2-ra-bi</w>
<w form="cita2" lemma="cita2" pos="N" label="type of weapon">cita2</w>
<w form="&jic;tukul" lemma="tukul" pos="N" label="weapon" det="&jic;">&jic;tukul</w>
<w form="ki" lemma="ki" pos="N" label="place">ki</w>
<w form="us2-sa" lemma="us2" pos="V" label="to be adjacent">us2-sa</w>
</l>
<l n="18" id="c24215.A.18" corresp="t24215.p2">
<w form="unken" lemma="unken" pos="N" label="assembly">unken</w>
<w form="jar-ra" lemma="jar" pos="V" label="to place">jar-ra</w>
<w form="uj3" lemma="uj3" pos="N" label="people">uj3</w>
<w form="ca-ra-ba" lemma="ba" pos="V" label="to allot">ca-ra-ba</w>
<w form="&kuc;gur21" lemma="gur21" pos="N" label="shield" det="&kuc;">&kuc;<term id="c24215.t1"><corr sic="TUM">gur21</corr></term><gloss lang="sux" target="c24215.t1">ur3</gloss></w>
<w form="ki" lemma="ki" pos="N" label="place">ki</w>
<w form="us2-sa" lemma="us2" pos="V" label="to be adjacent">us2-sa</w>
</l>
<l n="19" id="c24215.A.19" corresp="t24215.p2">
<w form="ki-en-gi-ir-a" lemma="ki-en-gi" pos="N" type="GN" label="Sumer">ki-en-gi-ir-a</w>
<w form="ki-tuc" lemma="ki-tuc" pos="N" label="dwelling place">ki-tuc</w>
<w form="ja2-ra-bi" lemma="jar" pos="V" label="to place">ja2-ra-bi</w>
<w form="ni2" lemma="ni2" pos="N" label="fear(someness)">ni2</w>
<w form="gal" lemma="gal" pos="V" label="to be big">gal</w>
<w form="ki" lemma="ki" pos="N" label="place">ki</w>
<w form="us2-sa" lemma="us2" pos="V" label="to be adjacent">us2-sa</w>
</l>
<l n="20" id="c24215.A.20" corresp="t24215.p2">
<w form="kur-kur" lemma="kur" pos="N" label="(mountain) land" form-type="RR">kur-kur</w>
<w form="ab2" lemma="ab2" pos="N" label="cow">ab2</w>
<w form="zid-gin7" lemma="zid" pos="AJ" label="right">zid-gin7</w>
<w form="lu-lu-a-bi" lemma="lu" pos="V" label="to be abundant" form-type="RR">lu-lu-a-bi</w>
</l>
<l n="21" id="c24215.A.21" corresp="t24215.p2">
<w form="ab2" lemma="ab2" pos="N" label="cow">ab2</w>
<w form="dugud-da" lemma="dugud" pos="V" label="to be heavy">dugud-da</w>
<w form="u8" lemma="u8" pos="N" label="ewe">u8</w>
<w form="sila4-da" lemma="sila4" pos="N" label="lamb">sila4-da</w>
<w form="car2-ra" lemma="car2" pos="V" label="to be numerous">car2-ra</w>
<w form="amac-a" lemma="amac" pos="N" label="sheepfold">amac-a</w>
<w form="ki" lemma="ki" pos="N" label="place">ki</w>
<w form="us2-sa" lemma="us2" pos="V" label="to be adjacent">us2-sa</w>
</l>
<l n="22" id="c24215.A.22" corresp="t24215.p2">
<w form="erin2-bi" lemma="erin2" pos="N" label="group of people">erin2-bi</w>
<w form="me3-ce3" lemma="me3" pos="N" label="battle">me3-ce3</w>
<w form="zig3-ga-bi" lemma="zig3" pos="V" label="to rise">zig3-ga-bi</w>
</l>
<l n="23" id="c24215.A.23" corresp="t24215.p2">
<w form="a" lemma="a" pos="N" label="water">a</w>
<w form="e3-a" lemma="e3" pos="V" label="to go out or in">e3-a</w>
<w form="gaba-ri" lemma="gaba-ri" pos="N" label="equal">gaba-ri</w>
<w form="nu-tuku" lemma="tuku" pos="V" label="to have">nu-tuku</w>
</l>
<l n="24" id="c24215.A.24" corresp="t24215.p2">
<w form="ab" lemma="ab" pos="N" label="sea">ab</w>
<w form="hu-luh-ha" lemma="huluh" pos="V" label="to be frightened">hu-luh-ha</w>
<w form="NI.SUM" lemma="NI.SUM" pos="N" label="meaning unknown">NI.SUM</w>
<w form="sumur" lemma="sumur" pos="V" label="to be angry">sumur</w>
<w form="ki" lemma="ki" pos="N" label="place">ki</w>
<w form="us2-sa" lemma="us2" pos="V" label="to be adjacent">us2-sa</w>
</l>
<l n="25" id="c24215.A.25" corresp="t24215.p3">
<supplied/>
<w form="nun-bi" lemma="nun" pos="N" label="prince">nun<suppliedEnd/>-bi</w>
<w form="ur-saj" lemma="ur-saj" pos="N" label="hero">ur-saj</w>
<w form="&d;en-lil2-la2" lemma="en-lil2" pos="N" type="DN" label="Enlil" det="&d;">&d;en-lil2-la2</w>
<w form="pirij" lemma="pirij" pos="N" label="lion">pirij</w>
<w form="ne-na" lemma="ne3" pos="N" label="strength">ne-na</w>
<w form="zig3-ga" lemma="zig3" pos="V" label="to rise">zig3-ga</w>
</l>
<l n="26" id="c24215.A.26" corresp="t24215.p3">
<supplied/>
<w form="pirij" lemma="pirij" pos="N" label="lion">pirij</w>
<w form="ban3-da" lemma="ban3-da" pos="AJ" label="junior">ban3<suppliedEnd/>-<unclear cert="cor">da</unclear></w>
<w form="kur-ra" lemma="kur" pos="N" label="(mountain) land">kur-ra</w>
<phr type="VP" lemma="guruc3 bur2" label="to snarl">
<w form="guru5-uc" lemma="guruc3" pos="N" label="noun part of multiword verb">guru5-uc</w>
<w form="bur2-bur2" lemma="bur2" pos="V" label="to release" form-type="RR">bur2-bur2</w>
</phr>
</l>
<l n="27" id="c24215.A.27" corresp="t24215.p3">
<supplied/>
<w form="X" lemma="X" label="X">X</w>
<w form="X" lemma="X" label="X">X</w>
<suppliedEnd/>
<w form="am" lemma="am" pos="N" label="wild bull"><unclear cert="cor">am</unclear></w>
<w form="gal" lemma="gal" pos="V" label="to be big">gal</w>
<w form="cu" lemma="cu" pos="N" label="hand"><unclear cert="cor">cu</unclear></w>
<w form="im-gid2-gid2-i" lemma="gid2" pos="V" label="to be long" form-type="RR">im-gid2-gid2-i</w>
</l>
<l n="28" id="c24215.A.28" corresp="t24215.p3">
<supplied/>
<w form="X" lemma="X" label="X">X</w>
<suppliedEnd/>
<w form="X" lemma="X" label="X">X</w>
<w form="gu7-a" lemma="gu7" pos="V" label="to eat">gu7-a</w>
<w form="CEC2-bi" lemma="CEC2" label="&C;E&C;&s2;">CEC2(<unclear cert="qry">SIKI</unclear>.<unclear cert="qry">LAM</unclear>)-bi</w>
<w form="sud-sud" lemma="sud" pos="V" label="to be distant" form-type="RR">sud-sud</w>
</l>
<l n="29" id="c24215.A.29" corresp="t24215.p3">
<supplied/>
<w form="sipad" lemma="sipad" pos="N" label="shepherd">sipad</w>
<suppliedEnd/>
<w form="cul-gi" lemma="cul-gi" pos="N" type="RN" label="&C;ulgi"><supplied/>cul<suppliedEnd/>-gi</w>
<w form="dumu" lemma="dumu" pos="N" label="child">dumu</w>
<w form="&d;nin-sumun2-ka" lemma="nin-sumun2" pos="N" type="DN" label="Ninsumun" det="&d;">&d;nin-sumun2-ka</w>
</l>
<l n="30" id="c24215.A.30" corresp="t24215.p3">
<supplied/>
<w form="&X;" lemma="&X;" label="&X;">&X;</w>
<suppliedEnd/>
<damage/>
<w form="UR3-ra" lemma="UR3" label="UR&s3;">UR3<damageEnd/>-ra</w>
<w form="he2-du7-bi" lemma="he2-du7" pos="N" label="(fitting) ornament">he2-du7-bi</w>
</l>
<l n="31" id="c24215.A.31" corresp="t24215.p3">
<supplied/>
<w form="&X;" lemma="&X;" label="&X;">&X;</w>
<suppliedEnd/>
<w form="X-ra-na" lemma="X" label="X">X-<damage/><unclear cert="qry">ra</unclear><damageEnd/>-na</w>
<w form="inim" lemma="inim" pos="N" label="word">inim</w>
<w form="hul-ne-ne-a" lemma="hul" pos="V" label="to be bad">hul-ne-ne-a</w>
</l>
<l n="32" id="c24215.A.32" corresp="t24215.p3">
<supplied/>
<w form="ur-saj" lemma="ur-saj" pos="N" label="hero">ur-saj</w>
<suppliedEnd/>
<w form="&d;gilgamec2" lemma="gilgamec2" pos="N" type="DN" label="Gilgame&c;" det="&d;"><supplied/>&d;<suppliedEnd/><damage/>gilgamec2<damageEnd/></w>
<w form="AN" lemma="AN" label="AN">AN</w>
<w form="en" lemma="en" pos="N" label="lord">en</w>
<w form="kul-ab&ki;-a-ke4" lemma="kul-aba" pos="N" type="SN" label="Kulaba" det="&ki;">kul-ab&ki;-a-ke4</w>
</l>
<l n="33" id="c24215.A.33" corresp="t24215.p3">
<supplied/>
<w form="X" lemma="X" label="X">X</w>
<w form="X" lemma="X" label="X">X</w>
<suppliedEnd/>
<w form="X" lemma="X" label="X">X</w>
<damage/>
<w form="NA" lemma="NA" label="NA"><unclear cert="qry">NA</unclear></w>
<damageEnd/>
<w form="im-ma-ni-in-kur9" lemma="kur9" pos="V" label="to enter">im-ma-ni-in-kur9</w>
</l>
<l n="34" id="c24215.A.34" corresp="t24215.p3">
<supplied/>
<w form="X" lemma="X" label="X">X</w>
<w form="X" lemma="X" label="X">X</w>
<suppliedEnd/>
<damage/>
<w form="kur-kur-ra-ta" lemma="kur" pos="N" label="(mountain) land" form-type="RR">kur<damageEnd/>-kur-ra-ta</w>
<w form="inim" lemma="inim" pos="N" label="word">inim</w>
<w form="mu-na-ta-an-e3" lemma="e3" pos="V" label="to go out or in">mu-na-ta-an-e3</w>
</l>
<l n="35" id="c24215.A.35" corresp="t24215.p3">
<supplied/>
<w form="&X;" lemma="&X;" label="&X;">&X;</w>
<suppliedEnd/>
<w form="X" lemma="X" label="X">X</w>
<w form="e2-gal-la-na-kam" lemma="e2-gal" pos="N" label="palace">e2-gal-la-na-kam</w>
</l>
<l n="36" id="c24215.A.36" corresp="t24215.p3">
<w form="X" lemma="X" label="X">X</w>
<supplied/>
<w form="X" lemma="X" label="X">X</w>
<suppliedEnd/>
<w form="dug4-ga" lemma="dug4" pos="V" label="to say"><unclear cert="qry">dug4</unclear>-<unclear cert="qry">ga</unclear></w>
<w form="kur-kur-ra-kam" lemma="kur" pos="N" label="(mountain) land" form-type="RR">kur-kur-ra-kam</w>
</l>
<l n="37" id="c24215.A.37" corresp="t24215.p3">
<w form="KI" lemma="KI" label="KI"><unclear cert="qry">KI</unclear></w>
<w form="X" lemma="X" label="X">X</w>
<w form="GI" lemma="GI" label="GI"><unclear cert="qry">GI</unclear></w>
<w form="URU" lemma="URU" label="URU">URU</w>
<w form="X" lemma="X" label="X">X</w>
<w form="gi" lemma="gi" pos="N" label="reed">gi</w>
<w form="hal-hal-la-gin7" lemma="hal" pos="V" label="to divide out" form-type="RR">hal-hal-la-gin7</w>
<w form="igi-ni" lemma="igi" pos="N" label="eye">igi-ni</w>
<w form="mu-na-an-jal2" lemma="jal2" pos="V" label="to be (located)">mu-na-an-jal2</w>
</l>
<l n="38" id="c24215.A.38" corresp="t24215.p4">
<w form="ud-bi" lemma="ud" pos="N" label="day(light)"><unclear cert="qry">ud</unclear>-<unclear cert="qry">bi</unclear></w>
<w form="nam" lemma="nam" pos="N" label="destiny">nam</w>
<w form="kalam-ma" lemma="kalam" pos="N" label="the Land">kalam-ma</w>
<w form="ba-tar-ra-ta" lemma="tar" pos="V" label="to cut">ba-tar-ra-ta</w>
</l>
<l n="39" id="c24215.A.39" corresp="t24215.p4">
<w form="numun" lemma="numun" pos="N" label="seed">numun</w>
<w form="nij2-zi-jal2-la" lemma="nij2-zi-jal2" pos="N" label="living creature">nij2-zi-jal2-la</w>
<w form="ba-i-a-ta" lemma="i" pos="V" label="to bring out">ba-i-a-ta</w>
</l>
<l n="40" id="c24215.A.40" corresp="t24215.p4">
<w form="lugal-e" lemma="lugal" pos="N" label="king">lugal-<unclear cert="qry">e</unclear></w>
<w form="&lu2;tab-ba-ni-ir" lemma="tab-ba" pos="N" label="companion" det="&lu2;"><unclear cert="qry">&lu2;</unclear><unclear cert="qry">tab</unclear>-ba-ni-ir</w>
<w form="dalla" lemma="dalla" pos="V" label="to be bright">dalla</w>
<w form="mu-na-an-e3-a" lemma="e3" pos="V" label="to go out or in">mu-na-an-e3-a</w>
</l>
<l n="41" id="c24215.A.41" corresp="t24215.p4">
<w form="ud-ba" lemma="ud" pos="N" label="day(light)">ud-<unclear cert="qry">ba</unclear></w>
<w form="&d;gilgamec2" lemma="gilgamec2" pos="N" type="DN" label="Gilgame&c;" det="&d;">&d;gilgamec2</w>
<w form="en" lemma="en" pos="N" label="lord">en</w>
<w form="kul-ab&ki;-a-ke4" lemma="kul-aba" pos="N" type="SN" label="Kulaba" det="&ki;">kul-ab&ki;-a-ke4</w>
</l>
<l n="42" id="c24215.A.42" corresp="t24215.p4">
<w form="cul-gi" lemma="cul-gi" pos="N" type="RN" label="&C;ulgi">cul-gi</w>
<w form="sipad" lemma="sipad" pos="N" label="shepherd">sipad</w>
<w form="zid" lemma="zid" pos="AJ" label="right">zid</w>
<w form="ki-en-gi-ra-ke4" lemma="ki-en-gi" pos="N" type="GN" label="Sumer">ki-en-gi-ra-ke4</w>
</l>
<l n="43" id="c24215.A.43" corresp="t24215.p4">
<w form="jiri3" lemma="jiri3" pos="N" label="foot">jiri3</w>
<w form="babbar-ra-na" lemma="babbar" pos="AJ" label="white">babbar-ra-na</w>
<w form="inim" lemma="inim" pos="N" label="word">inim</w>
<w form="mu-ti-ni-ib-e3" lemma="e3" pos="V" label="to go out or in">mu-ti-ni-ib-e3</w>
</l>
<l n="44" id="c24215.A.44" corresp="t24215.p4">
<w form="ud" lemma="ud" pos="N" label="day(light)">ud</w>
<w form="ul-le2-ac" lemma="ul-le2-a" pos="N" label="distant time">ul-le2-ac</w>
<w form="a-ar-bi" lemma="ar2" pos="N" label="praise">a-ar-bi</w>
<w form="ak-de3" lemma="ak" pos="V" label="to do">ak-de3</w>
</l>
<l n="45" id="c24215.A.45" corresp="t24215.p4">
<w form="ud" lemma="ud" pos="N" label="day(light)">ud</w>
<w form="su3-ra2-ac" lemma="sud" pos="V" label="to be distant">su3-ra2-ac</w>
<w form="cu-a" lemma="cu" pos="N" label="hand">cu-a</w>
<w form="bal-e-de3" lemma="bal" pos="V" label="to turn over">bal-e-de3</w>
</l>
<l n="46" id="c24215.A.46" corresp="t24215.p4">
<w form="mu" lemma="mu" pos="N" label="year">mu</w>
<w form="su3-ra2-ac" lemma="sud" pos="V" label="to be distant">su3-ra2-ac</w>
<w form="nu-ha-lam-e-de3" lemma="ha-lam" pos="V" label="to be lost">nu-ha-lam-e-de3</w>
</l>
<l n="47" id="c24215.A.47" corresp="t24215.p4">
<w form="a-ne-ne" lemma="e-ne-ne" pos="PD" type="personal" label="they">a-ne-ne</w>
<w form="nam-ur-saj" lemma="nam-ur-saj" pos="N" label="heroism">nam-ur-saj</w>
<w form="kalag-ga-ba" lemma="kalag" pos="V" label="to be strong">kalag-ga-ba</w>
</l>
<l n="48" id="c24215.A.48" corresp="t24215.p4">
<w form="tec2-bi" lemma="tec2" pos="N" label="unity">tec2-bi</w>
<w form="igi" lemma="igi" pos="N" label="eye">igi</w>
<w form="zid-de3-ec" lemma="zid" pos="AJ" label="right">zid-de3-ec</w>
<w form="im-e-ne" lemma="dug4" pos="V" label="to say" form-type="ppli">im-e-ne</w>
</l>
<l n="49" id="c24215.A.49" corresp="t24215.p5">
<w form="cul-gi" lemma="cul-gi" pos="N" type="RN" label="&C;ulgi">cul-gi</w>
<w form="sipad" lemma="sipad" pos="N" label="shepherd">sipad</w>
<w form="zid" lemma="zid" pos="AJ" label="right">zid</w>
<w form="ki-en-gi-ra-ke4" lemma="ki-en-gi" pos="N" type="GN" label="Sumer">ki-en-gi-ra-ke4</w>
</l>
<l n="50" id="c24215.A.50" corresp="t24215.p5">
<w form="cec" lemma="cec" pos="N" label="brother">cec</w>
<w form="gu5-li-ni" lemma="gu5-li" pos="N" label="friend">gu5-li-ni</w>
<w form="en" lemma="en" pos="N" label="lord">en</w>
<w form="&d;gilgamec2" lemma="gilgamec2" pos="N" type="DN" label="Gilgame&c;" det="&d;">&d;gilgamec2</w>
</l>
<l n="51" id="c24215.A.51" corresp="t24215.p5">
<w form="nam-kalag-ga-na" lemma="nam-kalag-ga" pos="N" label="strength">nam-kalag-ga-na</w>
<w form="mu-ni-in-i-i" lemma="i" pos="V" label="to bring out" form-type="RR">mu-ni-in-i-i</w>
</l>
<l n="52" id="c24215.A.52" corresp="t24215.p5">
<w form="nam-ur-saj-ja2-na" lemma="nam-ur-saj" pos="N" label="heroism">nam-ur-saj-ja2-na</w>
<w form="mu-ni-in-pad3-pad3-de3" lemma="pad3" pos="V" label="to find" form-type="RR">mu-ni-in-pad3-pad3-de3</w>
</l>
<l n="53" id="c24215.A.53" corresp="t24215.p6">
<w form="kalag-ga" lemma="kalag" pos="V" label="to be strong">kalag-ga</w>
<w form="me3-a" lemma="me3" pos="N" label="battle">me3-a</w>
<distinct type="emesal">
<w form="uru2" lemma="iri" pos="N" label="town" emesal="uru2">uru2</w>
</distinct>
<w form="gul-gul" lemma="gul" pos="V" label="to destroy" form-type="RR">gul-gul</w>
</l>
<l n="54" id="c24215.A.54" corresp="t24215.p6">
<w form="cen-cen-na" lemma="cen" pos="N" label="combat" form-type="RR">cen-cen-na</w>
<w form="saj" lemma="saj" pos="N" label="head">saj</w>
<w form="jic" lemma="jic" pos="N" label="tree">jic</w>
<w form="ra-ra-bi" lemma="ra" pos="V" label="to beat" form-type="RR">ra-ra-bi</w>
</l>
<l n="55" id="c24215.A.55" corresp="t24215.p6">
<w form="ze2-na" lemma="ze2-na" pos="N" label="type of weapon">ze2-na</w>
<w form="bad3" lemma="bad3" pos="N" label="wall">bad3</w>
<w form="kug-bi" lemma="kug" pos="AJ" label="shining">kug-bi</w>
<w form="a2-sag3-ge" lemma="a2-sag3" pos="N" label="slingstone">a2-sag3-ge</w>
<w form="kij2-ja2" lemma="kij2" pos="N" label="work">kij2-ja2</w>
</l>
<l n="56" id="c24215.A.56" corresp="t24215.p6">
<w form="e2" lemma="e2" pos="N" label="house(hold)">e2</w>
<w form="kic&ki;-ce3" lemma="kic" pos="N" type="SN" label="Ki&c;" det="&ki;"><damage/>kic<damageEnd/><unclear cert="cor">&ki;</unclear>-ce3</w>
<w form="&jic;tukul-zu" lemma="tukul" pos="N" label="weapon" bound="L,zu" det="&jic;">&jic;tukul-zu</w>
<w form="ba-ta-a-e3" lemma="e3" pos="V" label="to go out or in">ba-ta-a-e3</w>
</l>
<l n="57" id="c24215.A.57" corresp="t24215.p6">
<w form="ur-saj" lemma="ur-saj" pos="N" label="hero">ur-<damage/>saj</w>
<damageEnd/>
<w form="7-bi" lemma="7" pos="NU" type="cardinal" label="7">7-bi</w>
<w form="ad6-a" lemma="ad6" pos="N" label="corpse">ad6-a</w>
<w form="mi-ni-dab5" lemma="dab5" pos="V" label="to seize">mi-ni-dab5</w>
</l>
<l n="58" id="c24215.A.58" corresp="t24215.p6">
<supplied/>
<w form="lugal" lemma="lugal" pos="N" label="king">lugal</w>
<suppliedEnd/>
<w form="kic&ki;" lemma="kic" pos="N" type="SN" label="Ki&c;" det="&ki;"><damage/>kic<damageEnd/>&ki;</w>
<w form="en-me-barag-ge4-e-si" lemma="en-me-barag-ge4-e-si" pos="N" type="RN" label="En-me-barage-si">en-me-barag-ge4-e-si</w>
</l>
<l n="59" id="c24215.A.59" corresp="t24215.p6">
<supplied/>
<w form="&X;" lemma="&X;" label="&X;">&X;</w>
<suppliedEnd/>
<damage/>
<w form="saj-ja2-na" lemma="saj" pos="N" label="head">saj<damageEnd/>-ja2-na</w>
<w form="jiri3" lemma="jiri3" pos="N" label="foot">jiri3</w>
<w form="mu-na-ni-us2" lemma="us2" pos="V" label="to be adjacent">mu-na-ni-us2</w>
</l>
<l n="60" id="c24215.A.60" corresp="t24215.p6">
<w form="nam-lugal" lemma="nam-lugal" pos="N" label="kingship">nam-lugal</w>
<w form="kic&ki;-ta" lemma="kic" pos="N" type="SN" label="Ki&c;" det="&ki;"><unclear cert="qry">kic</unclear>&ki;-<unclear cert="qry">ta</unclear></w>
<w form="unug&ki;-ce3" lemma="unug" pos="N" type="SN" label="Unug" det="&ki;"><unclear cert="qry">unug</unclear>&ki;-ce3</w>
<w form="am3-mi-de6" lemma="de6" pos="V" label="to carry">am3-mi-de6</w>
</l>
<l n="61" id="c24215.A.61" corresp="t24215.p7">
<w form="kul-aba&ki;" lemma="kul-aba" pos="N" type="SN" label="Kulaba" det="&ki;">kul-aba&ki;</w>
<w form="X" lemma="X" label="X">X</w>
<w form="X" lemma="X" label="X">X</w>
<w form="X" lemma="X" label="X">X</w>
<w form="u3-tud-da" lemma="tud" pos="V" label="to give birth">u3-tud-da</w>
<w form="pa" lemma="pa" pos="N" label="branch">pa</w>
<w form="im-ma-ni-e3" lemma="e3" pos="V" label="to go out or in">im-ma-ni-e3</w>
</l>
<l n="62" id="c24215.A.62" corresp="t24215.p7">
<w form="MI" lemma="MI" label="MI">MI</w>
<w form="X" lemma="X" label="X">X</w>
<w form="GI" lemma="GI" label="GI">GI</w>
<w form="UL" lemma="UL" label="UL">UL</w>
<w form="inim-ma" lemma="inim" pos="N" label="word">inim-ma</w>
<w form="MUC3-bi" lemma="MUC3" label="MU&C;&s3;">MUC3-bi</w>
</l>
<l n="63" id="c24215.A.63" corresp="t24215.p7">
<w form="&d;gilgamec2" lemma="gilgamec2" pos="N" type="DN" label="Gilgame&c;" det="&d;">&d;gilgamec2</w>
<w form="en" lemma="en" pos="N" label="lord"><unclear cert="qry">en</unclear></w>
<supplied/>
<w form="kul-ab&ki;-a-ke4" lemma="kul-aba" pos="N" type="SN" label="Kulaba" det="&ki;">kul-ab&ki;-a-ke4</w>
<suppliedEnd/>
</l>
<l n="64" id="c24215.A.64" corresp="t24215.p7">
<w form="a" lemma="a" pos="N" label="water">a</w>
<w form="nam-en-na" lemma="nam-en" pos="N" label="high (priestly) office"><unclear cert="qry">nam</unclear>-en-na</w>
<w form="mec3" lemma="mec3" pos="N" label="hero">mec3</w>
<w form="zid" lemma="zid" pos="AJ" label="right"><unclear cert="qry">zid</unclear></w>
<supplied/>
<w form="&X;" lemma="&X;" label="&X;">&X;</w>
<suppliedEnd/>
</l>
<l n="65" id="c24215.A.65" corresp="t24215.p7">
<w form="X" lemma="X" label="X">X</w>
<w form="X" lemma="X" label="X">X</w>
<w form="X" lemma="X" label="X">X</w>
<w form="ki" lemma="ki" pos="N" label="place">ki</w>
<w form="kug" lemma="kug" pos="AJ" label="shining">kug</w>
<w form="an" lemma="an" pos="N" label="heaven">an</w>
<supplied/>
<w form="&X;" lemma="&X;" label="&X;">&X;</w>
<suppliedEnd/>
</l>
<l n="66" id="c24215.A.66" corresp="t24215.p7">
<w form="X" lemma="X" label="X">X</w>
<w form="X" lemma="X" label="X">X</w>
<w form="gal-gal" lemma="gal" pos="V" label="to be big" form-type="RR"><unclear cert="qry">gal</unclear>-gal</w>
<w form="DI" lemma="DI" label="DI"><unclear cert="qry">DI</unclear></w>
<supplied/>
<w form="&X;" lemma="&X;" label="&X;">&X;</w>
<suppliedEnd/>
<w form="a2" lemma="a2" pos="N" label="arm"><unclear cert="qry">a2</unclear></w>
<w form="bad-bad" lemma="bad" pos="V" label="to open" form-type="RR">bad-<unclear cert="qry">bad</unclear></w>
<w form="X" lemma="X" label="X">X</w>
<supplied/>
<w form="&X;" lemma="&X;" label="&X;">&X;</w>
<suppliedEnd/>
</l>
<l n="67" id="c24215.A.67" corresp="t24215.p7">
<w form="jicnimbar" lemma="jicnimbar" pos="N" label="date palm"><unclear cert="qry">jicnimbar</unclear></w>
<w form="X" lemma="X" label="X">X</w>
<w form="A2" lemma="A2" label="A&s2;"><unclear cert="qry">A2</unclear></w>
<w form="X" lemma="X" label="X">X</w>
<w form="X" lemma="X" label="X">X</w>
<supplied/>
<w form="&X;" lemma="&X;" label="&X;">&X;</w>
<suppliedEnd/>
</l>
<l n="68" id="c24215.A.68" corresp="t24215.p7">
<w form="ki-bal" lemma="ki-bal" pos="N" label="rebel land"><unclear cert="qry">ki</unclear>-<unclear cert="qry">bal</unclear></w>
<w form="KIJ2" lemma="KIJ2" label="KI&G;&s2;"><unclear cert="qry">KIJ2</unclear></w>
<w form="X" lemma="X" label="X">X</w>
<w form="X" lemma="X" label="X">X</w>
<supplied/>
<w form="&X;" lemma="&X;" label="&X;">&X;</w>
<suppliedEnd/>
</l>
<l n="69" id="c24215.A.69" corresp="t24215.p7">
<supplied/>
<w form="X" lemma="X" label="X">X</w>
<suppliedEnd/>
<w form="X" lemma="X" label="X">X</w>
<w form="X" lemma="X" label="X">X</w>
<supplied/>
<w form="&X;" lemma="&X;" label="&X;">&X;</w>
<suppliedEnd/>
</l>
<gap extent="approx. 4 lines missing"/>
<l n="74" id="c24215.A.74" corresp="t24215.p7">
<supplied/>
<w form="&X;" lemma="&X;" label="&X;">&X;</w>
<suppliedEnd/>
<w form="X" lemma="X" label="X">X</w>
<w form="X-gin7" lemma="X" label="X">X-gin7</w>
<w form="lul-e-ec" lemma="lul" pos="V" label="to be false"><unclear cert="qry">lul</unclear>-<unclear cert="qry">e</unclear>-<supplied/>ec</w>
<w form="&X;" lemma="&X;" label="&X;">&X;</w>
<suppliedEnd/>
</l>
<l n="75" id="c24215.A.75" corresp="t24215.p7">
<supplied/>
<w form="&X;" lemma="&X;" label="&X;">&X;</w>
<suppliedEnd/>
<damage/>
<w form="jiri3" lemma="jiri3" pos="N" label="foot">jiri3</w>
<damageEnd/>
<w form="saga11" lemma="saga11" pos="V" label="to press">saga11</w>
<w form="ba-ni-dug4" lemma="dug4" pos="V" label="to say">ba-ni-<damage/>dug4</w>
<damageEnd/>
</l>
<l n="76" id="c24215.A.76" corresp="t24215.p7">
<supplied/>
<w form="X" lemma="X" label="X">X</w>
<suppliedEnd/>
<w form="X" lemma="X" label="X">X</w>
<w form="DUL" lemma="DUL" label="DUL"><unclear cert="qry">DUL</unclear></w>
<w form="ki" lemma="ki" pos="N" label="place">ki</w>
<w form="jar" lemma="jar" pos="V" label="to place">jar</w>
<w form="&jic;rab3" lemma="rab3" pos="N" label="shackle" det="&jic;">&jic;rab3</w>
<w form="mah-gin7" lemma="mah" pos="V" label="to be majestic"><unclear cert="qry">mah</unclear>-gin7</w>
<damage/>
<w form="MU" lemma="MU" label="MU">MU</w>
<damageEnd/>
<supplied/>
<w form="&X;" lemma="&X;" label="&X;">&X;</w>
<suppliedEnd/>
</l>
<l n="77" id="c24215.A.77" corresp="t24215.p7">
<supplied/>
<w form="X-bi" lemma="X" label="X">X<suppliedEnd/>-bi</w>
<w form="sim" lemma="sim" pos="N" label="swallow">sim</w>
<w form="zig3-ga-gin7" lemma="zig3" pos="V" label="to rise">zig3-ga-gin7</w>
<w form="mu-un-ur4-ur4" lemma="ur4" pos="V" label="to collect" form-type="RR">mu-un-<damage/>ur4<damageEnd/>-<supplied/>ur4</w>
<suppliedEnd/>
</l>
<l n="78" id="c24215.A.78" corresp="t24215.p7">
<w form="&d;en-lil2-ra" lemma="en-lil2" pos="N" type="DN" label="Enlil" det="&d;"><supplied/>&d;en<suppliedEnd/>-<damage/>lil2<damageEnd/>-ra</w>
<w form="ec3-e" lemma="ec3" pos="N" label="shrine">ec3-e</w>
<w form="nibru&ki;-a" lemma="nibru" pos="N" type="SN" label="Nibru" det="&ki;">nibru&ki;-a</w>
<w form="mu-na-da-an-ku4-ku4" lemma="kur9" pos="V" label="to enter" form-type="rr"><unclear cert="cor">mu</unclear>-na-da-<damage/>an<damageEnd/>-<supplied/>ku4-ku4</w>
<suppliedEnd/>
</l>
<l n="79" id="c24215.A.79" corresp="t24215.p7">
<supplied/>
<w form="X" lemma="X" label="X">X</w>
<suppliedEnd/>
<w form="X" lemma="X" label="X">X</w>
<w form="X" lemma="X" label="X">X</w>
<w form="TE" lemma="TE" label="TE">TE</w>
<w form="ba-ra-cub-bu-uc-a-bi" lemma="cub" pos="V" label="to fall">ba-ra-cub-bu-uc-a-bi</w>
</l>
<l n="80" id="c24215.A.80" corresp="t24215.p7">
<supplied/>
<w form="X" lemma="X" label="X">X</w>
<w form="X" lemma="X" label="X">X</w>
<suppliedEnd/>
<w form="a" lemma="a" pos="I" label="soothing expression">a</w>
<w form="gig-ce3" lemma="gig" pos="V" label="to be ill">gig-ce3</w>
<w form="in-ga-e-ne" lemma="dug4" pos="V" label="to say" form-type="ppli">in-ga-e-ne</w>
</l>
<l n="81" id="c24215.A.81" corresp="t24215.p7">
<supplied/>
<w form="X" lemma="X" label="X">X</w>
<suppliedEnd/>
<damage/>
<w form="&urud;alan" lemma="alan" pos="N" label="statue" det="&urud;"><unclear cert="qry">&urud;</unclear><damageEnd/>alan</w>
<w form="urim2&ki;-ma" lemma="urim2" pos="N" type="SN" label="Urim" det="&ki;">urim2&ki;-ma</w>
<w form="til-la" lemma="til" pos="V" label="to complete">til-la</w>
</l>
<l n="82" id="c24215.A.82" corresp="t24215.p7">
<supplied/>
<w form="X" lemma="X" label="X">X</w>
<suppliedEnd/>
<w form="X" lemma="X" label="X">X</w>
<w form="dijir" lemma="dijir" pos="N" label="deity">dijir</w>
<w form="7-na" lemma="7" pos="NU" type="cardinal" label="7">7-na</w>
<w form="zag" lemma="zag" pos="N" label="side">zag</w>
<w form="gub-gub-bu" lemma="gub" pos="V" label="to stand" form-type="RR">gub-gub-bu</w>
<w form="&jic;silig-ga" lemma="silig" pos="N" label="type of axe" bound="L,ak" det="&jic;">&jic;silig-ga</w>
<w form="sud-sud" lemma="sud" pos="V" label="to be distant" form-type="RR">sud-sud</w>
</l>
<l n="83" id="c24215.A.83" corresp="t24215.p7">
<damage/>
<w form="ur-saj" lemma="ur-saj" pos="N" label="hero">ur<damageEnd/>-saj</w>
<w form="zi2" lemma="sig7" pos="V" label="to be green">zi2</w>
<w form="ja2-ra" lemma="jar" pos="V" label="to place">ja2-ra</w>
<w form="in-gu2-mu-cum2-mu-e" lemma="cum2" pos="V" label="to give">in-gu2-mu-cum2-<damage/>mu<damageEnd/>-<supplied/>e</w>
<suppliedEnd/>
</l>
<l n="84" id="c24215.A.84" corresp="t24215.p7">
<damage/>
<w form="lugal" lemma="lugal" pos="N" label="king">lugal</w>
<damageEnd/>
<w form="ki-en-gi-ra" lemma="ki-en-gi" pos="N" type="GN" label="Sumer">ki-en-gi-ra</w>
<w form="ne3" lemma="ne3" pos="N" label="strength">ne3</w>
<w form="mu-un-gub-me-en3" lemma="gub" pos="V" label="to stand">mu-un-gub-<supplied/>me-en3</w>
<suppliedEnd/>
</l>
<l n="85" id="c24215.A.85" corresp="t24215.p8">
<w form="cul-gi" lemma="cul-gi" pos="N" type="RN" label="&C;ulgi"><supplied/>cul<suppliedEnd/>-gi</w>
<w form="sipad" lemma="sipad" pos="N" label="shepherd">sipad</w>
<w form="ki-en-gi-ra-ke4" lemma="ki-en-gi" pos="N" type="GN" label="Sumer">ki-en-gi-ra-<unclear cert="cor">ke4</unclear></w>
</l>
<l n="86" id="c24215.A.86" corresp="t24215.p8">
<supplied/>
<w form="cec" lemma="cec" pos="N" label="brother">cec</w>
<suppliedEnd/>
<w form="gu5-li-ni" lemma="gu5-li" pos="N" label="friend">gu5-li-ni</w>
<w form="en" lemma="en" pos="N" label="lord">en</w>
<w form="&d;gilgamec" lemma="gilgamec2" pos="N" type="DN" label="Gilgame&c;" det="&d;">&d;gilgamec</w>
</l>
<l n="87" id="c24215.A.87" corresp="t24215.p8">
<supplied/>
<w form="nam-kalag-ga-na" lemma="nam-kalag-ga" pos="N" label="strength">nam-kalag-ga-na</w>
<w form="mu-ni-in-i-i" lemma="i" pos="V" label="to bring out" form-type="RR">mu<suppliedEnd/>-ni-in-i-i</w>
</l>
<l n="88" id="c24215.A.88" corresp="t24215.p8">
<supplied/>
<w form="nam-ur-saj-ja2-na" lemma="nam-ur-saj" pos="N" label="heroism">nam-ur-saj-ja2-na</w>
<w form="mu-ni-in-pad3-pad3-de3" lemma="pad3" pos="V" label="to find" form-type="RR">mu-ni<suppliedEnd/>-<damage/>in<damageEnd/>-pad3-pad3-<supplied/>de3</w>
<suppliedEnd/>
</l>
<l n="89" id="c24215.A.89" corresp="t24215.p9">
<w form="X" lemma="X" label="X">X</w>
<w form="X" lemma="X" label="X">X</w>
<supplied/>
<w form="&X;" lemma="&X;" label="&X;">&X;</w>
<suppliedEnd/>
</l>
<l n="90" id="c24215.A.90" corresp="t24215.p9">
<phr type="VP" lemma="di kud" label="to judge">
<w form="di" lemma="di" pos="N" label="(law)suit">di</w>
<w form="ku5-ra2-a-za" lemma="kud" pos="V" label="to cut">ku5-ra2-a-<unclear cert="qry">za</unclear></w>
</phr>
<supplied/>
<w form="&X;" lemma="&X;" label="&X;">&X;</w>
<suppliedEnd/>
</l>
<l n="91" id="c24215.A.91" corresp="t24215.p9">
<w form="a-ba" lemma="a-ba" pos="PD" type="interrogative" label="who">a-ba</w>
<w form="za-gin7" lemma="za" pos="PD" type="personal" label="you (sg.)">za-gin7</w>
<w form="kaskal" lemma="kaskal" pos="N" label="(high)way">kaskal</w>
<damage/>
<w form="kur-ra-ke4" lemma="kur" pos="N" label="(mountain) land">kur<damageEnd/>-<supplied/>ra-ke4</w>
<phr type="VP" lemma="si sa2" label="to make straight">
<w form="si" lemma="si" pos="N" label="horn">si</w>
<w form="im-sa2" lemma="sa2" pos="V" label="to equal">im-sa2</w>
</phr>
<suppliedEnd/>
<w form="har-ra-an" lemma="har-ra-an" pos="N" label="route">har-ra-an</w>
<w form="X" lemma="X" label="X">X</w>
<supplied/>
<w form="X" lemma="X" label="X">X</w>
<w form="DU" lemma="DU" label="DU">DU</w>
<suppliedEnd/>
</l>
<l n="92" id="c24215.A.92" corresp="t24215.p9">
<w form="kalag-ga" lemma="kalag" pos="V" label="to be strong">kalag-ga</w>
<w form="erin" lemma="erin" pos="N" label="cedar">erin</w>
<damage/>
<w form="kur-ra" lemma="kur" pos="N" label="(mountain) land">kur<damageEnd/>-<supplied/>ra</w>
<w form="&X;" lemma="&X;" label="&X;">&X;</w>
<suppliedEnd/>
</l>
<l n="93" id="c24215.A.93" corresp="t24215.p9">
<w form="tir" lemma="tir" pos="N" label="forest">tir</w>
<w form="mah-a" lemma="mah" pos="V" label="to be majestic">mah-<supplied/>a</w>
<w form="&X;" lemma="&X;" label="&X;">&X;</w>
<suppliedEnd/>
</l>
<l n="94" id="c24215.A.94" corresp="t24215.p9">
<w form="&jic;ma2" lemma="ma2" pos="N" label="boat" det="&jic;">&jic;ma2</w>
<w form="X" lemma="X" label="X">X</w>
<supplied/>
<w form="&X;" lemma="&X;" label="&X;">&X;</w>
<suppliedEnd/>
</l>
<l n="95" id="c24215.A.95" corresp="t24215.p9">
<w form="hu-wa-wa" lemma="hu-wa-wa" pos="N" type="DN" label="&H;uwawa">hu-wa-<damage/>wa<damageEnd/></w>
<supplied/>
<w form="&X;" lemma="&X;" label="&X;">&X;</w>
<suppliedEnd/>
</l>
<l n="96" id="c24215.A.96" corresp="t24215.p9">
<w form="ni2" lemma="ni2" pos="N" label="fear(someness)">ni2</w>
<w form="7-na-ni" lemma="7" pos="NU" type="cardinal" label="7">7-<supplied/>na-ni</w>
<w form="&X;" lemma="&X;" label="&X;">&X;</w>
<suppliedEnd/>
</l>
<l n="97" id="c24215.A.97" corresp="t24215.p9">
<w form="KA" lemma="KA" label="KA">KA</w>
<w form="TUR-TUR" lemma="TUR" label="TUR" form-type="RR">TUR-TUR</w>
<w form="X" lemma="X" label="X">X</w>
<w form="X" lemma="X" label="X">X</w>
<w form="X" lemma="X" label="X">X</w>
<w form="X" lemma="X" label="X">X</w>
<supplied/>
<w form="&X;" lemma="&X;" label="&X;">&X;</w>
<suppliedEnd/>
</l>
<l n="98" id="c24215.A.98" corresp="t24215.p9">
<w form="ki-tuc" lemma="ki-tuc" pos="N" label="dwelling place">ki-tuc</w>
<w form="ki" lemma="ki" pos="N" label="place">ki</w>
<w form="jar-ra-ni-ta" lemma="jar" pos="V" label="to place">jar-ra-ni-ta</w>
<damage/>
<w form="im-&X;" lemma="&X;" label="&X;">im<damageEnd/>-<supplied/>&X;</w>
<suppliedEnd/>
</l>
<l n="99" id="c24215.A.99" corresp="t24215.p9">
<w form="&d;en-lil2-ra" lemma="en-lil2" pos="N" type="DN" label="Enlil" det="&d;">&d;en-lil2-ra</w>
<w form="ec3-e" lemma="ec3" pos="N" label="shrine">ec3-e</w>
<w form="nibru&ki;-a" lemma="nibru" pos="N" type="SN" label="Nibru" det="&ki;"><damage/>nibru<damageEnd/><supplied/>&ki;-a<suppliedEnd/></w>
<supplied/>
<w form="&X;" lemma="&X;" label="&X;">&X;</w>
<suppliedEnd/>
<w form="ZI2" lemma="ZI2" label="ZI&s2;">ZI2</w>
<w form="mu-na-ni-&X;" lemma="&X;" label="&X;">mu-na-ni-<supplied/>&X;</w>
<suppliedEnd/>
</l>
<l n="100" id="c24215.A.100" corresp="t24215.p9">
<w form="ur-saj" lemma="ur-saj" pos="N" label="hero">ur-saj</w>
<w form="dab5-ba-zu" lemma="dab5" pos="V" label="to seize">dab5-ba-zu</w>
<w form="U3" lemma="U3" label="U&s3;">U3</w>
<w form="X" lemma="X" label="X">X</w>
<w form="X" lemma="X" label="X">X</w>
<w form="X" lemma="X" label="X">X</w>
<w form="X" lemma="X" label="X">X</w>
</l>
<l n="101" id="c24215.A.101" corresp="t24215.p9">
<w form="ama" lemma="ama" pos="N" label="mother">ama</w>
<w form="lu2" lemma="lu2" pos="N" label="person">lu2</w>
<w form="tur5-ra" lemma="tur5" pos="V" label="to be ill">tur5-ra</w>
<w form="dumu" lemma="dumu" pos="N" label="child">dumu</w>
<w form="ur2-ra" lemma="ur2" pos="N" label="root">ur2-ra</w>
<w form="mu-na-ni-de6" lemma="de6" pos="V" label="to carry">mu-na-ni-de6</w>
</l>
<l n="102" id="c24215.A.102" corresp="t24215.p9">
<w form="u2-dug4" lemma="udug" pos="N" label="type of demon">u2-dug4</w>
<w form="ka" lemma="ka" pos="N" label="mouth">ka</w>
<w form="ba-ba-zu" lemma="ba" pos="V" label="to allot">ba-ba-zu</w>
<w form="kur-kur-ra" lemma="kur" pos="N" label="(mountain) land" form-type="RR">kur-kur-ra</w>
<w form="ma-ra-an-ti" lemma="te" pos="V" label="to approach">ma-ra-an-ti</w>
</l>
<l n="103" id="c24215.A.103" corresp="t24215.p9">
<w form="&d;gilgamec2" lemma="gilgamec2" pos="N" type="DN" label="Gilgame&c;" det="&d;">&d;gilgamec2</w>
<w form="nir-jal2" lemma="nir-jal2" pos="AJ" label="authoritative">nir-jal2</w>
<w form="unug&ki;-ga" lemma="unug" pos="N" type="SN" label="Unug" det="&ki;"><damage/>unug<damageEnd/>&ki;-ga</w>
</l>
<l n="104" id="c24215.A.104" corresp="t24215.p9">
<w form="ud" lemma="ud" pos="N" label="storm">ud</w>
<w form="nam-tag2-ga" lemma="nam-tag" pos="N" label="sin">nam-tag2-ga</w>
<w form="nam-gu2-bi-e" lemma="nam-gu2" pos="N" label="oppression">nam-gu2-bi-<unclear cert="qry">e</unclear></w>
<w form="X" lemma="X" label="X">X</w>
<w form="RU" lemma="RU" label="RU"><unclear cert="qry">RU</unclear></w>
</l>
<l n="105" id="c24215.A.105" corresp="t24215.p9">
<w form="ki-bal" lemma="ki-bal" pos="N" label="rebel land">ki-bal</w>
<w form="hul" lemma="hul" pos="V" label="to be bad">hul</w>
<w form="gig-ga" lemma="gig" pos="V" label="to be ill">gig-ga</w>
<w form="saj" lemma="saj" pos="N" label="head">saj</w>
<w form="X" lemma="X" label="X">X</w>
<w form="GIM" lemma="GIM" label="GIM">GIM</w>
<w form="X" lemma="X" label="X">X</w>
<w form="X" lemma="X" label="X">X</w>
</l>
<l n="106" id="c24215.A.106" corresp="t24215.p9">
<w form="nam-mah" lemma="nam-mah" pos="N" label="majesty">nam-mah</w>
<w form="gal-gal-zu" lemma="gal" pos="V" label="to be big" form-type="RR">gal-gal-zu</w>
<w form="pa" lemma="pa" pos="N" label="branch">pa</w>
<w form="bi2-e3" lemma="e3" pos="V" label="to go out or in">bi2-e3</w>
<w form="a2" lemma="a2" pos="N" label="arm">a2</w>
<w form="bad" lemma="bad" pos="V" label="to open">bad</w>
<w form="ha-mu-&X;" lemma="&X;" label="&X;">ha-mu-<supplied/>&X;</w>
<w form="tum2" lemma="de6" pos="V" label="to carry" form-type="isg">tum2</w>
<suppliedEnd/>
</l>
<l n="107" id="c24215.A.107" corresp="t24215.p10">
<w form="en" lemma="en" pos="N" label="lord">en</w>
<w form="&d;gilgamec3" lemma="gilgamec2" pos="N" type="DN" label="Gilgame&c;" det="&d;">&d;gilgamec3</w>
<w form="X" lemma="X" label="X">X</w>
<supplied/>
<w form="&X;" lemma="&X;" label="&X;">&X;</w>
<suppliedEnd/>
</l>
<l n="108" id="c24215.A.108" corresp="t24215.p10">
<w form="cul-gi" lemma="cul-gi" pos="N" type="RN" label="&C;ulgi"><supplied/>cul<suppliedEnd/>-<damage/>gi<damageEnd/></w>
<w form="sipad" lemma="sipad" pos="N" label="shepherd">sipad</w>
<w form="zid" lemma="zid" pos="AJ" label="right">zid</w>
<w form="ki-en-gi-ra-ke4" lemma="ki-en-gi" pos="N" type="GN" label="Sumer">ki-en-<supplied/>gi-ra-ke4<suppliedEnd/></w>
<supplied/>
<w form="&X;" lemma="&X;" label="&X;">&X;</w>
<suppliedEnd/>
</l>
<l n="109" id="c24215.A.109" corresp="t24215.p11">
<supplied/>
<w form="X" lemma="X" label="X">X</w>
<suppliedEnd/>
<w form="cag4-ga" lemma="cag4" pos="N" label="heart">cag4-ga</w>
<supplied/>
<w form="X" lemma="X" label="X">X</w>
<w form="X" lemma="X" label="X">X</w>
<suppliedEnd/>
<w form="CU" lemma="CU" label="&C;U"><unclear cert="qry">CU</unclear></w>
<supplied/>
<w form="&X;" lemma="&X;" label="&X;">&X;</w>
<suppliedEnd/>
</l>
<l n="110" id="c24215.A.110" corresp="t24215.p11">
<supplied/>
<w form="X" lemma="X" label="X">X</w>
<suppliedEnd/>
<w form="ki" lemma="ki" pos="N" label="place"><unclear cert="qry">ki</unclear></w>
<w form="nun" lemma="nun" pos="N" label="prince"><unclear cert="qry">nun</unclear></w>
<supplied/>
<w form="&X;" lemma="&X;" label="&X;">&X;</w>
<suppliedEnd/>
</l>
<l n="111" id="c24215.A.111" corresp="t24215.p11">
<w form="X" lemma="X" label="X">X</w>
<w form="cag4" lemma="cag4" pos="N" label="heart"><unclear cert="qry">cag4</unclear></w>
<w form="A" lemma="A" label="A"><unclear cert="qry">A</unclear></w>
<supplied/>
<w form="X" lemma="X" label="X">X</w>
<suppliedEnd/>
<w form="lu2" lemma="lu2" pos="N" label="person"><unclear cert="qry">lu2</unclear></w>
<damage/>
<w form="MU" lemma="MU" label="MU"><unclear cert="qry">MU</unclear></w>
<damageEnd/>
<supplied/>
<w form="&X;" lemma="&X;" label="&X;">&X;</w>
<suppliedEnd/>
</l>
<l n="112" id="c24215.A.112" corresp="t24215.p11">
<supplied/>
<w form="saj" lemma="saj" pos="N" label="head">saj</w>
<suppliedEnd/>
<damage/>
<w form="gig2-ga" lemma="gig2" pos="V" label="to be black"><unclear cert="qry">gig2</unclear><damageEnd/>-ga</w>
<supplied/>
<w form="X" lemma="X" label="X">X</w>
<suppliedEnd/>
<damage/>
<w form="MU" lemma="MU" label="MU">MU</w>
<damageEnd/>
<w form="U3" lemma="U3" label="U&s3;">U3</w>
<supplied/>
<w form="&X;" lemma="&X;" label="&X;">&X;</w>
<suppliedEnd/>
</l>
<l n="113" id="c24215.A.113" corresp="t24215.p11">
<w form="X" lemma="X" label="X">X</w>
<w form="gal-gal-la" lemma="gal" pos="V" label="to be big" form-type="RR">gal-gal-la</w>
<w form="KA" lemma="KA" label="KA">KA</w>
<w form="NUN" lemma="NUN" label="NUN"><unclear cert="qry">NUN</unclear></w>
<supplied/>
<w form="&X;" lemma="&X;" label="&X;">&X;</w>
<suppliedEnd/>
</l>
<l n="114" id="c24215.A.114" corresp="t24215.p11">
<supplied/>
<w form="X" lemma="X" label="X">X</w>
<suppliedEnd/>
<damage/>
<w form="MA" lemma="MA" label="MA"><unclear cert="qry">MA</unclear></w>
<damageEnd/>
<w form="DA" lemma="DA" label="DA">DA</w>
<w form="ki" lemma="ki" pos="N" label="place">ki</w>
<w form="nij2" lemma="nij2" pos="N" label="thing">nij2</w>
<w form="ja2-ra-bi" lemma="jar" pos="V" label="to place">ja2-ra-bi</w>
<w form="cag4" lemma="cag4" pos="N" label="heart"><unclear cert="qry">cag4</unclear></w>
<supplied/>
<w form="&X;" lemma="&X;" label="&X;">&X;</w>
<suppliedEnd/>
</l>
<l n="115" id="c24215.A.115" corresp="t24215.p11">
<supplied/>
<w form="zar" lemma="zar" pos="N" label="sheaf">zar</w>
<suppliedEnd/>
<damage/>
<w form="du8-a" lemma="du8" pos="V" label="to spread">du8<damageEnd/>-a</w>
<w form="ce" lemma="ce" pos="N" label="barley">ce</w>
<supplied/>
<w form="&X;" lemma="&X;" label="&X;">&X;</w>
<suppliedEnd/>
</l>
<l n="116" id="c24215.A.116" corresp="t24215.p11">
<supplied/>
<w form="X" lemma="X" label="X">X</w>
<suppliedEnd/>
<damage/>
<w form="HA" lemma="HA" label="&H;A"><unclear cert="qry">HA</unclear></w>
<damageEnd/>
<w form="dugud-gin7" lemma="dugud" pos="V" label="to be heavy">dugud-gin7</w>
<w form="bi2-&X;" lemma="&X;" label="&X;">bi2-<supplied/>&X;</w>
<suppliedEnd/>
</l>
<l n="117" id="c24215.A.117" corresp="t24215.p11">
<supplied/>
<w form="X" lemma="X" label="X">X</w>
<suppliedEnd/>
<damage/>
<w form="KA" lemma="KA" label="KA">KA</w>
<damageEnd/>
<w form="an-gin7" lemma="an" pos="N" label="heaven">an-gin7</w>
<damage/>
<w form="MI" lemma="MI" label="MI"><unclear cert="qry">MI</unclear></w>
<damageEnd/>
<supplied/>
<w form="&X;" lemma="&X;" label="&X;">&X;</w>
<suppliedEnd/>
</l>
<l n="118" id="c24215.A.118" corresp="t24215.p11">
<supplied/>
<w form="X-bi-e" lemma="X" pos="N" label="X">X<suppliedEnd/>-<damage/><unclear cert="qry">bi</unclear><damageEnd/>-e</w>
<w form="X" lemma="X" label="X">X</w>
<w form="mah-gin7" lemma="mah" pos="V" label="to be majestic"><unclear cert="cor">mah</unclear>-gin7</w>
<w form="cu" lemma="cu" pos="N" label="hand">cu</w>
<supplied/>
<w form="&X;" lemma="&X;" label="&X;">&X;</w>
<suppliedEnd/>
</l>
<l n="119" id="c24215.A.119" corresp="t24215.p11">
<supplied/>
<w form="X" lemma="X" label="X">X</w>
<suppliedEnd/>
<w form="X" lemma="X" label="X">X</w>
<w form="mah-bi" lemma="mah" pos="V" label="to be majestic">mah-bi</w>
<w form="e2-ce3" lemma="e2" pos="N" label="house(hold)">e2-ce3</w>
<w form="mu-na-X" lemma="X" label="X">mu-na-X</w>
<supplied/>
<w form="&X;" lemma="&X;" label="&X;">&X;</w>
<suppliedEnd/>
</l>
<l n="120" id="c24215.A.120" corresp="t24215.p11">
<supplied/>
<w form="X" lemma="X" label="X">X</w>
<suppliedEnd/>
<w form="X" lemma="X" label="X">X</w>
<supplied/>
<w form="&X;" lemma="&X;" label="&X;">&X;</w>
<suppliedEnd/>
<w form="X" lemma="X" label="X">X</w>
<supplied/>
<w form="&X;" lemma="&X;" label="&X;">&X;</w>
<suppliedEnd/>
</l>
<gap extent="approx. 5 lines missing"/>
<l n="126" id="c24215.A.126" corresp="t24215.p11">
<supplied/>
<w form="&X;" lemma="&X;" label="&X;">&X;</w>
<suppliedEnd/>
<w form="X" lemma="X" label="X">X</w>
<supplied/>
<w form="&X;" lemma="&X;" label="&X;">&X;</w>
<suppliedEnd/>
<w form="X" lemma="X" label="X">X</w>
</l>
<l n="127" id="c24215.A.127" corresp="t24215.p11">
<supplied/>
<w form="&X;" lemma="&X;" label="&X;">&X;</w>
<suppliedEnd/>
<w form="X" lemma="X" label="X">X</w>
<w form="ki-tuc" lemma="ki-tuc" pos="N" label="dwelling place"><unclear cert="qry">ki</unclear>-<unclear cert="qry">tuc</unclear></w>
<damage/>
<w form="nam" lemma="nam" pos="N" label="destiny"><unclear cert="qry">nam</unclear></w>
<damageEnd/>
<supplied/>
<w form="X" lemma="X" label="X">X</w>
<suppliedEnd/>
<w form="X" lemma="X" label="X">X</w>
</l>
<l n="128" id="c24215.A.128" corresp="t24215.p11">
<supplied/>
<w form="&X;" lemma="&X;" label="&X;">&X;</w>
<suppliedEnd/>
<w form="mu-un-KA-e" lemma="KA" pos="V" label="KA">mu-un-<unclear cert="qry">KA</unclear>-e</w>
</l>
<l n="129" id="c24215.A.129" corresp="t24215.p11">
<supplied/>
<w form="&X;" lemma="&X;" label="&X;">&X;</w>
<suppliedEnd/>
<w form="mu-un-cudu3-cudu3" lemma="cudu3-cudu3" pos="V" label="to pray" form-type="RR">mu-un-cudu3-cudu3</w>
</l>
<l n="130" id="c24215.A.130" corresp="t24215.p11">
<supplied/>
<w form="&X;" lemma="&X;" label="&X;">&X;</w>
<suppliedEnd/>
<w form="X" lemma="X" label="X">X</w>
<w form="nam-ul-la-me" lemma="ul" pos="V" label="to swell (with joy)">nam-ul-la-me</w>
</l>
<l n="131" id="c24215.A.131" corresp="t24215.p11">
<supplied/>
<w form="&X;" lemma="&X;" label="&X;">&X;</w>
<suppliedEnd/>
<w form="X" lemma="X" label="X">X</w>
<w form="gal-gal-la-kam" lemma="gal" pos="V" label="to be big" form-type="RR">gal-gal-la-kam</w>
</l>
<l n="132" id="c24215.A.132" corresp="t24215.p11">
<supplied/>
<w form="&X;" lemma="&X;" label="&X;">&X;</w>
<suppliedEnd/>
<w form="ba-ta-a-e3" lemma="e3" pos="V" label="to go out or in">ba-ta-a-e3</w>
</l>
<l n="133" id="c24215.A.133" corresp="t24215.p11">
<supplied/>
<w form="&X;-ec" lemma="&X;" label="&X;">&X;<suppliedEnd/>-<damage/>ec</w>
<damageEnd/>
<w form="im-e-ne" lemma="dug4" pos="V" label="to say" form-type="ppli">im-e-ne</w>
</l>
<l n="134" id="c24215.A.134" corresp="t24215.p11">
<damage/>
<w form="cul" lemma="cul" pos="N" label="young man"><unclear cert="qry">cul</unclear></w>
<damageEnd/>
<supplied/>
<w form="&X;" lemma="&X;" label="&X;">&X;</w>
<suppliedEnd/>
<w form="dijir" lemma="dijir" pos="N" label="deity">dijir</w>
<w form="a-nun-ke4-ne" lemma="a-nun-na" pos="N" type="DN" label="Anuna">a-nun-ke4-ne</w>
</l>
<l n="135" id="c24215.A.135" corresp="t24215.p11">
<w form="u2-a" lemma="u2-a" pos="N" label="provisioner">u2-<supplied/>a</w>
<w form="&X;-na" lemma="&X;" label="&X;">&X;<suppliedEnd/>-na</w>
<w form="giri17" lemma="giri17" pos="N" label="nose">giri17</w>
<w form="cu" lemma="cu" pos="N" label="hand">cu</w>
<w form="jal2-la-ni" lemma="jal2" pos="V" label="to be (located)">jal2-la-ni</w>
</l>
<l n="136" id="c24215.A.136" corresp="t24215.p11">
<w form="ur-saj" lemma="ur-saj" pos="N" label="hero">ur-<damage/><unclear cert="qry">saj</unclear></w>
<damageEnd/>
<supplied/>
<w form="zi2" lemma="sig7" pos="V" label="to be green">zi2</w>
<suppliedEnd/>
<damage/>
<w form="ja2-ra" lemma="jar" pos="V" label="to place"><unclear cert="qry">ja2</unclear><damageEnd/>-ra</w>
<w form="in-ga-mu-cum2-mu-e" lemma="cum2" pos="V" label="to give">in-ga-mu-cum2-mu-e</w>
</l>
<l n="137" id="c24215.A.137" corresp="t24215.p11">
<supplied/>
<w form="lugal" lemma="lugal" pos="N" label="king">lugal</w>
<suppliedEnd/>
<w form="ki-en-gi-ra" lemma="ki-en-gi" pos="N" type="GN" label="Sumer"><supplied/>ki-en<suppliedEnd/>-<damage/>gi<damageEnd/>-ra</w>
<w form="ne3" lemma="ne3" pos="N" label="strength">ne3</w>
<w form="mu-un-gub-me-en3" lemma="gub" pos="V" label="to stand">mu-un-gub-me-en3</w>
</l>
<l n="138" id="c24215.A.138" corresp="t24215.p12">
<w form="&d;cul-gi" lemma="cul-gi" pos="N" type="RN" label="&C;ulgi" det="&d;">&d;cul-<supplied/>gi<suppliedEnd/></w>
<damage/>
<w form="sipad" lemma="sipad" pos="N" label="shepherd">sipad</w>
<damageEnd/>
<w form="zid" lemma="zid" pos="AJ" label="right">zid</w>
<w form="ki-en-gi-ra-ke4" lemma="ki-en-gi" pos="N" type="GN" label="Sumer">ki-en-gi-ra-ke4</w>
</l>
<l n="139" id="c24215.A.139" corresp="t24215.p12">
<w form="cec" lemma="cec" pos="N" label="brother">cec</w>
<damage/>
<w form="gu5-li-ni" lemma="gu5-li" pos="N" label="friend">gu5-li<damageEnd/>-ni</w>
<w form="en" lemma="en" pos="N" label="lord">en</w>
<w form="&d;gilgamec2" lemma="gilgamec2" pos="N" type="DN" label="Gilgame&c;" det="&d;">&d;gilgamec2</w>
</l>
<l n="140" id="c24215.A.140" corresp="t24215.p12">
<w form="nam-kalag-ga-na" lemma="nam-kalag-ga" pos="N" label="strength">nam-kalag-ga-na</w>
<w form="mu-ni-in-i-i" lemma="i" pos="V" label="to bring out" form-type="RR">mu-ni-in-i-i</w>
</l>
<l n="141" id="c24215.A.141" corresp="t24215.p12">
<w form="nam-ur-saj-ja2-na" lemma="nam-ur-saj" pos="N" label="heroism">nam-ur-saj-ja2-na</w>
<w form="mu-ni-in-pad3-pad3" lemma="pad3" pos="V" label="to find" form-type="RR">mu-ni-in-pad3-pad3</w>
</l>
<l n="142" id="c24215.A.142" corresp="t24215.p13">
<w form="&d;ictaran" lemma="ictaran" pos="N" type="DN" label="I&c;taran" det="&d;">&d;ictaran</w>
<w form="di-kud" lemma="di-kud" pos="N" label="judge">di-kud</w>
<w form="kalam-ma" lemma="kalam" pos="N" label="the Land">kalam-ma</w>
<w form="til-la" lemma="til" pos="V" label="to complete">til-la</w>
</l>
<gap extent="unknown no. of lines missing"/>
</div1>
<div1 type="segment" id="c24215.seg1" n="B">
<note id="c24215.n1" lang="eng" target="c24215.seg1">The sequence of Segments B, C, D and E is uncertain</note>
<l n="1" id="c24215.B.1" corresp="t24215.p14">
<w form="X" lemma="X" label="X">X</w>
<supplied/>
<w form="&X;" lemma="&X;" label="&X;">&X;</w>
<suppliedEnd/>
<w form="X" lemma="X" label="X">X</w>
<supplied/>
<w form="&X;" lemma="&X;" label="&X;">&X;</w>
<suppliedEnd/>
<damage/>
<w form="DI" lemma="DI" label="DI"><unclear cert="qry">DI</unclear></w>
<w form="MA" lemma="MA" label="MA">MA</w>
<damageEnd/>
<w form="KA" lemma="KA" label="KA">KA</w>
<w form="X" lemma="X" label="X">X</w>
<supplied/>
<w form="&X;" lemma="&X;" label="&X;">&X;</w>
<suppliedEnd/>
</l>
<l n="2" id="c24215.B.2" corresp="t24215.p14">
<w form="ibila" lemma="ibila" pos="N" label="heir">ibila</w>
<w form="kalag-ga" lemma="kalag" pos="V" label="to be strong">kalag-ga</w>
<term id="c24215.t2">
<w form="nam-lugal-la" lemma="nam-lugal" pos="N" label="kingship"><unclear cert="qry">nam</unclear>-<supplied/>lugal-la</w>
<suppliedEnd/>
</term>
<gloss lang="uncertain" target="c24215.t2">
<note lang="eng">illegible</note>
</gloss>
</l>
<l n="3" id="c24215.B.3" corresp="t24215.p14">
<w form="u3-su-tuku" lemma="usu-tuku" pos="AJ" label="strong">u3-su-tuku</w>
<distinct type="emesal">
<w form="uru2" lemma="iri" pos="N" label="town" emesal="uru2">uru2</w>
</distinct>
<w form="a2" lemma="a2" pos="N" label="arm"><unclear cert="qry">a2</unclear></w>
<w form="X" lemma="X" label="X">X</w>
<supplied/>
<w form="&X;" lemma="&X;" label="&X;">&X;</w>
<suppliedEnd/>
</l>
<l n="4" id="c24215.B.4" corresp="t24215.p14">
<w form="dur3" lemma="dur3" pos="N" label="young donkey">dur3</w>
<w form="&d;suen-na" lemma="suen" pos="N" type="DN" label="Suen" det="&d;">&d;suen-<supplied/>na<suppliedEnd/></w>
<supplied/>
<w form="&X;" lemma="&X;" label="&X;">&X;</w>
<suppliedEnd/>
</l>
<l n="5" id="c24215.B.5" corresp="t24215.p14">
<w form="sun4" lemma="sun4" pos="N" label="beard">sun4</w>
<w form="za-gin3" lemma="za-gin3" pos="N" label="lapis lazuli">za-gin3</w>
<w form="la2" lemma="la2" pos="V" label="to hang">la2</w>
<damage/>
<w form="gaba" lemma="gaba" pos="N" label="chest"><unclear cert="qry">gaba</unclear></w>
<damageEnd/>
<supplied/>
<w form="&X;" lemma="&X;" label="&X;">&X;</w>
<suppliedEnd/>
<w form="nam-gu2" lemma="nam-gu2" pos="N" label="oppression">nam-<unclear cert="qry">gu2</unclear></w>
<supplied/>
<w form="&X;" lemma="&X;" label="&X;">&X;</w>
<suppliedEnd/>
</l>
<l n="6" id="c24215.B.6" corresp="t24215.p14">
<w form="za3-mi2-bi" lemma="za3-mi2" pos="N" label="praise">za3-mi2-bi</w>
<w form="dug3" lemma="dug3" pos="V" label="to be good"><unclear cert="qry">dug3</unclear></w>
<supplied/>
<w form="&X;" lemma="&X;" label="&X;">&X;</w>
<suppliedEnd/>
<w form="cir3-bi" lemma="cir3" pos="N" label="song">cir3-<damage/><unclear cert="qry">bi</unclear></w>
<damageEnd/>
<supplied/>
<w form="&X;" lemma="&X;" label="&X;">&X;</w>
<suppliedEnd/>
</l>
<l n="7" id="c24215.B.7" corresp="t24215.p14">
<w form="mu-bi" lemma="mu" pos="N" label="name">mu-bi</w>
<w form="X" lemma="X" label="X">X</w>
<supplied/>
<w form="&X;" lemma="&X;" label="&X;">&X;</w>
<suppliedEnd/>
<w form="CE" lemma="CE" label="&C;E"><unclear cert="qry">CE</unclear></w>
<supplied/>
<w form="&X;" lemma="&X;" label="&X;">&X;</w>
<suppliedEnd/>
</l>
<l n="8" id="c24215.B.8" corresp="t24215.p14">
<w form="dumu" lemma="dumu" pos="N" label="child"><unclear cert="qry">dumu</unclear></w>
<supplied/>
<w form="&X;" lemma="&X;" label="&X;">&X;</w>
<suppliedEnd/>
</l>
<gap extent="unknown no. of lines missing"/>
</div1>
<div1 type="segment" id="c24215.seg2" n="C">
<note id="c24215.n2" lang="eng" target="c24215.seg2">The sequence of Segments B, C, D and E is uncertain; Segments C and D are adjacent</note>
<l n="1" id="c24215.C.1" corresp="t24215.p15">
<supplied/>
<w form="&X;" lemma="&X;" label="&X;">&X;</w>
<suppliedEnd/>
<w form="X" lemma="X" label="X">X</w>
<w form="X" lemma="X" label="X">X</w>
<supplied/>
<w form="&X;" lemma="&X;" label="&X;">&X;</w>
<suppliedEnd/>
</l>
<l n="2" id="c24215.C.2" corresp="t24215.p15">
<supplied/>
<w form="&X;" lemma="&X;" label="&X;">&X;</w>
<suppliedEnd/>
<term id="c24215.t3">
<supplied/>
<w form="a2" lemma="a2" pos="N" label="arm">a2</w>
<suppliedEnd/>
<w form="sud-sud-de3" lemma="sud" pos="V" label="to be distant" form-type="RR">sud-sud-de3</w>
</term>
<gloss lang="akk" target="c24215.t3">
i-ca2-di-hu
</gloss>
</l>
<l n="3" id="c24215.C.3" corresp="t24215.p15">
<supplied/>
<w form="&X;" lemma="&X;" label="&X;">&X;</w>
<suppliedEnd/>
<w form="DU-mu-un" lemma="DU" pos="V" label="DU">DU-mu-un</w>
</l>
<l n="4" id="c24215.C.4" corresp="t24215.p15">
<supplied/>
<w form="&X;-DU-en3" lemma="DU" pos="V" label="DU">&X;<suppliedEnd/>-<unclear cert="qry">DU</unclear>-en3</w>
</l>
<l n="5" id="c24215.C.5" corresp="t24215.p15">
<supplied/>
<w form="&X;" lemma="&X;" label="&X;">&X;</w>
<suppliedEnd/>
<damage/>
<w form="he2-eb2-dug4" lemma="dug4" pos="V" label="to say"><unclear cert="qry">he2</unclear><damageEnd/>-eb2-<term id="c24215.t4">dug4</term><gloss lang="sux" target="c24215.t4">du</gloss></w>
</l>
<l n="6" id="c24215.C.6" corresp="t24215.p15">
<supplied/>
<w form="&X;" lemma="&X;" label="&X;">&X;</w>
<suppliedEnd/>
<damage/>
<w form="he2-eb2-du7" lemma="du7" pos="V" label="to be perfect"><unclear cert="qry">he2</unclear><damageEnd/>-eb2-<term id="c24215.t5">du7</term><gloss lang="sux" target="c24215.t5">du</gloss></w>
</l>
<l n="7" id="c24215.C.7" corresp="t24215.p15">
<supplied/>
<w form="&X;-ga-me-ec2" lemma="&X;" label="&X;">&X;<suppliedEnd/>-ga-me-ec2</w>
</l>
<l n="8" id="c24215.C.8" corresp="t24215.p15">
<supplied/>
<w form="&X;" lemma="&X;" label="&X;">&X;</w>
<suppliedEnd/>
<term id="c24215.t6">
<w form="kalam-ma-me-ec2" lemma="kalam" pos="N" label="the Land">kalam-ma-me-ec2</w>
</term>
<gloss lang="akk" target="c24215.t6">
cu-nu
</gloss>
</l>
<l n="9" id="c24215.C.9" corresp="t24215.p15">
<supplied/>
<w form="&X;" lemma="&X;" label="&X;">&X;</w>
<suppliedEnd/>
<term id="c24215.t7">
<w form="pec-a-me-ec2" lemma="pec" pos="V" label="to be thick">pec-a-me-ec2</w>
</term>
<gloss lang="akk" target="c24215.t7">
kab-ru3
</gloss>
</l>
<l n="10" id="c24215.C.10" corresp="t24215.p15">
<supplied/>
<w form="&X;" lemma="&X;" label="&X;">&X;</w>
<suppliedEnd/>
<w form="X" lemma="X" label="X">X</w>
<w form="X" lemma="X" label="X">X</w>
<term id="c24215.t8">
<w form="X-me-ec2" lemma="X" label="X">X-me-ec2</w>
</term>
<gloss lang="uncertain" target="c24215.t8">
<note lang="eng">illegible</note>
</gloss>
</l>
<l n="11" id="c24215.C.11" corresp="t24215.p15">
<supplied/>
<w form="&X;" lemma="&X;" label="&X;">&X;</w>
<suppliedEnd/>
<w form="BAD" lemma="BAD" label="BAD">BAD</w>
<w form="X-me-ec2" lemma="X" label="X">X-<supplied/>me<suppliedEnd/>-ec2</w>
</l>
<l n="12" id="c24215.C.12" corresp="t24215.p15">
<supplied/>
<w form="&X;" lemma="&X;" label="&X;">&X;</w>
<suppliedEnd/>
<w form="hul-la-me-ec2" lemma="hul" pos="V" label="to be bad"><unclear cert="qry">hul</unclear>-<supplied/>la-me<suppliedEnd/>-<damage/>ec2</w>
<damageEnd/>
</l>
<l n="13" id="c24215.C.13" corresp="t24215.p15">
<supplied/>
<w form="&X;" lemma="&X;" label="&X;">&X;</w>
<suppliedEnd/>
<w form="X" lemma="X" label="X">X</w>
<w form="lil2-la2-me-ec2" lemma="lil2" pos="N" label="ghost"><unclear cert="qry">lil2</unclear>-<unclear cert="qry">la2</unclear>-me-ec2</w>
</l>
<l n="14" id="c24215.C.14" corresp="t24215.p15">
<supplied/>
<w form="&X;" lemma="&X;" label="&X;">&X;</w>
<suppliedEnd/>
<w form="X" lemma="X" label="X">X</w>
<w form="X-me-ec2" lemma="X" label="X">X-<unclear cert="qry">me</unclear>-<unclear cert="qry">ec2</unclear></w>
</l>
</div1>
<div1 type="segment" id="c24215.seg3" n="D">
<note id="c24215.n3" lang="eng" target="c24215.seg3">The sequence of Segments B, C, D and E is uncertain; Segments C and D are adjacent</note>
<l n="1" id="c24215.D.1" corresp="t24215.p16">
<damage/>
<w form="DI" lemma="DI" label="DI">DI</w>
<damageEnd/>
<supplied/>
<w form="&X;" lemma="&X;" label="&X;">&X;</w>
<suppliedEnd/>
</l>
<l n="2" id="c24215.D.2" corresp="t24215.p16">
<w form="PIRIJ" lemma="PIRIJ" label="PIRI&G;">PIRIJ</w>
<w form="X" lemma="X" label="X">X</w>
<supplied/>
<w form="&X;" lemma="&X;" label="&X;">&X;</w>
<suppliedEnd/>
</l>
<l n="3" id="c24215.D.3" corresp="t24215.p16">
<w form="ur-saj" lemma="ur-saj" pos="N" label="hero">ur-<damage/>saj</w>
<damageEnd/>
<supplied/>
<w form="zi2" lemma="sig7" pos="V" label="to be green">zi2</w>
<w form="ja2-ra" lemma="jar" pos="V" label="to place">ja2-ra</w>
<term id="c24215.t9">
<w form="in-ga-mu-cum2-mu-e" lemma="cum2" pos="V" label="to give">in-ga-mu-cum2-mu-e</w>
</term>
<suppliedEnd/>
<gloss lang="uncertain" target="c24215.t9">
<note lang="eng">illegible</note>
</gloss>
</l>
<l n="4" id="c24215.D.4" corresp="t24215.p16">
<w form="lugal" lemma="lugal" pos="N" label="king">lugal</w>
<w form="ki-en-gi-ra" lemma="ki-en-gi" pos="N" type="GN" label="Sumer">ki-en-<damage/>gi<damageEnd/>-<supplied/>ra<suppliedEnd/></w>
<supplied/>
<w form="ne3" lemma="ne3" pos="N" label="strength">ne3</w>
<w form="mu-un-gub-me-en3" lemma="gub" pos="V" label="to stand">mu-un-gub-me-en3</w>
<suppliedEnd/>
</l>
<l n="5" id="c24215.D.5" corresp="t24215.p17">
<w form="cul-gi" lemma="cul-gi" pos="N" type="RN" label="&C;ulgi">cul-gi</w>
<w form="sipad" lemma="sipad" pos="N" label="shepherd">sipad</w>
<supplied/>
<w form="zid" lemma="zid" pos="AJ" label="right">zid</w>
<w form="ki-en-gi-ra-ke4" lemma="ki-en-gi" pos="N" type="GN" label="Sumer">ki-en-gi-ra-ke4</w>
<suppliedEnd/>
</l>
<l n="6" id="c24215.D.6" corresp="t24215.p17">
<w form="cec" lemma="cec" pos="N" label="brother">cec</w>
<w form="gu5-li-ni" lemma="gu5-li" pos="N" label="friend">gu5-li-ni</w>
<supplied/>
<w form="en" lemma="en" pos="N" label="lord">en</w>
<w form="&d;gilgamec3" lemma="gilgamec2" pos="N" type="DN" label="Gilgame&c;" det="&d;">&d;gilgamec3</w>
<suppliedEnd/>
</l>
<l n="7" id="c24215.D.7" corresp="t24215.p17">
<w form="nam-kalag-ga-na" lemma="nam-kalag-ga" pos="N" label="strength">nam-kalag-ga-na</w>
<supplied/>
<w form="mu-ni-in-i-i" lemma="i" pos="V" label="to bring out" form-type="RR">mu-ni-in-i-i</w>
<suppliedEnd/>
</l>
<l n="8" id="c24215.D.8" corresp="t24215.p17">
<w form="nam-ur-saj-ja2-na" lemma="nam-ur-saj" pos="N" label="heroism">nam-ur-saj-ja2-na</w>
<supplied/>
<w form="mu-ni-in-pad3-pad3-de3" lemma="pad3" pos="V" label="to find" form-type="RR">mu-ni-in-pad3-pad3-de3</w>
<suppliedEnd/>
</l>
<l n="9" id="c24215.D.9" corresp="t24215.p18">
<w form="&d;gilgamec3" lemma="gilgamec2" pos="N" type="DN" label="Gilgame&c;" det="&d;">&d;gilgamec3</w>
<w form="&ance;ni-is-ku" lemma="ni-is-ku" pos="N" label="choice steed" det="&ance;">&ance;ni-is-ku</w>
<supplied/>
<w form="&X;" lemma="&X;" label="&X;">&X;</w>
<suppliedEnd/>
</l>
<l n="10" id="c24215.D.10" corresp="t24215.p18">
<w form="dijir" lemma="dijir" pos="N" label="deity">dijir</w>
<w form="di-kud" lemma="di-kud" pos="N" label="judge">di-kud</w>
<w form="X" lemma="X" label="X">X</w>
<term id="c24215.t10">
<supplied/>
<w form="&X;" lemma="&X;" label="&X;">&X;</w>
<suppliedEnd/>
</term>
<gloss lang="akk" target="c24215.t10">
X
<supplied/>
X
<suppliedEnd/>
X
cu-na
</gloss>
</l>
<l n="11" id="c24215.D.11" corresp="t24215.p18">
<w form="X" lemma="X" label="X">X</w>
<w form="X" lemma="X" label="X">X</w>
<w form="ZU" lemma="ZU" label="ZU">ZU</w>
<w form="A" lemma="A" label="A">A</w>
<w form="X" lemma="X" label="X">X</w>
<supplied/>
<w form="&X;" lemma="&X;" label="&X;">&X;</w>
<suppliedEnd/>
</l>
<l n="12" id="c24215.D.12" corresp="t24215.p18">
<w form="dub-la2-zu-u3" lemma="dub-la2" pos="N" label="(doorpost) platform">dub-la2-zu-u3</w>
<w form="X" lemma="X" label="X">X</w>
<supplied/>
<w form="&X;" lemma="&X;" label="&X;">&X;</w>
<suppliedEnd/>
</l>
<l n="13" id="c24215.D.13" corresp="t24215.p18">
<w form="am" lemma="am" pos="N" label="wild bull">am</w>
<w form="du7-du7-gin7" lemma="du7" pos="V" label="to push" form-type="RR">du7-du7-gin7</w>
<supplied/>
<w form="&X;" lemma="&X;" label="&X;">&X;</w>
<suppliedEnd/>
</l>
<l n="14" id="c24215.D.14" corresp="t24215.p18">
<w form="X" lemma="X" label="X">X</w>
<supplied/>
<w form="&X;" lemma="&X;" label="&X;">&X;</w>
<suppliedEnd/>
</l>
<gap extent="unknown no. of lines missing"/>
</div1>
<div1 type="segment" id="c24215.seg4" n="E">
<note id="c24215.n4" lang="eng" target="c24215.seg4">The sequence of Segments B, C, D and E is uncertain</note>
<l n="1" id="c24215.E.1" corresp="t24215.p19">
<supplied/>
<w form="muc-cag4-tur3-gin7" lemma="muc-cag4-tur3" pos="N" label="horned viper">muc<suppliedEnd/>-<damage/>cag4<damageEnd/>-tur3-gin7</w>
<term id="c24215.t11">
<w form="ki-bal-ce3" lemma="ki-bal" pos="N" label="rebel land">ki-bal-ce3</w>
<w form="kur9" lemma="kur9" pos="V" label="to enter">kur9</w>
<supplied/>
<w form="&X;" lemma="&X;" label="&X;">&X;</w>
<suppliedEnd/>
</term>
<gloss lang="akk" target="c24215.t11">
<supplied/>
a-na
<suppliedEnd/>
ma-at
nu-ku-ur-tim
a-na
<supplied/>
&X;
<suppliedEnd/>
</gloss>
</l>
<l n="2" id="c24215.E.2" corresp="t24215.p19">
<term id="c24215.t12">
<w form="cul-gi" lemma="cul-gi" pos="N" type="RN" label="&C;ulgi"><supplied/>cul<suppliedEnd/>-gi</w>
<w form="dumu" lemma="dumu" pos="N" label="child">dumu</w>
<w form="&d;nin-sumun2-ka" lemma="nin-sumun2" pos="N" type="DN" label="Ninsumun" det="&d;">&d;nin-sumun2-ka</w>
<w form="&d;en-ki" lemma="en-ki" pos="N" type="DN" label="Enki" det="&d;">&d;<unclear cert="qry">en</unclear>-<damage/><unclear cert="qry">ki</unclear><damageEnd/></w>
<w form="an" lemma="an" pos="N" label="heaven">an</w>
<supplied/>
<w form="&X;" lemma="&X;" label="&X;">&X;</w>
<suppliedEnd/>
</term>
<gloss lang="akk" target="c24215.t12">
X
<supplied/>
&X;
<suppliedEnd/>
DUMU
za
an
<supplied/>
&X;
<suppliedEnd/>
</gloss>
</l>
<l n="3" id="c24215.E.3" corresp="t24215.p19">
<supplied/>
<w form="&X;" lemma="&X;" label="&X;">&X;</w>
<suppliedEnd/>
<w form="X" lemma="X" label="X">X</w>
<w form="X" lemma="X" label="X">X</w>
<w form="X-bi" lemma="X" label="X">X-bi</w>
<w form="BAD" lemma="BAD" label="BAD">BAD</w>
<w form="ki" lemma="ki" pos="N" label="place"><unclear cert="qry">ki</unclear></w>
<w form="X" lemma="X" label="X">X</w>
<supplied/>
<w form="&X;" lemma="&X;" label="&X;">&X;</w>
<suppliedEnd/>
</l>
<gap extent="unknown no. of lines missing"/>
</div1>
</body>
</text>
</TEI.2>
