<TEI.2 id="c.2.4.2.17">
<teiHeader lang="eng">
<fileDesc>
<titleStmt>
<title>An <foreign lang="sux">adab</foreign> (?) to Utu for &C;ulgi (&C;ulgi Q) -- a composite transliteration</title>
<respStmt><name>Jeremy Black</name><resp>Project Director and Editor</resp></respStmt>
<respStmt><name>G&aacute;bor Z&oacute;lyomi</name><resp>Editor</resp></respStmt>
<respStmt><name>Graham Cunningham</name><resp>Senior Editor</resp></respStmt>
<respStmt><name>Jon Taylor</name><resp>Editor</resp></respStmt>
<respStmt><name>Eleanor Robson</name><resp>Technical Developer</resp></respStmt>
<respStmt><name>Jarle Ebeling</name><resp>Technical Developer</resp></respStmt>
</titleStmt>
<publicationStmt>
<distributor>The Electronic Text Corpus of Sumerian Literature
</distributor><address><addrLine>The Oriental Institute, University of Oxford, Pusey Lane, Oxford OX1 2LE, UK, email etcsl&commat;orinst.ox.ac.uk, http://etcsl.orinst.ox.ac.uk</addrLine></address>
<date>2002</date>
</publicationStmt>
<seriesStmt><p>The Electronic Text Corpus of Sumerian Literature aims to make accessible over 400 literary works composed in the Sumerian language in ancient Mesopotamia during the late third and early second millennia BC. The works are in Sumerian composite transliteration and English prose translation with bibliographical information on each composition.</p></seriesStmt>
<sourceDesc>
<listBibl type="secondary">
<bibl><xref from="b874">Tinney 1998jjjj</xref><biblScope type="contents">score transliteration</biblScope><note>electronic source</note></bibl>
</listBibl>
<listBibl type="tablets">
<bibl><biblScope type="museumNumber">Ni 2475 (SRT 15)</biblScope></bibl>
</listBibl>
</sourceDesc>
</fileDesc>
<revisionDesc>
<change><date>26.v.2002</date><respStmt><name>GZ</name><resp>editor</resp></respStmt>
<item>standardisation, transliteration</item></change>
<change><date>27.v.2002</date><respStmt><name>JAB</name><resp>editor</resp></respStmt>
<item>proofreading</item></change>
<change><date>17.vi.2002</date><respStmt><name>GC</name><resp>editor</resp></respStmt>
<item>SGML tagging</item></change>
<change><date>02.xi.2002</date><respStmt><name>ER</name><resp>editor</resp></respStmt>
<item>proofreading SGML</item></change>
<change><date>04.xi.2002</date><respStmt><name>ER</name><resp>editor</resp></respStmt>
<item>web publication</item></change>
<change><date>01.vi.2003</date><respStmt><name>GC/JE</name><resp>editor/technical developer</resp></respStmt>
<item>XML/TEI conversion</item></change>
<change><date>30.iii.2005</date><respStmt><name>GC/JE</name><resp>senior editor/technical developer</resp></respStmt>
<item>lemmatised version published</item></change>
</revisionDesc>
</teiHeader>
<text lang="sux">
<body>
<lg n="A" type="sa-gida">
<gap extent="unknown no. of lines missing"/>
<l n="1" id="c24217.A.1" corresp="t24217.p1">
<w form="cul" lemma="cul" pos="N" label="young man">cul</w>
<w form="&d;utu" lemma="utu" pos="N" type="DN" label="Utu" det="&d;">&d;<supplied/>utu<suppliedEnd/></w>
<supplied/>
<w form="&X;" lemma="&X;" label="&X;">&X;</w>
<w form="im-ma-an-ri" lemma="ri" pos="V" label="to direct">im<suppliedEnd/>-ma-an-ri</w>
</l>
<l n="2" id="c24217.A.2" corresp="t24217.p1">
<w form="ur5-ra-ac-ta" lemma="urac" pos="N" type="DN" label="Ura&c;">ur5-ra-ac-ta</w>
<w form="X" lemma="X" label="X">X</w>
<supplied/>
<w form="&X;" lemma="&X;" label="&X;">&X;</w>
<suppliedEnd/>
<damage/>
<w form="mu-e-tum3-tum3" lemma="de6" pos="V" label="to carry" form-type="RR-isg"><unclear cert="qry">mu</unclear><damageEnd/>-e-tum3-tum3</w>
</l>
<l n="3" id="c24217.A.3" corresp="t24217.p1">
<w form="ce-er-zid" lemma="ce-er-zid" pos="N" label="radiance">ce-er-zid</w>
<w form="pirij" lemma="pirij" pos="N" label="lion">pirij</w>
<damage/>
<w form="gal" lemma="gal" pos="V" label="to be big">gal</w>
<damageEnd/>
<supplied/>
<w form="&X;" lemma="&X;" label="&X;">&X;</w>
<suppliedEnd/>
<w form="X" lemma="X" label="X">X</w>
<damage/>
<w form="ur-saj" lemma="ur-saj" pos="N" label="hero">ur<damageEnd/>-saj</w>
<corr resp="scrOm"/>
<w form="an-cag4" lemma="an-cag4" pos="N" label="interior of heaven">an<corrEnd/>-cag4</w>
<w form="kug-ta" lemma="kug" pos="AJ" label="shining">kug-ta</w>
<w form="e3-a" lemma="e3" pos="V" label="to go out or in"><corr sic="DU">e3</corr>-a</w>
</l>
<l n="4" id="c24217.A.4" corresp="t24217.p1">
<w form="ud" lemma="ud" pos="N" label="storm">ud</w>
<w form="me-lem4-ni" lemma="me-lem4" pos="N" label="(awesome) radiance">me-lem4-ni</w>
<w form="kalam-ma" lemma="kalam" pos="N" label="the Land">kalam-ma</w>
<w form="bi2-dul4" lemma="dul" pos="V" label="to cover (together)">bi2-dul4</w>
<w form="ni2" lemma="ni2" pos="N" label="fear(someness)">ni2</w>
<w form="gal" lemma="gal" pos="V" label="to be big">gal</w>
<w form="mu-da-ri" lemma="ri" pos="V" label="to direct">mu-da-ri</w>
</l>
<l n="5" id="c24217.A.5" corresp="t24217.p1">
<w form="&d;utu" lemma="utu" pos="N" type="DN" label="Utu" det="&d;">&d;utu</w>
<w form="lugal" lemma="lugal" pos="N" label="king">lugal</w>
<w form="nij2-si-sa2" lemma="nij2-si-sa2" pos="N" label="justice">nij2-si-sa2</w>
<w form="a" lemma="a" pos="N" label="water">a</w>
<w form="zid-de3-ec2" lemma="zid" pos="AJ" label="right">zid-de3-ec2</w>
<w form="tum2-ma" lemma="tum2" pos="V" label="to be suitable">tum2-ma</w>
</l>
<l n="6" id="c24217.A.6" corresp="t24217.p1">
<w form="cen-na" lemma="cen" pos="N" label="combat">cen-na</w>
<w form="dalla" lemma="dalla" pos="V" label="to be bright">dalla</w>
<w form="mu-na-ni-in-e3" lemma="e3" pos="V" label="to go out or in">mu-na-ni-in-e3</w>
<w form="sipad" lemma="sipad" pos="N" label="shepherd">sipad</w>
<w form="zid" lemma="zid" pos="AJ" label="right">zid</w>
<w form="cul-gi-ke4" lemma="cul-gi" pos="N" type="RN" label="&C;ulgi">cul-gi-ke4</w>
</l>
<l n="7" id="c24217.A.7" corresp="t24217.p1">
<w form="am" lemma="am" pos="N" label="wild bull">am</w>
<w form="gal" lemma="gal" pos="V" label="to be big">gal</w>
<w form="an" lemma="an" pos="N" label="heaven">an</w>
<w form="kug-ta" lemma="kug" pos="AJ" label="shining">kug-ta</w>
<w form="cul" lemma="cul" pos="N" label="young man">cul</w>
<w form="&d;utu" lemma="utu" pos="N" type="DN" label="Utu" det="&d;">&d;utu</w>
<w form="izi-jar-gin7" lemma="izi-jar" pos="N" label="torch">izi-jar-gin7</w>
<w form="ja2-ja2" lemma="jar" pos="V" label="to place" form-type="rr">ja2-ja2</w>
<w form="ud" lemma="ud" pos="N" label="storm">ud</w>
<w form="kalam-ma" lemma="kalam" pos="N" label="the Land">kalam-ma</w>
<w form="igi-jal2" lemma="igi-jal2" pos="AJ" label="wise">igi-jal2</w>
</l>
<l n="8" id="c24217.A.8" corresp="t24217.p1">
<supplied/>
<w form="kur-kur-ra" lemma="kur" pos="N" label="(mountain) land" form-type="RR">kur<suppliedEnd/>-kur-ra</w>
<w form="me-lem4" lemma="me-lem4" pos="N" label="(awesome) radiance">me-lem4</w>
<w form="ur5-ra-ac" lemma="urac" pos="N" type="DN" label="Ura&c;">ur5-ra-ac</w>
</l>
<l n="9" id="c24217.A.9" corresp="t24217.p1">
<w form="dijir" lemma="dijir" pos="N" label="deity">dijir</w>
<phr type="VP" lemma="si sa2" label="to make straight">
<w form="si" lemma="si" pos="N" label="horn">si</w>
<w form="sa2" lemma="sa2" pos="V" label="to equal">sa2</w>
</phr>
<w form="&d;a-nun-ke4-ne" lemma="a-nun-na" pos="N" type="DN" label="Anuna" det="&d;"><corr resp="scrOm"/>&d;<corrEnd/>a-nun-ke4-ne</w>
<damage/>
<w form="ucumgal" lemma="ucumgal" pos="N" label="type of serpent">ucumgal</w>
<damageEnd/>
<w form="kug" lemma="kug" pos="AJ" label="shining">kug</w>
<w form="sud-sud" lemma="sud" pos="V" label="to be distant" form-type="RR">sud-sud</w>
</l>
<l n="10" id="c24217.A.10" corresp="t24217.p1">
<w form="dumu-saj" lemma="dumu-saj" pos="N" label="first-born (child)">dumu-saj</w>
<w form="&d;suen-ne2" lemma="suen" pos="N" type="DN" label="Suen" det="&d;">&d;suen-ne2</w>
<w form="mi2" lemma="mi2" pos="N" label="(loving) care">mi2</w>
<w form="dug4-ga" lemma="dug4" pos="V" label="to say">dug4-ga</w>
<w form="en" lemma="en" pos="N" label="lord">en</w>
<w form="dug4-ga" lemma="dug4" pos="V" label="to say">dug4-ga</w>
<w form="tud-da" lemma="tud" pos="V" label="to give birth">tud-da</w>
</l>
<l n="11" id="c24217.A.11" corresp="t24217.p1">
<w form="cul-gi-ra" lemma="cul-gi" pos="N" type="RN" label="&C;ulgi">cul-gi-ra</w>
<w form="&d;utu-u3" lemma="utu" pos="N" type="DN" label="Utu" det="&d;">&d;utu-u3</w>
<damage/>
<w form="nam-lugal" lemma="nam-lugal" pos="N" label="kingship"><unclear cert="qry">nam</unclear><damageEnd/>-lugal</w>
<w form="kalam-ma" lemma="kalam" pos="N" label="the Land">kalam-ma</w>
<w form="mu-na-an-cum2" lemma="cum2" pos="V" label="to give">mu-na-an-cum2</w>
</l>
<l n="12" id="c24217.A.12" corresp="t24217.p2">
<damage/>
<w form="pirij" lemma="pirij" pos="N" label="lion">pirij</w>
<damageEnd/>
<w form="zag" lemma="zag" pos="N" label="side">zag</w>
<w form="3-gin7" lemma="3" pos="NU" type="cardinal" label="3">3-gin7</w>
<w form="kur" lemma="kur" pos="N" label="(mountain) land">kur</w>
<w form="u3-mu-tuku4-tuku4" lemma="tuku4" pos="V" label="to shake" form-type="RR">u3-mu-tuku4-tuku4</w>
<w form="ki-bal" lemma="ki-bal" pos="N" label="rebel land">ki-bal</w>
<w form="mu-hul-Xbr" lemma="hul" pos="V" label="to be bad">mu-<damage/>hul<damageEnd/>-<supplied/>(X)</w>
<suppliedEnd/>
</l>
<l n="13" id="c24217.A.13" corresp="t24217.p2">
<w form="lu2" lemma="lu2" pos="N" label="person">lu2</w>
<w form="gu2-erim2-jal2" lemma="gu2-erim2-jal2" pos="AJ" label="hostile">gu2-erim2-<supplied/>jal2</w>
<suppliedEnd/>
<w form="&d;nanna-a-ka" lemma="nanna" pos="N" type="DN" label="Nanna" det="&d;">&d;nanna-a-<damage/><unclear cert="cor">ka</unclear><damageEnd/></w>
<w form="gu2" lemma="gu2" pos="N" label="neck">gu2</w>
<w form="X" lemma="X" label="X">X</w>
<supplied/>
<w form="&X;" lemma="&X;" label="&X;">&X;</w>
<suppliedEnd/>
</l>
<l n="14" id="c24217.A.14" corresp="t24217.p2">
<supplied/>
<w form="X" lemma="X" label="X">X</w>
<suppliedEnd/>
<w form="X" lemma="X" label="X">X</w>
<w form="saj-ja2" lemma="saj" pos="N" label="head">saj-ja2</w>
<supplied/>
<w form="&X;" lemma="&X;" label="&X;">&X;</w>
<suppliedEnd/>
<w form="X" lemma="X" label="X">X</w>
<w form="gal" lemma="gal" pos="V" label="to be big">gal</w>
<w form="dijir-re-ne" lemma="dijir" pos="N" label="deity">dijir-re-<supplied/>ne</w>
<suppliedEnd/>
</l>
<l n="15" id="c24217.A.15" corresp="t24217.p2">
<supplied/>
<w form="&X;-a-ni" lemma="&X;" label="&X;">&X;<suppliedEnd/>-a-ni</w>
<supplied/>
<w form="&X;" lemma="&X;" label="&X;">&X;</w>
<suppliedEnd/>
<w form="X" lemma="X" label="X">X</w>
<w form="RA" lemma="RA" label="RA">RA</w>
<damage/>
<w form="aj2" lemma="aj2" pos="V" label="to measure"><unclear cert="qry">aj2</unclear></w>
<damageEnd/>
<supplied/>
<w form="&X;" lemma="&X;" label="&X;">&X;</w>
<suppliedEnd/>
</l>
<l n="16" id="c24217.A.16" corresp="t24217.p2">
<supplied/>
<w form="&X;" lemma="&X;" label="&X;">&X;</w>
<suppliedEnd/>
<w form="E" lemma="E" label="E">E</w>
<supplied/>
<w form="&X;-ge-ec" lemma="&X;" label="&X;">&X;<suppliedEnd/>-ge-ec</w>
<supplied/>
<w form="&X;" lemma="&X;" label="&X;">&X;</w>
<suppliedEnd/>
</l>
<l n="17" id="c24217.A.17" corresp="t24217.p2">
<w form="&d;utu" lemma="utu" pos="N" type="DN" label="Utu" det="&d;">&d;utu</w>
<w form="sipad" lemma="sipad" pos="N" label="shepherd">sipad</w>
<damage/>
<w form="cag4" lemma="cag4" pos="N" label="heart"><unclear cert="qry">cag4</unclear></w>
<damageEnd/>
<supplied/>
<w form="&X;" lemma="&X;" label="&X;">&X;</w>
<suppliedEnd/>
<w form="X-ni-ir" lemma="X" pos="N" label="X">X-ni-ir</w>
<supplied/>
<w form="&X;" lemma="&X;" label="&X;">&X;</w>
<suppliedEnd/>
</l>
<l n="18" id="c24217.A.18" corresp="t24217.p2">
<w form="cul-gi" lemma="cul-gi" pos="N" type="RN" label="&C;ulgi">cul-gi</w>
<w form="nij2-si-sa2" lemma="nij2-si-sa2" pos="N" label="justice">nij2-si-<damage/>sa2</w>
<damageEnd/>
<supplied/>
<w form="&X;" lemma="&X;" label="&X;">&X;</w>
<suppliedEnd/>
</l>
<l n="19" id="c24217.A.19" corresp="t24217.p2">
<w form="gug-kal-la" lemma="gug-kal" pos="N" label="famine">gug-kal-la</w>
<damage/>
<w form="AN" lemma="AN" label="AN">AN</w>
<damageEnd/>
<supplied/>
<w form="&X;" lemma="&X;" label="&X;">&X;</w>
<suppliedEnd/>
</l>
<l n="20" id="c24217.A.20" corresp="t24217.p2">
<w form="dumu" lemma="dumu" pos="N" label="child">dumu</w>
<w form="&d;nin-sumun2" lemma="nin-sumun2" pos="N" type="DN" label="Ninsumun" det="&d;">&d;nin-<damage/>sumun2<damageEnd/></w>
<supplied/>
<w form="&X;" lemma="&X;" label="&X;">&X;</w>
<suppliedEnd/>
</l>
<l n="21" id="c24217.A.21" corresp="t24217.p2">
<w form="uj3-e" lemma="uj3" pos="N" label="people">uj3-e</w>
<w form="ni2" lemma="ni2" pos="N" label="fear(someness)">ni2</w>
<damage/>
<w form="gal" lemma="gal" pos="V" label="to be big"><unclear cert="qry">gal</unclear></w>
<damageEnd/>
<supplied/>
<w form="&X;" lemma="&X;" label="&X;">&X;</w>
<suppliedEnd/>
<w form="hu-mu-ra-&X;" lemma="&X;" label="&X;">hu-mu-ra-<supplied/>&X;</w>
<suppliedEnd/>
</l>
<l n="22" id="c24217.A.22" corresp="t24217.p2">
<w form="X" lemma="X" label="X">X</w>
<w form="cu" lemma="cu" pos="N" label="hand">cu</w>
<w form="dug4-ga" lemma="dug4" pos="V" label="to say">dug4-ga</w>
<w form="X" lemma="X" label="X">X</w>
<supplied/>
<w form="&X;" lemma="&X;" label="&X;">&X;</w>
<suppliedEnd/>
<damage/>
<w form="na-me" lemma="na-me" pos="PD" type="indefinite" label="any"><unclear cert="qry">na</unclear><damageEnd/>-me</w>
<w form="lu2" lemma="lu2" pos="N" label="person">lu2</w>
<supplied/>
<w form="&X;" lemma="&X;" label="&X;">&X;</w>
<suppliedEnd/>
</l>
<trailer place="rubric" type="sa-gida">
<l n="23" id="c24217.A.23" corresp="t24217.p3">
<supplied/>
<w form="sa-gid2-da-am3" lemma="sa-gid2-da" pos="N" label="composition-division">sa<suppliedEnd/>-gid2-da-<damage/>am3</w>
<damageEnd/>
</l>
</trailer>
</lg>
<lg n="B" type="jicgijal">
<l n="24" id="c24217.B.24" corresp="t24217.p4">
<w form="&d;utu" lemma="utu" pos="N" type="DN" label="Utu" det="&d;"><damage/>&d;<damageEnd/>utu</w>
<supplied/>
<w form="&X;" lemma="&X;" label="&X;">&X;</w>
<suppliedEnd/>
<w form="lugal-ra" lemma="lugal" pos="N" label="king">lugal-ra</w>
<w form="nam" lemma="nam" pos="N" label="destiny">nam</w>
<w form="dug3" lemma="dug3" pos="V" label="to be good">dug3</w>
<w form="tar-mu-ni-ib" lemma="tar" pos="V" label="to cut">tar-<damage/>mu<damageEnd/>-<supplied/>ni-ib</w>
<suppliedEnd/>
</l>
<trailer place="rubric" type="jicgijal">
<l n="25" id="c24217.B.25" corresp="t24217.p5">
<supplied/>
<w form="jic-gi5-jal2" lemma="jic-gi4-jal2" pos="N" label="composition-division">jic-gi5-jal2</w>
<w form="sa-gid2-da-kam" lemma="sa-gid2-da" pos="N" label="composition-division">sa<suppliedEnd/>-gid2-da-kam</w>
</l>
</trailer>
</lg>
<lg n="C" type="sa-jara">
<l n="26" id="c24217.C.26" corresp="t24217.p6">
<supplied/>
<w form="&X;" lemma="&X;" label="&X;">&X;</w>
<suppliedEnd/>
<w form="X" lemma="X" label="X">X</w>
<w form="mah-am3" lemma="mah" pos="V" label="to be majestic">mah-am3</w>
</l>
<l n="27" id="c24217.C.27" corresp="t24217.p6">
<supplied/>
<w form="&X;-na-gin7" lemma="&X;" label="&X;">&X;<suppliedEnd/>-na-gin7</w>
<supplied/>
<w form="X" lemma="X" label="X">X</w>
<suppliedEnd/>
<damage/>
<w form="bi2-i3-sag9-sag9" lemma="sag9" pos="V" label="to be good" form-type="RR">bi2<damageEnd/>-i3-sag9-sag9</w>
</l>
<l n="28" id="c24217.C.28" corresp="t24217.p6">
<supplied/>
<w form="&X;" lemma="&X;" label="&X;">&X;</w>
<suppliedEnd/>
<w form="sipad" lemma="sipad" pos="N" label="shepherd">sipad</w>
<w form="cul-gi" lemma="cul-gi" pos="N" type="RN" label="&C;ulgi">cul-gi</w>
<damage/>
<w form="pirij" lemma="pirij" pos="N" label="lion">pirij</w>
<damageEnd/>
<supplied/>
<w form="&X;" lemma="&X;" label="&X;">&X;</w>
<suppliedEnd/>
<w form="pad3" lemma="pad3" pos="V" label="to find">pad3</w>
<w form="ki-bal-a" lemma="ki-bal" pos="N" label="rebel land">ki-bal-a</w>
<w form="X" lemma="X" label="X">X</w>
<supplied/>
<w form="&X;" lemma="&X;" label="&X;">&X;</w>
<suppliedEnd/>
</l>
<l n="29" id="c24217.C.29" corresp="t24217.p6">
<w form="iri" lemma="iri" pos="N" label="town">iri</w>
<w form="en-na" lemma="en-na" pos="C" label="as long as">en-na</w>
<w form="nu-huj" lemma="huj" pos="V" label="to hire">nu-huj</w>
<damage/>
<w form="ni2-bi-a" lemma="ni2-bi" pos="PD" type="reflexive" label="itself, themselves"><unclear cert="qry">ni2</unclear><damageEnd/>-bi-a</w>
<supplied/>
<w form="&X;" lemma="&X;" label="&X;">&X;</w>
<suppliedEnd/>
</l>
<l n="30" id="c24217.C.30" corresp="t24217.p6">
<w form="cul" lemma="cul" pos="N" label="young man">cul</w>
<w form="&d;utu" lemma="utu" pos="N" type="DN" label="Utu" det="&d;">&d;utu</w>
<w form="uj3" lemma="uj3" pos="N" label="people">uj3</w>
<w form="u8-gin7" lemma="u8" pos="N" label="ewe">u8-gin7</w>
<w form="lu-a" lemma="lu" pos="V" label="to be abundant">lu-<supplied/>a</w>
<w form="&X;" lemma="&X;" label="&X;">&X;</w>
<suppliedEnd/>
</l>
<l n="31" id="c24217.C.31" corresp="t24217.p6">
<w form="ec3" lemma="ec3" pos="N" label="shrine">ec3</w>
<w form="kug" lemma="kug" pos="N" label="precious metal">kug</w>
<w form="za-gin3-na" lemma="za-gin3" pos="N" label="lapis lazuli">za-gin3-na</w>
<w form="hul2-la-da" lemma="hul2" pos="V" label="to be happy">hul2-la-da</w>
<w form="X-ba" lemma="X" label="X">X-ba</w>
<w form="hu-mu-&X;" lemma="&X;" label="&X;">hu-mu-<supplied/>&X;</w>
<suppliedEnd/>
</l>
<l n="32" id="c24217.C.32" corresp="t24217.p6">
<w form="a-ab-&X;" lemma="&X;" label="&X;">a-ab-<supplied/>&X;</w>
<suppliedEnd/>
<w form="saj" lemma="saj" pos="N" label="head">saj</w>
<w form="il2" lemma="il2" pos="V" label="to raise">il2</w>
<w form="gal-ce3" lemma="gal" pos="V" label="to be big">gal-ce3</w>
<supplied/>
<w form="&X;" lemma="&X;" label="&X;">&X;</w>
<suppliedEnd/>
</l>
<l n="33" id="c24217.C.33" corresp="t24217.p6">
<damage/>
<w form="a-ab-&X;" lemma="&X;" label="&X;">a-<unclear cert="qry">ab</unclear><damageEnd/>-<supplied/>&X;</w>
<suppliedEnd/>
<w form="ab2-cilam-gin7" lemma="ab2-cilam" pos="N" label="mother cow">ab2-cilam-gin7</w>
<w form="saj" lemma="saj" pos="N" label="head">saj</w>
<damage/>
<w form="il2" lemma="il2" pos="V" label="to raise">il2</w>
<damageEnd/>
<supplied/>
<w form="&X;" lemma="&X;" label="&X;">&X;</w>
<suppliedEnd/>
</l>
<l n="34" id="c24217.C.34" corresp="t24217.p6">
<supplied/>
<w form="&X;" lemma="&X;" label="&X;">&X;</w>
<suppliedEnd/>
<w form="X-ni" lemma="X" label="X">X-ni</w>
<w form="hu-mu-ra-ab-&X;" lemma="&X;" label="&X;">hu-mu-ra-<damage/><unclear cert="qry">ab</unclear><damageEnd/>-<supplied/>&X;</w>
<suppliedEnd/>
</l>
<l n="35" id="c24217.C.35" corresp="t24217.p6">
<supplied/>
<w form="&X;" lemma="&X;" label="&X;">&X;</w>
<suppliedEnd/>
<w form="ni2-bi-a" lemma="ni2-bi" pos="PD" type="reflexive" label="itself, themselves">ni2-bi-a</w>
<w form="pa" lemma="pa" pos="N" label="branch">pa</w>
<w form="hu-mu-&X;-e3" lemma="e3" pos="V" label="to go out or in">hu-<damage/>mu<damageEnd/>-<supplied/>&X;-e3</w>
<suppliedEnd/>
</l>
<l n="36" id="c24217.C.36" corresp="t24217.p6">
<supplied/>
<w form="&X;" lemma="&X;" label="&X;">&X;</w>
<suppliedEnd/>
<w form="X" lemma="X" label="X">X</w>
<w form="BI" lemma="BI" label="BI">BI</w>
<supplied/>
<w form="&X;" lemma="&X;" label="&X;">&X;</w>
<suppliedEnd/>
</l>
<l n="37" id="c24217.C.37" corresp="t24217.p7">
<w form="cul-gi" lemma="cul-gi" pos="N" type="RN" label="&C;ulgi"><damage/>cul-gi<damageEnd/></w>
<w form="&d;utu" lemma="utu" pos="N" type="DN" label="Utu" det="&d;"><damage/>&d;utu<damageEnd/></w>
<supplied/>
<w form="&X;" lemma="&X;" label="&X;">&X;</w>
<suppliedEnd/>
</l>
<l n="38" id="c24217.C.38" corresp="t24217.p7">
<w form="tir" lemma="tir" pos="N" label="forest">tir</w>
<w form="cim" lemma="cim" pos="N" label="aromatic (fragrance)"><unclear cert="cor">cim</unclear></w>
<w form="&jic;erin-na-da" lemma="erin" pos="N" label="cedar" bound="L,ak.da" det="&jic;">&jic;<unclear cert="cor">erin</unclear>-na-<unclear cert="qry">da</unclear></w>
<supplied/>
<w form="&X;" lemma="&X;" label="&X;">&X;</w>
<suppliedEnd/>
</l>
<l n="39" id="c24217.C.39" corresp="t24217.p7">
<w form="lugal" lemma="lugal" pos="N" label="king">lugal</w>
<w form="en" lemma="en" pos="N" label="lord">en</w>
<w form="an-na" lemma="an" pos="N" label="heaven">an-na</w>
<w form="me-lem4" lemma="me-lem4" pos="N" label="(awesome) radiance">me-lem4</w>
<w form="sud4-sud4" lemma="sud" pos="V" label="to be distant" form-type="RR">sud4-<damage/><unclear cert="qry">sud4</unclear></w>
<damageEnd/>
<supplied/>
<w form="&X;" lemma="&X;" label="&X;">&X;</w>
<suppliedEnd/>
</l>
<l n="40" id="c24217.C.40" corresp="t24217.p7">
<w form="barag" lemma="barag" pos="N" label="dais">barag</w>
<w form="mah" lemma="mah" pos="V" label="to be majestic">mah</w>
<w form="an-na" lemma="an" pos="N" label="heaven">an-na</w>
<w form="ki" lemma="ki" pos="N" label="place">ki</w>
<w form="kug-ga-ta" lemma="kug" pos="AJ" label="shining">kug-ga-ta</w>
<w form="ud" lemma="ud" pos="N" label="day(light)">ud</w>
<w form="X" lemma="X" label="X">X</w>
<supplied/>
<w form="&X;" lemma="&X;" label="&X;">&X;</w>
<suppliedEnd/>
</l>
<l n="41" id="c24217.C.41" corresp="t24217.p7">
<w form="en-ne2" lemma="en" pos="N" label="lord">en-ne2</w>
<w form="kur-kur-ra" lemma="kur" pos="N" label="(mountain) land" form-type="RR">kur-kur-ra</w>
<w form="an" lemma="an" pos="N" label="heaven">an</w>
<w form="kug-ta" lemma="kug" pos="AJ" label="shining">kug-ta</w>
<w form="si" lemma="si" pos="N" label="brilliance">si</w>
<w form="mah" lemma="mah" pos="V" label="to be majestic">mah</w>
<supplied/>
<w form="&X;" lemma="&X;" label="&X;">&X;</w>
<suppliedEnd/>
</l>
<l n="42" id="c24217.C.42" corresp="t24217.p7">
<w form="cul" lemma="cul" pos="N" label="young man">cul</w>
<w form="&d;utu" lemma="utu" pos="N" type="DN" label="Utu" det="&d;">&d;utu</w>
<w form="nij2" lemma="nij2" pos="N" label="thing">nij2</w>
<w form="nam-sikil-la-zu-ta" lemma="nam-sikil-la" pos="N" label="purity">nam-sikil-la-zu-ta</w>
<w form="mu-na-da-lug-ga" lemma="til3" pos="V" label="to live">mu-na-da-lug-ga</w>
</l>
<l n="43" id="c24217.C.43" corresp="t24217.p7">
<damage/>
<w form="nam-til3" lemma="nam-til3" pos="N" label="life">nam<damageEnd/>-til3</w>
<w form="nij2" lemma="nij2" pos="N" label="thing">nij2</w>
<w form="dug3" lemma="dug3" pos="V" label="to be good">dug3</w>
<w form="ha-la-zu" lemma="ha-la" pos="N" label="share">ha-la-zu</w>
<w form="he2-am3" lemma="me" pos="V" label="to be">he2-am3</w>
<w form="dumu" lemma="dumu" pos="N" label="child">dumu</w>
<w form="&d;nin-sumun2-ka" lemma="nin-sumun2" pos="N" type="DN" label="Ninsumun" det="&d;">&d;nin-sumun2-ka</w>
</l>
<trailer place="rubric" type="sa-jara">
<l n="44" id="c24217.C.44" corresp="t24217.p8">
<w form="sa-jar-ra-am3" lemma="sa-jar-ra" pos="N" label="composition-division">sa-jar-ra-am3</w>
</l>
</trailer>
</lg>
<lg n="D" type="jicgijal">
<l n="45" id="c24217.D.45" corresp="t24217.p9">
<w form="cul" lemma="cul" pos="N" label="young man">cul</w>
<w form="&d;utu" lemma="utu" pos="N" type="DN" label="Utu" det="&d;">&d;utu</w>
<w form="sipad" lemma="sipad" pos="N" label="shepherd">sipad</w>
<w form="cag4-ge" lemma="cag4" pos="N" label="heart">cag4-ge</w>
<w form="bi2-i3-pad3" lemma="pad3" pos="V" label="to find">bi2-i3-pad3</w>
</l>
<l n="46" id="c24217.D.46" corresp="t24217.p9">
<w form="cul-gi" lemma="cul-gi" pos="N" type="RN" label="&C;ulgi">cul-gi</w>
<w form="sipad" lemma="sipad" pos="N" label="shepherd">sipad</w>
<w form="zid" lemma="zid" pos="AJ" label="right">zid</w>
<w form="lugal" lemma="lugal" pos="N" label="king">lugal</w>
<w form="mu" lemma="mu" pos="N" label="year">mu</w>
<w form="he2-jal2-la2" lemma="he2-jal2" pos="N" label="plenty">he2-jal2-la2</w>
<w form="nam-ce3" lemma="nam" pos="N" label="destiny">nam-ce3</w>
<w form="tar-ra-am3" lemma="tar" pos="V" label="to cut">tar-ra-am3</w>
</l>
<l n="47" id="c24217.D.47" corresp="t24217.p9">
<w form="sipad" lemma="sipad" pos="N" label="shepherd">sipad</w>
<w form="zid" lemma="zid" pos="AJ" label="right">zid</w>
<w form="&d;utu-u3" lemma="utu" pos="N" type="DN" label="Utu" det="&d;">&d;utu-u3</w>
<w form="nam" lemma="nam" pos="N" label="destiny">nam</w>
<w form="tar-ra-ra" lemma="tar" pos="V" label="to cut">tar-ra-ra</w>
</l>
<l n="48" id="c24217.D.48" corresp="t24217.p9">
<w form="&d;en-lil2-le" lemma="en-lil2" pos="N" type="DN" label="Enlil" det="&d;">&d;en-lil2-le</w>
<w form="ec3-e" lemma="ec3" pos="N" label="shrine">ec3-e</w>
<w form="nibru&ki;-ta" lemma="nibru" pos="N" type="SN" label="Nibru" det="&ki;">nibru&ki;-ta</w>
<w form="saj-e-ec2" lemma="saj" pos="N" label="head">saj-e-ec2</w>
<w form="mu-ni-rig7" lemma="rig7" pos="V" label="to bestow">mu-ni-rig7</w>
</l>
<trailer place="rubric" type="jicgijal">
<l n="49" id="c24217.D.49" corresp="t24217.p10">
<w form="jic-gi5-jal2" lemma="jic-gi4-jal2" pos="N" label="composition-division">jic-gi5-jal2</w>
<w form="sa-jar-ra-kam" lemma="sa-jar-ra" pos="N" label="composition-division">sa-jar-ra-kam</w>
</l>
</trailer>
</lg>
<lg n="E" type="unknown">
<l n="50" id="c24217.E.50" corresp="t24217.p11">
<w form="en" lemma="en" pos="N" label="lord">en</w>
<w form="me" lemma="me" pos="N" label="essence">me</w>
<w form="gal-gal-la" lemma="gal" pos="V" label="to be big" form-type="RR">gal-gal-la</w>
<w form="&d;nin-gal-e" lemma="nin-gal" pos="N" type="DN" label="Ningal" det="&d;">&d;nin-gal-e</w>
<w form="tud-da" lemma="tud" pos="V" label="to give birth">tud-da</w>
</l>
<l n="51" id="c24217.E.51" corresp="t24217.p11">
<damage/>
<w form="cul" lemma="cul" pos="N" label="young man">cul</w>
<w form="&d;utu" lemma="utu" pos="N" type="DN" label="Utu" det="&d;">&d;utu</w>
<w form="en" lemma="en" pos="N" label="lord">en</w>
<w form="me" lemma="me" pos="N" label="essence">me</w>
<damageEnd/>
<w form="gal-gal-la" lemma="gal" pos="V" label="to be big" form-type="RR">gal-gal-la</w>
<w form="&d;nin-gal-e" lemma="nin-gal" pos="N" type="DN" label="Ningal" det="&d;">&d;nin-gal-e</w>
<w form="tud-da" lemma="tud" pos="V" label="to give birth">tud-da</w>
</l>
<l n="52" id="c24217.E.52" corresp="t24217.p11">
<supplied/>
<w form="&X;" lemma="&X;" label="&X;">&X;</w>
<suppliedEnd/>
<w form="X" lemma="X" label="X">X</w>
<damage/>
<w form="pad3" lemma="pad3" pos="V" label="to find">pad3</w>
<damageEnd/>
</l>
<gap extent="unknown no. of lines missing"/>
</lg>
</body>
</text>
</TEI.2>
