<TEI.2 id="c.2.4.4.6">
<teiHeader lang="eng">
<fileDesc>
<titleStmt>
<title>An <foreign lang="sux">adab</foreign> (?) to Suen for &C;u-Suen (&C;u-Suen F) -- a composite transliteration</title>
<respStmt><name>Jeremy Black</name><resp>Project Director and Editor</resp></respStmt>
<respStmt><name>G&aacute;bor Z&oacute;lyomi</name><resp>Editor</resp></respStmt>
<respStmt><name>Graham Cunningham</name><resp>Editor</resp></respStmt>
<respStmt><name>Eleanor Robson</name><resp>Technical Developer</resp></respStmt>
<respStmt><name>Jarle Ebeling</name><resp>Technical Developer</resp></respStmt>
</titleStmt>
<publicationStmt>
<distributor>The Electronic Text Corpus of Sumerian Literature
</distributor><address><addrLine>The Oriental Institute, University of Oxford, Pusey Lane, Oxford OX1 2LE, UK, email etcsl&commat;orinst.ox.ac.uk, http://etcsl.orinst.ox.ac.uk</addrLine></address>
<date>2000</date>
</publicationStmt>
<seriesStmt><p>The Electronic Text Corpus of Sumerian Literature aims to make accessible over 400 literary works composed in the Sumerian language in ancient Mesopotamia during the late third and early second millennia BC. The works are in Sumerian composite transliteration and English prose translation with bibliographical information on each composition.</p></seriesStmt>
<sourceDesc>
<listBibl type="secondary">
<bibl><xref from="b307">Krecher 1996</xref><biblScope type="contents">score transliteration</biblScope><note>electronic source</note></bibl>
<bibl><xref from="b688">Hall 1985</xref><biblScope type="page">788-799</biblScope><biblScope type="contents">score transliteration, translation, commentary</biblScope></bibl>
<bibl><xref from="b192">Wilcke 1976a</xref><biblScope type="page">52-53</biblScope><biblScope type="contents">commentary</biblScope><note>collations</note></bibl>
</listBibl>
<listBibl type="tablets">
<bibl><biblScope type="museumNumber">HS 1491 (TMH NF 4 12)</biblScope></bibl>
</listBibl>
</sourceDesc>
</fileDesc>
<revisionDesc>
<change><date>24.vii.2000-26.vii.2000</date><respStmt><name>GC</name><resp>editor</resp></respStmt>
<item>standardisation</item></change>
<change><date>07.viii.2000</date><respStmt><name>JAB</name><resp>editor</resp></respStmt>
<item>proofreading</item></change>
<change><date>10.viii.2000</date><respStmt><name>GC</name><resp>editor</resp></respStmt>
<item>SGML tagging</item></change>
<change><date>15.ix.2000</date><respStmt><name>ER</name><resp>editor</resp></respStmt>
<item>proofreading SGML</item></change>
<change><date>15.ix.2000</date><respStmt><name>ER</name><resp>editor</resp></respStmt>
<item>web publication</item></change>
<change><date>01.vi.2003</date><respStmt><name>GC/JE</name><resp>editor/technical developer</resp></respStmt>
<item>XML/TEI conversion</item></change>
<change><date>30.iii.2005</date><respStmt><name>GC/JE</name><resp>senior editor/technical developer</resp></respStmt>
<item>lemmatised version published</item></change>
</revisionDesc>
</teiHeader>
<text lang="sux">
<body>
<lg n="A" type="barsud">
<l n="1" id="c2446.A.1" corresp="t2446.p1">
<damage/>
<w form="ce-er-zid" lemma="ce-er-zid" pos="N" label="radiance">ce<damageEnd/>-er-zid</w>
<w form="bad-ta" lemma="bad" pos="V" label="to open">bad-ta</w>
<supplied/>
<w form="&X;" lemma="&X;" label="&X;">&X;</w>
<suppliedEnd/>
</l>
<l n="2" id="c2446.A.2" corresp="t2446.p1">
<w form="an-na" lemma="an" pos="N" label="heaven">an-na</w>
<w form="ni2-bi" lemma="ni2" pos="N" label="fear(someness)">ni2-<damage/>bi</w>
<damageEnd/>
<w form="X" lemma="X" label="X">X</w>
<supplied/>
<w form="&X;" lemma="&X;" label="&X;">&X;</w>
<suppliedEnd/>
</l>
<l n="3" id="c2446.A.3" corresp="t2446.p1">
<supplied/>
<w form="X" lemma="X" label="X">X</w>
<suppliedEnd/>
<w form="JA2" lemma="JA2" label="&G;A&s2;"><unclear cert="qry">JA2</unclear></w>
<w form="kal" lemma="kal" pos="V" label="to be rare">kal</w>
<supplied/>
<w form="&X;" lemma="&X;" label="&X;">&X;</w>
<suppliedEnd/>
</l>
<l n="4" id="c2446.A.4" corresp="t2446.p1">
<w form="&d;suen" lemma="suen" pos="N" type="DN" label="Suen" det="&d;">&d;<damage/>suen<damageEnd/></w>
<supplied/>
<w form="&X;" lemma="&X;" label="&X;">&X;</w>
<suppliedEnd/>
</l>
<l n="5" id="c2446.A.5" corresp="t2446.p1">
<w form="&d;cu-&d;suen" lemma="cu-suen" pos="N" type="RN" label="&C;u-Suen" npart="DN:Suen" det="&d;">&d;cu-&d;<damage/>suen<damageEnd/></w>
<supplied/>
<w form="&X;" lemma="&X;" label="&X;">&X;</w>
<suppliedEnd/>
<w form="BAD" lemma="BAD" label="BAD">BAD</w>
<w form="MU" lemma="MU" label="MU">MU</w>
<w form="X" lemma="X" label="X">X</w>
<supplied/>
<w form="X" lemma="X" label="X">X</w>
<w form="X" lemma="X" label="X">X</w>
<suppliedEnd/>
</l>
<l n="6" id="c2446.A.6" corresp="t2446.p1">
<w form="&d;nanna" lemma="nanna" pos="N" type="DN" label="Nanna" det="&d;">&d;nanna</w>
<w form="ca-mu-u8-da-an-u5" lemma="u5" pos="V" label="to ride">ca-<damage/>mu-<unclear cert="qry">u8</unclear><damageEnd/>-da-an-u5</w>
<w form="AN" lemma="AN" label="AN">AN</w>
<supplied/>
<w form="&X;" lemma="&X;" label="&X;">&X;</w>
<suppliedEnd/>
</l>
<trailer place="rubric" type="barsud">
<l n="7" id="c2446.A.7" corresp="t2446.p2">
<w form="bar-sud-am3" lemma="bar-sud" pos="N" label="composition-division">bar-sud-<supplied/>am3</w>
<suppliedEnd/>
</l>
</trailer>
</lg>
<lg n="B" type="cagbatuku">
<l n="8" id="c2446.B.8" corresp="t2446.p3">
<w form="hi-li" lemma="hi-li" pos="N" label="attractiveness">hi-li</w>
<w form="an-na" lemma="an" pos="N" label="heaven">an-na</w>
<w form="nun" lemma="nun" pos="N" label="prince">nun</w>
<w form="urac-a-X" lemma="urac" pos="N" label="earth">urac-a-X</w>
</l>
<l n="9" id="c2446.B.9" corresp="t2446.p3">
<w form="cul" lemma="cul" pos="N" label="young man">cul</w>
<w form="&d;suen" lemma="suen" pos="N" type="DN" label="Suen" det="&d;">&d;suen</w>
<w form="u18-ru" lemma="uru16" pos="V" label="to be towering">u18-ru</w>
<w form="ud" lemma="ud" pos="N" label="day(light)">ud</w>
<w form="an" lemma="an" pos="N" label="heaven">an</w>
<w form="ki" lemma="ki" pos="N" label="place">ki</w>
</l>
<l n="10" id="c2446.B.10" corresp="t2446.p3">
<w form="mu" lemma="mu" pos="N" label="year">mu</w>
<w form="he2-jal2-la" lemma="he2-jal2" pos="N" label="plenty">he2-jal2-la</w>
<supplied/>
<w form="Xbr" lemma="Xbr" label="Xbr">(X)</w>
<suppliedEnd/>
<w form="X" lemma="X" label="X">X</w>
<w form="dug3" lemma="dug3" pos="V" label="to be good">dug3</w>
<w form="ki-bi-ce3" lemma="ki" pos="N" label="place">ki-bi-<unclear cert="cor">ce3</unclear></w>
<w form="zal-e" lemma="zal" pos="V" label="to pass">zal-e</w>
</l>
<l n="11" id="c2446.B.11" corresp="t2446.p3">
<w form="&d;nanna" lemma="nanna" pos="N" type="DN" label="Nanna" det="&d;"><damage/>&d;nanna<damageEnd/></w>
<w form="en" lemma="en" pos="N" label="lord">en</w>
<w form="itid-da" lemma="itid" pos="N" label="moon(light)">itid-da</w>
<w form="u3-tud-Xbr" lemma="tud" pos="V" label="to give birth">u3-tud-<supplied/>(X)</w>
<suppliedEnd/>
</l>
<l n="12" id="c2446.B.12" corresp="t2446.p3">
<w form="&d;cu-&d;suen-ju10" lemma="cu-suen" pos="N" type="RN" label="&C;u-Suen" npart="DN:Suen" det="&d;"><damage/>&d;cu<damageEnd/>-&d;suen-ju10</w>
<w form="mu-un-u3-tud" lemma="tud" pos="V" label="to give birth">mu-un-u3-<damage/>tud</w>
<damageEnd/>
</l>
<trailer place="rubric" type="cagbatuku">
<l n="13" id="c2446.B.13" corresp="t2446.p4">
<w form="cag4-ba-tuku-am3" lemma="cag4-ba-tuku" pos="N" label="composition-division">cag4-ba-tuku-am3</w>
</l>
</trailer>
</lg>
<lg n="C" type="barsud">
<l n="14" id="c2446.C.14" corresp="t2446.p5">
<w form="pec10-jal2" lemma="pec10-jal2" pos="AJ" label="mighty?">pec10-jal2</w>
<w form="ne3" lemma="ne3" pos="N" label="strength">ne3</w>
<w form="gal" lemma="gal" pos="V" label="to be big">gal</w>
<w form="dijir" lemma="dijir" pos="N" label="deity">dijir</w>
<w form="gal-e-ne" lemma="gal" pos="V" label="to be big">gal-e-ne</w>
</l>
<l n="15" id="c2446.C.15" corresp="t2446.p5">
<w form="a-a" lemma="a-a" pos="N" label="father">a-a</w>
<w form="&d;nanna" lemma="nanna" pos="N" type="DN" label="Nanna" det="&d;">&d;nanna</w>
<w form="di-zu" lemma="di" pos="N" label="(law)suit">di-zu</w>
<w form="ec-bar" lemma="ec-bar" pos="N" label="decision">ec-bar</w>
<w form="galam" lemma="galam" pos="V" label="to be skilful">galam</w>
</l>
<l n="16" id="c2446.C.16" corresp="t2446.p5">
<w form="&d;nu-nam-nir-da" lemma="nu-nam-nir" pos="N" type="DN" label="Nunamnir" det="&d;">&d;nu-nam-nir-da</w>
<w form="nam" lemma="nam" pos="N" label="destiny">nam</w>
<w form="gal" lemma="gal" pos="V" label="to be big">gal</w>
<w form="tar-re" lemma="tar" pos="V" label="to cut">tar-re</w>
</l>
<l n="17" id="c2446.C.17" corresp="t2446.p5">
<w form="&d;ac-im2-babbar" lemma="ac-im2-babbar2" pos="N" type="DN" label="A&c;imbabbar" det="&d;">&d;ac-im2-babbar</w>
<w form="cul" lemma="cul" pos="N" label="young man">cul</w>
<w form="ki" lemma="ki" pos="N" label="place">ki</w>
<w form="aj2-ja2-na" lemma="aj2" pos="V" label="to measure">aj2-ja2-na</w>
</l>
<l n="18" id="c2446.C.18" corresp="t2446.p5">
<w form="&d;cu-&d;suen-ju10-ur2" lemma="cu-suen" pos="N" type="RN" label="&C;u-Suen" npart="DN:Suen" det="&d;">&d;cu-&d;suen-ju10-ur2</w>
<w form="nam" lemma="nam" pos="N" label="destiny">nam</w>
<w form="mu-ni-ib-tar-re" lemma="tar" pos="V" label="to cut">mu-ni-ib-tar-re</w>
</l>
<trailer place="rubric" type="barsud">
<l n="19" id="c2446.C.19" corresp="t2446.p6">
<w form="bar-sud" lemma="bar-sud" pos="N" label="composition-division">bar-sud</w>
<w form="2-kam-ma-am3" lemma="2-kam-ma" pos="NU" type="ordinal" label="2nd">2-kam-ma-am3</w>
</l>
</trailer>
</lg>
<lg n="D" type="cagbatuku">
<l n="20" id="c2446.D.20" corresp="t2446.p7">
<w form="ud" lemma="ud" pos="N" label="day(light)">ud</w>
<damage/>
<w form="ji6" lemma="ji6" pos="N" label="night">ji6</w>
<w form="dug3-dug3" lemma="dug3" pos="V" label="to be good" form-type="RR">dug3<damageEnd/>-dug3</w>
<w form="mu" lemma="mu" pos="N" label="year">mu</w>
<w form="zu2" lemma="zu2" pos="N" label="tooth">zu2</w>
<w form="kece2-de3" lemma="kece2" pos="V" label="to bind">kece2-de3</w>
</l>
<l n="21" id="c2446.D.21" corresp="t2446.p7">
<w form="&d;nanna" lemma="nanna" pos="N" type="DN" label="Nanna" det="&d;"><damage/><unclear cert="qry">&d;</unclear><unclear cert="qry">nanna</unclear><damageEnd/></w>
<w form="aga3" lemma="aga" pos="N" label="crown">aga3</w>
<w form="an" lemma="an" pos="N" label="heaven">an</w>
<w form="kug-ga-ke4" lemma="kug" pos="AJ" label="shining">kug-ga-ke4</w>
</l>
<l n="22" id="c2446.D.22" corresp="t2446.p7">
<supplied/>
<w form="X" lemma="X" label="X">X</w>
<w form="X" lemma="X" label="X">X</w>
<suppliedEnd/>
<w form="X" lemma="X" label="X">X</w>
<w form="X-ni" lemma="X" label="X">X-ni</w>
<w form="&d;cu-&d;suen-ju10" lemma="cu-suen" pos="N" type="RN" label="&C;u-Suen" npart="DN:Suen" det="&d;">&d;cu-&d;suen-ju10</w>
</l>
<l n="23" id="c2446.D.23" corresp="t2446.p7">
<w form="X" lemma="X" label="X">X</w>
<supplied/>
<w form="X" lemma="X" label="X">X</w>
<suppliedEnd/>
<w form="X" lemma="X" label="X">X</w>
<w form="X" lemma="X" label="X">X</w>
<w form="X" lemma="X" label="X">X</w>
<w form="X" lemma="X" label="X">X</w>
<w form="zu" lemma="zu" pos="V" label="to know">zu</w>
<w form="ki-zu" lemma="ki" pos="N" label="place">ki-zu</w>
<damage/>
<w form="ka" lemma="ka" pos="N" label="mouth"><unclear cert="qry">ka</unclear></w>
<damageEnd/>
</l>
<l n="24" id="c2446.D.24" corresp="t2446.p7">
<w form="X" lemma="X" label="X">X</w>
<supplied/>
<w form="X" lemma="X" label="X">X</w>
<w form="X" lemma="X" label="X">X</w>
<suppliedEnd/>
<w form="X" lemma="X" label="X">X</w>
<w form="A" lemma="A" label="A">A</w>
<w form="saj" lemma="saj" pos="N" label="head">saj</w>
<w form="MU" lemma="MU" label="MU">MU</w>
<w form="X" lemma="X" label="X">X</w>
<supplied/>
<w form="&X;" lemma="&X;" label="&X;">&X;</w>
<suppliedEnd/>
</l>
<trailer place="rubric" type="cagbatuku">
<l n="25" id="c2446.D.25" corresp="t2446.p8">
<w form="cag4-ba-tuku" lemma="cag4-ba-tuku" pos="N" label="composition-division">cag4-ba-tuku</w>
<w form="2-kam-ma-am3" lemma="2-kam-ma" pos="NU" type="ordinal" label="2nd">2-kam-ma-am3</w>
</l>
</trailer>
</lg>
<lg n="E" type="sa-barsuda">
<l n="26" id="c2446.E.26" corresp="t2446.p9">
<supplied/>
<w form="X" lemma="X" label="X">X</w>
<suppliedEnd/>
<w form="&d;nanna" lemma="nanna" pos="N" type="DN" label="Nanna" det="&d;">&d;<damage/><unclear cert="qry">nanna</unclear><damageEnd/></w>
<damage/>
<w form="en" lemma="en" pos="N" label="lord"><unclear cert="qry">en</unclear></w>
<damageEnd/>
<w form="gal" lemma="gal" pos="V" label="to be big">gal</w>
<w form="an" lemma="an" pos="N" label="heaven">an</w>
<w form="ki-a-ka" lemma="ki" pos="N" label="place">ki-a-ka</w>
</l>
<l n="27" id="c2446.E.27" corresp="t2446.p9">
<supplied/>
<w form="X" lemma="X" label="X">X</w>
<w form="X" lemma="X" label="X">X</w>
<suppliedEnd/>
<w form="X" lemma="X" label="X">X</w>
<w form="X" lemma="X" label="X">X</w>
<w form="X" lemma="X" label="X">X</w>
<w form="pa" lemma="pa" pos="N" label="branch">pa</w>
<w form="bi2-in-e3" lemma="e3" pos="V" label="to go out or in">bi2-in-e3</w>
</l>
<l n="28" id="c2446.E.28" corresp="t2446.p9">
<supplied/>
<w form="&X;" lemma="&X;" label="&X;">&X;</w>
<suppliedEnd/>
<w form="X" lemma="X" label="X">X</w>
<w form="al-barag2-ge" lemma="barag2" pos="V" label="to spread out">al-barag2-ge</w>
</l>
<l n="29" id="c2446.E.29" corresp="t2446.p9">
<supplied/>
<w form="&X;" lemma="&X;" label="&X;">&X;</w>
<suppliedEnd/>
<w form="X" lemma="X" label="X">X</w>
<w form="X" lemma="X" label="X">X</w>
<w form="X" lemma="X" label="X">X</w>
<w form="X" lemma="X" label="X">X</w>
</l>
<l n="30" id="c2446.E.30" corresp="t2446.p9">
<supplied/>
<w form="&X;" lemma="&X;" label="&X;">&X;</w>
<suppliedEnd/>
<w form="X" lemma="X" label="X">X</w>
<w form="X" lemma="X" label="X">X</w>
</l>
<gap extent="approx. 1 line missing"/>
<l n="32" id="c2446.E.32" corresp="t2446.p9">
<supplied/>
<w form="&X;" lemma="&X;" label="&X;">&X;</w>
<suppliedEnd/>
<w form="X" lemma="X" label="X">X</w>
<w form="NAM" lemma="NAM" label="NAM">NAM</w>
<supplied/>
<w form="&X;" lemma="&X;" label="&X;">&X;</w>
<suppliedEnd/>
</l>
<l n="33" id="c2446.E.33" corresp="t2446.p9">
<supplied/>
<w form="&X;" lemma="&X;" label="&X;">&X;</w>
<suppliedEnd/>
<w form="X" lemma="X" label="X">X</w>
<w form="X" lemma="X" label="X">X</w>
<w form="X" lemma="X" label="X">X</w>
<w form="X" lemma="X" label="X">X</w>
<supplied/>
<w form="&X;" lemma="&X;" label="&X;">&X;</w>
<suppliedEnd/>
</l>
<l n="34" id="c2446.E.34" corresp="t2446.p9">
<supplied/>
<w form="&X;" lemma="&X;" label="&X;">&X;</w>
<suppliedEnd/>
<damage/>
<w form="kisal" lemma="kisal" pos="N" label="courtyard"><unclear cert="qry">kisal</unclear></w>
<damageEnd/>
<w form="aga" lemma="aga" pos="N" label="crown">aga</w>
<w form="zid" lemma="zid" pos="AJ" label="right">zid</w>
<w form="an-na" lemma="an" pos="N" label="heaven">an-na</w>
<w form="X" lemma="X" label="X">X</w>
<supplied/>
<w form="Xbr" lemma="Xbr" label="Xbr">(X)</w>
<suppliedEnd/>
</l>
<l n="35" id="c2446.E.35" corresp="t2446.p9">
<supplied/>
<w form="&X;" lemma="&X;" label="&X;">&X;</w>
<suppliedEnd/>
<w form="X" lemma="X" label="X">X</w>
<w form="saj-ja2" lemma="saj" pos="N" label="head">saj-ja2</w>
<w form="na" lemma="na" pos="N" label="advice">na</w>
<w form="mi-ni-in-de5" lemma="de5" pos="V" label="to collect">mi-ni-in-de5</w>
</l>
<l n="36" id="c2446.E.36" corresp="t2446.p9">
<w form="&d;cu-&d;suen-ju10" lemma="cu-suen" pos="N" type="RN" label="&C;u-Suen" npart="DN:Suen" det="&d;"><supplied/>&d;cu<suppliedEnd/>-<supplied/>&d;suen<suppliedEnd/>-ju10</w>
<w form="nun" lemma="nun" pos="N" label="prince">nun</w>
<w form="kalam-ma-ka" lemma="kalam" pos="N" label="the Land">kalam-ma-ka</w>
</l>
<trailer place="rubric" type="sa-barsuda">
<l n="37" id="c2446.E.37" corresp="t2446.p10">
<supplied/>
<w form="sa-bar-sud-da-am3" lemma="sa-bar-sud" pos="N" label="composition-division">sa<suppliedEnd/>-<damage/>bar<damageEnd/>-sud-da-am3</w>
</l>
</trailer>
</lg>
<lg n="F" type="jicgijal">
<l n="38" id="c2446.F.38" corresp="t2446.p11">
<supplied/>
<w form="&X;" lemma="&X;" label="&X;">&X;</w>
<suppliedEnd/>
<w form="ud-da-a-ni" lemma="ud" pos="N" label="day(light)"><unclear cert="qry">ud</unclear>-<unclear cert="qry">da</unclear>-a-ni</w>
<w form="&d;cu-&d;suen-ju10" lemma="cu-suen" pos="N" type="RN" label="&C;u-Suen" npart="DN:Suen" det="&d;">&d;cu-&d;suen-ju10</w>
<w form="su3-ud-mu-un-ci" lemma="sud" pos="V" label="to be distant">su3-ud-mu-un-ci</w>
</l>
<l n="39" id="c2446.F.39" corresp="t2446.p11">
<w form="&d;cu-&d;suen-ju10" lemma="cu-suen" pos="N" type="RN" label="&C;u-Suen" npart="DN:Suen" det="&d;"><supplied/>&d;cu<suppliedEnd/>-<supplied/>&d;<suppliedEnd/><damage/>suen<damageEnd/>-ju10</w>
<w form="an-da" lemma="an" pos="N" label="heaven">an-da</w>
<w form="mu2-a" lemma="mu2" pos="V" label="to grow">mu2-a</w>
</l>
<trailer place="rubric" type="jicgijal">
<l n="40" id="c2446.F.40" corresp="t2446.p12">
<damage/>
<w form="jic-gi4-jal2-bi-im" lemma="jic-gi4-jal2" pos="N" label="composition-division">jic-gi4-jal2-bi<damageEnd/>-im</w>
</l>
</trailer>
</lg>
<lg n="G" type="sa-jara">
<l n="41" id="c2446.G.41" corresp="t2446.p13">
<w form="en" lemma="en" pos="N" label="lord">en</w>
<w form="dumu" lemma="dumu" pos="N" label="child">dumu</w>
<w form="an-na" lemma="an" pos="N" type="DN" label="An">an-na</w>
<supplied/>
<w form="&X;-a" lemma="&X;" label="&X;">&X;<suppliedEnd/>-a</w>
</l>
<l n="42" id="c2446.G.42" corresp="t2446.p13">
<w form="si" lemma="si" pos="N" label="horn">si</w>
<w form="mul-mul-da" lemma="mul" pos="V" label="to radiate" form-type="RR">mul-mul-<damage/><unclear cert="qry">da</unclear></w>
<damageEnd/>
<supplied/>
<w form="&X;" lemma="&X;" label="&X;">&X;</w>
<suppliedEnd/>
<w form="X-ka" lemma="X" label="X">X-ka</w>
</l>
<l n="43" id="c2446.G.43" corresp="t2446.p13">
<w form="&d;nanna" lemma="nanna" pos="N" type="DN" label="Nanna" det="&d;">&d;nanna</w>
<w form="gal-di" lemma="gal-di" pos="AJ" label="important">gal-di</w>
<supplied/>
<w form="&X;" lemma="&X;" label="&X;">&X;</w>
<suppliedEnd/>
<w form="NE" lemma="NE" label="NE">NE</w>
</l>
<l n="44" id="c2446.G.44" corresp="t2446.p13">
<w form="KA-KA-ga" lemma="KA" label="KA" form-type="RR">KA-KA-ga</w>
<w form="nij2" lemma="nij2" pos="N" label="thing">nij2</w>
<w form="X" lemma="X" label="X">X</w>
<w form="PA" lemma="PA" label="PA">PA</w>
<w form="X" lemma="X" label="X">X</w>
<w form="X" lemma="X" label="X">X</w>
<w form="X" lemma="X" label="X">X</w>
</l>
<l n="45" id="c2446.G.45" corresp="t2446.p13">
<w form="ud" lemma="ud" pos="N" label="day(light)">ud</w>
<w form="jic-he2-a" lemma="jic-he2" pos="N" label="firmament">jic-he2-a</w>
<w form="ud" lemma="ud" pos="N" label="day(light)">ud</w>
<w form="urac-a" lemma="urac" pos="N" label="earth">urac-a</w>
</l>
<l n="46" id="c2446.G.46" corresp="t2446.p13">
<w form="su-lim-ma-ni" lemma="su-lim" pos="N" label="(awesome) radiance">su-lim-ma-ni</w>
<w form="uj3-e" lemma="uj3" pos="N" label="people">uj3-e</w>
<w form="dub3" lemma="dub3" pos="N" label="knee">dub3</w>
<w form="bar-bar-re" lemma="bar" pos="V" label="to set aside" form-type="RR">bar-bar-re</w>
</l>
<l n="47" id="c2446.G.47" corresp="t2446.p13">
<w form="en" lemma="en" pos="N" label="lord">en</w>
<w form="&d;ac-im2-babbar" lemma="ac-im2-babbar2" pos="N" type="DN" label="A&c;imbabbar" det="&d;">&d;ac-im2-babbar</w>
<damage/>
<w form="ucum" lemma="ucum" pos="N" label="type of snake">ucum</w>
<damageEnd/>
<w form="pa" lemma="pa" pos="N" label="branch">pa</w>
<w form="e3" lemma="e3" pos="V" label="to go out or in">e3</w>
</l>
<l n="48" id="c2446.G.48" corresp="t2446.p13">
<w form="cul" lemma="cul" pos="N" label="young man">cul</w>
<w form="&d;suen" lemma="suen" pos="N" type="DN" label="Suen" det="&d;">&d;suen</w>
<w form="muc3" lemma="muc3" pos="N" label="face">muc3</w>
<w form="kug" lemma="kug" pos="AJ" label="shining">kug</w>
<w form="ki" lemma="ki" pos="N" label="place">ki</w>
<w form="us2-sa" lemma="us2" pos="V" label="to be adjacent">us2-sa</w>
</l>
<l n="49" id="c2446.G.49" corresp="t2446.p13">
<w form="&d;nanna" lemma="nanna" pos="N" type="DN" label="Nanna" det="&d;">&d;nanna</w>
<w form="an" lemma="an" pos="N" label="heaven">an</w>
<w form="ki-a" lemma="ki" pos="N" label="place">ki-a</w>
<w form="u5-a" lemma="u5" pos="V" label="to ride"><unclear cert="qry">u5</unclear>-a</w>
<w form="e3" lemma="e3" pos="V" label="to go out or in"><term id="c2446.t1">e3</term><gloss lang="sux" target="c2446.t1">e</gloss></w>
</l>
<l n="50" id="c2446.G.50" corresp="t2446.p13">
<w form="&d;cu-&d;suen" lemma="cu-suen" pos="N" type="RN" label="&C;u-Suen" npart="DN:Suen" det="&d;"><supplied/>&d;cu<suppliedEnd/>-&d;suen</w>
<w form="kalam-ma" lemma="kalam" pos="N" label="the Land">kalam-ma</w>
<w form="am3-mi-in-u5" lemma="u5" pos="V" label="to ride">am3-mi-in-u5</w>
</l>
<l n="51" id="c2446.G.51" corresp="t2446.p14">
<supplied/>
<w form="Xbr" lemma="Xbr" label="Xbr">(X)</w>
<w form="X" lemma="X" label="X">X</w>
<suppliedEnd/>
<damage/>
<w form="ni2" lemma="ni2" pos="N" label="fear(someness)"><unclear cert="qry">ni2</unclear></w>
<damageEnd/>
<w form="gur3-ru" lemma="guru3" pos="V" label="to bear"><unclear cert="qry">gur3</unclear>-ru</w>
<w form="an-e" lemma="an" pos="N" label="heaven">an-e</w>
<w form="ucumgal" lemma="ucumgal" pos="N" label="type of serpent">ucumgal</w>
</l>
<l n="52" id="c2446.G.52" corresp="t2446.p14">
<supplied/>
<w form="X" lemma="X" label="X">X</w>
<w form="X" lemma="X" label="X">X</w>
<suppliedEnd/>
<w form="X" lemma="X" label="X">X</w>
<w form="ni2" lemma="ni2" pos="N" label="fear(someness)"><unclear cert="cor">ni2</unclear></w>
<w form="gur3-ru" lemma="guru3" pos="V" label="to bear">gur3-ru</w>
<w form="an-na" lemma="an" pos="N" label="heaven">an-na</w>
<supplied/>
<w form="X" lemma="X" label="X">X</w>
<suppliedEnd/>
</l>
<l n="53" id="c2446.G.53" corresp="t2446.p14">
<supplied/>
<w form="X" lemma="X" label="X">X</w>
<w form="X" lemma="X" label="X">X</w>
<suppliedEnd/>
<w form="X" lemma="X" label="X">X</w>
<w form="nun" lemma="nun" pos="N" label="prince">nun</w>
<w form="&d;cu-&d;suen-ju10" lemma="cu-suen" pos="N" type="RN" label="&C;u-Suen" npart="DN:Suen" det="&d;">&d;cu-&d;suen-ju10</w>
<w form="nir" lemma="nir" pos="N" label="authority">nir</w>
<w form="ca-mu-u8-da-jal2-la" lemma="jal2" pos="V" label="to be (located)">ca-mu-<damage/>u8<damageEnd/>-da-jal2-la</w>
</l>
<l n="54" id="c2446.G.54" corresp="t2446.p14">
<supplied/>
<w form="&X;" lemma="&X;" label="&X;">&X;</w>
<suppliedEnd/>
<w form="gu2-da" lemma="gu2" pos="N" label="neck">gu2-da</w>
<w form="mu-ni-in-la2-la2" lemma="la2" pos="V" label="to hang" form-type="RR">mu-ni-in-la2-<damage/>la2</w>
<damageEnd/>
</l>
<l n="55" id="c2446.G.55" corresp="t2446.p14">
<supplied/>
<w form="X" lemma="X" label="X">X</w>
<suppliedEnd/>
<w form="X" lemma="X" label="X">X</w>
<supplied/>
<w form="X" lemma="X" label="X">X</w>
<w form="X" lemma="X" label="X">X</w>
<suppliedEnd/>
<w form="kur-kur" lemma="kur" pos="N" label="(mountain) land" form-type="RR">kur-kur</w>
<w form="nij2-dajal-ba" lemma="nij2-dajal" pos="N" label="vastness">nij2-dajal-<damage/><unclear cert="qry">ba</unclear></w>
<damageEnd/>
</l>
<l n="56" id="c2446.G.56" corresp="t2446.p14">
<damage/>
<w form="jidru" lemma="jidru" pos="N" label="sceptre">jidru</w>
<w form="ud" lemma="ud" pos="N" label="day(light)">ud</w>
<damageEnd/>
<w form="su3-ra2" lemma="sud" pos="V" label="to be distant">su3-ra2</w>
<w form="X" lemma="X" label="X">X</w>
<w form="X" lemma="X" label="X">X</w>
<supplied/>
<w form="X" lemma="X" label="X">X</w>
<w form="X" lemma="X" label="X">X</w>
<suppliedEnd/>
</l>
<l n="57" id="c2446.G.57" corresp="t2446.p14">
<w form="uj3" lemma="uj3" pos="N" label="people">uj3</w>
<w form="ki-bal-a" lemma="ki-bal" pos="N" label="rebel land">ki-bal-a</w>
<w form="X" lemma="X" label="X">X</w>
<supplied/>
<w form="X" lemma="X" label="X">X</w>
<suppliedEnd/>
<w form="BI" lemma="BI" label="BI">BI</w>
<w form="X" lemma="X" label="X">X</w>
</l>
<l n="58" id="c2446.G.58" corresp="t2446.p14">
<w form="kilib3-ba-bi" lemma="kilib3" pos="N" label="entirety">kilib3-ba-bi</w>
<w form="HI" lemma="HI" label="&H;I">HI</w>
<supplied/>
<w form="X" lemma="X" label="X">X</w>
<suppliedEnd/>
<damage/>
<w form="DU.DU-e" lemma="DU" pos="V" label="DU">DU<damageEnd/>.DU-e</w>
</l>
<l n="59" id="c2446.G.59" corresp="t2446.p14">
<w form="dumu" lemma="dumu" pos="N" label="child">dumu</w>
<w form="nun" lemma="nun" pos="N" label="prince">nun</w>
<w form="zi-le" lemma="zil2" pos="V" label="to be pleasing">zi-le</w>
<w form="&d;en-lil2-la2-ce3" lemma="en-lil2" pos="N" type="DN" label="Enlil" det="&d;">&d;<supplied/>en-lil2<suppliedEnd/>-<damage/>la2<damageEnd/>-ce3</w>
</l>
<l n="60" id="c2446.G.60" corresp="t2446.p14">
<w form="&d;cu-&d;suen" lemma="cu-suen" pos="N" type="RN" label="&C;u-Suen" npart="DN:Suen" det="&d;">&d;cu-&d;suen</w>
<w form="cu-ni-a" lemma="cu" pos="N" label="hand">cu-ni-a</w>
<supplied/>
<w form="X" lemma="X" label="X">X</w>
<suppliedEnd/>
<damage/>
<w form="mi-in-si" lemma="si" pos="V" label="to fill">mi<damageEnd/>-in-si</w>
</l>
<l n="61" id="c2446.G.61" corresp="t2446.p14">
<w form="lugal-ju10" lemma="lugal" pos="N" label="king">lugal-ju10</w>
<w form="EZEN" lemma="EZEN" label="EZEN">EZEN</w>
<w form="X-la" lemma="X" label="X">X-la</w>
</l>
<l n="62" id="c2446.G.62" corresp="t2446.p14">
<w form="&d;cu-&d;suen" lemma="cu-suen" pos="N" type="RN" label="&C;u-Suen" npart="DN:Suen" det="&d;">&d;cu-&d;suen</w>
<w form="giri17-zal" lemma="giri17-zal" pos="N" label="joy">giri17-zal</w>
<w form="X" lemma="X" label="X">X</w>
<supplied/>
<w form="X" lemma="X" label="X">X</w>
<suppliedEnd/>
<w form="X-ka" lemma="X" label="X">X-ka</w>
</l>
<trailer place="rubric" type="sa-jara">
<l n="63" id="c2446.G.63" corresp="t2446.p15">
<w form="sa-jar-ra-am3" lemma="sa-jar-ra" pos="N" label="composition-division">sa-<supplied/>jar-ra-am3</w>
<suppliedEnd/>
</l>
</trailer>
</lg>
<lg n="H" type="jicgijal">
<l n="64" id="c2446.H.64" corresp="t2446.p16">
<w form="&d;cu-&d;suen-ju10" lemma="cu-suen" pos="N" type="RN" label="&C;u-Suen" npart="DN:Suen" det="&d;">&d;cu-&d;suen-ju10</w>
<w form="ud" lemma="ud" pos="N" label="day(light)">ud</w>
<w form="til3-la" lemma="til3" pos="V" label="to live">til3-<damage/>la</w>
<damageEnd/>
<supplied/>
<w form="&X;" lemma="&X;" label="&X;">&X;</w>
<suppliedEnd/>
</l>
<trailer place="rubric" type="jicgijal">
<l n="65" id="c2446.H.65" corresp="t2446.p17">
<corr resp="scrOm"/>
<w form="jic-gi4-jal2-bi-im" lemma="jic-gi4-jal2" pos="N" label="composition-division">jic-gi4-jal2-bi-im</w>
<corrEnd/>
</l>
</trailer>
</lg>
<lg n="I" type="uru">
<l n="66" id="c2446.I.66" corresp="t2446.p18">
<w form="en" lemma="en" pos="N" label="lord">en</w>
<w form="an-na" lemma="an" pos="N" label="heaven">an-na</w>
<w form="dug3-jal2" lemma="dug3-jal2" pos="AJ" label="well-disposed?">dug3-jal2</w>
<w form="ki" lemma="ki" pos="N" label="place">ki</w>
<supplied/>
<w form="&X;" lemma="&X;" label="&X;">&X;</w>
<suppliedEnd/>
</l>
<l n="67" id="c2446.I.67" corresp="t2446.p18">
<w form="cul" lemma="cul" pos="N" label="young man">cul</w>
<w form="&d;suen" lemma="suen" pos="N" type="DN" label="Suen" det="&d;">&d;suen</w>
<w form="en" lemma="en" pos="N" label="lord">en</w>
<w form="an-na-kam" lemma="an" pos="N" label="heaven">an-na-kam</w>
<w form="X" lemma="X" label="X">X</w>
<supplied/>
<w form="&X;" lemma="&X;" label="&X;">&X;</w>
<suppliedEnd/>
</l>
<l n="68" id="c2446.I.68" corresp="t2446.p18">
<w form="&d;cu-&d;suen" lemma="cu-suen" pos="N" type="RN" label="&C;u-Suen" npart="DN:Suen" det="&d;"><damage/>&d;<damageEnd/>cu-&d;<damage/>suen<damageEnd/></w>
<w form="X" lemma="X" label="X">X</w>
<w form="X" lemma="X" label="X">X</w>
<w form="X" lemma="X" label="X">X</w>
<supplied/>
<w form="&X;" lemma="&X;" label="&X;">&X;</w>
<suppliedEnd/>
</l>
<trailer place="rubric" type="uru">
<l n="69" id="c2446.I.69" corresp="t2446.p19">
<damage/>
<w form="u18-ru12-bi-im" lemma="u18-ru" pos="N" label="composition-division">u18<damageEnd/>-ru12-bi-<damage/>im</w>
<damageEnd/>
<supplied/>
<w form="&X;br" lemma="&X;br" label="&X;br">(&X;)</w>
<suppliedEnd/>
</l>
</trailer>
</lg>
</body>
</text>
</TEI.2>
