<TEI.2 id="c.2.5.3.2">
<teiHeader lang="eng">
<fileDesc>
<titleStmt>
<title>A praise poem of Iddin-Dagan (Iddin-Dagan B) -- a composite transliteration</title>
<respStmt><name>Jeremy Black</name><resp>Project Director and Editor</resp></respStmt>
<respStmt><name>G&aacute;bor Z&oacute;lyomi</name><resp>Editor</resp></respStmt>
<respStmt><name>Graham Cunningham</name><resp>Editor</resp></respStmt>
<respStmt><name>Eleanor Robson</name><resp>Technical Developer</resp></respStmt>
<respStmt><name>Jarle Ebeling</name><resp>Technical Developer</resp></respStmt>
</titleStmt>
<publicationStmt>
<distributor>The Electronic Text Corpus of Sumerian Literature
</distributor><address><addrLine>The Oriental Institute, University of Oxford, Pusey Lane, Oxford OX1 2LE, UK, email etcsl&commat;orinst.ox.ac.uk, http://etcsl.orinst.ox.ac.uk</addrLine></address>
<date>1999</date>
</publicationStmt>
<seriesStmt><p>The Electronic Text Corpus of Sumerian Literature aims to make accessible over 400 literary works composed in the Sumerian language in ancient Mesopotamia during the late third and early second millennia BC. The works are in Sumerian composite transliteration and English prose translation with bibliographical information on each composition.</p></seriesStmt>
<sourceDesc>
<listBibl type="secondary">
<bibl><xref from="b309">Krecher 1996b</xref><biblScope type="contents">composite text, translation</biblScope><note>electronic source</note></bibl>
<bibl><xref from="b375">Tinney 1998p</xref><biblScope type="contents">composite text</biblScope><note>electronic source</note></bibl>
<bibl><xref from="b449">Black 1996b</xref><biblScope type="contents">score transliteration</biblScope><note>electronic source</note></bibl>
<bibl><xref from="b224">R&ouml;mer 1965</xref><biblScope type="page">209-235</biblScope><biblScope type="contents">composite text, score transliteration, translation, commentary</biblScope></bibl>
<bibl><xref from="b529">Sj&ouml;berg 1966</xref><biblScope type="page">303-303</biblScope><biblScope type="contents">commentary</biblScope></bibl>
<bibl><xref from="b731">Sullivan 1979</xref><biblScope type="page">142-143</biblScope><biblScope type="contents">score transliteration, translation</biblScope><note>bilingual</note></bibl>
<bibl><xref from="b879">Molina 2000a</xref><biblScope type="page">752</biblScope><biblScope type="contents">commentary</biblScope><note>l. 54</note></bibl>
</listBibl>
<listBibl type="tablets">
<bibl><biblScope type="museumNumber">AO 8864 (TCL 16 88)</biblScope></bibl>
<bibl><biblScope type="museumNumber">CBS 14007 (PBS 5 64)</biblScope></bibl>
<bibl><biblScope type="museumNumber">Ni 2520 (SRT 52)</biblScope></bibl>
<bibl><biblScope type="museumNumber">RT 16 187</biblScope></bibl>
<bibl><biblScope type="museumNumber">RT 16 190</biblScope></bibl>
<bibl><biblScope type="museumNumber">Si 275 + Si 646</biblScope></bibl>
<bibl><biblScope type="museumNumber">UET 6 84 bil.</biblScope></bibl>
<bibl><biblScope type="museumNumber">W 16743 (transliteration BagM 2 41190)</biblScope></bibl>
<bibl><biblScope type="museumNumber">W 17259i (transliteration ibid.)</biblScope></bibl>
<bibl><biblScope type="museumNumber">W 20248 (transliteration ibid.)</biblScope></bibl>
</listBibl>
</sourceDesc>
</fileDesc>
<profileDesc>
<textClass>
<classCode scheme="Tetrad"/>
</textClass>
</profileDesc>
<revisionDesc>
<change><date>14.v.1999-21.v.1999</date><respStmt><name>GC</name><resp>editor</resp></respStmt>
<item>standardisation</item></change>
<change><date>28.vii.1999</date><respStmt><name>JAB</name><resp>editor</resp></respStmt>
<item>proofreading</item></change>
<change><date>22.xi.1999</date><respStmt><name>GC</name><resp>editor</resp></respStmt>
<item>SGML tagging</item></change>
<change><date>10.iii.2000</date><respStmt><name>ER</name><resp>editor</resp></respStmt>
<item>proofreading SGML</item></change>
<change><date>10.iii.2000</date><respStmt><name>ER</name><resp>editor</resp></respStmt>
<item>web publication</item></change>
<change><date>01.vi.2003</date><respStmt><name>GC/JE</name><resp>editor/technical developer</resp></respStmt>
<item>XML/TEI conversion</item></change>
<change><date>30.iii.2005</date><respStmt><name>GC/JE</name><resp>senior editor/technical developer</resp></respStmt>
<item>lemmatised version published</item></change>
</revisionDesc>
</teiHeader>
<text lang="sux">
<body>
<l n="1" id="c2532.1" corresp="t2532.p1">
<w form="&d;i-din-&d;da-gan" lemma="i-din-da-gan" pos="N" type="RN" label="Iddin-Dagan" npart="DN:Dagan" det="&d;">&d;i-din-&d;da-<supplied/>gan<suppliedEnd/></w>
<w form="an-ne2" lemma="an" pos="N" type="DN" label="An">an-ne2</w>
<w form="ki" lemma="ki" pos="N" label="place">ki</w>
<w form="mah-a-ni-a" lemma="mah" pos="V" label="to be majestic">mah-a-ni-a</w>
<w form="nam" lemma="nam" pos="N" label="destiny">nam</w>
<w form="gal" lemma="gal" pos="V" label="to be big">gal</w>
<w form="mu-ri-in-tar" lemma="tar" pos="V" label="to cut">mu-ri-in-tar</w>
</l>
<l n="2" id="c2532.2" corresp="t2532.p1">
<w form="aga" lemma="aga" pos="N" label="crown">aga</w>
<w form="zid-de3" lemma="zid" pos="AJ" label="right">zid-de3</w>
<w form="dalla" lemma="dalla" pos="V" label="to be bright">dalla</w>
<w form="mu-ra-ni-in-e3" lemma="e3" pos="V" label="to go out or in">mu-ra-ni-in-e3</w>
</l>
<l n="3" id="c2532.3" corresp="t2532.p1">
<w form="nam-sipad" lemma="nam-sipad" pos="N" label="shepherd's craft">nam-sipad</w>
<w form="kalam-ma-ce3" lemma="kalam" pos="N" label="the Land">kalam-ma-ce3</w>
<w form="mu-un-il2-en" lemma="il2" pos="V" label="to raise">mu-un-il2-en</w>
</l>
<l n="4" id="c2532.4" corresp="t2532.p1">
<w form="kur" lemma="kur" pos="N" label="(mountain) land">kur</w>
<w form="jiri3-zu-ce3" lemma="jiri3" pos="N" label="foot">jiri3-zu-ce3</w>
<w form="mu-un-jar" lemma="jar" pos="V" label="to place">mu-un-jar</w>
</l>
<l n="5" id="c2532.5" corresp="t2532.p2">
<w form="&d;en-lil2-le" lemma="en-lil2" pos="N" type="DN" label="Enlil" det="&d;">&d;en-lil2-le</w>
<w form="igi" lemma="igi" pos="N" label="eye">igi</w>
<w form="zid" lemma="zid" pos="AJ" label="right">zid</w>
<w form="mu-e-ci-in-bar" lemma="bar" pos="V" label="to set aside">mu-e-ci-in-bar</w>
</l>
<l n="6" id="c2532.6" corresp="t2532.p2">
<w form="&d;i-din-&d;da-gan" lemma="i-din-da-gan" pos="N" type="RN" label="Iddin-Dagan" npart="DN:Dagan" det="&d;">&d;i-din-&d;da-gan</w>
<w form="gu3" lemma="gu3" pos="N" label="voice">gu3</w>
<w form="zid" lemma="zid" pos="AJ" label="right">zid</w>
<w form="mu-ra-an-de2" lemma="de2" pos="V" label="to pour">mu-ra-an-de2</w>
</l>
<l n="7" id="c2532.7" corresp="t2532.p2">
<w form="us2-saj" lemma="uz3-saj" pos="N" label="(cosmic) bond">us2-saj</w>
<w form="ki-en-gi-re" lemma="ki-en-gi" pos="N" type="GN" label="Sumer">ki-en-gi-re</w>
<w form="gen6-ne2-de3" lemma="gen6" pos="V" label="to be firm">gen6-ne2-de3</w>
</l>
<l n="8" id="c2532.8" corresp="t2532.p2">
<w form="uj3" lemma="uj3" pos="N" label="people">uj3</w>
<w form="us2-a" lemma="us2" pos="V" label="to be adjacent">us2-a</w>
<w form="sig10-ge-de3" lemma="sig10" pos="V" label="to place">sig10-ge-de3</w>
</l>
<l n="9" id="c2532.9" corresp="t2532.p2">
<w form="ki-en-gi" lemma="ki-en-gi" pos="N" type="GN" label="Sumer">ki-en-gi</w>
<w form="ki-uri" lemma="ki-uri" pos="N" type="GN" label="Akkad">ki-uri</w>
<w form="an-dul3" lemma="an-dul3" pos="N" label="(protective) shade">an-dul3</w>
<w form="dajal-la-za" lemma="dajal" pos="V" label="to be wide">dajal-la-za</w>
<w form="ni2" lemma="ni2" pos="N" label="self">ni2</w>
<w form="dub2-bu-de3" lemma="dub2" pos="V" label="to tremble">dub2-bu-de3</w>
</l>
<l n="10" id="c2532.10" corresp="t2532.p2">
<w form="uj3-e" lemma="uj3" pos="N" label="people">uj3-e</w>
<w form="u2" lemma="u2" pos="N" label="plant">u2</w>
<w form="nir-jal2" lemma="nir-jal2" pos="AJ" label="authoritative">nir-jal2</w>
<w form="gu7-u3-de3" lemma="gu7" pos="V" label="to eat">gu7-u3-de3</w>
<w form="a" lemma="a" pos="N" label="water">a</w>
<w form="dug3" lemma="dug3" pos="V" label="to be good">dug3</w>
<w form="na8-na8-de3" lemma="naj" pos="V" label="to drink" form-type="rr">na8-na8-de3</w>
</l>
<l n="11" id="c2532.11" corresp="t2532.p2">
<w form="&d;en-lil2-le" lemma="en-lil2" pos="N" type="DN" label="Enlil" det="&d;">&d;en-lil2-le</w>
<w form="a2-bi" lemma="a2" pos="N" label="arm">a2-bi</w>
<w form="mu-e-da-an-aj2" lemma="aj2" pos="V" label="to measure">mu-e-da-an-aj2</w>
</l>
<l n="12" id="c2532.12" corresp="t2532.p2">
<w form="&d;i-din-&d;da-gan" lemma="i-din-da-gan" pos="N" type="RN" label="Iddin-Dagan" npart="DN:Dagan" det="&d;">&d;i-din-&d;da-gan</w>
<w form="sipad" lemma="sipad" pos="N" label="shepherd">sipad</w>
<w form="cag4-ga-na-me-en" lemma="cag4" pos="N" label="heart">cag4-ga-na-me-en</w>
</l>
<l n="13" id="c2532.13" corresp="t2532.p2">
<w form="gu3" lemma="gu3" pos="N" label="voice">gu3</w>
<w form="zid" lemma="zid" pos="AJ" label="right">zid</w>
<w form="de2-a" lemma="de2" pos="V" label="to pour">de2-a</w>
<w form="&d;en-lil2-la2-me-en" lemma="en-lil2" pos="N" type="DN" label="Enlil" det="&d;">&d;en-lil2-la2-me-en</w>
</l>
<l n="14" id="c2532.14" corresp="t2532.p3">
<w form="&d;en-ki-ke4" lemma="en-ki" pos="N" type="DN" label="Enki" det="&d;">&d;en-ki-ke4</w>
<w form="jectug2" lemma="jectug2" pos="N" label="ear">jectug2</w>
<w form="dajal" lemma="dajal" pos="V" label="to be wide">dajal</w>
<w form="nij2-nam-ma" lemma="nij2-nam" pos="PD" type="indefinite" label="anything">nij2-nam-ma</w>
<w form="zu-zu" lemma="zu" pos="V" label="to know" form-type="RR">zu-zu</w>
</l>
<l n="15" id="c2532.15" corresp="t2532.p3">
<w form="kij2" lemma="kij2" pos="N" label="work">kij2</w>
<w form="igi-jal2" lemma="igi-jal2" pos="AJ" label="wise">igi-jal2</w>
<w form="zi" lemma="zi" pos="N" label="life (breath)"><unclear cert="qry">zi</unclear></w>
<w form="ka" lemma="ka" pos="N" label="mouth">ka</w>
<w form="pirij-ta" lemma="pirij" pos="N" label="lion">pirij-ta</w>
<supplied/>
<w form="ed2-de3" lemma="e3" pos="V" label="to go out or in">ed2<suppliedEnd/>-de3</w>
</l>
<l n="16" id="c2532.16" corresp="t2532.p3">
<w form="&d;i-din-&d;da-gan" lemma="i-din-da-gan" pos="N" type="RN" label="Iddin-Dagan" npart="DN:Dagan" det="&d;">&d;i-din-&d;da-gan</w>
<w form="za-ra" lemma="za" pos="PD" type="personal" label="you (sg.)">za-ra</w>
<w form="mu-ra-an-de6" lemma="de6" pos="V" label="to carry">mu-ra-an-de6</w>
</l>
<l n="17" id="c2532.17" corresp="t2532.p3">
<w form="kur-kur-re" lemma="kur" pos="N" label="(mountain) land" form-type="RR">kur-kur-re</w>
<w form="me-tec2" lemma="me-tec2" pos="N" label="praise">me-tec2</w>
<w form="he2-i-i" lemma="i" pos="V" label="to bring out" form-type="RR">he2-i-i</w>
</l>
<l n="18" id="c2532.18" corresp="t2532.p4">
<w form="dumu" lemma="dumu" pos="N" label="child">dumu</w>
<w form="tud-da" lemma="tud" pos="V" label="to give birth">tud-da</w>
<w form="&d;da-gan-na" lemma="da-gan" pos="N" type="DN" label="Dagan" det="&d;">&d;da-gan-na</w>
<w form="en" lemma="en" pos="N" label="lord">en</w>
<w form="il2" lemma="il2" pos="V" label="to raise">il2</w>
<w form="uj3" lemma="uj3" pos="N" label="people">uj3</w>
<supplied/>
<w form="dajal-le" lemma="dajal" pos="V" label="to be wide">dajal<suppliedEnd/>-le</w>
</l>
<l n="19" id="c2532.19" corresp="t2532.p4">
<w form="&d;i-din-&d;da-gan" lemma="i-din-da-gan" pos="N" type="RN" label="Iddin-Dagan" npart="DN:Dagan" det="&d;">&d;i-din-&d;da-gan</w>
<w form="iri-zu-ce3" lemma="iri" pos="N" label="town">iri-zu-ce3</w>
<w form="u6" lemma="u6" pos="N" label="wonder">u6</w>
<w form="dug3-ge-ec" lemma="dug3" pos="V" label="to be good">dug3-ge-ec</w>
<w form="he2-i" lemma="i" pos="V" label="to bring out">he2-i</w>
</l>
<l n="20" id="c2532.20" corresp="t2532.p4">
<w form="i3" lemma="i3" pos="N" label="fatty substance">i3</w>
<w form="li" lemma="li" pos="AJ" label="fine">li</w>
<w form="nij2" lemma="nij2" pos="N" label="thing">nij2</w>
<supplied/>
<w form="cag4-ga" lemma="cag4" pos="N" label="heart">cag4<suppliedEnd/>-ga</w>
<w form="nu-da13-da13" lemma="taka4" pos="V" label="to leave behind" form-type="rr">nu-da13-da13</w>
</l>
<l n="21" id="c2532.21" corresp="t2532.p4">
<w form="&d;en-lil2" lemma="en-lil2" pos="N" type="DN" label="Enlil" det="&d;">&d;en-lil2</w>
<w form="he2-da-hul2" lemma="hul2" pos="V" label="to be happy">he2-da-hul2</w>
</l>
<l n="22" id="c2532.22" corresp="t2532.p4">
<w form="&d;utu-gin7" lemma="utu" pos="N" type="DN" label="Utu" det="&d;">&d;utu-gin7</w>
<w form="ud" lemma="ud" pos="N" label="day(light)">ud</w>
<w form="zid" lemma="zid" pos="AJ" label="right">zid</w>
<w form="e3-a-zu-ce3" lemma="e3" pos="V" label="to go out or in">e3-a-zu-ce3</w>
<w form="igi-bi" lemma="igi" pos="N" label="eye">igi-bi</w>
<w form="he2-em-ci-jal2" lemma="jal2" pos="V" label="to be (located)">he2-em-ci-jal2</w>
</l>
<l n="23" id="c2532.23" corresp="t2532.p4">
<w form="kur-kur-re" lemma="kur" pos="N" label="(mountain) land" form-type="RR">kur-kur-re</w>
<w form="an-dul3" lemma="an-dul3" pos="N" label="(protective) shade">an-dul3</w>
<w form="dajal-la-zu-ce3" lemma="dajal" pos="V" label="to be wide">dajal-la-zu-ce3</w>
<w form="ni2" lemma="ni2" pos="N" label="self">ni2</w>
<w form="im-ci-dub2-be2" lemma="dub2" pos="V" label="to tremble">im-ci-dub2-be2</w>
</l>
<l n="24" id="c2532.24" corresp="t2532.p5">
<w form="har-ra-an" lemma="har-ra-an" pos="N" label="route">har-ra-an</w>
<w form="kaskal-la" lemma="kaskal" pos="N" label="(high)way">kaskal-la</w>
<phr type="VP" lemma="si sa2" label="to make straight">
<w form="si" lemma="si" pos="N" label="horn">si</w>
<w form="bi2-sa2" lemma="sa2" pos="V" label="to equal">bi2-sa2</w>
</phr>
</l>
<l n="25" id="c2532.25" corresp="t2532.p5">
<w form="su" lemma="su" pos="N" label="flesh">su</w>
<w form="kalam-ma" lemma="kalam" pos="N" label="the Land">kalam-ma</w>
<w form="mu-e-dug3" lemma="dug3" pos="V" label="to be good">mu-e-dug3</w>
</l>
<l n="26" id="c2532.26" corresp="t2532.p5">
<w form="nij2-si-sa2" lemma="nij2-si-sa2" pos="N" label="justice">nij2-si-sa2</w>
<w form="ka-ga14" lemma="ka" pos="N" label="mouth">ka-ga14</w>
<w form="mu-e-ni-jar" lemma="jar" pos="V" label="to place">mu-e-ni-jar</w>
</l>
<l n="27" id="c2532.27" corresp="t2532.p5">
<w form="nij2-du7" lemma="nij2-du7" pos="N" label="propriety">nij2-du7</w>
<w form="pa" lemma="pa" pos="N" label="branch">pa</w>
<w form="bi2-i-e3" lemma="e3" pos="V" label="to go out or in">bi2-i-e3</w>
</l>
<l n="28" id="c2532.28" corresp="t2532.p5">
<w form="in" lemma="in" pos="N" label="zone">in</w>
<w form="mu-e-dub-dub" lemma="dub" pos="V" label="to heap up" form-type="RR">mu-e-dub-dub</w>
<w form="ki" lemma="ki" pos="N" label="place">ki</w>
<w form="mu-e-sur-sur" lemma="sur" pos="V" label="to drip" form-type="RR">mu-e-sur-sur</w>
</l>
<l n="29" id="c2532.29" corresp="t2532.p5">
<w form="ki-en-gi" lemma="ki-en-gi" pos="N" type="GN" label="Sumer">ki-en-gi</w>
<w form="ki-uri" lemma="ki-uri" pos="N" type="GN" label="Akkad">ki-uri</w>
<w form="gu2" lemma="gu2" pos="N" label="neck">gu2</w>
<w form="bi2-i-zig3" lemma="zig3" pos="V" label="to rise">bi2-i-zig3</w>
</l>
<l n="30" id="c2532.30" corresp="t2532.p5">
<supplied/>
<w form="cu-luh" lemma="cu-luh" pos="N" label="ritual cleansing">cu<suppliedEnd/>-luh</w>
<w form="dijir-re-e-ne" lemma="dijir" pos="N" label="deity">dijir-re-e-ne</w>
<supplied/>
<phr type="VP" lemma="si sa2" label="to make straight">
<w form="si" lemma="si" pos="N" label="horn">si</w>
<suppliedEnd/>
<w form="bi2-i-sa2" lemma="sa2" pos="V" label="to equal">bi2-i-sa2</w>
</phr>
</l>
<l n="31" id="c2532.31" corresp="t2532.p5">
<w form="&d;i-din-&d;da-gan" lemma="i-din-da-gan" pos="N" type="RN" label="Iddin-Dagan" npart="DN:Dagan" det="&d;">&d;i-din-&d;da-gan</w>
<supplied/>
<w form="ki-bi-ce3" lemma="ki" pos="N" label="place">ki<suppliedEnd/>-bi-ce3</w>
<w form="gi4-gi4-en" lemma="gi4" pos="V" label="to return" form-type="RR">gi4-gi4-en</w>
</l>
<l n="32" id="c2532.32" corresp="t2532.p5">
<w form="nij2-dug4-ga-zu" lemma="nij2-dug4-ga" pos="N" label="speech">nij2-dug4-ga-zu</w>
<supplied/>
<w form="&X;" lemma="&X;" label="&X;">&X;</w>
<suppliedEnd/>
<w form="GI" lemma="GI" label="GI">GI</w>
<supplied/>
<w form="&X;-im-jar" lemma="jar" pos="V" label="to place">&X;<suppliedEnd/>-im-jar</w>
</l>
<l n="33" id="c2532.33" corresp="t2532.p5">
<w form="inim-zu" lemma="inim" pos="N" label="word">inim-zu</w>
<w form="an" lemma="an" pos="N" label="heaven">an</w>
<w form="kug-ge" lemma="kug" pos="AJ" label="shining">kug-<supplied/>ge</w>
<w form="us2-sa" lemma="us2" pos="V" label="to be adjacent">us2-sa</w>
<suppliedEnd/>
</l>
<l n="34" id="c2532.34" corresp="t2532.p5">
<w form="ka-ta" lemma="ka" pos="N" label="mouth">ka-ta</w>
<w form="e3-a-zu" lemma="e3" pos="V" label="to go out or in">e3-a-zu</w>
<supplied/>
<w form="an-ne2" lemma="an" pos="N" label="heaven">an<suppliedEnd/>-ne2</w>
<damage/>
<w form="dul-lu" lemma="dul" pos="V" label="to cover (together)">dul<damageEnd/>-<supplied/>lu</w>
<suppliedEnd/>
</l>
<l n="35" id="c2532.35" corresp="t2532.p6">
<w form="dug4-ga" lemma="dug4" pos="V" label="to say">dug4-ga</w>
<w form="&d;en-lil2-la2-ta" lemma="en-lil2" pos="N" type="DN" label="Enlil" det="&d;">&d;en-lil2-la2-ta</w>
</l>
<l n="36" id="c2532.36" corresp="t2532.p6">
<w form="igi" lemma="igi" pos="N" label="eye">igi</w>
<w form="bar-ra-zu" lemma="bar" pos="V" label="to set aside">bar-ra-zu</w>
<w form="lu2" lemma="lu2" pos="N" label="person">lu2</w>
<w form="mu-un-til3-le" lemma="til3" pos="V" label="to live">mu-un-til3-le</w>
</l>
<l n="37" id="c2532.37" corresp="t2532.p6">
<w form="ka" lemma="ka" pos="N" label="mouth">ka</w>
<w form="ba-zu" lemma="ba" pos="V" label="to allot">ba-zu</w>
<w form="lu2" lemma="lu2" pos="N" label="person">lu2</w>
<w form="mu-un-silim-e" lemma="silim" pos="V" label="to be healthy">mu-un-silim-e</w>
</l>
<l n="38" id="c2532.38" corresp="t2532.p6">
<w form="dug4-ga-a-zu" lemma="dug4" pos="V" label="to say">dug4-ga-a-zu</w>
<w form="&d;en-lil2" lemma="en-lil2" pos="N" type="DN" label="Enlil" det="&d;">&d;en-lil2</w>
<w form="mu-ci-hul2" lemma="hul2" pos="V" label="to be happy">mu-ci-<supplied/>hul2</w>
<suppliedEnd/>
</l>
<l n="39" id="c2532.39" corresp="t2532.p6">
<w form="cag4-ge" lemma="cag4" pos="N" label="heart">cag4-ge</w>
<w form="de6-a-zu" lemma="de6" pos="V" label="to carry">de6-a-zu</w>
<w form="&d;nin-lil2-le" lemma="nin-lil2" pos="N" type="DN" label="Ninlil" det="&d;">&d;nin-lil2-le</w>
<w form="he2-am3-bi" lemma="he2-am3" pos="N" label="(so) be it">he2-am3-bi</w>
<w form="im-me" lemma="dug4" pos="V" label="to say" form-type="ppli">im-<supplied/>me</w>
<suppliedEnd/>
</l>
<l n="40" id="c2532.40" corresp="t2532.p6">
<w form="sipad" lemma="sipad" pos="N" label="shepherd">sipad</w>
<w form="&d;en-lil2-ra" lemma="en-lil2" pos="N" type="DN" label="Enlil" det="&d;">&d;en-lil2-ra</w>
<w form="jickim" lemma="jickim" pos="N" label="sign">jickim</w>
<w form="til3-me-en" lemma="til3" pos="V" label="to live">til3-me-en</w>
</l>
<l n="41" id="c2532.41" corresp="t2532.p6">
<w form="&d;i-din-&d;da-gan" lemma="i-din-da-gan" pos="N" type="RN" label="Iddin-Dagan" npart="DN:Dagan" det="&d;">&d;i-din-&d;da-gan</w>
<w form="a-ba" lemma="a-ba" pos="PD" type="interrogative" label="who">a-ba</w>
<w form="za-e-gin7" lemma="za" pos="PD" type="personal" label="you (sg.)">za-e-gin7</w>
<w form="i3-dim2" lemma="dim2" pos="V" label="to create">i3-dim2</w>
</l>
<l n="42" id="c2532.42" corresp="t2532.p6">
<w form="igi-bi" lemma="igi" pos="N" label="eye">igi-bi</w>
<w form="he2-em-ci-jal2" lemma="jal2" pos="V" label="to be (located)">he2-em-ci-jal2</w>
</l>
<l n="43" id="c2532.43" corresp="t2532.p7">
<w form="e2-kur-ce3" lemma="e2-kur" pos="N" type="TN" label="E-kur">e2-kur-ce3</w>
<w form="za-e" lemma="za" pos="PD" type="personal" label="you (sg.)">za-e</w>
<w form="lu2-bi" lemma="lu2" pos="N" label="person">lu2-bi</w>
<w form="he2-me-en" lemma="me" pos="V" label="to be">he2-me-en</w>
</l>
<l n="44" id="c2532.44" corresp="t2532.p7">
<w form="nidba-zu" lemma="nidba" pos="N" label="(food) offering">nidba-zu</w>
<w form="e2" lemma="e2" pos="N" label="house(hold)">e2</w>
<w form="&d;en-lil2-la2-kam" lemma="en-lil2" pos="N" type="DN" label="Enlil" det="&d;">&d;en-lil2-la2-kam</w>
<phr type="VP" lemma="muc3 de6" label="to cease">
<w form="muc3" lemma="muc3" pos="N" label="face">muc3</w>
<w form="nam-ba-an-tum2-mu" lemma="de6" pos="V" label="to carry" form-type="isg">nam-ba-<supplied/>an-tum2<suppliedEnd/>-mu</w>
</phr>
</l>
<l n="45" id="c2532.45" corresp="t2532.p7">
<w form="ceg12" lemma="ceg12" pos="N" label="brick(work)">ceg12</w>
<w form="e2-kur-ra-ke4" lemma="e2-kur" pos="N" type="TN" label="E-kur">e2-kur-ra-ke4</w>
<w form="sag9-ga-zu" lemma="sag9" pos="V" label="to be good">sag9-ga-zu</w>
<w form="&d;en-lil2" lemma="en-lil2" pos="N" type="DN" label="Enlil" det="&d;">&d;en-lil2</w>
<w form="&d;nin-lil2-ra" lemma="nin-lil2" pos="N" type="DN" label="Ninlil" det="&d;">&d;nin-lil2-ra</w>
<w form="hu-mu-un-ne-eb2-be2" lemma="dug4" pos="V" label="to say" form-type="ppli">hu-mu-un-ne-eb2-be2</w>
</l>
<l n="46" id="c2532.46" corresp="t2532.p7">
<w form="inim" lemma="inim" pos="N" label="word">inim</w>
<w form="sag9-ga" lemma="sag9" pos="V" label="to be good">sag9-ga</w>
<w form="an" lemma="an" pos="N" type="DN" label="An">an</w>
<w form="&d;en-lil2-la2-ta" lemma="en-lil2" pos="N" type="DN" label="Enlil" det="&d;">&d;en-lil2-la2-ta</w>
<w form="&d;i-din-&d;da-gan" lemma="i-din-da-gan" pos="N" type="RN" label="Iddin-Dagan" npart="DN:Dagan" det="&d;">&d;i-din-&d;da-gan</w>
<w form="a2" lemma="a2" pos="N" label="arm">a2</w>
<w form="nun" lemma="nun" pos="N" label="prince">nun</w>
<w form="he2-mu-e-te-jal2" lemma="jal2" pos="V" label="to be (located)">he2-mu-e-te-jal2</w>
</l>
<l n="47" id="c2532.47" corresp="t2532.p8">
<w form="mu" lemma="mu" pos="N" label="name">mu</w>
<w form="mah-zu" lemma="mah" pos="V" label="to be majestic">mah-zu</w>
<w form="kalam-ma" lemma="kalam" pos="N" label="the Land">kalam-ma</w>
<w form="i3-jal2" lemma="jal2" pos="V" label="to be (located)">i3-jal2</w>
</l>
<l n="48" id="c2532.48" corresp="t2532.p8">
<w form="an-zag-ce3" lemma="an-zag" pos="N" label="border of heaven">an-zag-ce3</w>
<w form="mu-zu" lemma="mu" pos="N" label="name">mu-zu</w>
<w form="pa" lemma="pa" pos="N" label="branch">pa</w>
<w form="bi2-in-e3" lemma="e3" pos="V" label="to go out or in">bi2-in-e3</w>
</l>
<l n="49" id="c2532.49" corresp="t2532.p8">
<w form="kalag-ga" lemma="kalag" pos="V" label="to be strong">kalag-ga</w>
<w form="nam-ur-saj" lemma="nam-ur-saj" pos="N" label="heroism">nam-ur-saj</w>
<w form="a2" lemma="a2" pos="N" label="arm">a2</w>
<w form="me3" lemma="me3" pos="N" label="battle">me3</w>
<w form="cen-cen" lemma="cen" pos="N" label="combat" form-type="RR">cen-cen</w>
<w form="gub-bu" lemma="gub" pos="V" label="to stand">gub-bu</w>
</l>
<l n="50" id="c2532.50" corresp="t2532.p8">
<w form="ki-bal-da" lemma="ki-bal" pos="N" label="rebel land">ki-bal-da</w>
<w form="du7-du7" lemma="du7" pos="V" label="to push" form-type="RR">du7-du7</w>
<w form="mu-e-DU" lemma="DU" pos="V" label="DU">mu-e-DU</w>
</l>
<l n="51" id="c2532.51" corresp="t2532.p8">
<w form="cag4-ta" lemma="cag4" pos="N" label="heart">cag4-ta</w>
<w form="&d;da-gan-na" lemma="da-gan" pos="N" type="DN" label="Dagan" det="&d;">&d;da-gan-na</w>
<supplied/>
<w form="nam-ce3" lemma="nam" pos="N" label="destiny">nam<suppliedEnd/>-ce3</w>
<w form="mu-ri-in-tar" lemma="tar" pos="V" label="to cut">mu-ri-in-tar</w>
</l>
<l n="52" id="c2532.52" corresp="t2532.p8">
<w form="za3-mi2-zu" lemma="za3-mi2" pos="N" label="praise">za3-mi2-zu</w>
<w form="ka-ga14" lemma="ka" pos="N" label="mouth">ka-ga14</w>
<w form="i-ni-in-jal2" lemma="jal2" pos="V" label="to be (located)">i-ni-in-jal2</w>
</l>
<l n="53" id="c2532.53" corresp="t2532.p9">
<w form="nam-lugal-zu" lemma="nam-lugal" pos="N" label="kingship">nam-lugal-zu</w>
<w form="uj3-e" lemma="uj3" pos="N" label="people">uj3-e</w>
<w form="ba-sag9" lemma="sag9" pos="V" label="to be good">ba-sag9</w>
</l>
<l n="54" id="c2532.54" corresp="t2532.p9">
<w form="nam-sipad-zu" lemma="nam-sipad" pos="N" label="shepherd's craft">nam-sipad-zu</w>
<w form="cag4-ge" lemma="cag4" pos="N" label="heart">cag4-ge</w>
<w form="um-ma-dug3" lemma="dug3" pos="V" label="to be good">um-ma-dug3</w>
</l>
<l n="55" id="c2532.55" corresp="t2532.p9">
<w form="uj3" lemma="uj3" pos="N" label="people">uj3</w>
<w form="e-da-lu" lemma="lu" pos="V" label="to be abundant">e-da-lu</w>
<w form="uj3" lemma="uj3" pos="N" label="people">uj3</w>
<w form="e-da-dajal" lemma="dajal" pos="V" label="to be wide">e-da-dajal</w>
</l>
<l n="56" id="c2532.56" corresp="t2532.p9">
<w form="kur-kur" lemma="kur" pos="N" label="(mountain) land" form-type="RR">kur-kur</w>
<w form="u2-sal-la" lemma="u2-sal" pos="N" label="meadow">u2-sal-la</w>
<w form="mu-e-ri-nu2" lemma="nu2" pos="V" label="to lie down">mu-e-ri-nu2</w>
</l>
<l n="57" id="c2532.57" corresp="t2532.p9">
<w form="uj3-e" lemma="uj3" pos="N" label="people">uj3-e</w>
<w form="he2-jal2-la" lemma="he2-jal2" pos="N" label="plenty">he2-jal2-la</w>
<w form="ud" lemma="ud" pos="N" label="day(light)">ud</w>
<w form="mu-ri-ib2-zal-e" lemma="zal" pos="V" label="to pass">mu-ri-ib2-zal-e</w>
</l>
<l n="58" id="c2532.58" corresp="t2532.p9">
<w form="saj" lemma="saj" pos="N" label="head">saj</w>
<w form="gig2-ga" lemma="gig2" pos="V" label="to be black">gig2-ga</w>
<w form="a-a-zu-gin7" lemma="a-a" pos="N" label="father">a-a-zu-gin7</w>
</l>
<l n="59" id="c2532.59" corresp="t2532.p9">
<w form="&d;i-din-&d;da-gan" lemma="i-din-da-gan" pos="N" type="RN" label="Iddin-Dagan" npart="DN:Dagan" det="&d;">&d;i-din-&d;da-gan</w>
<w form="igi-bi" lemma="igi" pos="N" label="eye">igi-bi</w>
<w form="mu-e-ci-jal2" lemma="jal2" pos="V" label="to be (located)">mu-e-ci-jal2</w>
</l>
<l n="60" id="c2532.60" corresp="t2532.p10">
<w form="&d;en-lil2" lemma="en-lil2" pos="N" type="DN" label="Enlil" det="&d;">&d;en-lil2</w>
<w form="en" lemma="en" pos="N" label="lord">en</w>
<w form="nam" lemma="nam" pos="N" label="destiny">nam</w>
<w form="tar-tar-re-de3" lemma="tar" pos="V" label="to cut" form-type="RR">tar-tar-re-de3</w>
</l>
<l n="61" id="c2532.61" corresp="t2532.p10">
<w form="&d;i-din-&d;da-gan" lemma="i-din-da-gan" pos="N" type="RN" label="Iddin-Dagan" npart="DN:Dagan" det="&d;">&d;i-din-&d;da-gan</w>
<w form="ud-zu" lemma="ud" pos="N" label="day(light)">ud-zu</w>
<w form="he2-eb2-su3-ud-de3" lemma="sud" pos="V" label="to be distant">he2-eb2-su3-ud-de3</w>
</l>
<l n="62" id="c2532.62" corresp="t2532.p10">
<w form="nam-kal-la" lemma="nam-kal-la" pos="N" label="value">nam-kal-la</w>
<w form="nij2-nam-e" lemma="nij2-nam" pos="PD" type="indefinite" label="anything">nij2-nam-e</w>
<w form="zu-a" lemma="zu" pos="V" label="to know">zu-a</w>
</l>
<l n="63" id="c2532.63" corresp="t2532.p10">
<w form="igi" lemma="igi" pos="N" label="eye">igi</w>
<w form="dug3" lemma="dug3" pos="V" label="to be good">dug3</w>
<w form="hu-mu-ri-in-du8" lemma="du8" pos="V" label="to spread">hu-mu-ri-in-du8</w>
</l>
<l n="64" id="c2532.64" corresp="t2532.p11">
<w form="jectug2" lemma="jectug2" pos="N" label="ear">jectug2</w>
<w form="dirig" lemma="dirig" pos="V" label="to be superior">dirig</w>
<w form="dub" lemma="dub" pos="N" label="tablet">dub</w>
<w form="&d;nisaba-ke4" lemma="nisaba" pos="N" type="DN" label="Nisaba" det="&d;">&d;nisaba-ke4</w>
<w form="cum2-ma-zu" lemma="cum2" pos="V" label="to give">cum2-ma-zu</w>
</l>
<l n="65" id="c2532.65" corresp="t2532.p11">
<w form="e2-dub-ba-a" lemma="e2-dub-ba-a" pos="N" label="scribal school">e2-dub-ba-a</w>
<w form="im-ma" lemma="im" pos="N" label="clay">im-ma</w>
<phr type="VP" lemma="muc3 de6" label="to cease">
<w form="muc3" lemma="muc3" pos="N" label="face">muc3</w>
<w form="nam-ba-an-tum2-mu" lemma="de6" pos="V" label="to carry" form-type="isg">nam-ba-an-tum2-mu</w>
</phr>
</l>
<l n="66" id="c2532.66" corresp="t2532.p11">
<w form="e2-dub-ba-a-ba" lemma="e2-dub-ba-a" pos="N" label="scribal school">e2-dub-ba-a-ba</w>
<w form="ec3" lemma="ec3" pos="N" label="shrine">ec3</w>
<w form="nij2" lemma="nij2" pos="N" label="thing">nij2</w>
<w form="u3-tud-gin7" lemma="tud" pos="V" label="to give birth">u3-tud-gin7</w>
<w form="ki" lemma="ki" pos="N" label="place">ki</w>
<w form="nam-ba-silig-ge" lemma="silig" pos="V" label="to cease">nam-ba-silig-ge</w>
</l>
<l n="67" id="c2532.67" corresp="t2532.p11">
<w form="dub-sar-tur" lemma="dub-sar-tur" pos="N" label="junior scribe">dub-sar-tur</w>
<w form="cu-ni" lemma="cu" pos="N" label="hand">cu-ni</w>
<w form="ib2-ci-in-tum4" lemma="de6" pos="V" label="to carry" form-type="isg">ib2-ci-in-tum4</w>
<w form="im" lemma="im" pos="N" label="clay">im</w>
<w form="bi2-ib2-sar-a" lemma="sar" pos="V" label="to write">bi2-ib2-sar-a</w>
</l>
<l n="68" id="c2532.68" corresp="t2532.p11">
<w form="&d;nisaba" lemma="nisaba" pos="N" type="DN" label="Nisaba" det="&d;">&d;nisaba</w>
<w form="nin" lemma="nin" pos="N" label="lady">nin</w>
<w form="mul-a" lemma="mul" pos="V" label="to radiate">mul-a</w>
<w form="X" lemma="X" label="X">X</w>
<w form="jectug2" lemma="jectug2" pos="N" label="ear">jectug2</w>
<w form="hu-mu-un-na-cum2" lemma="cum2" pos="V" label="to give">hu-mu-un-<supplied/>na-cum2</w>
<suppliedEnd/>
</l>
<l n="69" id="c2532.69" corresp="t2532.p11">
<w form="cu" lemma="cu" pos="N" label="hand">cu</w>
<w form="hu-mu-un-bad" lemma="bad" pos="V" label="to open">hu-mu-un-bad</w>
</l>
<l n="70" id="c2532.70" corresp="t2532.p11">
<w form="ki" lemma="ki" pos="N" label="place">ki</w>
<w form="nam-dub-sar-ra-ka" lemma="nam-dub-sar" pos="N" label="scribe's craft">nam-dub-sar-ra-ka</w>
<w form="ud-gin7" lemma="ud" pos="N" label="day(light)">ud-gin7</w>
<w form="he2-en-na-e3" lemma="e3" pos="V" label="to go out or in">he2-en-na-e3</w>
</l>
<l n="71" id="c2532.71" corresp="t2532.p12">
<w form="&d;i-din-&d;da-gan" lemma="i-din-da-gan" pos="N" type="RN" label="Iddin-Dagan" npart="DN:Dagan" det="&d;">&d;i-din-&d;da-gan</w>
<w form="ad-da-zu" lemma="ad-da" pos="N" label="father">ad-da-zu</w>
<w form="&d;cu-i3-li2-cu" lemma="cu-i3-li2-cu" pos="N" type="RN" label="&C;u-il&imacr;&c;u" det="&d;">&d;cu-i3-li2-cu</w>
<w form="lugal" lemma="lugal" pos="N" label="king">lugal</w>
<w form="kalam-ma-ke4" lemma="kalam" pos="N" label="the Land">kalam-ma-ke4</w>
</l>
<l n="72" id="c2532.72" corresp="t2532.p12">
<w form="ki-en-gi" lemma="ki-en-gi" pos="N" type="GN" label="Sumer">ki-en-gi</w>
<w form="ki-uri" lemma="ki-uri" pos="N" type="GN" label="Akkad">ki-uri</w>
<w form="suhuc-bi" lemma="suhuc" pos="N" label="foundation">suhuc-bi</w>
<w form="mu-ra-an-ge-en" lemma="gen6" pos="V" label="to be firm">mu-ra-an-ge-en</w>
</l>
<l n="73" id="c2532.73" corresp="t2532.p12">
<w form="dug4-dug4-ga" lemma="dug4" pos="V" label="to say" form-type="RR">dug4-dug4-ga</w>
<w form="an" lemma="an" pos="N" type="DN" label="An">an</w>
<w form="&d;en-lil2-ta" lemma="en-lil2" pos="N" type="DN" label="Enlil" det="&d;">&d;en-lil2-ta</w>
<w form="ba-e-dirig" lemma="dirig" pos="V" label="to be superior">ba-e-dirig</w>
</l>
<l n="74" id="c2532.74" corresp="t2532.p12">
<w form="gu2-erim2-jal2" lemma="gu2-erim2-jal2" pos="AJ" label="hostile">gu2-erim2-jal2</w>
<w form="sa2" lemma="sa2" pos="V" label="to equal">sa2</w>
<w form="ba-e-dug4" lemma="dug4" pos="V" label="to say">ba-e-dug4</w>
</l>
<l n="75" id="c2532.75" corresp="t2532.p12">
<w form="&d;i-din-&d;da-gan" lemma="i-din-da-gan" pos="N" type="RN" label="Iddin-Dagan" npart="DN:Dagan" det="&d;">&d;i-din-&d;da-gan</w>
<w form="lugal" lemma="lugal" pos="N" label="king">lugal</w>
<w form="kalag-ga" lemma="kalag" pos="V" label="to be strong">kalag-ga</w>
<w form="lugal" lemma="lugal" pos="N" label="king">lugal</w>
<w form="i3-si-in&ki;-na" lemma="isin2" pos="N" type="SN" label="Isin" det="&ki;">i3-si-in&ki;-na</w>
</l>
<l n="76" id="c2532.76" corresp="t2532.p12">
<w form="lugal" lemma="lugal" pos="N" label="king">lugal</w>
<w form="ki-en-gi4" lemma="ki-en-gi" pos="N" type="GN" label="Sumer">ki-en-gi4</w>
<w form="ki-uri" lemma="ki-uri" pos="N" type="GN" label="Akkad">ki-uri</w>
<w form="nij2-nam-ma" lemma="nij2-nam" pos="PD" type="indefinite" label="anything">nij2-nam-ma</w>
<w form="jectug2" lemma="jectug2" pos="N" label="ear">jectug2</w>
<w form="ejer-ra-bi" lemma="ejer" pos="N" label="back">ejer-ra-bi</w>
</l>
<l n="77" id="c2532.77" corresp="t2532.p12">
<w form="igi-ce3" lemma="igi" pos="N" label="eye">igi-ce3</w>
<w form="mu-ri-DU" lemma="DU" pos="V" label="DU">mu-ri-DU</w>
</l>
<l n="78" id="c2532.78" corresp="t2532.p12">
<w form="ibila" lemma="ibila" pos="N" label="heir">ibila</w>
<w form="kalag-ga-me-en3" lemma="kalag" pos="V" label="to be strong">kalag-ga-me-en3</w>
<w form="nir" lemma="nir" pos="N" label="authority">nir</w>
<w form="mu-e-jal2" lemma="jal2" pos="V" label="to be (located)">mu-e-jal2</w>
</l>
<l n="79" id="c2532.79" corresp="t2532.p12">
<w form="&d;i-din-&d;da-gan" lemma="i-din-da-gan" pos="N" type="RN" label="Iddin-Dagan" npart="DN:Dagan" det="&d;">&d;i-din-&d;da-gan</w>
<w form="nam-nun-na" lemma="nam-nun" pos="N" label="princeliness">nam-nun-na</w>
<w form="gu2" lemma="gu2" pos="N" label="neck">gu2</w>
<w form="an-ce3" lemma="an" pos="N" label="heaven">an-ce3</w>
<w form="mi-ni-in-zig3" lemma="zig3" pos="V" label="to rise">mi-ni-in-zig3</w>
</l>
</body>
</text>
</TEI.2>
