<TEI.2 id="c.2.5.5.4">
<teiHeader lang="eng">
<fileDesc>
<titleStmt>
<title>An <foreign lang="sux">adab</foreign> to Ninurta for Lipit-E&c;tar (Lipit-E&c;tar D) -- a composite transliteration</title>
<respStmt><name>Jeremy Black</name><resp>Project Director and Editor</resp></respStmt>
<respStmt><name>G&aacute;bor Z&oacute;lyomi</name><resp>Editor</resp></respStmt>
<respStmt><name>Graham Cunningham</name><resp>Editor</resp></respStmt>
<respStmt><name>Eleanor Robson</name><resp>Technical Developer</resp></respStmt>
<respStmt><name>Jarle Ebeling</name><resp>Technical Developer</resp></respStmt>
</titleStmt>
<publicationStmt>
<distributor>The Electronic Text Corpus of Sumerian Literature
</distributor><address><addrLine>The Oriental Institute, University of Oxford, Pusey Lane, Oxford OX1 2LE, UK, email etcsl&commat;orinst.ox.ac.uk, http://etcsl.orinst.ox.ac.uk</addrLine></address>
<date>1999</date>
</publicationStmt>
<seriesStmt><p>The Electronic Text Corpus of Sumerian Literature aims to make accessible over 400 literary works composed in the Sumerian language in ancient Mesopotamia during the late third and early second millennia BC. The works are in Sumerian composite transliteration and English prose translation with bibliographical information on each composition.</p></seriesStmt>
<sourceDesc>
<listBibl type="secondary">
<bibl><xref from="b309">Krecher 1996b</xref><biblScope type="contents">composite text, translation</biblScope><note>electronic source</note></bibl>
<bibl><xref from="b416">Tinney 1998eee</xref><biblScope type="contents">composite text</biblScope><note>electronic source</note></bibl>
<bibl><xref from="b224">R&ouml;mer 1965</xref><biblScope type="page">6-9, 60</biblScope><biblScope type="contents">composite text, translation, commentary</biblScope></bibl>
</listBibl>
<listBibl type="tablets">
<bibl><biblScope type="museumNumber">Ni 9695 (Bell. 16 pl. 59f.; UMB 17/2 fg. 17; ISET 1 42f.)</biblScope></bibl>
<bibl><biblScope type="museumNumber">N 1523</biblScope></bibl>
<bibl><biblScope type="museumNumber">N 6383</biblScope></bibl>
<bibl><biblScope type="museumNumber">3N-T819</biblScope></bibl>
</listBibl>
</sourceDesc>
</fileDesc>
<revisionDesc>
<change><date>11.v.1999</date><respStmt><name>GZ</name><resp>editor</resp></respStmt>
<item>standardisation</item></change>
<change><date>29.vii.1999</date><respStmt><name>JAB</name><resp>editor</resp></respStmt>
<item>proofreading</item></change>
<change><date>19.x.1999</date><respStmt><name>GZ</name><resp>editor</resp></respStmt>
<item>SGML tagging</item></change>
<change><date>03.xii.1999</date><respStmt><name>ER</name><resp>editor</resp></respStmt>
<item>proofreading SGML</item></change>
<change><date>21.xi.1999</date><respStmt><name>ER</name><resp>editor</resp></respStmt>
<item>web publication</item></change>
<change><date>01.vi.2003</date><respStmt><name>GC/JE</name><resp>editor/technical developer</resp></respStmt>
<item>XML/TEI conversion</item></change>
<change><date>30.iii.2005</date><respStmt><name>GC/JE</name><resp>senior editor/technical developer</resp></respStmt>
<item>lemmatised version published</item></change>
</revisionDesc>
</teiHeader>
<text lang="sux">
<body>
<lg n="A" type="barsud">
<l n="1" id="c2554.A.1" corresp="t2554.p1">
<w form="ur-saj" lemma="ur-saj" pos="N" label="hero">ur-saj</w>
<w form="a2-jal2" lemma="a2-jal2" pos="AJ" label="strong">a2-jal2</w>
<w form="&d;a-nun-na-ke4-ne" lemma="a-nun-na" pos="N" type="DN" label="Anuna" det="&d;">&d;a-nun-na-ke4-ne</w>
<w form="e2-kur-ta" lemma="e2-kur" pos="N" type="TN" label="E-kur">e2-kur-ta</w>
<supplied/>
<w form="e3-a" lemma="e3" pos="V" label="to go out or in">e3-a</w>
<suppliedEnd/>
<note lang="eng">Cited in <xref doc="c.0.2.05" from="c0205.A.3">OB catalogue from Urim (U3), 0.2.05, Seg. A, line 3</xref></note>
</l>
<l n="2" id="c2554.A.2" corresp="t2554.p1">
<w form="&d;nin-urta" lemma="nin-urta" pos="N" type="DN" label="Ninurta" det="&d;">&d;nin-urta</w>
<w form="en" lemma="en" pos="N" label="lord">en</w>
<w form="&d;nu-nam-nir-re" lemma="nu-nam-nir" pos="N" type="DN" label="Nunamnir" det="&d;">&d;nu-nam-nir-re</w>
<w form="u18-lu" lemma="ulu3" pos="N" label="south wind (storm)">u18-lu</w>
<damage/>
<w form="gal-gin7" lemma="gal" pos="V" label="to be big">gal-gin7</w>
<damageEnd/>
<supplied/>
<w form="&X;" lemma="&X;" label="&X;">&X;</w>
<suppliedEnd/>
<w form="X" lemma="X" label="X">X</w>
</l>
<l n="3" id="c2554.A.3" corresp="t2554.p1">
<w form="mu-un-tu-ud-de3-en" lemma="tud" pos="V" label="to give birth">mu-un-tu-ud-de3-en</w>
<w form="u3-ma-ni" lemma="u3-ma" pos="N" label="triumph">u3-ma-ni</w>
<w form="gub-bu-de3" lemma="gub" pos="V" label="to stand">gub-bu-de3</w>
<w form="gu3" lemma="gu3" pos="N" label="voice">gu3</w>
<damage/>
<w form="ma-ra-de2" lemma="de2" pos="V" label="to pour"><unclear cert="qry">ma</unclear><damageEnd/>-<supplied/>ra<suppliedEnd/>-<damage/><unclear cert="qry">de2</unclear></w>
<damageEnd/>
&hr;
</l>
<trailer place="rubric" type="barsud">
<l n="4" id="c2554.A.4" corresp="t2554.p2">
<w form="bar-sud-am3" lemma="bar-sud" pos="N" label="composition-division">bar-sud-am3</w>
</l>
</trailer>
</lg>
<lg n="B" type="cagbatuku">
<l n="5" id="c2554.B.5" corresp="t2554.p3">
<w form="&d;nin-tur5-re" lemma="nin-tur5" pos="N" type="DN" label="Nintur" det="&d;">&d;nin-tur5-re</w>
<w form="cu" lemma="cu" pos="N" label="hand">cu</w>
<w form="nij2" lemma="nij2" pos="N" label="thing">nij2</w>
<w form="dim2-ma-ni" lemma="dim2" pos="V" label="to create">dim2-ma-ni</w>
<w form="za-ra" lemma="za" pos="PD" type="personal" label="you (sg.)">za-ra</w>
<w form="mu-ri-in-bad" lemma="bad" pos="V" label="to open">mu-ri-in-<unclear cert="qry">bad</unclear></w>
</l>
<l n="6" id="c2554.B.6" corresp="t2554.p3">
<w form="ubur" lemma="ubur" pos="N" label="breast">ubur</w>
<w form="dug3-ga-na" lemma="dug3" pos="V" label="to be good">dug3-ga-na</w>
<w form="ka" lemma="ka" pos="N" label="mouth">ka</w>
<w form="ma-ra-ni-in-ba" lemma="ba" pos="V" label="to allot">ma-ra-ni-in-ba</w>
<w form="ga" lemma="ga" pos="N" label="milk">ga</w>
<w form="nam-cul-la" lemma="nam-cul" pos="N" label="manliness">nam-cul-la</w>
<w form="mi-ri-in-gu7" lemma="gu7" pos="V" label="to eat">mi-ri-in-gu7</w>
</l>
<l n="7" id="c2554.B.7" corresp="t2554.p3">
<w form="am" lemma="am" pos="N" label="wild bull">am</w>
<w form="u6" lemma="u6" pos="N" label="wonder">u6</w>
<w form="di-gin7" lemma="dug4" pos="V" label="to say" form-type="nfi">di-gin7</w>
<w form="alan-zu" lemma="alan" pos="N" label="statue">alan-zu</w>
<w form="mu-un-er9" lemma="er9" pos="V" label="to be mighty">mu-un-er9</w>
<w form="a2-ur2-zu" lemma="a2-ur2" pos="N" label="limbs">a2-ur2-zu</w>
<w form="mu-un-gur4" lemma="gur4" pos="V" label="to be thick">mu-un-<unclear cert="qry">gur4</unclear></w>
</l>
<l n="8" id="c2554.B.8" corresp="t2554.p3">
<w form="igi" lemma="igi" pos="N" label="eye">igi</w>
<w form="ni2" lemma="ni2" pos="N" label="self">ni2</w>
<w form="bur2-e" lemma="bur2" pos="V" label="to release">bur2-e</w>
<w form="en" lemma="en" pos="N" label="lord">en</w>
<w form="me-lem4" lemma="me-lem4" pos="N" label="(awesome) radiance">me-lem4</w>
<w form="nam-ur-saj" lemma="nam-ur-saj" pos="N" label="heroism">nam-ur-saj</w>
<w form="da-da-ra-ce3" lemma="da-da-ra" pos="V" label="to put on">da-da-ra-ce3</w>
<w form="mi-ri-in-dug4" lemma="dug4" pos="V" label="to say">mi-ri-in-dug4</w>
</l>
<l n="9" id="c2554.B.9" corresp="t2554.p3">
<w form="kicib-la2" lemma="kicib-la2" pos="N" label="grip">kicib-la2</w>
<w form="zid-da-zu" lemma="zid" pos="AJ" label="right">zid-da-zu</w>
<w form="im-ma-an-dab5" lemma="dab5" pos="V" label="to seize">im-ma-an-dab5</w>
<w form="ama-zu" lemma="ama" pos="N" label="mother">ama-zu</w>
<w form="&d;nin-tur5-re" lemma="nin-tur5" pos="N" type="DN" label="Nintur" det="&d;">&d;nin-tur5-re</w>
</l>
<l n="10" id="c2554.B.10" corresp="t2554.p3">
<w form="e2-kur" lemma="e2-kur" pos="N" type="TN" label="E-kur">e2-kur</w>
<w form="ec3" lemma="ec3" pos="N" label="shrine">ec3</w>
<w form="mah-a" lemma="mah" pos="V" label="to be majestic">mah-a</w>
<w form="mi-ni-in-kur9-re-en" lemma="kur9" pos="V" label="to enter">mi-ni-in-kur9-re-en</w>
<w form="a-a-zu" lemma="a-a" pos="N" label="father">a-a-zu</w>
<w form="&d;en-lil2-ra" lemma="en-lil2" pos="N" type="DN" label="Enlil" det="&d;">&d;en-lil2-ra</w>
</l>
<l n="11" id="c2554.B.11" corresp="t2554.p3">
<w form="mu-na-ab-be2" lemma="dug4" pos="V" label="to say" form-type="ppli">mu-na-ab-be2</w>
<w form="dumu" lemma="dumu" pos="N" label="child">dumu</w>
<w form="cu" lemma="cu" pos="N" label="hand">cu</w>
<w form="jar" lemma="jar" pos="V" label="to place">jar</w>
<w form="gi4-zu" lemma="gi4" pos="V" label="to return">gi4-zu</w>
<w form="nam" lemma="nam" pos="N" label="destiny">nam</w>
<w form="gal" lemma="gal" pos="V" label="to be big">gal</w>
<w form="tar-mu-ni-ib2" lemma="tar" pos="V" label="to cut">tar-mu-ni-ib2</w>
</l>
<trailer place="rubric" type="cagbatuku">
<l n="12" id="c2554.B.12" corresp="t2554.p4">
<w form="cag4-ba-tuku-am3" lemma="cag4-ba-tuku" pos="N" label="composition-division">cag4-ba-tuku-am3</w>
</l>
</trailer>
</lg>
<lg n="C" type="barsud">
<l n="13" id="c2554.C.13" corresp="t2554.p5">
<w form="&d;en-lil2-le" lemma="en-lil2" pos="N" type="DN" label="Enlil" det="&d;">&d;en-lil2-le</w>
<w form="igi" lemma="igi" pos="N" label="eye">igi</w>
<w form="hul2" lemma="hul2" pos="V" label="to be happy">hul2</w>
<w form="mu-ci-in-bar" lemma="bar" pos="V" label="to set aside">mu-ci-in-bar</w>
<w form="nam" lemma="nam" pos="N" label="destiny">nam</w>
<w form="mu-ni-ib2-tar-re" lemma="tar" pos="V" label="to cut">mu-ni-ib2-tar-re</w>
</l>
<l n="14" id="c2554.C.14" corresp="t2554.p5">
<w form="u4-ta-u18-lu" lemma="u4-ta-u18-lu" pos="N" type="DN" label="Uta-ulu"><supplied/>u4<suppliedEnd/>-<damage/>ta<damageEnd/>-u18-lu</w>
<w form="an" lemma="an" pos="N" label="heaven">an</w>
<w form="ki" lemma="ki" pos="N" label="place">ki</w>
<w form="cu2-a-ce3" lemma="cu2" pos="V" label="to cover">cu2-a-ce3</w>
<damage/>
<w form="mu-zu" lemma="mu" pos="N" label="name">mu-zu</w>
<damageEnd/>
<w form="he2-em-mah" lemma="mah" pos="V" label="to be majestic">he2-em-mah</w>
</l>
<l n="15" id="c2554.C.15" corresp="t2554.p5">
<w form="me-lem4-zu-ce3" lemma="me-lem4" pos="N" label="(awesome) radiance">me-lem4-zu-<damage/>ce3</w>
<damageEnd/>
<supplied/>
<w form="dijir" lemma="dijir" pos="N" label="deity">dijir</w>
<suppliedEnd/>
<damage/>
<w form="gal-gal-e-ne" lemma="gal" pos="V" label="to be big" form-type="RR">gal<damageEnd/>-gal-e-ne</w>
<damage/>
<w form="saj" lemma="saj" pos="N" label="head">saj</w>
<damageEnd/>
<w form="im-da-sag3-ge-ne" lemma="sag3" pos="V" label="to beat">im-<damage/>da<damageEnd/>-<supplied/>sag3-ge<suppliedEnd/>-<damage/><unclear cert="qry">ne</unclear></w>
<damageEnd/>
&hr;
</l>
<trailer place="rubric" type="barsud">
<l n="16" id="c2554.C.16" corresp="t2554.p6">
<supplied/>
<w form="bar-sud" lemma="bar-sud" pos="N" label="composition-division">bar<suppliedEnd/>-<damage/>sud</w>
<damageEnd/>
<w form="2-kam-ma-am3" lemma="2-kam-ma" pos="NU" type="ordinal" label="2nd">2-<supplied/>kam<suppliedEnd/>-<damage/>ma<damageEnd/>-am3</w>
</l>
</trailer>
</lg>
<lg n="D" type="sa-gida">
<l n="17" id="c2554.D.17" corresp="t2554.p7">
<w form="mur" lemma="mur" pos="N" label="growl">mur</w>
<w form="ca4-zu" lemma="ca4" pos="V" label="verb part of multiword verb">ca4-zu</w>
<damage/>
<w form="inim" lemma="inim" pos="N" label="word">inim</w>
<w form="dug4-ga-zu-ce3" lemma="dug4" pos="V" label="to say">dug4<damageEnd/>-ga-zu-ce3</w>
<damage/>
<w form="kur-kur" lemma="kur" pos="N" label="(mountain) land" form-type="RR">kur<damageEnd/>-<supplied/>kur</w>
<suppliedEnd/>
<w form="ni2-ba" lemma="ni2-bi" pos="PD" type="reflexive" label="itself, themselves">ni2-ba</w>
<w form="hu-mu-gam-de3" lemma="gam" pos="V" label="to bow down">hu-<damage/>mu<damageEnd/>-<supplied/>gam<suppliedEnd/>-<damage/>de3</w>
<damageEnd/>
</l>
<l n="18" id="c2554.D.18" corresp="t2554.p7">
<supplied/>
<w form="igi" lemma="igi" pos="N" label="eye">igi</w>
<suppliedEnd/>
<w form="hu-luh-ha-zu-ne" lemma="huluh" pos="V" label="to be frightened">hu-luh-ha-zu-ne</w>
<w form="gu2-erim2-jal2" lemma="gu2-erim2-jal2" pos="AJ" label="hostile">gu2-erim2-jal2</w>
<w form="su" lemma="su" pos="N" label="flesh">su</w>
<w form="he2-em-da-sag3-ge-de3" lemma="sag3" pos="V" label="to beat">he2-em-da-sag3-ge-de3</w>
</l>
<l n="19" id="c2554.D.19" corresp="t2554.p7">
<w form="u4-ta-u18-lu" lemma="u4-ta-u18-lu" pos="N" type="DN" label="Uta-ulu">u4-ta-u18-lu</w>
<damage/>
<w form="im-hul-im-hul-gin7" lemma="im-hul" pos="N" label="destructive storm" form-type="RR">im<damageEnd/>-hul-im-hul-<damage/>gin7</w>
<damageEnd/>
<w form="zi-zi-i-da-zu-ne" lemma="zig3" pos="V" label="to rise" form-type="rr">zi-zi-i-da-zu-ne</w>
</l>
<l n="20" id="c2554.D.20" corresp="t2554.p7">
<w form="&d;gibil" lemma="gibil6" pos="N" type="DN" label="Gibil" det="&d;">&d;gibil</w>
<w form="en" lemma="en" pos="N" label="lord">en</w>
<w form="ZA.LAM-ra" lemma="ZA.LAM" pos="N" label="meaning unknown">ZA.LAM-ra</w>
<w form="ur-saj-gin7" lemma="ur-saj" pos="N" label="hero">ur-saj-<damage/>gin7</w>
<w form="gu7-u3-de3" lemma="gu7" pos="V" label="to eat"><unclear cert="qry">gu7</unclear>-u3-de3</w>
<damageEnd/>
<w form="kur-ba" lemma="kur" pos="N" label="(mountain) land">kur-ba</w>
<w form="u3" lemma="u3" pos="C" label="and">u3</w>
<w form="ejer-am3" lemma="ejer" pos="N" label="back">ejer-am3</w>
<w form="bi2-du3" lemma="du3" pos="V" label="to erect">bi2-du3</w>
</l>
<l n="21" id="c2554.D.21" corresp="t2554.p7">
<supplied/>
<w form="ki-bal-a" lemma="ki-bal" pos="N" label="rebel land">ki<suppliedEnd/>-<damage/>bal<damageEnd/>-a</w>
<damage/>
<w form="sug-zag-ge4" lemma="sug-zag" pos="N" label="marsh edge">sug<damageEnd/>-zag-ge4</w>
<w form="um-mi-gu7" lemma="gu7" pos="V" label="to eat">um-mi-gu7</w>
<w form="X" lemma="X" label="X">X</w>
<supplied/>
<w form="&X;" lemma="&X;" label="&X;">&X;</w>
<suppliedEnd/>
<w form="X" lemma="X" label="X">X</w>
<w form="BA" lemma="BA" label="BA">BA</w>
<w form="gu7-u3-de3" lemma="gu7" pos="V" label="to eat">gu7-u3-de3</w>
</l>
<l n="22" id="c2554.D.22" corresp="t2554.p7">
<supplied/>
<w form="nam-nir-jal2-zu" lemma="nam-nir-jal2" pos="N" label="authority">nam<suppliedEnd/>-<damage/>nir-jal2-zu</w>
<damageEnd/>
<w form="dijir" lemma="dijir" pos="N" label="deity">dijir</w>
<w form="gal-gal-e-ne" lemma="gal" pos="V" label="to be big" form-type="RR">gal-gal-e-ne</w>
<w form="me-tec2" lemma="me-tec2" pos="N" label="praise">me-tec2</w>
<damage/>
<w form="mu-un-i-i-ne" lemma="i" pos="V" label="to bring out" form-type="RR">mu-un<damageEnd/>-i-i-<damage/>ne</w>
<damageEnd/>
</l>
<l n="23" id="c2554.D.23" corresp="t2554.p7">
<supplied/>
<w form="&X;" lemma="&X;" label="&X;">&X;</w>
<w form="a-a-zu" lemma="a-a" pos="N" label="father">a<suppliedEnd/>-a-<unclear cert="cor">zu</unclear></w>
<w form="&d;en-lil2-le" lemma="en-lil2" pos="N" type="DN" label="Enlil" det="&d;"><supplied/>&d;en<suppliedEnd/>-<damage/>lil2<damageEnd/>-le</w>
<w form="nam-ce3" lemma="nam" pos="N" label="destiny">nam-ce3</w>
<w form="mu-ri-in-tar" lemma="tar" pos="V" label="to cut">mu-ri-<damage/>in<damageEnd/>-<supplied/>tar</w>
<suppliedEnd/>
</l>
<trailer place="rubric" type="sa-gida">
<l n="24" id="c2554.D.24" corresp="t2554.p8">
<supplied/>
<w form="sa-gid2-da-am3" lemma="sa-gid2-da" pos="N" label="composition-division">sa<suppliedEnd/>-gid2-da-am3</w>
</l>
</trailer>
</lg>
<lg n="E" type="jicgijal">
<l n="25" id="c2554.E.25" corresp="t2554.p9">
<supplied/>
<w form="&X;" lemma="&X;" label="&X;">&X;</w>
<suppliedEnd/>
<w form="&d;li-pi2-it-ec4-tar2" lemma="li-pi2-it-ec4-tar2" pos="N" type="RN" label="Lipit-E&c;tar" npart="DN:E&c;tar" det="&d;"><supplied/>&d;<suppliedEnd/><damage/>li<damageEnd/>-pi2-it-ec4-tar2</w>
<w form="dumu" lemma="dumu" pos="N" label="child">dumu</w>
<w form="&d;en-lil2-la2-ra" lemma="en-lil2" pos="N" type="DN" label="Enlil" det="&d;">&d;en-lil2-la2-ra</w>
</l>
<l n="26" id="c2554.E.26" corresp="t2554.p9">
<supplied/>
<w form="&X;" lemma="&X;" label="&X;">&X;</w>
<w form="erim2-jal2-la-ni" lemma="erim2-jal2" pos="AJ" label="evil">erim2-jal2<suppliedEnd/>-la-ni</w>
<w form="gam-gam-mu-na-ab" lemma="gam" pos="V" label="to bow down" form-type="RR">gam-gam-mu-na-ab</w>
</l>
<trailer place="rubric" type="jicgijal">
<l n="27" id="c2554.E.27" corresp="t2554.p10">
<supplied/>
<w form="jic-gi4-jal2" lemma="jic-gi4-jal2" pos="N" label="composition-division">jic-gi4-jal2</w>
<w form="sa-gid2-da-bi-im" lemma="sa-gid2-da" pos="N" label="composition-division">sa-gid2-da<suppliedEnd/>-bi-im</w>
</l>
</trailer>
</lg>
<lg n="F" type="sa-jara">
<l n="28" id="c2554.F.28" corresp="t2554.p11">
<supplied/>
<w form="&X;" lemma="&X;" label="&X;">&X;</w>
<suppliedEnd/>
<w form="X" lemma="X" label="X">X</w>
<w form="a-ab-ba-ta" lemma="a-ab-ba" pos="N" label="sea(water)">a-ab-ba-ta</w>
</l>
<l n="29" id="c2554.F.29" corresp="t2554.p11">
<supplied/>
<w form="&X;" lemma="&X;" label="&X;">&X;</w>
<suppliedEnd/>
<w form="an" lemma="an" pos="N" label="heaven">an</w>
<w form="ki-ce3" lemma="ki" pos="N" label="place">ki-ce3</w>
<w form="pa" lemma="pa" pos="N" label="branch">pa</w>
<w form="e3-ju10-uc" lemma="e3" pos="V" label="to go out or in">e3-ju10-uc</w>
</l>
<l n="30" id="c2554.F.30" corresp="t2554.p11">
<supplied/>
<w form="&X;" lemma="&X;" label="&X;">&X;</w>
<suppliedEnd/>
<w form="saj-zu" lemma="saj" pos="N" label="head">saj-zu</w>
<w form="um-mi-us2" lemma="us2" pos="V" label="to be adjacent">um-mi-us2</w>
</l>
<l n="31" id="c2554.F.31" corresp="t2554.p11">
<supplied/>
<w form="&X;" lemma="&X;" label="&X;">&X;</w>
<suppliedEnd/>
<w form="mu-ni-in-cid" lemma="cid" pos="V" label="to count">mu-ni-in-cid</w>
<w form="sahar-da" lemma="sahar" pos="N" label="earth">sahar-da</w>
<w form="im-da-hi" lemma="hi" pos="V" label="to mix up">im-da-hi</w>
</l>
<l n="32" id="c2554.F.32" corresp="t2554.p11">
<supplied/>
<w form="&X;-gin7" lemma="&X;" label="&X;">&X;<suppliedEnd/>-gin7</w>
<w form="he2-bi2-in-ur4" lemma="ur4" pos="V" label="to collect">he2-bi2-in-ur4</w>
<w form="nu-jal2-la" lemma="jal2" pos="V" label="to be (located)">nu-jal2-la</w>
<w form="mu-ni-in-kur9" lemma="kur9" pos="V" label="to enter">mu-ni-in-kur9</w>
</l>
<l n="33" id="c2554.F.33" corresp="t2554.p11">
<w form="&d;nin-urta" lemma="nin-urta" pos="N" type="DN" label="Ninurta" det="&d;">&d;nin-urta</w>
<w form="ur-saj" lemma="ur-saj" pos="N" label="hero">ur-saj</w>
<w form="&d;en-lil2-la2" lemma="en-lil2" pos="N" type="DN" label="Enlil" det="&d;">&d;en-lil2-la2</w>
<w form="barag-za" lemma="barag" pos="N" label="dais">barag-za</w>
<w form="dur2" lemma="dur2" pos="N" label="rump">dur2</w>
<w form="jar-bi" lemma="jar" pos="V" label="to place">jar-bi</w>
</l>
<l n="34" id="c2554.F.34" corresp="t2554.p11">
<w form="nitalam2-zu" lemma="nitalam" pos="N" label="spouse">nitalam2-zu</w>
<w form="nin" lemma="nin" pos="N" label="lady">nin</w>
<w form="zid" lemma="zid" pos="AJ" label="right">zid</w>
<w form="&d;nin-nibru&ki;" lemma="nin-nibru" pos="N" type="DN" label="Ninnibru" det="&ki; &d;">&d;nin-nibru&ki;</w>
<w form="gu2-da" lemma="gu2" pos="N" label="neck">gu2-da</w>
<w form="mu-ri-in-la2" lemma="la2" pos="V" label="to hang">mu-<damage/>ri-in<damageEnd/>-la2</w>
</l>
<l n="35" id="c2554.F.35" corresp="t2554.p11">
<w form="inim" lemma="inim" pos="N" label="word">inim</w>
<w form="sag9-ga" lemma="sag9" pos="V" label="to be good">sag9-ga</w>
<w form="&d;li-pi2-it-ec4-tar2-ra-da" lemma="li-pi2-it-ec4-tar2" pos="N" type="RN" label="Lipit-E&c;tar" npart="DN:E&c;tar" det="&d;">&d;li-pi2-it-ec4-tar2-ra-da</w>
<w form="ud" lemma="ud" pos="N" label="day(light)">ud</w>
<w form="cu2-ce3" lemma="cu2" pos="V" label="to cover">cu2-<damage/>ce3</w>
<damageEnd/>
<w form="ha-ra-da-gub" lemma="gub" pos="V" label="to stand">ha-ra-da-gub</w>
</l>
<l n="36" id="c2554.F.36" corresp="t2554.p11">
<w form="u4-ta-u18-lu" lemma="u4-ta-u18-lu" pos="N" type="DN" label="Uta-ulu">u4-ta-u18-lu</w>
<w form="ki" lemma="ki" pos="N" label="place">ki</w>
<w form="cu" lemma="cu" pos="N" label="hand">cu</w>
<supplied/>
<w form="il2-la-ni" lemma="il2" pos="V" label="to raise">il2<suppliedEnd/>-la-ni</w>
<w form="a2-tah-ni" lemma="a2-tah" pos="N" label="helper">a2-tah-ni</w>
<w form="he2-me-en" lemma="me" pos="V" label="to be">he2-<damage/>me<damageEnd/>-en</w>
</l>
<l n="37" id="c2554.F.37" corresp="t2554.p11">
<w form="dug4-ga-zu-ta" lemma="dug4" pos="V" label="to say">dug4-ga-zu-ta</w>
<w form="nir" lemma="nir" pos="N" label="authority">nir</w>
<damage/>
<w form="he2-em-de3-jal2" lemma="jal2" pos="V" label="to be (located)">he2<damageEnd/>-em-de3-jal2</w>
<w form="gaba-ri-ni" lemma="gaba-ri" pos="N" label="equal">gaba-ri-ni</w>
<w form="na-an-jal2-le" lemma="jal2" pos="V" label="to be (located)">na-an-jal2-<damage/>le</w>
<damageEnd/>
</l>
<l n="38" id="c2554.F.38" corresp="t2554.p11">
<damage/>
<w form="lugal" lemma="lugal" pos="N" label="king">lugal</w>
<damageEnd/>
<w form="nam" lemma="nam" pos="N" label="destiny">nam</w>
<w form="tar-ra" lemma="tar" pos="V" label="to cut">tar-ra</w>
<w form="&d;nin-urta-ke4" lemma="nin-urta" pos="N" type="DN" label="Ninurta" det="&d;">&d;nin-urta-ke4</w>
<w form="ul" lemma="ul" pos="V" label="to swell (with joy)">ul</w>
<damage/>
<w form="guru3" lemma="guru3" pos="V" label="to bear"><unclear cert="qry">guru3</unclear></w>
<w form="he2-en-na-nam" lemma="me" pos="V" label="to be">he2<damageEnd/>-<unclear cert="qry">en</unclear>-<supplied/>na-nam</w>
<suppliedEnd/>
</l>
<l n="39" id="c2554.F.39" corresp="t2554.p11">
<w form="&d;li-pi2-it-ec4-tar2" lemma="li-pi2-it-ec4-tar2" pos="N" type="RN" label="Lipit-E&c;tar" npart="DN:E&c;tar" det="&d;"><supplied/>&d;<suppliedEnd/>li-pi2-it-ec4-tar2</w>
<w form="nun" lemma="nun" pos="N" label="prince">nun</w>
<w form="za-a-ce3" lemma="za" pos="PD" type="personal" label="you (sg.)">za-a-ce3</w>
<w form="jal2-la" lemma="jal2" pos="V" label="to be (located)">jal2-la</w>
<w form="dumu" lemma="dumu" pos="N" label="child">dumu</w>
<w form="&d;en-lil2-la2-ke4" lemma="en-lil2" pos="N" type="DN" label="Enlil" det="&d;">&d;en-lil2-la2-ke4</w>
</l>
<l n="40" id="c2554.F.40" corresp="t2554.p11">
<supplied/>
<w form="nij2-si-sa2" lemma="nij2-si-sa2" pos="N" label="justice">nij2<suppliedEnd/>-si-sa2</w>
<w form="ki-en-gi" lemma="ki-en-gi" pos="N" type="GN" label="Sumer">ki-en-gi</w>
<w form="ki-uri-a" lemma="ki-uri" pos="N" type="GN" label="Akkad">ki-uri-a</w>
<w form="mu-ni-in-jar" lemma="jar" pos="V" label="to place">mu-ni-in-jar</w>
</l>
<l n="41" id="c2554.F.41" corresp="t2554.p11">
<w form="su" lemma="su" pos="N" label="flesh">su</w>
<w form="kalam-ma" lemma="kalam" pos="N" label="the Land">kalam-ma</w>
<w form="mu-dug3" lemma="dug3" pos="V" label="to be good">mu-dug3</w>
</l>
<l n="42" id="c2554.F.42" corresp="t2554.p12">
<w form="sipad" lemma="sipad" pos="N" label="shepherd">sipad</w>
<w form="mas-su2" lemma="mas-su" pos="N" label="leader">mas-su2</w>
<w form="tum2-tum2-mu" lemma="de6" pos="V" label="to carry" form-type="RR-isg">tum2-tum2-mu</w>
<w form="gal-an-zu-a" lemma="gal-an-zu" pos="AJ" label="wise">gal-an-zu-a</w>
<w form="uj3" lemma="uj3" pos="N" label="people">uj3</w>
<w form="ha-ra-ab-lah4-lah4-e" lemma="de6" pos="V" label="to carry" form-type="RR-pl">ha-ra-ab-lah4-lah4-e</w>
</l>
<trailer place="rubric" type="sa-jara">
<l n="43" id="c2554.F.43" corresp="t2554.p13">
<w form="sa-jar-ra-am3" lemma="sa-jar-ra" pos="N" label="composition-division">sa-jar-ra-am3</w>
</l>
</trailer>
</lg>
<lg n="G" type="jicgijal">
<l n="44" id="c2554.G.44" corresp="t2554.p14">
<w form="ur-saj" lemma="ur-saj" pos="N" label="hero">ur-saj</w>
<w form="gal" lemma="gal" pos="V" label="to be big">gal</w>
<damage/>
<w form="nun" lemma="nun" pos="N" label="prince">nun</w>
<damageEnd/>
<w form="&d;li-pi2-it-ec4-tar2-ra" lemma="li-pi2-it-ec4-tar2" pos="N" type="RN" label="Lipit-E&c;tar" npart="DN:E&c;tar" det="&d;">&d;li-<corr resp="scrOm"/>pi2<corrEnd/>-it-ec4-tar2-ra</w>
<w form="u3-mu-ta-sig10" lemma="sig10" pos="V" label="to place">u3-mu-ta-sig10</w>
<w form="ki-bal" lemma="ki-bal" pos="N" label="rebel land">ki-bal</w>
<w form="nu-ce-ga-na" lemma="ce" pos="V" label="to agree">nu-ce-ga-na</w>
<w form="zar-gin7" lemma="zar" pos="N" label="sheaf"><unclear cert="qry">zar</unclear>-gin7</w>
<w form="he2-us2-u3-us2" lemma="us2" pos="V" label="to be adjacent" form-type="RR">he2-<unclear cert="qry">us2</unclear>-u3-us2</w>
</l>
<trailer place="rubric" type="jicgijal">
<l n="45" id="c2554.G.45" corresp="t2554.p15">
<w form="jic-gi4-jal2" lemma="jic-gi4-jal2" pos="N" label="composition-division">jic-gi4-jal2</w>
<w form="sa-jar-ra-bi-im" lemma="sa-jar-ra" pos="N" label="composition-division">sa-jar-ra-bi-im</w>
</l>
</trailer>
</lg>
<lg n="H" type="uru">
<l n="46" id="c2554.H.46" corresp="t2554.p16">
<w form="en" lemma="en" pos="N" label="lord">en</w>
<w form="a-ma-ru" lemma="a-ma-ru" pos="N" label="flood">a-ma-ru</w>
<w form="mah" lemma="mah" pos="V" label="to be majestic">mah</w>
<w form="suhuc" lemma="suhuc" pos="N" label="foundation">suhuc</w>
<w form="erim2-ma" lemma="erim2" pos="N" label="enemy">erim2-ma</w>
<w form="bur12-re" lemma="bur12" pos="V" label="to tear out">bur12-re</w>
</l>
<l n="47" id="c2554.H.47" corresp="t2554.p16">
<w form="&d;nin-urta" lemma="nin-urta" pos="N" type="DN" label="Ninurta" det="&d;">&d;nin-urta</w>
<w form="en" lemma="en" pos="N" label="lord">en</w>
<w form="a-ma-ru" lemma="a-ma-ru" pos="N" label="flood">a-ma-ru</w>
<w form="mah" lemma="mah" pos="V" label="to be majestic">mah</w>
<w form="suhuc" lemma="suhuc" pos="N" label="foundation">suhuc</w>
<w form="erim2-ma" lemma="erim2" pos="N" label="enemy">erim2-<corr resp="scrOm"/>ma</w>
<corrEnd/>
<w form="bur12-re" lemma="bur12" pos="V" label="to tear out">bur12-re</w>
</l>
<l n="48" id="c2554.H.48" corresp="t2554.p16">
<w form="nun" lemma="nun" pos="N" label="prince">nun</w>
<w form="&d;li-pi2-it-ec4-tar2-ra" lemma="li-pi2-it-ec4-tar2" pos="N" type="RN" label="Lipit-E&c;tar" npart="DN:E&c;tar" det="&d;">&d;li-pi2-it-ec4-tar2-ra</w>
<w form="&jic;tukul" lemma="tukul" pos="N" label="weapon" det="&jic;">&jic;tukul</w>
<w form="hul-du-ni" lemma="hul-du" pos="AJ" label="wicked">hul-du-ni</w>
</l>
<l n="49" id="c2554.H.49" corresp="t2554.p16">
<w form="gi-gin7" lemma="gi" pos="N" label="reed">gi-<damage/>gin7</w>
<damageEnd/>
<w form="ca5-ca5" lemma="ca5-ca5" pos="V" label="to break" form-type="rr">ca5-ca5</w>
<w form="cu" lemma="cu" pos="N" label="hand">cu</w>
<w form="mah-a-ni" lemma="mah" pos="V" label="to be majestic">mah-a-ni</w>
<w form="si-bi2-ib2" lemma="si" pos="V" label="to fill">si-bi2-<damage/>ib2</w>
<damageEnd/>
&hr;
</l>
<trailer place="rubric" type="uru">
<l n="50" id="c2554.H.50" corresp="t2554.p17">
<w form="u19-ru12-bi-im" lemma="u18-ru" pos="N" label="composition-division">u19-ru12-bi-im</w>
</l>
</trailer>
</lg>
<trailer place="subscript" type="adab">
<l n="51" id="c2554.H.51" corresp="t2554.p18">
<w form="a-da-ab" lemma="a-da-ab" pos="N" label="type of drum and composition">a-da-ab</w>
<w form="&d;nin-urta-ka-kam" lemma="nin-urta" pos="N" type="DN" label="Ninurta" det="&d;">&d;nin-urta-ka-kam</w>
</l>
</trailer>
</body>
</text>
</TEI.2>
