<TEI.2 id="c.2.4.2.23">
<teiHeader lang="eng">
<fileDesc>
<titleStmt>
<title>A praise poem of &C;ulgi (&C;ulgi W) -- a composite transliteration</title>
<respStmt><name>Jeremy Black</name><resp>Project Director and Editor</resp></respStmt>
<respStmt><name>G&aacute;bor Z&oacute;lyomi</name><resp>Editor</resp></respStmt>
<respStmt><name>Graham Cunningham</name><resp>Editor</resp></respStmt>
<respStmt><name>Eleanor Robson</name><resp>Technical Developer</resp></respStmt>
<respStmt><name>Jarle Ebeling</name><resp>Technical Developer</resp></respStmt>
</titleStmt>
<publicationStmt>
<distributor>The Electronic Text Corpus of Sumerian Literature
</distributor><address><addrLine>The Oriental Institute, University of Oxford, Pusey Lane, Oxford OX1 2LE, UK, email etcsl&commat;orinst.ox.ac.uk, http://etcsl.orinst.ox.ac.uk</addrLine></address>
<date>2000</date>
</publicationStmt>
<seriesStmt><p>The Electronic Text Corpus of Sumerian Literature aims to make accessible over 400 literary works composed in the Sumerian language in ancient Mesopotamia during the late third and early second millennia BC. The works are in Sumerian composite transliteration and English prose translation with bibliographical information on each composition.</p></seriesStmt>
<sourceDesc><listBibl type="tablets"><bibl><biblScope type="museumNumber">UET 6 83</biblScope></bibl>
</listBibl>
</sourceDesc>
</fileDesc>
<revisionDesc>
<change><date>24.i.2000</date><respStmt><name>GZ</name><resp>editor</resp></respStmt>
<item>transliteration</item></change>
<change><date>07.x.2000</date><respStmt><name>JAB</name><resp>editor</resp></respStmt>
<item>proofreading</item></change>
<change><date>14.xi.2000</date><respStmt><name>GZ</name><resp>editor</resp></respStmt>
<item>SGML tagging</item></change>
<change><date>25.xi.2000</date><respStmt><name>ER</name><resp>editor</resp></respStmt>
<item>proofreading SGML</item></change>
<change><date>25.xi.2000</date><respStmt><name>ER</name><resp>editor</resp></respStmt>
<item>web publication</item></change>
<change><date>01.vi.2003</date><respStmt><name>GC/JE</name><resp>editor/technical developer</resp></respStmt>
<item>XML/TEI conversion</item></change>
<change><date>30.iii.2005</date><respStmt><name>GC/JE</name><resp>senior editor/technical developer</resp></respStmt>
<item>lemmatised version published</item></change>
</revisionDesc>
</teiHeader>
<text lang="sux">
<body>
<gap extent="unknown no. of lines missing"/>
<l n="1" id="c24223.1" corresp="t24223.p1">
<supplied/>
<w form="&X;" lemma="&X;" label="&X;">&X;</w>
<suppliedEnd/>
<w form="X" lemma="X" label="X">X</w>
<damage/>
<w form="KU" lemma="KU" label="KU"><unclear cert="qry">KU</unclear></w>
<damageEnd/>
<w form="A" lemma="A" label="A">A</w>
</l>
<l n="2" id="c24223.2" corresp="t24223.p1">
<supplied/>
<w form="&X;" lemma="&X;" label="&X;">&X;</w>
<suppliedEnd/>
<w form="dim2-ma" lemma="dim2" pos="V" label="to create"><unclear cert="qry">dim2</unclear>-<unclear cert="qry">ma</unclear></w>
</l>
<l n="3" id="c24223.3" corresp="t24223.p1">
<supplied/>
<w form="&X;" lemma="&X;" label="&X;">&X;</w>
<suppliedEnd/>
<w form="cu" lemma="cu" pos="N" label="hand">cu</w>
<w form="nu-bar-re" lemma="bar" pos="V" label="to set aside">nu-bar-re</w>
</l>
<l n="4" id="c24223.4" corresp="t24223.p1">
<supplied/>
<w form="&X;" lemma="&X;" label="&X;">&X;</w>
<suppliedEnd/>
<w form="X-bi" lemma="X" label="X">X-bi</w>
<w form="sig9-ga-am3" lemma="sig9" pos="V" label="to put">sig9-ga-am3</w>
</l>
<l n="5" id="c24223.5" corresp="t24223.p1">
<supplied/>
<w form="&X;" lemma="&X;" label="&X;">&X;</w>
<w form="cu" lemma="cu" pos="N" label="hand">cu</w>
<suppliedEnd/>
<damage/>
<w form="nu-bar-re" lemma="bar" pos="V" label="to set aside"><unclear cert="qry">nu</unclear><damageEnd/>-bar-re</w>
</l>
<l n="6" id="c24223.6" corresp="t24223.p1">
<supplied/>
<w form="&X;" lemma="&X;" label="&X;">&X;</w>
<suppliedEnd/>
<w form="jectug2" lemma="jectug2" pos="N" label="ear">jectug2</w>
<w form="kalam-ma" lemma="kalam" pos="N" label="the Land">kalam-ma</w>
<w form="ud" lemma="ud" pos="N" label="day(light)">ud</w>
<w form="cu2-uc" lemma="cu2" pos="V" label="to cover">cu2-uc</w>
</l>
<l n="7" id="c24223.7" corresp="t24223.p1">
<supplied/>
<w form="&X;" lemma="&X;" label="&X;">&X;</w>
<suppliedEnd/>
<w form="X" lemma="X" label="X">X</w>
<w form="ri-a" lemma="ri" pos="V" label="to direct">ri-a</w>
<w form="mu-ri-kij2" lemma="kij2" pos="V" label="to seek">mu-ri-<unclear cert="qry">kij2</unclear></w>
</l>
<l n="8" id="c24223.8" corresp="t24223.p1">
<supplied/>
<w form="&X;" lemma="&X;" label="&X;">&X;</w>
<suppliedEnd/>
<damage/>
<w form="gu2-un" lemma="gun2" pos="N" label="weight measure (load)"><unclear cert="qry">gu2</unclear><damageEnd/>-<unclear cert="qry">un</unclear></w>
<w form="dugud-da-a-ni" lemma="dugud" pos="V" label="to be heavy"><unclear cert="qry">dugud</unclear>-da-a-ni</w>
<w form="mu-ri-zal" lemma="zal" pos="V" label="to pass">mu-ri-zal</w>
</l>
<l n="9" id="c24223.9" corresp="t24223.p1">
<supplied/>
<w form="&X;" lemma="&X;" label="&X;">&X;</w>
<suppliedEnd/>
<damage/>
<w form="mu-ri-ec-am3" lemma="ri" pos="V" label="to direct"><unclear cert="qry">mu</unclear><damageEnd/>-ri-ec-am3</w>
</l>
<l n="10" id="c24223.10" corresp="t24223.p1">
<supplied/>
<w form="&X;" lemma="&X;" label="&X;">&X;</w>
<suppliedEnd/>
<damage/>
<w form="IN" lemma="IN" label="IN"><unclear cert="qry">IN</unclear></w>
<damageEnd/>
<w form="zid2-da-ni" lemma="zid2" pos="N" label="flour">zid2-da-ni</w>
<w form="me-ri" lemma="ri" pos="V" label="to direct">me-ri</w>
</l>
<l n="11" id="c24223.11" corresp="t24223.p1">
<supplied/>
<w form="&X;" lemma="&X;" label="&X;">&X;</w>
<suppliedEnd/>
<damage/>
<w form="MU" lemma="MU" label="MU">MU</w>
<damageEnd/>
<w form="BI" lemma="BI" label="BI">BI</w>
<w form="igi" lemma="igi" pos="N" label="eye">igi</w>
<w form="bar-re" lemma="bar" pos="V" label="to set aside">bar-re</w>
</l>
<l n="12" id="c24223.12" corresp="t24223.p1">
<supplied/>
<w form="&X;" lemma="&X;" label="&X;">&X;</w>
<suppliedEnd/>
<w form="MUNUS" lemma="MUNUS" label="MUNUS">MUNUS</w>
<w form="UC" lemma="UC" label="U&C;">UC</w>
<w form="mu-ri-ec-am3" lemma="ri" pos="V" label="to direct">mu-ri-ec-am3</w>
</l>
<l n="13" id="c24223.13" corresp="t24223.p2">
<supplied/>
<w form="&X;" lemma="&X;" label="&X;">&X;</w>
<suppliedEnd/>
<w form="cul-gi" lemma="cul-gi" pos="N" type="RN" label="&C;ulgi"><damage/><unclear cert="qry">cul</unclear><damageEnd/>-gi</w>
<w form="lugal" lemma="lugal" pos="N" label="king">lugal</w>
<w form="urim2&ki;-ma" lemma="urim2" pos="N" type="SN" label="Urim" det="&ki;"><damage/>urim2&ki;<damageEnd/>-ma</w>
</l>
<l n="14" id="c24223.14" corresp="t24223.p2">
<supplied/>
<w form="&X;" lemma="&X;" label="&X;">&X;</w>
<suppliedEnd/>
<w form="HA" lemma="HA" label="&H;A">HA</w>
<w form="i3-me-en" lemma="me" pos="V" label="to be">i3-me-en</w>
</l>
<l n="15" id="c24223.15" corresp="t24223.p2">
<supplied/>
<w form="&X;" lemma="&X;" label="&X;">&X;</w>
<suppliedEnd/>
<w form="KA&times;X-ju10" lemma="KA&times;X" label="KA&times;X">KA&times;X-ju10</w>
</l>
<l n="16" id="c24223.16" corresp="t24223.p2">
<supplied/>
<w form="&X;" lemma="&X;" label="&X;">&X;</w>
<suppliedEnd/>
<damage/>
<w form="KA" lemma="KA" label="KA">KA</w>
<damageEnd/>
<w form="a-a-ju10-ur2" lemma="a-a" pos="N" label="father">a-a-ju10-ur2</w>
</l>
<l n="17" id="c24223.17" corresp="t24223.p2">
<supplied/>
<w form="&X;" lemma="&X;" label="&X;">&X;</w>
<suppliedEnd/>
<w form="lugal-ban3-da" lemma="lugal-ban3-da" pos="N" type="DN" label="Lugalbanda">lugal-ban3-da</w>
</l>
<l n="18" id="c24223.18" corresp="t24223.p2">
<supplied/>
<w form="&X;" lemma="&X;" label="&X;">&X;</w>
<suppliedEnd/>
<damage/>
<w form="BI" lemma="BI" label="BI">BI</w>
<damageEnd/>
<w form="ga-hul2" lemma="hul2" pos="V" label="to be happy">ga-hul2</w>
</l>
<l n="19" id="c24223.19" corresp="t24223.p2">
<supplied/>
<w form="&X;" lemma="&X;" label="&X;">&X;</w>
<suppliedEnd/>
<w form="A" lemma="A" label="A">A</w>
<w form="BA" lemma="BA" label="BA">BA</w>
<w form="su3-ud" lemma="sud" pos="V" label="to be distant">su3-ud</w>
</l>
<l n="20" id="c24223.20" corresp="t24223.p2">
<supplied/>
<w form="&X;" lemma="&X;" label="&X;">&X;</w>
<suppliedEnd/>
<w form="sud-bi" lemma="sud" pos="V" label="to be distant">sud-bi</w>
</l>
<l n="21" id="c24223.21" corresp="t24223.p2">
<supplied/>
<w form="&X;" lemma="&X;" label="&X;">&X;</w>
<suppliedEnd/>
<w form="X" lemma="X" label="X">X</w>
<w form="CE3" lemma="CE3" label="&C;E&s3;"><unclear cert="qry">CE3</unclear></w>
<w form="BA" lemma="BA" label="BA">BA</w>
<w form="HAR" lemma="HAR" label="&H;AR"><unclear cert="qry">HAR</unclear></w>
</l>
<l n="22" id="c24223.22" corresp="t24223.p2">
<supplied/>
<w form="&X;" lemma="&X;" label="&X;">&X;</w>
<suppliedEnd/>
<w form="UR2" lemma="UR2" label="UR&s2;">UR2</w>
</l>
<l n="23" id="c24223.23" corresp="t24223.p2">
<supplied/>
<w form="&X;" lemma="&X;" label="&X;">&X;</w>
<suppliedEnd/>
<w form="X" lemma="X" label="X">X</w>
<w form="ja2-a" lemma="je26" pos="PD" type="personal" label="I"><unclear cert="qry">ja2</unclear>-a</w>
</l>
<l n="24" id="c24223.24" corresp="t24223.p2">
<supplied/>
<w form="&X;" lemma="&X;" label="&X;">&X;</w>
<suppliedEnd/>
<w form="X" lemma="X" label="X">X</w>
</l>
<gap extent="unknown no. of lines missing"/>
</body>
</text>
</TEI.2>
