<TEI.2 id="c.2.4.2.05">
<teiHeader lang="eng">
<fileDesc>
<titleStmt>
<title>A praise poem of &C;ulgi (&C;ulgi E) -- a composite transliteration</title>
<respStmt><name>Jeremy Black</name><resp>Project Director and Editor</resp></respStmt>
<respStmt><name>G&aacute;bor Z&oacute;lyomi</name><resp>Editor</resp></respStmt>
<respStmt><name>Graham Cunningham</name><resp>Editor</resp></respStmt>
<respStmt><name>Eleanor Robson</name><resp>Technical Developer</resp></respStmt>
<respStmt><name>Jarle Ebeling</name><resp>Technical Developer</resp></respStmt>
</titleStmt>
<publicationStmt>
<distributor>The Electronic Text Corpus of Sumerian Literature
</distributor><address><addrLine>The Oriental Institute, University of Oxford, Pusey Lane, Oxford OX1 2LE, UK, email etcsl&commat;orinst.ox.ac.uk, http://etcsl.orinst.ox.ac.uk</addrLine></address>
<date>1999</date>
</publicationStmt>
<seriesStmt><p>The Electronic Text Corpus of Sumerian Literature aims to make accessible over 400 literary works composed in the Sumerian language in ancient Mesopotamia during the late third and early second millennia BC. The works are in Sumerian composite transliteration and English prose translation with bibliographical information on each composition.</p></seriesStmt>
<sourceDesc>
<listBibl type="secondary">
<bibl><xref from="b308">Krecher 1996a</xref><biblScope type="contents">composite text, translation</biblScope><note>electronic source</note></bibl>
<bibl><xref from="b486">Ludwig 1990</xref><biblScope type="contents">composite text, translation, commentary</biblScope><note>ll. 14-38, 49, 51-65, 74-76, 162-163, 203-205, 249-257 (see index)</note></bibl>
<bibl><xref from="b209">Klein 1981</xref><biblScope type="page">40</biblScope><biblScope type="contents">commentary</biblScope><note>list of mss.</note></bibl>
<bibl><xref from="b487">Attinger 1993</xref><biblScope type="page">58</biblScope><biblScope type="contents">commentary</biblScope><note>adds to the list of mss. in Klein, 3&C;H, p. 40: N1762+N1788+N6064 (also noted Gerardi, Bibliography, p. 242.)</note></bibl>
<bibl><xref from="b688">Hall 1985</xref><biblScope type="page">417-420</biblScope><biblScope type="contents">commentary</biblScope></bibl>
<bibl><xref from="b611">Klein 1990a</xref><biblScope type="page">72-77</biblScope><biblScope type="contents">commentary</biblScope></bibl>
</listBibl>
<listBibl type="tablets">
<bibl><biblScope type="museumNumber">AO 5380 (TCL 15 14)</biblScope></bibl>
<bibl><biblScope type="museumNumber">CBS 10255</biblScope></bibl>
<bibl><biblScope type="museumNumber">CBS 10402</biblScope></bibl>
<bibl><biblScope type="museumNumber">?CBS 12503</biblScope></bibl>
<bibl><biblScope type="museumNumber">CBS 13298 (STVC 71) + N 960</biblScope></bibl>
<bibl><biblScope type="museumNumber">CBS 14071 (STVC 53)</biblScope></bibl>
<bibl><biblScope type="museumNumber">FK 26a (PBS 10/2 7)</biblScope></bibl>
<bibl><biblScope type="museumNumber">N 1762 + N 1788</biblScope></bibl>
<bibl><biblScope type="museumNumber">N 3497</biblScope></bibl>
<bibl><biblScope type="museumNumber">Ni 4378 (ISET 1 89) + Ni 4504 (ISET 1 100)</biblScope></bibl>
<bibl><biblScope type="museumNumber">Ni 4519 (ISET 1 104) + Ni 4594 (ISET 1 108)</biblScope></bibl>
<bibl><biblScope type="museumNumber">Ni 9619 (ISET 1 117)</biblScope></bibl>
<bibl><biblScope type="museumNumber">YBC 4660</biblScope></bibl>
<bibl><biblScope type="museumNumber">YBC 7152</biblScope></bibl>
</listBibl>
</sourceDesc>
</fileDesc>
<revisionDesc>
<change><date>11.viii.1998-26.xi.1998</date><respStmt><name>JAB</name><resp>editor</resp></respStmt>
<item>standardisation</item></change>
<change><date>06.v.1999</date><respStmt><name>GZ</name><resp>editor</resp></respStmt>
<item>proofreading</item></change>
<change><date>16.x.1999</date><respStmt><name>GZ</name><resp>editor</resp></respStmt>
<item>SGML tagging</item></change>
<change><date>04.ii.2000</date><respStmt><name>ER</name><resp>editor</resp></respStmt>
<item>proofreading SGML</item></change>
<change><date>04.ii.2000</date><respStmt><name>ER</name><resp>editor</resp></respStmt>
<item>web publication</item></change>
<change><date>01.vi.2003</date><respStmt><name>GC/JE</name><resp>editor/technical developer</resp></respStmt>
<item>XML/TEI conversion</item></change>
<change><date>30.iii.2005</date><respStmt><name>GC/JE</name><resp>senior editor/technical developer</resp></respStmt>
<item>lemmatised version published</item></change>
</revisionDesc>
</teiHeader>
<text lang="sux">
<body>
<l n="1" id="c24205.1" corresp="t24205.p1">
<w form="&d;en-lil2" lemma="en-lil2" pos="N" type="DN" label="Enlil" det="&d;">&d;en-lil2</w>
<w form="temen" lemma="temen" pos="N" label="foundation">temen</w>
<w form="an" lemma="an" pos="N" label="heaven">an</w>
<w form="ki-bi-da" lemma="ki" pos="N" label="place">ki-bi-da</w>
<note lang="eng">Cited in <xref doc="c.0.2.02" from="c0202.61">OB catalogue in the Louvre, 0.2.02, line 61</xref></note>
</l>
<l n="2" id="c24205.2" corresp="t24205.p1">
<w form="cibir" lemma="cibir" pos="N" label="shepherd's crook">cibir</w>
<w form="kalam" lemma="kalam" pos="N" label="the Land">kalam</w>
<w form="ge-en-gen6-ne2" lemma="gen6" pos="V" label="to be firm" form-type="RR">ge-en-gen6-ne2</w>
<w form="cu" lemma="cu" pos="N" label="hand">cu</w>
<w form="du8" lemma="du8" pos="V" label="to spread">du8</w>
</l>
<l n="3" id="c24205.3" corresp="t24205.p1">
<w form="su4-un-su4-un-na-ni" lemma="sun4" pos="N" label="beard" form-type="RR">su4-un-su4-un-na-ni</w>
<w form="kur-ra" lemma="kur" pos="N" label="(mountain) land">kur-ra</w>
<w form="dib-dib-be2" lemma="dib" pos="V" label="to pass" form-type="RR">dib-dib-be2</w>
</l>
<l n="4" id="c24205.4" corresp="t24205.p1">
<w form="me" lemma="me" pos="N" label="essence">me</w>
<w form="ni2-te-na-ke4" lemma="ni2-te-a-ni" pos="PD" type="reflexive" label="himself, herself">ni2-te-na-ke4</w>
<w form="giri17" lemma="giri17" pos="N" label="nose">giri17</w>
<w form="cu" lemma="cu" pos="N" label="hand">cu</w>
<w form="jal2" lemma="jal2" pos="V" label="to be (located)">jal2</w>
</l>
<l n="5" id="c24205.5" corresp="t24205.p1">
<w form="&d;en-lil2" lemma="en-lil2" pos="N" type="DN" label="Enlil" det="&d;">&d;en-lil2</w>
<w form="sipad" lemma="sipad" pos="N" label="shepherd">sipad</w>
<w form="da-ri2" lemma="da-ri2" pos="AJ" label="eternal">da-ri2</w>
<w form="kalam-ma-ke4" lemma="kalam" pos="N" label="the Land">kalam-ma-ke4</w>
</l>
<l n="6" id="c24205.6" corresp="t24205.p1">
<w form="&d;cul-gi" lemma="cul-gi" pos="N" type="RN" label="&C;ulgi" det="&d;">&d;cul-gi</w>
<w form="lugal" lemma="lugal" pos="N" label="king">lugal</w>
<w form="urim2&ki;-ma-me-en" lemma="urim2" pos="N" type="SN" label="Urim" det="&ki;">urim2&ki;-ma-me-en</w>
</l>
<l n="7" id="c24205.7" corresp="t24205.p1">
<w form="igi" lemma="igi" pos="N" label="eye">igi</w>
<w form="du8-a" lemma="du8" pos="V" label="to spread">du8-a</w>
<w form="bar-ra-na" lemma="bar" pos="N" label="outside">bar-ra-na</w>
<w form="gu3" lemma="gu3" pos="N" label="voice">gu3</w>
<w form="zid" lemma="zid" pos="AJ" label="right">zid</w>
<w form="ma-ni-in-de2" lemma="de2" pos="V" label="to pour">ma-ni-in-de2</w>
</l>
<l n="8" id="c24205.8" corresp="t24205.p1">
<w form="en-e" lemma="en" pos="N" label="lord">en-e</w>
<w form="cag4" lemma="cag4" pos="N" label="heart">cag4</w>
<w form="gu2-bi" lemma="gu2" pos="N" label="neck">gu2-bi</w>
<w form="gi4-a-na" lemma="gi4" pos="V" label="to return">gi4-a-na</w>
<w form="jidru" lemma="jidru" pos="N" label="sceptre">jidru</w>
<w form="ma-ni-in-cum2" lemma="cum2" pos="V" label="to give">ma-ni-in-cum2</w>
</l>
<l n="9" id="c24205.9" corresp="t24205.p2">
<w form="ceg12" lemma="ceg12" pos="N" label="brick(work)">ceg12</w>
<w form="eridug&ki;-ga-ta" lemma="eridug" pos="N" type="SN" label="Eridug" det="&ki;">eridug&ki;-ga-ta</w>
<w form="aga" lemma="aga" pos="N" label="crown">aga</w>
<w form="zid" lemma="zid" pos="AJ" label="right">zid</w>
<w form="ak-me-en" lemma="ak" pos="V" label="to do">ak-me-en</w>
</l>
<l n="10" id="c24205.10" corresp="t24205.p2">
<w form="unug&ki;-ta" lemma="unug" pos="N" type="SN" label="Unug" det="&ki;">unug&ki;-ta</w>
<w form="suh" lemma="suh10" pos="N" label="crown"><term id="c24205.t1">suh</term><gloss lang="sux" target="c24205.t1">su-uh</gloss></w>
<w form="za-gin3" lemma="za-gin3" pos="N" label="lapis lazuli">za-gin3</w>
<w form="kece2-ra2-me-en" lemma="kece2" pos="V" label="to bind">kece2-ra2-me-en</w>
</l>
<l n="11" id="c24205.11" corresp="t24205.p2">
<w form="sipad" lemma="sipad" pos="N" label="shepherd">sipad</w>
<w form="ki" lemma="ki" pos="N" label="place">ki</w>
<w form="aj2" lemma="aj2" pos="V" label="to measure">aj2</w>
<w form="&d;nanna-me-en" lemma="nanna" pos="N" type="DN" label="Nanna" det="&d;">&d;nanna-me-en</w>
<w form="barag-ga" lemma="barag" pos="N" label="dais">barag-ga</w>
<w form="tum2-ma-me-en" lemma="tum2" pos="V" label="to be suitable">tum2-ma-me-en</w>
</l>
<l n="12" id="c24205.12" corresp="t24205.p2">
<w form="inim" lemma="inim" pos="N" label="word">inim</w>
<w form="&d;en-lil2-la2-ke4" lemma="en-lil2" pos="N" type="DN" label="Enlil" det="&d;">&d;en-lil2-la2-ke4</w>
<w form="nij2" lemma="nij2" pos="N" label="thing">nij2</w>
<w form="sag9-ga" lemma="sag9" pos="V" label="to be good">sag9-ga</w>
<w form="ki-car2-ra" lemma="ki-car2" pos="N" label="totality">ki-car2-ra</w>
<w form="ma-ab-de6" lemma="de6" pos="V" label="to carry">ma-ab-de6</w>
</l>
<l n="13" id="c24205.13" corresp="t24205.p2">
<w form="u2" lemma="u2" pos="N" label="plant">u2</w>
<w form="il2-la-ja2" lemma="il2" pos="V" label="to raise">il2-la-ja2</w>
<w form="igi" lemma="igi" pos="N" label="eye">igi</w>
<w form="im-ma-ni-in-du8" lemma="du8" pos="V" label="to spread">im-ma-ni-in-du8</w>
<w form="gu3" lemma="gu3" pos="N" label="voice">gu3</w>
<w form="hul2-la" lemma="hul2" pos="V" label="to be happy">hul2-la</w>
<w form="ma-an-de2" lemma="de2" pos="V" label="to pour">ma-an-de2</w>
</l>
<l n="14" id="c24205.14" corresp="t24205.p3">
<w form="lugal" lemma="lugal" pos="N" label="king">lugal</w>
<w form="mu" lemma="mu" pos="N" label="name">mu</w>
<w form="cir3-ra" lemma="cir3" pos="N" label="song">cir3-ra</w>
<w form="he2-du7-me-en" lemma="he2-du7" pos="N" label="(fitting) ornament">he2-du7-me-en</w>
</l>
<l n="15" id="c24205.15" corresp="t24205.p3">
<w form="&d;cul-gi-me-en" lemma="cul-gi" pos="N" type="RN" label="&C;ulgi" det="&d;">&d;cul-gi-me-en</w>
<w form="cudu3" lemma="cudu3" pos="N" label="prayer">cudu3</w>
<w form="za3-mi2-ja2" lemma="za3-mi2" pos="N" label="praise">za3-mi2-ja2</w>
<w form="silim-ec2" lemma="silim" pos="V" label="to be healthy">silim-ec2</w>
<w form="ga-dug4" lemma="dug4" pos="V" label="to say">ga-dug4</w>
</l>
<l n="16" id="c24205.16" corresp="t24205.p3">
<w form="&d;nin-tur5" lemma="nin-tur5" pos="N" type="DN" label="Nintur" det="&d;">&d;nin-tur5</w>
<w form="nij2-nam-ma" lemma="nij2-nam" pos="PD" type="indefinite" label="anything">nij2-nam-ma</w>
<w form="i3-me-en-na-ja2" lemma="me" pos="V" label="to be">i3-me-en-na-ja2</w>
</l>
<l n="17" id="c24205.17" corresp="t24205.p3">
<w form="dijir-re-ne-er" lemma="dijir" pos="N" label="deity">dijir-re-ne-er</w>
<w form="gub-bu" lemma="gub" pos="V" label="to stand">gub-bu</w>
<w form="gal-zu-ja2" lemma="gal-zu" pos="AJ" label="skilful">gal-zu-ja2</w>
</l>
<l n="18" id="c24205.18" corresp="t24205.p3">
<w form="dijir" lemma="dijir" pos="N" label="deity">dijir</w>
<w form="cag4-ne-ca4-a" lemma="cag4-ne-ca4" pos="N" label="intercession">cag4-ne-ca4-a</w>
<w form="inim" lemma="inim" pos="N" label="word">inim</w>
<w form="ma-ab-jar-ra" lemma="jar" pos="V" label="to place">ma-ab-jar-ra</w>
</l>
<l n="19" id="c24205.19" corresp="t24205.p3">
<w form="mu" lemma="mu" pos="N" label="year">mu</w>
<w form="he2-jal2-la" lemma="he2-jal2" pos="N" label="plenty">he2-jal2-la</w>
<w form="ki-bi-ce3" lemma="ki" pos="N" label="place">ki-bi-ce3</w>
<w form="ma-zal-le-da" lemma="zal" pos="V" label="to pass">ma-zal-le-da</w>
</l>
<l n="20" id="c24205.20" corresp="t24205.p3">
<w form="um-mi-a" lemma="um-mi-a" pos="N" label="scholar">um-mi-a</w>
<w form="gur4-gur4" lemma="gur4" pos="V" label="to be thick" form-type="RR">gur4-<unclear cert="cor">gur4</unclear></w>
<w form="jar-jar-ju10-ne" lemma="jar" pos="V" label="to place" form-type="RR">jar-jar-ju10-ne</w>
</l>
<l n="21" id="c24205.21" corresp="t24205.p3">
<w form="inim" lemma="inim" pos="N" label="word">inim</w>
<w form="nin-ju10" lemma="nin" pos="N" label="lady">nin-ju10</w>
<w form="&d;jectin-an-na-ka-ta" lemma="jectin-an-na" pos="N" type="DN" label="&G;e&c;tin-ana" det="&d;">&d;jectin-an-na-ka-ta</w>
</l>
<l n="22" id="c24205.22" corresp="t24205.p3">
<w form="a-da-ab" lemma="a-da-ab" pos="N" label="type of drum and composition">a-da-ab</w>
<w form="tigi" lemma="tigi" pos="N" label="type of instrument and composition">tigi</w>
<w form="ma-al-ga-tum-bi" lemma="ma-al-ga-tum" pos="N" label="type of composition">ma-al-ga-tum-bi</w>
<w form="mu-ci-in-jar-jar-re-ec" lemma="jar" pos="V" label="to place" form-type="RR">mu-ci-in-jar-jar-re-ec</w>
</l>
<l n="23" id="c24205.23" corresp="t24205.p4">
<w form="sig-ce3" lemma="sig" pos="V" label="to be low">sig-<unclear cert="cor">ce3</unclear></w>
<w form="&jic;tukul" lemma="tukul" pos="N" label="weapon" det="&jic;">&jic;tukul</w>
<w form="ab-e" lemma="ab" pos="N" label="sea">ab-e</w>
<w form="bal-e-ja2" lemma="bal" pos="V" label="to turn over">bal-e-ja2</w>
</l>
<l n="24" id="c24205.24" corresp="t24205.p4">
<w form="kur" lemma="kur" pos="N" label="(mountain) land">kur</w>
<w form="elam&ki;" lemma="elam" pos="N" type="GN" label="Elam" det="&ki;">elam&ki;</w>
<w form="u2" lemma="u2" pos="N" label="plant">u2</w>
<w form="abula-gin7" lemma="abula" pos="N" label="(city) gate">abula-gin7</w>
<w form="dab5-be2" lemma="dab5" pos="V" label="to seize">dab5-be2</w>
<w form="ma-gid2-da" lemma="gid2" pos="V" label="to be long">ma-gid2-da</w>
</l>
<l n="25" id="c24205.25" corresp="t24205.p4">
<w form="igi-nim-ta" lemma="igi-nim" pos="N" label="upper land">igi-nim-ta</w>
<w form="uj3" lemma="uj3" pos="N" label="people">uj3</w>
<w form="ce-gin7" lemma="ce" pos="N" label="barley">ce-gin7</w>
<w form="dul-le-ja2" lemma="dul" pos="V" label="to cover (together)">dul-le-ja2</w>
</l>
<l n="26" id="c24205.26" corresp="t24205.p4">
<w form="kur-zag" lemma="kur-zag" pos="N" label="mountain border">kur-zag</w>
<w form="til-la-ac" lemma="til" pos="V" label="to complete">til-la-ac</w>
<w form="me3-a" lemma="me3" pos="N" label="battle">me3-a</w>
<w form="DU-ja2" lemma="DU" pos="V" label="DU">DU-ja2</w>
</l>
<l n="27" id="c24205.27" corresp="t24205.p4">
<w form="ance" lemma="ance" pos="N" label="donkey">ance</w>
<w form="cu-gi4" lemma="cu-gi4" pos="AJ" label="elderly">cu-gi4</w>
<w form="kaskal" lemma="kaskal" pos="N" label="(high)way">kaskal</w>
<w form="X" lemma="X" label="X">X</w>
<w form="nu-kuc2" lemma="kuc2" pos="V" label="to be tired">nu-kuc2</w>
<w form="kur" lemma="kur" pos="N" label="(mountain) land"><unclear cert="qry">kur</unclear></w>
<w form="nim-ta" lemma="nim" pos="N" label="upper (land)">nim-ta</w>
<w form="kac4-ja2" lemma="kac4" pos="V" label="to run"><unclear cert="qry">kac4</unclear>-ja2</w>
</l>
<l n="28" id="c24205.28" corresp="t24205.p4">
<w form="cu" lemma="cu" pos="N" label="hand">cu</w>
<w form="tuku4-a" lemma="tuku4" pos="V" label="to shake">tuku4-a</w>
<w form="ki-jiri3-jen-na-ja2" lemma="ki-jiri3-jen-na" pos="N" label="expedition">ki-jiri3-jen-na-ja2</w>
</l>
<l n="29" id="c24205.29" corresp="t24205.p4">
<w form="cir3-gid2-da" lemma="cir3-gid2-da" pos="N" label="type of composition">cir3-gid2-da</w>
<w form="ar2" lemma="ar2" pos="N" label="praise">ar2</w>
<w form="nam-lugal-la" lemma="nam-lugal" pos="N" label="kingship">nam-lugal-la</w>
</l>
<l n="30" id="c24205.30" corresp="t24205.p4">
<w form="cumun-ca4" lemma="cumun-ca4" pos="N" label="type of composition">cumun-ca4</w>
<w form="kun-jar" lemma="kun-jar" pos="N" label="type of composition">kun-jar</w>
<w form="bal-bal-e-bi" lemma="bal-bal-e" pos="N" label="type of composition" form-type="RR">bal-bal-e-bi</w>
<w form="mu-ci-in-jar-jar-re-ec" lemma="jar" pos="V" label="to place" form-type="RR">mu-ci-in-jar-jar-re-ec</w>
</l>
<l n="31" id="c24205.31" corresp="t24205.p5">
<w form="nam-dub-sar-ra" lemma="nam-dub-sar" pos="N" label="scribe's craft">nam-dub-sar-ra</w>
<w form="nij2" lemma="nij2" pos="N" label="thing">nij2</w>
<w form="galam-galam-ma-ba" lemma="galam" pos="V" label="to be skilful" form-type="RR">galam-galam-ma-ba</w>
<w form="cu" lemma="cu" pos="N" label="hand">cu</w>
<w form="tam-tam-ma-ja2" lemma="tam" pos="V" label="to be clean" form-type="RR">tam-tam-ma-ja2</w>
</l>
<l n="32" id="c24205.32" corresp="t24205.p5">
<w form="ud-sakar" lemma="ud-sakar" pos="N" label="crescent (moon)">ud-sakar</w>
<w form="mu2-mu2" lemma="mu2" pos="V" label="to grow" form-type="RR">mu2-mu2</w>
<w form="cudum" lemma="cudum" pos="N" label="reckoning">cudum</w>
<w form="nij2-cid-de3" lemma="nij2-cid" pos="N" label="calculation">nij2-cid-de3</w>
<w form="jal2" lemma="jal2" pos="V" label="to open">jal2</w>
<w form="ba-ab-taka4-a-ja2" lemma="taka4" pos="V" label="to leave behind">ba-ab-taka4-a-ja2</w>
</l>
<l n="33" id="c24205.33" corresp="t24205.p5">
<w form="hul2-hul2-le-ja2" lemma="hul2" pos="V" label="to be happy" form-type="RR">hul2-hul2-le-ja2</w>
<w form="dug3-dug3-ge-ja2" lemma="dug3" pos="V" label="to be good" form-type="RR">dug3-dug3-ge-ja2</w>
</l>
<l n="34" id="c24205.34" corresp="t24205.p5">
<w form="zi-zi" lemma="zig3" pos="V" label="to rise" form-type="rr">zi-zi</w>
<w form="cu2-cu2" lemma="cu2" pos="V" label="to cover" form-type="RR">cu2-cu2</w>
<w form="tigi" lemma="tigi" pos="N" label="type of instrument and composition">tigi</w>
<w form="za-am-za-am-ma-ka" lemma="za-am-za-am" pos="N" label="type of instrument and composition">za-am-za-am-ma-ka</w>
<w form="ki" lemma="ki" pos="N" label="place">ki</w>
<w form="bi2-zu-zu-a" lemma="zu" pos="V" label="to know" form-type="RR">bi2-zu-zu-a</w>
</l>
<l n="35" id="c24205.35" corresp="t24205.p5">
<w form="aga" lemma="aga" pos="N" label="crown">aga</w>
<w form="cu-si" lemma="cu-si" pos="N" label="finger">cu-si</w>
<w form="jic-gu3-di" lemma="jic-gu3-di" pos="N" label="musical instrument">jic-gu3-di</w>
<w form="gal-gal-la" lemma="gal" pos="V" label="to be big" form-type="RR">gal-gal-la</w>
<w form="zag-bi-ce3" lemma="zag" pos="N" label="side">zag-bi-ce3</w>
<w form="ba-ab-til-la" lemma="til" pos="V" label="to complete">ba-ab-til-la</w>
</l>
<l n="36" id="c24205.36" corresp="t24205.p5">
<w form="nij2" lemma="nij2" pos="N" label="thing">nij2</w>
<w form="a2" lemma="a2" pos="N" label="arm">a2</w>
<w form="nun" lemma="nun" pos="N" label="prince">nun</w>
<w form="gi4-a" lemma="gi4" pos="V" label="to return">gi4-a</w>
<w form="la-ba-gub-bu-de3-en-na-ju10" lemma="gub" pos="V" label="to stand">la-ba-gub-bu-de3-en-na-ju10</w>
</l>
<l n="37" id="c24205.37" corresp="t24205.p5">
<w form="dub3-tuku" lemma="dub3-tuku" pos="N" label="runner">dub3-tuku</w>
<w form="nu-kuc2-u3" lemma="kuc2" pos="V" label="to be tired">nu-kuc2-u3</w>
<w form="kac4-ta" lemma="kac4" pos="V" label="to run">kac4-ta</w>
<w form="e3-a-ja2" lemma="e3" pos="V" label="to go out or in">e3-a-ja2</w>
</l>
<l n="38" id="c24205.38" corresp="t24205.p5">
<w form="gi-gid2" lemma="gi-gid2" pos="N" label="type of wind instrument and composition">gi-gid2</w>
<w form="za-am-za-am-bi" lemma="za-am-za-am" pos="N" label="type of instrument and composition">za-am-za-am-bi</w>
<w form="mu-ci-in-jar-jar-re-ec" lemma="jar" pos="V" label="to place" form-type="RR">mu-ci-in-jar-jar-re-ec</w>
</l>
<l n="39" id="c24205.39" corresp="t24205.p6">
<w form="mu" lemma="mu" pos="N" label="name">mu</w>
<w form="an" lemma="an" pos="N" type="DN" label="An">an</w>
<w form="lugal" lemma="lugal" pos="N" label="king">lugal</w>
<w form="saj-bi-ce3" lemma="saj" pos="N" label="head">saj-bi-ce3</w>
<w form="e3-a" lemma="e3" pos="V" label="to go out or in">e3-a</w>
</l>
<l n="40" id="c24205.40" corresp="t24205.p6">
<w form="&d;en-lil2" lemma="en-lil2" pos="N" type="DN" label="Enlil" det="&d;">&d;en-lil2</w>
<w form="dug4-ga-ni" lemma="dug4" pos="V" label="to say">dug4-ga-ni</w>
<w form="cu" lemma="cu" pos="N" label="hand">cu</w>
<w form="nu-bal-e-de3" lemma="bal" pos="V" label="to turn over">nu-bal-e-de3</w>
</l>
<l n="41" id="c24205.41" corresp="t24205.p6">
<w form="mu" lemma="mu" pos="N" label="name">mu</w>
<w form="&d;suen" lemma="suen" pos="N" type="DN" label="Suen" det="&d;">&d;suen</w>
<w form="iri" lemma="iri" pos="N" label="town">iri</w>
<w form="nam" lemma="nam" pos="N" label="destiny">nam</w>
<w form="ku5-ra2-ni" lemma="kud" pos="V" label="to cut">ku5-ra2-ni</w>
<w form="ceg12-bi" lemma="ceg12" pos="N" label="brick(work)">ceg12-bi</w>
<w form="nu-il2-i-da" lemma="il2" pos="V" label="to raise">nu-il2-i-da</w>
</l>
<l n="42" id="c24205.42" corresp="t24205.p6">
<w form="lu2" lemma="lu2" pos="N" label="person">lu2</w>
<w form="nam" lemma="nam" pos="N" label="destiny">nam</w>
<w form="ku5-ra2-ni" lemma="kud" pos="V" label="to cut">ku5-ra2-ni</w>
<w form="nij2-gig-sahar-ra-ka" lemma="nij2-gig-sahar-ra" pos="N" label="leprosy">nij2-gig-sahar-ra-ka</w>
</l>
<l n="43" id="c24205.43" corresp="t24205.p6">
<w form="mu" lemma="mu" pos="N" label="name">mu</w>
<w form="&d;utu" lemma="utu" pos="N" type="DN" label="Utu" det="&d;">&d;utu</w>
<w form="mackim" lemma="mackim" pos="N" label="judicial officer">mackim</w>
<w form="dijir-re-ne-ka" lemma="dijir" pos="N" label="deity">dijir-re-ne-ka</w>
</l>
<l n="44" id="c24205.44" corresp="t24205.p6">
<w form="nij2-lul" lemma="nij2-lul" pos="N" label="lie">nij2-lul</w>
<w form="en3-du-ja2" lemma="en3-du" pos="N" label="song">en3-du-ja2</w>
<w form="lu2" lemma="lu2" pos="N" label="person">lu2</w>
<w form="ba-ra-ma-ni-in-jar" lemma="jar" pos="V" label="to place">ba-ra-ma-ni-in-jar</w>
</l>
<l n="45" id="c24205.45" corresp="t24205.p6">
<w form="cudu3-ju10" lemma="cudu3" pos="N" label="prayer">cudu3-ju10</w>
<w form="nij2" lemma="nij2" pos="N" label="thing">nij2</w>
<w form="nu-um-sig10-sig10-ga" lemma="sig10" pos="V" label="to place" form-type="RR">nu-um-sig10-sig10-ga</w>
<w form="mi2-ec2" lemma="mi2" pos="N" label="(loving) care">mi2-ec2</w>
<w form="ba-ra-ni-dug4" lemma="dug4" pos="V" label="to say">ba-ra-ni-dug4</w>
</l>
<l n="46" id="c24205.46" corresp="t24205.p6">
<w form="&d;cul-gi-me-en" lemma="cul-gi" pos="N" type="RN" label="&C;ulgi" det="&d;">&d;cul-gi-me-en</w>
<w form="silim" lemma="silim" pos="V" label="to be healthy">silim</w>
<w form="nij2" lemma="nij2" pos="N" label="thing">nij2</w>
<w form="a2" lemma="a2" pos="N" label="arm">a2</w>
<w form="dirig-ga" lemma="dirig" pos="V" label="to be superior">dirig-ga</w>
<w form="cir3-ra" lemma="cir3" pos="N" label="song">cir3-ra</w>
<w form="ba-ra-ba-jal2" lemma="jal2" pos="V" label="to be (located)">ba-ra-ba-jal2</w>
</l>
<l n="47" id="c24205.47" corresp="t24205.p7">
<w form="kug" lemma="kug" pos="N" label="precious metal">kug</w>
<w form="sag9-ga-gin7" lemma="sag9" pos="V" label="to be good">sag9-ga-gin7</w>
<w form="dadag-ga-ju10-um" lemma="dadag" pos="V" label="to be bright" form-type="RR">dadag-ga-ju10-um</w>
</l>
<l n="48" id="c24205.48" corresp="t24205.p7">
<w form="jectug2-ga" lemma="jectug2" pos="N" label="ear">jectug2-ga</w>
<w form="cir3" lemma="cir3" pos="N" label="song">cir3</w>
<w form="zu" lemma="zu" pos="V" label="to know">zu</w>
<w form="inim" lemma="inim" pos="N" label="word">inim</w>
<w form="zu-ju10-um" lemma="zu" pos="V" label="to know">zu-ju10-um</w>
</l>
<l n="49" id="c24205.49" corresp="t24205.p7">
<w form="sipad-me" lemma="sipad" pos="N" label="shepherd">sipad-me</w>
<w form="nij2" lemma="nij2" pos="N" label="thing">nij2</w>
<w form="na-me" lemma="na-me" pos="PD" type="indefinite" label="any">na-me</w>
<w form="zag" lemma="zag" pos="N" label="side">zag</w>
<w form="til-til-la-ju10-um" lemma="til" pos="V" label="to complete" form-type="RR">til-til-la-ju10-um</w>
</l>
<l n="50" id="c24205.50" corresp="t24205.p7">
<w form="nam-lugal-ja2" lemma="nam-lugal" pos="N" label="kingship">nam-lugal-ja2</w>
<w form="mi2-ec2" lemma="mi2" pos="N" label="(loving) care">mi2-ec2</w>
<w form="he2-ni-dug4" lemma="dug4" pos="V" label="to say">he2-ni-dug4</w>
</l>
<l n="51" id="c24205.51" corresp="t24205.p7">
<w form="mu" lemma="mu" pos="N" label="line of text">mu</w>
<w form="nij2" lemma="nij2" pos="N" label="thing">nij2</w>
<w form="en3-du-ja2" lemma="en3-du" pos="N" label="song">en3-du-ja2</w>
<w form="en-na" lemma="en-na" pos="PD" type="nominal-relative" label="as many as">en-na</w>
<corr resp="scrOm"/>
<w form="in-ga-ba-jal2-la" lemma="jal2" pos="V" label="to be (located)">in<corrEnd/>-ga-ba-jal2-la</w>
</l>
<l n="52" id="c24205.52" corresp="t24205.p7">
<w form="lul" lemma="lul" pos="V" label="to be false">lul</w>
<w form="ba-ra-na" lemma="me" pos="V" label="to be">ba-ra-na</w>
<w form="he2-ge-en" lemma="gen6" pos="V" label="to be firm">he2-ge-en</w>
</l>
<l n="53" id="c24205.53" corresp="t24205.p8">
<w form="en3-du-ju10" lemma="en3-du" pos="N" label="song">en3-du-ju10</w>
<w form="a-da-ab" lemma="a-da-ab" pos="N" label="type of drum and composition">a-da-ab</w>
<w form="he2-em" lemma="me" pos="V" label="to be">he2-em</w>
<w form="tigi" lemma="tigi" pos="N" label="type of instrument and composition">tigi</w>
<w form="ma-al-ga-tum" lemma="ma-al-ga-tum" pos="N" label="type of composition">ma-al-ga-tum</w>
<w form="he2-em" lemma="me" pos="V" label="to be">he2-em</w>
</l>
<l n="54" id="c24205.54" corresp="t24205.p8">
<w form="cir3-gid2-da" lemma="cir3-gid2-da" pos="N" label="type of composition">cir3-gid2-da</w>
<w form="ar2" lemma="ar2" pos="N" label="praise">ar2</w>
<w form="nam-lugal-la" lemma="nam-lugal" pos="N" label="kingship">nam-lugal-la</w>
</l>
<l n="55" id="c24205.55" corresp="t24205.p8">
<w form="cumun-ca4" lemma="cumun-ca4" pos="N" label="type of composition">cumun-ca4</w>
<w form="kun-jar" lemma="kun-jar" pos="N" label="type of composition">kun-jar</w>
<w form="bal-bal-e" lemma="bal-bal-e" pos="N" label="type of composition" form-type="RR">bal-bal-e</w>
<w form="he2-em" lemma="me" pos="V" label="to be">he2-em</w>
</l>
<l n="56" id="c24205.56" corresp="t24205.p8">
<w form="gi-gid2" lemma="gi-gid2" pos="N" label="type of wind instrument and composition">gi-gid2</w>
<w form="za-am-za-am" lemma="za-am-za-am" pos="N" label="type of instrument and composition">za-am-za-am</w>
<w form="he2-em" lemma="me" pos="V" label="to be">he2-em</w>
</l>
<l n="57" id="c24205.57" corresp="t24205.p8">
<w form="jectug2-ge" lemma="jectug2" pos="N" label="ear">jectug2-ge</w>
<w form="nu-dib-be2" lemma="dib" pos="V" label="to pass">nu-dib-be2</w>
<w form="ka-ta" lemma="ka" pos="N" label="mouth">ka-ta</w>
<w form="nu-cub-bu-de3" lemma="cub" pos="V" label="to fall">nu-cub-bu-de3</w>
</l>
<l n="58" id="c24205.58" corresp="t24205.p8">
<w form="ki-cu-ke4" lemma="ki-cu" pos="N" label="cult place">ki-cu-ke4</w>
<w form="lu2" lemma="lu2" pos="N" label="person">lu2</w>
<w form="nam-bi2-ib2-da13-da13-a" lemma="taka4" pos="V" label="to leave behind" form-type="rr">nam-bi2-ib2-da13-da13-a</w>
</l>
<l n="59" id="c24205.59" corresp="t24205.p8">
<w form="e2-kur" lemma="e2-kur" pos="N" type="TN" label="E-kur">e2-kur</w>
<w form="za-gin3-na" lemma="za-gin3" pos="N" label="lapis lazuli">za-gin3-na</w>
<phr type="VP" lemma="muc3 de6" label="to cease">
<w form="muc" lemma="muc3" pos="N" label="face">muc</w>
<w form="nam-ba-an-tum2-mu" lemma="de6" pos="V" label="to carry" form-type="isg">nam-ba-an-tum2-mu</w>
</phr>
</l>
<l n="60" id="c24205.60" corresp="t24205.p8">
<w form="&d;en-lil2-ra" lemma="en-lil2" pos="N" type="DN" label="Enlil" det="&d;">&d;en-lil2-ra</w>
<w form="ec3" lemma="ec3" pos="N" label="shrine">ec3</w>
<w form="ud-sakar-ra-ka-na" lemma="ud-sakar" pos="N" label="crescent (moon)">ud-sakar-ra-ka-na</w>
<w form="he2-na-du12" lemma="du12" pos="V" label="to perform (music)">he2-na-du12</w>
</l>
<l n="61" id="c24205.61" corresp="t24205.p8">
<w form="ec3-ec3" lemma="ec3-ec3" pos="N" label="type of festival" form-type="RR">ec3-ec3</w>
<w form="kac" lemma="kac" pos="N" label="beer">kac</w>
<w form="gi-rin" lemma="gi-rin" pos="V" label="to be clear">gi-rin</w>
<w form="a-gin7" lemma="a" pos="N" label="water">a-gin7</w>
<w form="sud-sud-u3-da-bi" lemma="sud" pos="V" label="to be distant" form-type="RR">sud-sud-u3-da-bi</w>
</l>
<l n="62" id="c24205.62" corresp="t24205.p8">
<w form="&d;en-lil2" lemma="en-lil2" pos="N" type="DN" label="Enlil" det="&d;">&d;en-lil2</w>
<w form="&d;nin-lil2-da" lemma="nin-lil2" pos="N" type="DN" label="Ninlil" det="&d;">&d;nin-lil2-da</w>
<w form="tuc-a-ra" lemma="tuc" pos="V" label="to sit">tuc-a-ra</w>
<w form="he2-en-ne-ja2-ja2-ja2" lemma="jar" pos="V" label="to place" form-type="rR">he2-en-ne-ja2-ja2-ja2</w>
</l>
<l n="63" id="c24205.63" corresp="t24205.p9">
<w form="ud" lemma="ud" pos="N" label="day(light)">ud</w>
<w form="ul-le2-a-ac" lemma="ul-le2-a" pos="N" label="distant time">ul-le2-a-ac</w>
<w form="lu2" lemma="lu2" pos="N" label="person">lu2</w>
<w form="je26-gin7" lemma="je26" pos="PD" type="personal" label="I">je26-gin7</w>
<w form="&d;en-lil2-le" lemma="en-lil2" pos="N" type="DN" label="Enlil" det="&d;">&d;en-lil2-le</w>
</l>
<l n="64" id="c24205.64" corresp="t24205.p9">
<supplied/>
<w form="nam-sipad" lemma="nam-sipad" pos="N" label="shepherd's craft">nam<suppliedEnd/>-<damage/>sipad</w>
<damageEnd/>
<w form="kalam-ma-ce3" lemma="kalam" pos="N" label="the Land">kalam-ma-ce3</w>
<w form="gu3" lemma="gu3" pos="N" label="voice">gu3</w>
<w form="mu-na-de2-e-a" lemma="de2" pos="V" label="to pour">mu-na-de2-e-a</w>
</l>
<l n="65" id="c24205.65" corresp="t24205.p9">
<supplied/>
<w form="X" lemma="X" label="X">X</w>
<w form="X" lemma="X" label="X">X</w>
<suppliedEnd/>
<w form="X" lemma="X" label="X">X</w>
<w form="en3-du-ju10" lemma="en3-du" pos="N" label="song">en3-du-ju10</w>
</l>
<l n="66" id="c24205.66" corresp="t24205.p9">
<supplied/>
<w form="X" lemma="X" label="X">X</w>
<w form="X" lemma="X" label="X">X</w>
<suppliedEnd/>
<w form="X" lemma="X" label="X">X</w>
<w form="X" lemma="X" label="X">X</w>
<w form="X" lemma="X" label="X">X</w>
<w form="igi" lemma="igi" pos="N" label="eye">igi</w>
<w form="hu-mu-ni-bar-e" lemma="bar" pos="V" label="to set aside">hu-mu-ni-bar-e</w>
</l>
<l n="67" id="c24205.67" corresp="t24205.p9">
<supplied/>
<w form="X" lemma="X" label="X">X</w>
<w form="X" lemma="X" label="X">X</w>
<suppliedEnd/>
<w form="ki" lemma="ki" pos="N" label="place">ki</w>
<w form="aj2-ja2" lemma="aj2" pos="V" label="to measure">aj2-ja2</w>
<w form="mu-ju10" lemma="mu" pos="N" label="name">mu-ju10</w>
<w form="hu-mu-pad3-de3" lemma="pad3" pos="V" label="to find">hu-mu-pad3-de3</w>
</l>
<l n="68" id="c24205.68" corresp="t24205.p9">
<supplied/>
<w form="&X;" lemma="&X;" label="&X;">&X;</w>
<suppliedEnd/>
<w form="lu2-bi" lemma="lu2" pos="N" label="person">lu2-bi</w>
<w form="ud" lemma="ud" pos="N" label="day(light)">ud</w>
<w form="en3-du-ju10" lemma="en3-du" pos="N" label="song">en3-<damage/>du-ju10</w>
<damageEnd/>
</l>
<gap extent="1 line missing"/>
<l n="70" id="c24205.70" corresp="t24205.p9">
<supplied/>
<w form="&X;" lemma="&X;" label="&X;">&X;</w>
<suppliedEnd/>
<damage/>
<w form="nar-ju10" lemma="nar" pos="N" label="musician"><unclear cert="qry">nar</unclear><damageEnd/>-ju10</w>
<supplied/>
<w form="&X;" lemma="&X;" label="&X;">&X;</w>
<suppliedEnd/>
<w form="jal2" lemma="jal2" pos="V" label="to be (located)">jal2</w>
</l>
<l n="71" id="c24205.71" corresp="t24205.p9">
<w form="e2" lemma="e2" pos="N" label="house(hold)">e2</w>
<supplied/>
<w form="&X;" lemma="&X;" label="&X;">&X;</w>
<suppliedEnd/>
<damage/>
<w form="ki" lemma="ki" pos="N" label="place">ki</w>
<damageEnd/>
<w form="aj2" lemma="aj2" pos="V" label="to measure">aj2</w>
<w form="mu-ju10" lemma="mu" pos="N" label="name">mu-ju10</w>
<supplied/>
<w form="X" lemma="X" label="X">X</w>
<w form="X-ja2" lemma="X" label="X">X<suppliedEnd/>-ja2</w>
</l>
<l n="72" id="c24205.72" corresp="t24205.p9">
<w form="lu2" lemma="lu2" pos="N" label="person">lu2</w>
<supplied/>
<w form="X" lemma="X" label="X">X</w>
<w form="X" lemma="X" label="X">X</w>
<suppliedEnd/>
<w form="&d;en-ki" lemma="en-ki" pos="N" type="DN" label="Enki" det="&d;">&d;en-ki</w>
<w form="&d;en-lil2-le" lemma="en-lil2" pos="N" type="DN" label="Enlil" det="&d;">&d;en-lil2-le</w>
<supplied/>
<w form="&X;-le" lemma="&X;" label="&X;">&X;<suppliedEnd/>-<damage/><unclear cert="qry">le</unclear></w>
<damageEnd/>
<w form="he2-em" lemma="me" pos="V" label="to be">he2-em</w>
</l>
<l n="73" id="c24205.73" corresp="t24205.p9">
<w form="e2" lemma="e2" pos="N" label="house(hold)">e2</w>
<w form="lu2" lemma="lu2" pos="N" label="person">lu2</w>
<supplied/>
<w form="X" lemma="X" label="X">X</w>
<w form="X" lemma="X" label="X">X</w>
<suppliedEnd/>
<phr type="VP" lemma="si sa2" label="to make straight">
<w form="si" lemma="si" pos="N" label="horn">si</w>
<w form="sa2" lemma="sa2" pos="V" label="to equal">sa2</w>
</phr>
<w form="nam-tar-ra" lemma="nam-tar" pos="N" label="destiny">nam-tar-ra</w>
<w form="sag9-ga" lemma="sag9" pos="V" label="to be good">sag9-ga</w>
<supplied/>
<w form="ha-mu-na-ta-e3" lemma="e3" pos="V" label="to go out or in">ha-mu<suppliedEnd/>-na-ta-e3</w>
</l>
<l n="74" id="c24205.74" corresp="t24205.p10">
<w form="tukum-bi" lemma="tukum-bi" pos="C" label="if">tukum-bi</w>
<w form="en3-du-ju10" lemma="en3-du" pos="N" label="song">en3-du-ju10</w>
</l>
<l n="75" id="c24205.75" corresp="t24205.p10">
<w form="mu-ju10" lemma="mu" pos="N" label="name">mu-<damage/>ju10</w>
<w form="um-ta-ja2-ar" lemma="jar" pos="V" label="to place">um<damageEnd/>-ta-ja2-ar</w>
<w form="mu-ni" lemma="mu" pos="N" label="name">mu-ni</w>
<w form="AC-ce3" lemma="AC" label="A&C;">AC-ce3</w>
<w form="ba-ni-ib-X" lemma="X" pos="V" label="X">ba-ni-ib-X</w>
</l>
<l n="76" id="c24205.76" corresp="t24205.p10">
<w form="ceg12" lemma="ceg12" pos="N" label="brick(work)">ceg12</w>
<w form="e2-kur-ra-ka" lemma="e2-kur" pos="N" type="TN" label="E-kur">e2-kur-ra-ka</w>
<w form="mu-ju10" lemma="mu" pos="N" label="name">mu-ju10</w>
<w form="nu-pad3-de3" lemma="pad3" pos="V" label="to find">nu-pad3-<unclear cert="qry">de3</unclear></w>
</l>
<l n="77" id="c24205.77" corresp="t24205.p10">
<w form="lu2-bi" lemma="lu2" pos="N" label="person">lu2-bi</w>
<supplied/>
<w form="&X;-e" lemma="&X;" label="&X;">&X;<suppliedEnd/>-e</w>
<w form="nij2-erim2" lemma="nij2-erim2" pos="N" label="fraudulent action">nij2-erim2</w>
<w form="nij2-a2-zig3" lemma="nij2-a2-zig3" pos="N" label="violent action">nij2-a2-zig3</w>
<w form="ak-de3" lemma="ak" pos="V" label="to do">ak-<supplied/>de3</w>
<suppliedEnd/>
</l>
<l n="78" id="c24205.78" corresp="t24205.p10">
<w form="lu2-bi" lemma="lu2" pos="N" label="person">lu2-bi</w>
<w form="lugal" lemma="lugal" pos="N" label="king">lugal</w>
<w form="he2-em" lemma="me" pos="V" label="to be">he2-em</w>
<w form="ensi2" lemma="ensi2" pos="N" label="(city) ruler">ensi2</w>
<w form="he2-em" lemma="me" pos="V" label="to be">he2-em</w>
</l>
<l n="79" id="c24205.79" corresp="t24205.p10">
<w form="&d;en-lil2-le" lemma="en-lil2" pos="N" type="DN" label="Enlil" det="&d;">&d;en-lil2-le</w>
<w form="X" lemma="X" label="X">X</w>
<w form="saj-ja2-na" lemma="saj" pos="N" label="head">saj-<unclear cert="qry">ja2</unclear>-na</w>
<w form="nam" lemma="nam" pos="N" label="destiny">nam</w>
<supplied/>
<w form="X" lemma="X" label="X">X</w>
<w form="X-ku5-re7" lemma="kud" pos="V" label="to cut">X<suppliedEnd/>-ku5-re7</w>
</l>
<l n="80" id="c24205.80" corresp="t24205.p10">
<w form="e2" lemma="e2" pos="N" label="house(hold)">e2</w>
<w form="&d;en-lil2-la2-ta" lemma="en-lil2" pos="N" type="DN" label="Enlil" det="&d;">&d;en-lil2-la2-ta</w>
<w form="nij2-erim2" lemma="nij2-erim2" pos="N" label="fraudulent action">nij2-erim2</w>
<w form="nij2-a2-zig3" lemma="nij2-a2-zig3" pos="N" label="violent action">nij2-a2-zig3</w>
<w form="ha-mu-na-ta-e3" lemma="e3" pos="V" label="to go out or in">ha-mu-na-ta-<supplied/>e3</w>
<suppliedEnd/>
</l>
<l n="81" id="c24205.81" corresp="t24205.p10">
<w form="nij2-erim2" lemma="nij2-erim2" pos="N" label="fraudulent action">nij2-erim2</w>
<w form="mackim-ce3" lemma="mackim" pos="N" label="judicial officer">mackim-ce3</w>
<w form="he-en6-cum2" lemma="cum2" pos="V" label="to give">he-en6-cum2</w>
</l>
<l n="82" id="c24205.82" corresp="t24205.p10">
<w form="a2-sag3" lemma="a2-sag3" pos="N" type="DN" label="Asag">a2-sag3</w>
<w form="nam-uc2" lemma="nam-uc2" pos="N" label="death">nam-uc2</w>
<w form="dugud" lemma="dugud" pos="V" label="to be heavy">dugud</w>
<w form="jal2-la-gin7" lemma="jal2" pos="V" label="to be (located)">jal2-la-gin7</w>
</l>
<l n="83" id="c24205.83" corresp="t24205.p10">
<w form="su" lemma="su" pos="N" label="flesh">su</w>
<w form="iri-na-ke4" lemma="iri" pos="N" label="town">iri-na-ke4</w>
<w form="nam-bi2-ib-dug3-ge" lemma="dug3" pos="V" label="to be good">nam-bi2-ib-dug3-ge</w>
</l>
<l n="84" id="c24205.84" corresp="t24205.p10">
<w form="gug-kal" lemma="gug-kal" pos="N" label="famine">gug-kal</w>
<w form="bar-ce3" lemma="bar" pos="N" label="outside">bar-ce3</w>
<w form="mu" lemma="mu" pos="N" label="year">mu</w>
<w form="ce-jar-ra-ka" lemma="cag4-jar" pos="N" label="hunger">ce-jar-ra-ka</w>
<w form="igi" lemma="igi" pos="N" label="eye">igi</w>
<w form="kalam-ma-ka" lemma="kalam" pos="N" label="the Land">kalam-ma-ka</w>
<w form="na-ni-sag9" lemma="sag9" pos="V" label="to be good">na-ni-sag9</w>
</l>
<l n="85" id="c24205.85" corresp="t24205.p10">
<w form="&d;ezina2-e" lemma="ezina2" pos="N" type="DN" label="Ezina" det="&d;">&d;ezina2-e</w>
<w form="garadinx-na-ke4" lemma="garadin3" pos="N" label="sheaf">garadinx(TAB.JAR.CE)-na-ke4</w>
<w form="ce" lemma="ce" pos="N" label="barley">ce</w>
<w form="na-ni-ib-dim2-e" lemma="dim2" pos="V" label="to create">na-ni-ib-dim2-e</w>
</l>
<l n="86" id="c24205.86" corresp="t24205.p10">
<w form="&d;nanibgal" lemma="nanibgal" pos="N" type="DN" label="Nanibgal" det="&d;">&d;nanibgal</w>
<w form="sig7-ga" lemma="sig7" pos="V" label="to be green">sig7-ga</w>
<w form="&d;nisaba-ke4" lemma="nisaba" pos="N" type="DN" label="Nisaba" det="&d;">&d;nisaba-ke4</w>
</l>
<l n="87" id="c24205.87" corresp="t24205.p10">
<w form="guru7-ni" lemma="guru7" pos="N" label="(grain) heap">guru7-ni</w>
<w form="im-cu" lemma="im-cu" pos="N" label="clay covering?">im-cu</w>
<w form="na-ba-ab-sig7-ge" lemma="sig7" pos="V" label="to be green">na-ba-ab-sig7-ge</w>
</l>
<l n="88" id="c24205.88" corresp="t24205.p10">
<w form="ugnim-ma" lemma="ugnim" pos="N" label="troops">ugnim-ma</w>
<supplied/>
<w form="&X;" lemma="&X;" label="&X;">&X;</w>
<suppliedEnd/>
</l>
<l n="89" id="c24205.89" corresp="t24205.p10">
<w form="dam-gara3" lemma="dam-gara3" pos="N" label="merchant">dam-gara3</w>
<w form="gal-a-ni" lemma="gal" pos="V" label="to be big">gal-a-ni</w>
<w form="kug" lemma="kug" pos="N" label="precious metal">kug</w>
<w form="ur2-ra" lemma="ur2" pos="N" label="root">ur2-<supplied/>ra</w>
<w form="&X;" lemma="&X;" label="&X;">&X;</w>
<suppliedEnd/>
</l>
<l n="90" id="c24205.90" corresp="t24205.p10">
<w form="ce-jar" lemma="cag4-jar" pos="N" label="hunger">ce-jar</w>
<w form="a-naj" lemma="a-naj" pos="N" label="drink">a-naj</w>
<w form="dijir-re-e-ne-ke4" lemma="dijir" pos="N" label="deity">dijir-re-<supplied/>e-ne-ke4</w>
<suppliedEnd/>
</l>
<l n="91" id="c24205.91" corresp="t24205.p10">
<w form="iri" lemma="iri" pos="N" label="town">iri</w>
<w form="bal-a-ni-ta" lemma="bal" pos="N" label="term (in office)">bal-a-ni-ta</w>
<w form="ce" lemma="ce" pos="N" label="barley">ce</w>
<damage/>
<w form="BA" lemma="BA" label="BA">BA</w>
<damageEnd/>
<supplied/>
<w form="&X;" lemma="&X;" label="&X;">&X;</w>
<suppliedEnd/>
</l>
<l n="92" id="c24205.92" corresp="t24205.p11">
<w form="nij2-gur11" lemma="nij2-gur11" pos="N" label="possessions">nij2-gur11</w>
<w form="&urud;cen" lemma="cen" pos="N" label="type of vessel" det="&urud;">&urud;cen</w>
<w form="zabar" lemma="zabar" pos="N" label="bronze">zabar</w>
<w form="kug" lemma="kug" pos="N" label="precious metal">kug</w>
<w form="cu" lemma="cu" pos="N" label="hand">cu</w>
<w form="X" lemma="X" label="X">X</w>
<supplied/>
<w form="&X;" lemma="&X;" label="&X;">&X;</w>
<suppliedEnd/>
</l>
<l n="93" id="c24205.93" corresp="t24205.p11">
<w form="nij2-dim2-dim2-ma" lemma="nij2-dim2-ma" pos="N" label="creature" form-type="RR">nij2-dim2-dim2-ma</w>
<w form="kalam-ma-na-ke4" lemma="kalam" pos="N" label="the Land">kalam-ma-na-ke4</w>
</l>
<l n="94" id="c24205.94" corresp="t24205.p11">
<w form="tak4-ka3" lemma="taka4" pos="V" label="to leave behind">tak4-ka3</w>
<w form="nu-ba-ba" lemma="ba" pos="V" label="to allot" form-type="RR">nu-ba-ba</w>
<w form="cu" lemma="cu" pos="N" label="hand">cu</w>
<w form="he2-eb-dag-ge" lemma="dag" pos="V" label="to roam around">he2-eb-dag-<unclear cert="qry">ge</unclear></w>
</l>
<l n="95" id="c24205.95" corresp="t24205.p11">
<w form="ce-jar" lemma="cag4-jar" pos="N" label="hunger">ce-jar</w>
<w form="nij2" lemma="nij2" pos="N" label="thing">nij2</w>
<w form="gu2" lemma="gu2" pos="N" label="neck">gu2</w>
<w form="KUR" lemma="KUR" label="KUR"><unclear cert="qry">KUR</unclear></w>
<w form="CA" lemma="CA" label="&C;A">CA</w>
<damage/>
<w form="TA" lemma="TA" label="TA">TA</w>
<damageEnd/>
<supplied/>
<w form="&X;" lemma="&X;" label="&X;">&X;</w>
<suppliedEnd/>
</l>
<l n="96" id="c24205.96" corresp="t24205.p11">
<w form="nij2" lemma="nij2" pos="N" label="thing">nij2</w>
<w form="2" lemma="2" pos="NU" type="cardinal" label="2">2</w>
<w form="gij4" lemma="gij4" pos="N" label="weight measure">gij4</w>
<w form="iri-na" lemma="iri" pos="N" label="town">iri-na</w>
<w form="1" lemma="1" pos="NU" type="cardinal" label="1">1</w>
<w form="sila3" lemma="sila3" pos="N" label="capacity measure (container)">sila3</w>
<w form="ce" lemma="ce" pos="N" label="barley">ce</w>
<w form="he2-sam2-e" lemma="sam2" pos="V" label="to barter">he2-sam2-e</w>
</l>
<l n="97" id="c24205.97" corresp="t24205.p11">
<w form="uj3-e" lemma="uj3" pos="N" label="people">uj3-e</w>
<w form="&jic;al-le" lemma="al" pos="N" label="hoe" bound="L,e" det="&jic;">&jic;al-le</w>
<w form="dusu-ka" lemma="dusu" pos="N" label="earth-carrying basket"><gloss lang="sux" target="c24205.t2"></gloss><term id="c24205.t2"><unclear cert="qry">dusu</unclear></term>-<unclear cert="cor">ka</unclear></w>
<w form="cu" lemma="cu" pos="N" label="hand">cu</w>
<w form="he2-di3-ni-ib2-tum2-tum2-mu" lemma="de6" pos="V" label="to carry" form-type="RR-isg">he2-di3-ni-ib2-tum2-tum2-mu</w>
</l>
<l n="98" id="c24205.98" corresp="t24205.p11">
<w form="lu2-bi-e" lemma="lu2" pos="N" label="person">lu2-bi-e</w>
<w form="naj" lemma="naj" pos="V" label="to drink">naj</w>
<w form="gu7" lemma="gu7" pos="V" label="to eat">gu7</w>
<w form="e2-gal-la-na-ka" lemma="e2-gal" pos="N" label="palace">e2-gal-<damage/>la<damageEnd/>-<supplied/>na<suppliedEnd/>-<damage/>ka</w>
<w form="cu" lemma="cu" pos="N" label="hand"><unclear cert="qry">cu</unclear></w>
<damageEnd/>
<supplied/>
<w form="X-ni-ib2-tum2-tum2-mu" lemma="de6" pos="V" label="to carry">X<suppliedEnd/>-ni-ib2-tum2-tum2-mu</w>
</l>
<l n="99" id="c24205.99" corresp="t24205.p11">
<w form="gag" lemma="gag" pos="N" label="peg">gag</w>
<w form="nam-tag2" lemma="nam-tag" pos="N" label="sin">nam-tag2</w>
<w form="gu-la" lemma="gal" pos="V" label="to be big">gu-la</w>
<w form="he2-da-sig10" lemma="sig10" pos="V" label="to place">he2-da-<unclear cert="qry">sig10</unclear></w>
</l>
<l n="100" id="c24205.100" corresp="t24205.p11">
<w form="&d;nanna" lemma="nanna" pos="N" type="DN" label="Nanna" det="&d;">&d;nanna</w>
<w form="lugal" lemma="lugal" pos="N" label="king">lugal</w>
<w form="urim2&ki;-ma-ke4" lemma="urim2" pos="N" type="SN" label="Urim" det="&ki;">urim2&ki;-ma-ke4</w>
</l>
<l n="101" id="c24205.101" corresp="t24205.p11">
<w form="si-im-da" lemma="cem3" pos="N" label="type of drum">si-im-da</w>
<w form="balaj" lemma="balaj" pos="N" label="type of instrument and composition">balaj</w>
<damage/>
<w form="igi" lemma="igi" pos="N" label="eye">igi</w>
<w form="bar-ra-bi" lemma="bar" pos="V" label="to set aside">bar<damageEnd/>-<supplied/>ra-bi</w>
<suppliedEnd/>
</l>
<l n="102" id="c24205.102" corresp="t24205.p11">
<w form="ninda" lemma="ninda" pos="N" label="bread">ninda</w>
<w form="igi" lemma="igi" pos="N" label="eye">igi</w>
<w form="du2-ru-na-bi" lemma="du8" pos="V" label="to spread">du2-ru-na-bi</w>
<w form="cu" lemma="cu" pos="N" label="hand">cu</w>
<w form="bi2-ri-ri" lemma="ri" pos="V" label="to direct" form-type="RR">bi2-<supplied/>ri-ri</w>
<suppliedEnd/>
</l>
<l n="103" id="c24205.103" corresp="t24205.p11">
<w form="nam-til3-bi" lemma="nam-til3" pos="N" label="life">nam-til3-bi</w>
<w form="nam-uc2-da" lemma="nam-uc2" pos="N" label="death">nam-uc2-da</w>
<w form="X" lemma="X" label="X">X</w>
<supplied/>
<w form="X" lemma="X" label="X">X</w>
<w form="X" lemma="X" label="X">X</w>
<suppliedEnd/>
<w form="tur5-ra" lemma="tur5" pos="V" label="to be ill">tur5-ra</w>
<w form="sag9-ge" lemma="sag9" pos="V" label="to be good">sag9-ge</w>
<supplied/>
<w form="X" lemma="X" label="X">X</w>
<w form="X" lemma="X" label="X">X</w>
<suppliedEnd/>
</l>
<l n="104" id="c24205.104" corresp="t24205.p11">
<damage/>
<w form="nam-gilim-ma" lemma="nam-gilim-ma" pos="N" label="destruction">nam<damageEnd/>-gilim-ma</w>
<w form="a-zu-u3" lemma="a-zu" pos="N" label="healer">a-zu-<unclear cert="qry">u3</unclear></w>
<w form="X" lemma="X" label="X">X</w>
<supplied/>
<w form="X" lemma="X" label="X">X</w>
<w form="X" lemma="X" label="X">X</w>
<suppliedEnd/>
</l>
<l n="105" id="c24205.105" corresp="t24205.p11">
<damage/>
<w form="su" lemma="su" pos="N" label="flesh"><unclear cert="qry">su</unclear></w>
<damageEnd/>
<w form="X" lemma="X" label="X">X</w>
<w form="X" lemma="X" label="X">X</w>
<supplied/>
<w form="&X;" lemma="&X;" label="&X;">&X;</w>
<suppliedEnd/>
</l>
<gap extent="3 lines missing"/>
<l n="109" id="c24205.109" corresp="t24205.p11">
<w form="kug-sig17" lemma="kug-sig17" pos="N" label="gold">kug-<damage/>sig17</w>
<damageEnd/>
<supplied/>
<w form="&X;" lemma="&X;" label="&X;">&X;</w>
<suppliedEnd/>
</l>
<l n="110" id="c24205.110" corresp="t24205.p11">
<w form="cer7-da" lemma="cer7-da" pos="N" label="crime">cer7-da</w>
<w form="iri" lemma="iri" pos="N" label="town">iri</w>
<w form="uj3-ba" lemma="uj3" pos="N" label="people">uj3-ba</w>
<w form="di-kud-bi" lemma="di-kud" pos="N" label="judge">di-kud-<damage/><unclear cert="cor">bi</unclear></w>
<damageEnd/>
<supplied/>
<w form="he2-em" lemma="me" pos="V" label="to be">he2-em</w>
<suppliedEnd/>
<w form="saj-bi" lemma="saj" pos="N" label="head">saj-bi</w>
<w form="e3-a-ni" lemma="e3" pos="V" label="to go out or in">e3-a-ni</w>
<supplied/>
<w form="he2-em" lemma="me" pos="V" label="to be">he2-em</w>
<suppliedEnd/>
</l>
<l n="111" id="c24205.111" corresp="t24205.p12">
<w form="lu2" lemma="lu2" pos="N" label="person">lu2</w>
<w form="en3-du-ju10-a" lemma="en3-du" pos="N" label="song">en3-du-ju10-a</w>
<w form="cu" lemma="cu" pos="N" label="hand">cu</w>
<w form="i3-&X;" lemma="&X;" label="&X;">i3-<supplied/>&X;</w>
<suppliedEnd/>
</l>
<l n="112" id="c24205.112" corresp="t24205.p12">
<supplied/>
<w form="&X;" lemma="&X;" label="&X;">&X;</w>
<suppliedEnd/>
<w form="JIC" lemma="JIC" label="&G;I&C;">JIC</w>
<w form="gibil-gibil-la-am3" lemma="gibil" pos="V" label="to be new" form-type="RR">gibil-gibil-la-am3</w>
<supplied/>
<w form="&X;" lemma="&X;" label="&X;">&X;</w>
<suppliedEnd/>
</l>
<l n="113" id="c24205.113" corresp="t24205.p12">
<supplied/>
<w form="&X;" lemma="&X;" label="&X;">&X;</w>
<suppliedEnd/>
<w form="X-ga" lemma="X" label="X">X-ga</w>
<w form="AM3" lemma="AM3" label="AM&s3;">AM3</w>
<w form="he2-na-ta-&X;" lemma="&X;" label="&X;">he2-na-ta-<supplied/>&X;</w>
<suppliedEnd/>
</l>
<l n="114" id="c24205.114" corresp="t24205.p12">
<supplied/>
<w form="&X;" lemma="&X;" label="&X;">&X;</w>
<suppliedEnd/>
<w form="iri" lemma="iri" pos="N" label="town">iri</w>
<w form="bar-ra" lemma="bar" pos="N" label="outside">bar-ra</w>
<w form="ha-ba-ni-&X;-e" lemma="&X;" label="&X;">ha-ba-ni-<supplied/>&X;<suppliedEnd/>-e</w>
</l>
<l n="115" id="c24205.115" corresp="t24205.p12">
<w form="bad3" lemma="bad3" pos="N" label="wall">bad3</w>
<w form="iri-na-ka" lemma="iri" pos="N" label="town">iri-na-ka</w>
<w form="na-am3-bi2-X-X" lemma="X" label="X">na-am3-<damage/><unclear cert="qry">bi2</unclear><damageEnd/>-<supplied/>X-X</w>
<suppliedEnd/>
</l>
<l n="116" id="c24205.116" corresp="t24205.p12">
<w form="a" lemma="a" pos="N" label="water">a</w>
<w form="sa-ga" lemma="sa-gaz" pos="N" label="brigand">sa-ga</w>
<w form="nam-lugal-la-na" lemma="nam-lugal" pos="N" label="kingship">nam-lugal-la-na</w>
<w form="na-an-X" lemma="X" label="X">na-<damage/><unclear cert="qry">an</unclear><damageEnd/>-<supplied/>X</w>
<w form="X" lemma="X" label="X">X</w>
<suppliedEnd/>
</l>
<l n="117" id="c24205.117" corresp="t24205.p12">
<w form="ki" lemma="ki" pos="N" label="place">ki</w>
<w form="lugal" lemma="lugal" pos="N" label="king">lugal</w>
<w form="gub" lemma="gub" pos="V" label="to stand">gub</w>
<w form="ki" lemma="ki" pos="N" label="place">ki</w>
<w form="dadag-ga" lemma="dadag" pos="V" label="to be bright" form-type="RR">dadag-ga</w>
<w form="nam-bi2-gub-be2" lemma="gub" pos="V" label="to stand">nam-bi2-gub-<supplied/>be2</w>
<suppliedEnd/>
</l>
<l n="118" id="c24205.118" corresp="t24205.p12">
<w form="ub-cu-unken-na-ta" lemma="ub-cu-unken-na" pos="N" type="TN" label="Ub&c;u-unkena">ub-cu-unken-na-ta</w>
<w form="bar-ce3" lemma="bar" pos="N" label="outside">bar-ce3</w>
<w form="he2-&X;" lemma="&X;" label="&X;">he2-<supplied/>&X;</w>
<suppliedEnd/>
</l>
<l n="119" id="c24205.119" corresp="t24205.p12">
<w form="cag4-ge" lemma="cag4" pos="N" label="heart">cag4-ge</w>
<w form="guru7-a" lemma="guru7" pos="V" label="to heap up">guru7-a</w>
<w form="mu" lemma="mu" pos="N" label="name">mu</w>
<w form="pad3-da-ni" lemma="pad3" pos="V" label="to find">pad3-da-ni</w>
<supplied/>
<w form="&X;" lemma="&X;" label="&X;">&X;</w>
<suppliedEnd/>
</l>
<l n="120" id="c24205.120" corresp="t24205.p12">
<supplied/>
<w form="&X;" lemma="&X;" label="&X;">&X;</w>
<suppliedEnd/>
<w form="X" lemma="X" label="X">X</w>
<w form="X" lemma="X" label="X">X</w>
<w form="cu-cu" lemma="cu" pos="N" label="hand" form-type="RR">cu-<unclear cert="qry">cu</unclear></w>
<w form="KA" lemma="KA" label="KA"><unclear cert="qry">KA</unclear></w>
<w form="gi4-de3" lemma="gi4" pos="V" label="to return">gi4-de3</w>
</l>
<l n="121" id="c24205.121" corresp="t24205.p12">
<w form="an-jar" lemma="an-jar" pos="N" label="meaning unknown">an-jar</w>
<w form="X-ga-na" lemma="X" label="X">X-ga-na</w>
<w form="ha-ba-an-X" lemma="X" pos="V" label="X">ha-ba-an-<supplied/>X</w>
<w form="X" lemma="X" label="X">X</w>
<suppliedEnd/>
</l>
<l n="122" id="c24205.122" corresp="t24205.p12">
<w form="nidba" lemma="nidba" pos="N" label="(food) offering">nidba</w>
<w form="e2-kur-ce3" lemma="e2-kur" pos="N" type="TN" label="E-kur">e2-kur-ce3</w>
<w form="il2-la-na" lemma="il2" pos="V" label="to raise">il2-la-na</w>
<w form="&d;en-lil2-le" lemma="en-lil2" pos="N" type="DN" label="Enlil" det="&d;">&d;en-lil2-le</w>
<w form="he2-&X;" lemma="&X;" label="&X;">he2-<supplied/>&X;</w>
<suppliedEnd/>
</l>
<l n="123" id="c24205.123" corresp="t24205.p12">
<w form="kadra" lemma="kadra" pos="N" label="greeting gift">kadra</w>
<w form="zid" lemma="zid" pos="AJ" label="right">zid</w>
<w form="nij2" lemma="nij2" pos="N" label="thing">nij2</w>
<w form="dug3-ga-na" lemma="dug3" pos="V" label="to be good">dug3-ga-na</w>
<damage/>
<w form="he2-X" lemma="X" label="X">he2<damageEnd/>-<supplied/>X</w>
<w form="X" lemma="X" label="X">X</w>
<suppliedEnd/>
<w form="KA-bi" lemma="KA" label="KA">KA-<damage/>bi</w>
<damageEnd/>
<supplied/>
<w form="&X;" lemma="&X;" label="&X;">&X;</w>
<suppliedEnd/>
</l>
<gap extent="25 lines missing"/>
<l n="149" id="c24205.149" corresp="t24205.p12">
<damage/>
<w form="nam" lemma="nam" pos="N" label="destiny">nam</w>
<damageEnd/>
<supplied/>
<w form="&X;" lemma="&X;" label="&X;">&X;</w>
<suppliedEnd/>
</l>
<l n="150" id="c24205.150" corresp="t24205.p12">
<w form="mu-da-an-X" lemma="X" label="X">mu-da-an-X</w>
<w form="KA" lemma="KA" label="KA"><unclear cert="qry">KA</unclear></w>
<supplied/>
<w form="&X;" lemma="&X;" label="&X;">&X;</w>
<suppliedEnd/>
</l>
<l n="151" id="c24205.151" corresp="t24205.p12">
<w form="JIC" lemma="JIC" label="&G;I&C;">JIC</w>
<w form="A" lemma="A" label="A">A</w>
<w form="KA" lemma="KA" label="KA"><unclear cert="qry">KA</unclear></w>
<w form="nij2" lemma="nij2" pos="N" label="thing">nij2</w>
<w form="nu-&X;" lemma="&X;" label="&X;">nu-<supplied/>&X;</w>
<suppliedEnd/>
</l>
<l n="152" id="c24205.152" corresp="t24205.p13">
<w form="cul-gi-me" lemma="cul-gi" pos="N" type="RN" label="&C;ulgi">cul-gi-me</w>
<w form="nir-jal2" lemma="nir-jal2" pos="AJ" label="authoritative">nir-<supplied/>jal2</w>
<w form="&X;-ra" lemma="&X;" label="&X;">&X;<suppliedEnd/>-ra</w>
<w form="gaba-ri" lemma="gaba-ri" pos="N" label="equal">gaba-<damage/>ri</w>
<damageEnd/>
<supplied/>
<w form="nu-tuku" lemma="tuku" pos="V" label="to have">nu<suppliedEnd/>-<damage/>tuku</w>
<damageEnd/>
</l>
<l n="153" id="c24205.153" corresp="t24205.p13">
<w form="&jic;tukul-a" lemma="tukul" pos="N" label="weapon" bound="L,ak" det="&jic;">&jic;tukul-a</w>
<w form="ma2-gur8" lemma="ma2-gur8" pos="N" label="processional boat">ma2-gur8</w>
<w form="ki-bal" lemma="ki-bal" pos="N" label="rebel land">ki-bal</w>
<supplied/>
<w form="&X;" lemma="&X;" label="&X;">&X;</w>
<suppliedEnd/>
<damage/>
<w form="gul-gul-lu-de3" lemma="gul" pos="V" label="to destroy" form-type="RR">gul<damageEnd/>-gul-lu-de3</w>
<supplied/>
<w form="X" lemma="X" label="X">X</w>
<w form="X" lemma="X" label="X">X</w>
<suppliedEnd/>
</l>
<l n="154" id="c24205.154" corresp="t24205.p13">
<w form="A" lemma="A" label="A">A</w>
<w form="UL" lemma="UL" label="UL">UL</w>
<w form="X" lemma="X" label="X">X</w>
<w form="lugal-me" lemma="lugal" pos="N" label="king">lugal-me</w>
<w form="X" lemma="X" label="X">X</w>
<w form="nu-gu-la-na" lemma="gal" pos="V" label="to be big">nu-gu-la-na</w>
<w form="er2-ra" lemma="er2" pos="N" label="tear">er2-ra</w>
<w form="ha-mu-X" lemma="X" label="X">ha-mu-<supplied/>X</w>
<w form="X" lemma="X" label="X">X</w>
<suppliedEnd/>
</l>
<l n="155" id="c24205.155" corresp="t24205.p14">
<w form="cul-gi-me" lemma="cul-gi" pos="N" type="RN" label="&C;ulgi"><damage/><unclear cert="qry">cul</unclear><damageEnd/>-gi-me</w>
<w form="nar" lemma="nar" pos="N" label="musician">nar</w>
<w form="gal" lemma="gal" pos="V" label="to be big">gal</w>
<w form="nu-banda3" lemma="nu-banda3" pos="N" label="overseer">nu-banda3</w>
<w form="nam-nar-ra" lemma="nam-nar" pos="N" label="musician's craft">nam-<damage/>nar<damageEnd/>-<supplied/>ra</w>
<suppliedEnd/>
<w form="X" lemma="X" label="X">X</w>
<w form="nar" lemma="nar" pos="N" label="musician">nar</w>
<w form="ki-nu2" lemma="ki-nu2" pos="N" label="sleeping quarter">ki-nu2</w>
<w form="X" lemma="X" label="X">X</w>
<supplied/>
<w form="&X;" lemma="&X;" label="&X;">&X;</w>
<suppliedEnd/>
</l>
<l n="156" id="c24205.156" corresp="t24205.p14">
<w form="tukum-bi" lemma="tukum-bi" pos="C" label="if">tukum-bi</w>
<w form="IM" lemma="IM" label="IM">IM</w>
<supplied/>
<w form="&X;" lemma="&X;" label="&X;">&X;</w>
<suppliedEnd/>
<w form="X" lemma="X" label="X">X</w>
<w form="igi" lemma="igi" pos="N" label="eye">igi</w>
<w form="sag9-ga" lemma="sag9" pos="V" label="to be good">sag9-<damage/>ga</w>
<damageEnd/>
<supplied/>
<w form="&X;" lemma="&X;" label="&X;">&X;</w>
<suppliedEnd/>
</l>
<l n="157" id="c24205.157" corresp="t24205.p14">
<w form="en3-du-ju10" lemma="en3-du" pos="N" label="song">en3-du-ju10</w>
<w form="ka-ta" lemma="ka" pos="N" label="mouth">ka-ta</w>
<w form="cub" lemma="cub" pos="V" label="to fall">cub</w>
<w form="jectug2-ge" lemma="jectug2" pos="N" label="ear">jectug2-<damage/>ge</w>
<damageEnd/>
<supplied/>
<w form="dib" lemma="dib" pos="V" label="to pass">dib</w>
<suppliedEnd/>
</l>
<l n="158" id="c24205.158" corresp="t24205.p14">
<w form="ki-cu-ki-cu-ke4" lemma="ki-cu" pos="N" label="cult place" form-type="RR">ki-cu-ki-cu-ke4</w>
<w form="IGI" lemma="IGI" label="IGI"><unclear cert="qry">IGI</unclear></w>
<supplied/>
<w form="&X;" lemma="&X;" label="&X;">&X;</w>
<suppliedEnd/>
<w form="da13-da13" lemma="taka4" pos="V" label="to leave behind" form-type="rr">da13-da13</w>
</l>
<l n="159" id="c24205.159" corresp="t24205.p14">
<w form="X-bi" lemma="X" label="X">X-bi</w>
<w form="lugal-a-ni" lemma="lugal" pos="N" label="king">lugal-a-ni</w>
<w form="ba-ni-in-&X;" lemma="&X;" label="&X;">ba-ni-<damage/>in<damageEnd/>-<supplied/>&X;</w>
<suppliedEnd/>
</l>
<l n="160" id="c24205.160" corresp="t24205.p14">
<w form="e2" lemma="e2" pos="N" label="house(hold)">e2</w>
<w form="tigi" lemma="tigi" pos="N" label="type of instrument and composition">tigi</w>
<w form="dijir-re-e-ne-ke4" lemma="dijir" pos="N" label="deity">dijir-re-e-ne-ke4</w>
<w form="NE" lemma="NE" label="NE">NE</w>
<supplied/>
<w form="&X;" lemma="&X;" label="&X;">&X;</w>
<suppliedEnd/>
</l>
<l n="161" id="c24205.161" corresp="t24205.p14">
<w form="mu" lemma="mu" pos="N" label="line of text">mu</w>
<w form="cid-am3" lemma="cid" pos="V" label="to count">cid-am3</w>
<w form="an" lemma="an" pos="N" label="heaven">an</w>
<w form="zig3-ga" lemma="zig3" pos="V" label="to rise">zig3-ga</w>
<w form="igi" lemma="igi" pos="N" label="eye">igi</w>
<w form="hul-ce3" lemma="hul" pos="V" label="to be bad">hul-ce3</w>
<w form="ba-&X;" lemma="&X;" label="&X;">ba-<supplied/>&X;</w>
<suppliedEnd/>
</l>
<l n="162" id="c24205.162" corresp="t24205.p14">
<w form="lugal" lemma="lugal" pos="N" label="king">lugal</w>
<w form="nam-nar-ra" lemma="nam-nar" pos="N" label="musician's craft">nam-nar-ra</w>
<w form="&d;suen" lemma="suen" pos="N" type="DN" label="Suen" det="&d;">&d;suen</w>
<supplied/>
<w form="&X;" lemma="&X;" label="&X;">&X;</w>
<suppliedEnd/>
</l>
<l n="163" id="c24205.163" corresp="t24205.p14">
<w form="&d;lamma" lemma="lamma" pos="N" label="guardian deity" det="&d;">&d;lamma</w>
<w form="nam-nar-ra" lemma="nam-nar" pos="N" label="musician's craft">nam-nar-ra</w>
<w form="&d;jectin-an-na" lemma="jectin-an-na" pos="N" type="DN" label="&G;e&c;tin-ana" det="&d;">&d;jectin-an-<damage/>na<damageEnd/></w>
<supplied/>
<w form="&X;" lemma="&X;" label="&X;">&X;</w>
<suppliedEnd/>
</l>
<l n="164" id="c24205.164" corresp="t24205.p14">
<supplied/>
<w form="&X;-gin7" lemma="&X;" label="&X;">&X;<suppliedEnd/>-gin7</w>
<supplied/>
<w form="&X;" lemma="&X;" label="&X;">&X;</w>
<suppliedEnd/>
<w form="ha-ba-tej3-je26" lemma="te" pos="V" label="to approach">ha-ba-<unclear cert="qry">tej3</unclear>-je26</w>
<w form="X" lemma="X" label="X">X</w>
</l>
<l n="165" id="c24205.165" corresp="t24205.p14">
<supplied/>
<w form="&X;" lemma="&X;" label="&X;">&X;</w>
<suppliedEnd/>
<damage/>
<w form="zid-da" lemma="zid" pos="AJ" label="right">zid<damageEnd/>-da</w>
<supplied/>
<w form="&X;" lemma="&X;" label="&X;">&X;</w>
<suppliedEnd/>
<w form="X-bi-im" lemma="X" label="X">X-bi-im</w>
<w form="he2-&X;" lemma="&X;" label="&X;">he2-<supplied/>&X;</w>
<suppliedEnd/>
</l>
<l n="166" id="c24205.166" corresp="t24205.p14">
<supplied/>
<w form="&X;" lemma="&X;" label="&X;">&X;</w>
<suppliedEnd/>
<w form="jectug2" lemma="jectug2" pos="N" label="ear">jectug2</w>
<supplied/>
<w form="&X;" lemma="&X;" label="&X;">&X;</w>
<suppliedEnd/>
</l>
<gap extent="7 lines missing"/>
<l n="174" id="c24205.174" corresp="t24205.p15">
<w form="ud" lemma="ud" pos="N" label="day(light)">ud</w>
<w form="nam" lemma="nam" pos="N" label="destiny">nam</w>
<w form="kur-kur-ra" lemma="kur" pos="N" label="(mountain) land" form-type="RR">kur-kur-<damage/>ra</w>
<damageEnd/>
<supplied/>
<w form="ba-tar-ra" lemma="tar" pos="V" label="to cut">ba-tar-ra</w>
<suppliedEnd/>
</l>
<l n="175" id="c24205.175" corresp="t24205.p15">
<w form="lugal" lemma="lugal" pos="N" label="king">lugal</w>
<w form="cag4" lemma="cag4" pos="N" label="heart">cag4</w>
<w form="gal-la-na" lemma="gal" pos="V" label="to be big">gal-la-na</w>
<supplied/>
<w form="&X;" lemma="&X;" label="&X;">&X;</w>
<suppliedEnd/>
</l>
<l n="176" id="c24205.176" corresp="t24205.p15">
<w form="hi-li-a" lemma="hi-li" pos="N" label="attractiveness">hi-li-a</w>
<w form="&d;en-lil2" lemma="en-lil2" pos="N" type="DN" label="Enlil" det="&d;">&d;en-lil2</w>
<w form="&d;nin-lil2" lemma="nin-lil2" pos="N" type="DN" label="Ninlil" det="&d;">&d;<damage/>nin<damageEnd/>-<supplied/>lil2<suppliedEnd/></w>
<supplied/>
<w form="&X;" lemma="&X;" label="&X;">&X;</w>
<suppliedEnd/>
</l>
<l n="177" id="c24205.177" corresp="t24205.p15">
<w form="zi" lemma="zi" pos="N" label="life (breath)">zi</w>
<w form="ki-en-gi" lemma="ki-en-gi" pos="N" type="GN" label="Sumer">ki-en-gi</w>
<w form="ki-uri-ce3" lemma="ki-uri" pos="N" type="GN" label="Akkad">ki-uri-ce3</w>
<supplied/>
<w form="&X;" lemma="&X;" label="&X;">&X;</w>
<suppliedEnd/>
</l>
<l n="178" id="c24205.178" corresp="t24205.p15">
<w form="kalam-e" lemma="kalam" pos="N" label="the Land">kalam-e</w>
<w form="nij2-gen6-na" lemma="nij2-gen6-na" pos="N" label="constancy">nij2-gen6-na</w>
<supplied/>
<w form="&X;" lemma="&X;" label="&X;">&X;</w>
<suppliedEnd/>
</l>
<l n="179" id="c24205.179" corresp="t24205.p15">
<w form="eg2" lemma="eg2" pos="N" label="embankment">eg2</w>
<w form="nu-mu-na-ak-a" lemma="ak" pos="V" label="to do">nu-mu-na-ak-a</w>
<supplied/>
<w form="&X;" lemma="&X;" label="&X;">&X;</w>
<suppliedEnd/>
</l>
<l n="180" id="c24205.180" corresp="t24205.p15">
<w form="iri" lemma="iri" pos="N" label="town">iri</w>
<w form="nu-mu-gul-a" lemma="gul" pos="V" label="to destroy">nu-mu-gul-a</w>
<supplied/>
<w form="&X;" lemma="&X;" label="&X;">&X;</w>
<suppliedEnd/>
</l>
<l n="181" id="c24205.181" corresp="t24205.p15">
<w form="kur" lemma="kur" pos="N" label="(mountain) land">kur</w>
<w form="gal" lemma="gal" pos="V" label="to be big">gal</w>
<w form="idim-ma" lemma="idim" pos="N" label="underground water">idim-ma</w>
<w form="ki" lemma="ki" pos="N" label="place">ki</w>
<supplied/>
<w form="&X;" lemma="&X;" label="&X;">&X;</w>
<suppliedEnd/>
</l>
<l n="182" id="c24205.182" corresp="t24205.p15">
<w form="zag-ba" lemma="zag" pos="N" label="side">zag-ba</w>
<w form="ki" lemma="ki" pos="N" label="place">ki</w>
<w form="gal-gal" lemma="gal" pos="V" label="to be big" form-type="RR">gal-gal</w>
<damage/>
<w form="BA" lemma="BA" label="BA"><unclear cert="qry">BA</unclear></w>
<damageEnd/>
<supplied/>
<w form="&X;" lemma="&X;" label="&X;">&X;</w>
<suppliedEnd/>
</l>
<l n="183" id="c24205.183" corresp="t24205.p15">
<w form="dijir" lemma="dijir" pos="N" label="deity">dijir</w>
<w form="e2-gal-la" lemma="e2-gal" pos="N" label="palace">e2-gal-la</w>
<w form="nu-mu-X" lemma="X" label="X">nu-mu-X</w>
<supplied/>
<w form="&X;" lemma="&X;" label="&X;">&X;</w>
<suppliedEnd/>
</l>
<l n="184" id="c24205.184" corresp="t24205.p15">
<w form="&d;en-lil2-ra" lemma="en-lil2" pos="N" type="DN" label="Enlil" det="&d;">&d;en-lil2-ra</w>
<w form="saj" lemma="saj" pos="N" label="head">saj</w>
<w form="mu-ni-in-X" lemma="X" label="X">mu-ni-in-X</w>
<supplied/>
<w form="&X;" lemma="&X;" label="&X;">&X;</w>
<suppliedEnd/>
</l>
<l n="185" id="c24205.185" corresp="t24205.p15">
<w form="e2-kur-re" lemma="e2-kur" pos="N" type="TN" label="E-kur">e2-kur-re</w>
<w form="nij2" lemma="nij2" pos="N" label="thing">nij2</w>
<w form="la-ba-gu-ul-gu-ul-la" lemma="gal" pos="V" label="to be big" form-type="RR">la-ba-gu-ul-gu-ul-la</w>
</l>
<l n="186" id="c24205.186" corresp="t24205.p15">
<w form="za-ra" lemma="za-ra" pos="N" label="(door) pivot">za-ra</w>
<w form="dijir-re-ne" lemma="dijir" pos="N" label="deity">dijir-re-ne</w>
<w form="nu-mu-e-X" lemma="X" label="X">nu-mu-e-X</w>
<w form="X" lemma="X" label="X">X</w>
</l>
<l n="187" id="c24205.187" corresp="t24205.p15">
<w form="cir3" lemma="cir3" pos="N" label="song">cir3</w>
<w form="me" lemma="me" pos="N" label="essence">me</w>
<w form="ca-mu-da-dug4-ga" lemma="dug4" pos="V" label="to say">ca-mu-da-dug4-ga</w>
<w form="X" lemma="X" label="X">X</w>
<supplied/>
<w form="&X;" lemma="&X;" label="&X;">&X;</w>
<suppliedEnd/>
</l>
<l n="188" id="c24205.188" corresp="t24205.p15">
<w form="a-a-ar-ra-na" lemma="ar2" pos="N" label="praise">a-a-ar-ra-na</w>
<w form="a-na" lemma="a-na" pos="PD" type="nominal-relative" label="what(ever)">a-na</w>
<w form="ak-a-bi" lemma="ak" pos="V" label="to do">ak-<supplied/>a-bi</w>
<w form="&X;" lemma="&X;" label="&X;">&X;</w>
<suppliedEnd/>
</l>
<l n="189" id="c24205.189" corresp="t24205.p15">
<w form="inim-ma-na" lemma="inim" pos="N" label="word">inim-ma-na</w>
<w form="a-na" lemma="a-na" pos="PD" type="nominal-relative" label="what(ever)">a-na</w>
<w form="ki" lemma="ki" pos="N" label="place">ki</w>
<w form="cu" lemma="cu" pos="N" label="hand">cu</w>
<w form="tag-ga-bi" lemma="tag" pos="V" label="to touch">tag-ga-<supplied/>bi</w>
<w form="&X;" lemma="&X;" label="&X;">&X;</w>
<suppliedEnd/>
</l>
<l n="190" id="c24205.190" corresp="t24205.p15">
<w form="nar-re" lemma="nar" pos="N" label="musician">nar-re</w>
<w form="en3-du-ni-ce3" lemma="en3-du" pos="N" label="song">en3-du-ni-ce3</w>
<supplied/>
<w form="&X;" lemma="&X;" label="&X;">&X;</w>
<suppliedEnd/>
</l>
<l n="191" id="c24205.191" corresp="t24205.p16">
<w form="je26" lemma="je26" pos="PD" type="personal" label="I">je26</w>
<w form="cul-gi" lemma="cul-gi" pos="N" type="RN" label="&C;ulgi">cul-gi</w>
<damage/>
<w form="lugal" lemma="lugal" pos="N" label="king">lugal</w>
<damageEnd/>
<supplied/>
<w form="&X;" lemma="&X;" label="&X;">&X;</w>
<suppliedEnd/>
</l>
<l n="192" id="c24205.192" corresp="t24205.p16">
<w form="u2-a" lemma="u2-a" pos="N" label="provisioner">u2-a</w>
<w form="an" lemma="an" pos="N" type="DN" label="An">an</w>
<w form="kug-ga" lemma="kug" pos="AJ" label="shining">kug-ga</w>
<damage/>
<w form="nidba" lemma="nidba" pos="N" label="(food) offering">nidba</w>
<damageEnd/>
<supplied/>
<w form="&X;" lemma="&X;" label="&X;">&X;</w>
<suppliedEnd/>
</l>
<l n="193" id="c24205.193" corresp="t24205.p16">
<w form="saj" lemma="saj" pos="N" label="head">saj</w>
<w form="us2" lemma="us2" pos="V" label="to be adjacent">us2</w>
<w form="&d;en-lil2" lemma="en-lil2" pos="N" type="DN" label="Enlil" det="&d;">&d;en-lil2</w>
<damage/>
<w form="an" lemma="an" pos="N" label="heaven"><unclear cert="qry">an</unclear></w>
<damageEnd/>
<supplied/>
<w form="&X;" lemma="&X;" label="&X;">&X;</w>
<suppliedEnd/>
</l>
<l n="194" id="c24205.194" corresp="t24205.p16">
<w form="&d;nanna" lemma="nanna" pos="N" type="DN" label="Nanna" det="&d;">&d;nanna</w>
<w form="A" lemma="A" label="A">A</w>
<w form="X" lemma="X" label="X">X</w>
<w form="DA" lemma="DA" label="DA">DA</w>
<w form="nam-en" lemma="nam-en" pos="N" label="high (priestly) office">nam-<damage/>en</w>
<damageEnd/>
<supplied/>
<w form="&X;" lemma="&X;" label="&X;">&X;</w>
<suppliedEnd/>
</l>
<l n="195" id="c24205.195" corresp="t24205.p16">
<w form="ensi2" lemma="ensi2" pos="N" label="(city) ruler">ensi2</w>
<w form="&d;en-lil2-la2" lemma="en-lil2" pos="N" type="DN" label="Enlil" det="&d;">&d;en-lil2-la2</w>
<w form="&d;nin-urta-ke4" lemma="nin-urta" pos="N" type="DN" label="Ninurta" det="&d;">&d;<damage/>nin<damageEnd/>-<supplied/>urta<suppliedEnd/>-ke4</w>
</l>
<l n="196" id="c24205.196" corresp="t24205.p16">
<w form="cita2" lemma="cita2" pos="N" label="type of weapon">cita2</w>
<w form="&jic;mitum" lemma="mitum" pos="N" label="type of weapon" det="&jic;">&jic;mitum</w>
<w form="e2-cu-me-ca4-ta" lemma="e2-cu-me-ca4" pos="N" type="TN" label="E-&c;u-me-&c;a">e2-cu-me-ca4-ta</w>
<w form="ma-an-cum2" lemma="cum2" pos="V" label="to give">ma-an-cum2</w>
</l>
<l n="197" id="c24205.197" corresp="t24205.p16">
<w form="numun" lemma="numun" pos="N" label="seed">numun</w>
<w form="nam-lu2-ulu3" lemma="nam-lu2-ulu3" pos="N" label="humanity">nam-lu2-ulu3</w>
<w form="ba-i-i-ta" lemma="i" pos="V" label="to bring out" form-type="RR">ba-i-i-ta</w>
</l>
<l n="198" id="c24205.198" corresp="t24205.p16">
<w form="lugal" lemma="lugal" pos="N" label="king">lugal</w>
<w form="dili-ni" lemma="dili" pos="AJ" label="single">dili-ni</w>
<w form="ugnim" lemma="ugnim" pos="N" label="troops">ugnim</w>
<w form="gen6-na-ar" lemma="gen6" pos="V" label="to be firm">gen6-na-ar</w>
</l>
<l n="199" id="c24205.199" corresp="t24205.p16">
<w form="&d;en-lil2-le" lemma="en-lil2" pos="N" type="DN" label="Enlil" det="&d;">&d;en-lil2-le</w>
<w form="jidru" lemma="jidru" pos="N" label="sceptre">jidru</w>
<w form="nam-lugal-la2" lemma="nam-lugal" pos="N" label="kingship">nam-lugal-la2</w>
<w form="nu-mu-na-ta-an-cum2" lemma="cum2" pos="V" label="to give">nu-mu-na-ta-an-cum2</w>
</l>
<l n="200" id="c24205.200" corresp="t24205.p16">
<w form="dur3" lemma="dur3" pos="N" label="young donkey">dur3</w>
<w form="dili-ni" lemma="dili" pos="AJ" label="single">dili-ni</w>
<w form="&jic;tukul-la" lemma="tukul" pos="N" label="weapon" bound="L,ak" det="&jic;">&jic;tukul-la</w>
<w form="gaba" lemma="gaba" pos="N" label="chest">gaba</w>
<w form="ri-a" lemma="ri" pos="V" label="to direct">ri-a</w>
</l>
<l n="201" id="c24205.201" corresp="t24205.p16">
<w form="ud" lemma="ud" pos="N" label="day(light)">ud</w>
<w form="na-me" lemma="na-me" pos="PD" type="indefinite" label="any">na-me</w>
<w form="lugal" lemma="lugal" pos="N" label="king">lugal</w>
<w form="kalam-ma-ke4" lemma="kalam" pos="N" label="the Land">kalam-ma-ke4</w>
<w form="&jic;tukul-ce3" lemma="tukul" pos="N" label="weapon" bound="L,ece" det="&jic;">&jic;tukul-ce3</w>
<w form="nu-gi4" lemma="gi4" pos="V" label="to return">nu-gi4</w>
</l>
<l n="202" id="c24205.202" corresp="t24205.p17">
<w form="a2" lemma="a2" pos="N" label="arm">a2</w>
<w form="lugal-ju10" lemma="lugal" pos="N" label="king">lugal-ju10</w>
<w form="&d;en-lil2-la2-ta" lemma="en-lil2" pos="N" type="DN" label="Enlil" det="&d;">&d;en-lil2-la2-ta</w>
</l>
<l n="203" id="c24205.203" corresp="t24205.p17">
<w form="mu-ju10" lemma="mu" pos="N" label="name">mu-ju10</w>
<w form="an-zag-ce3" lemma="an-zag" pos="N" label="border of heaven">an-zag-ce3</w>
<w form="ja2-ja2-de3" lemma="jar" pos="V" label="to place" form-type="rr">ja2-ja2-de3</w>
</l>
<l n="204" id="c24205.204" corresp="t24205.p17">
<w form="a-a-ar" lemma="a-a" pos="N" label="father">a-a-ar</w>
<w form="da-ri2" lemma="da-ri2" pos="AJ" label="eternal">da-ri2</w>
<w form="nam-gu2-ka-ju10" lemma="nam-gu2-ka" pos="N" label="submission">nam-gu2-ka-ju10</w>
</l>
<l n="205" id="c24205.205" corresp="t24205.p17">
<w form="ud" lemma="ud" pos="N" label="day(light)">ud</w>
<w form="su3-ra2-ac" lemma="sud" pos="V" label="to be distant">su3-ra2-ac</w>
<w form="cu-a" lemma="cu" pos="N" label="hand">cu-a</w>
<w form="bal-e-de3" lemma="bal" pos="V" label="to turn over">bal-e-de3</w>
</l>
<l n="206" id="c24205.206" corresp="t24205.p17">
<w form="ki-bal" lemma="ki-bal" pos="N" label="rebel land">ki-bal</w>
<w form="gu2-erim2-jal2" lemma="gu2-erim2-jal2" pos="AJ" label="hostile">gu2-erim2-jal2</w>
<w form="kur" lemma="kur" pos="N" label="(mountain) land">kur</w>
<w form="a2-ta" lemma="a2" pos="N" label="arm">a2-ta</w>
<w form="ri-a" lemma="ri" pos="V" label="to direct">ri-a</w>
</l>
<l n="207" id="c24205.207" corresp="t24205.p17">
<w form="nemurx" lemma="nemurx" pos="N" label="leopard">nemurx(PIRIJ.TUR)</w>
<w form="huc-gin7" lemma="huc" pos="V" label="to be reddish">huc-gin7</w>
<w form="cubtum3" lemma="cubtum6" pos="N" label="dwelling">cubtum3</w>
<w form="la-ba-ja2-ar" lemma="jar" pos="V" label="to place">la-ba-ja2-ar</w>
</l>
<l n="208" id="c24205.208" corresp="t24205.p17">
<w form="muc-jiri2-gin7-nam" lemma="muc-jiri2" pos="N" label="fanged snake">muc-jiri2-gin7-nam</w>
<w form="dun-ta" lemma="dun" pos="N" label="hole">dun-ta</w>
<w form="la-jen-ne-en" lemma="jen" pos="V" label="to go">la-jen-ne-en</w>
</l>
<l n="209" id="c24205.209" corresp="t24205.p17">
<w form="ama" lemma="ama" pos="N" label="mother">ama</w>
<w form="erin2-na-ju10" lemma="erin2" pos="N" label="group of people">erin2-na-ju10</w>
<w form="a2-ja2" lemma="a2" pos="N" label="arm">a2-ja2</w>
<w form="bi2-taka4" lemma="taka4" pos="V" label="to leave behind">bi2-taka4</w>
</l>
<l n="210" id="c24205.210" corresp="t24205.p17">
<w form="igi" lemma="igi" pos="N" label="eye">igi</w>
<w form="bar-ra-ju10" lemma="bar" pos="V" label="to set aside">bar-ra-ju10</w>
<w form="saj" lemma="saj" pos="N" label="head">saj</w>
<w form="ba-dib" lemma="dib" pos="V" label="to pass">ba-dib</w>
</l>
<l n="211" id="c24205.211" corresp="t24205.p17">
<w form="ma-da" lemma="ma-da" pos="N" label="land">ma-da</w>
<w form="gu-ti-um&ki;-ma" lemma="gu-ti-um" pos="N" type="GN" label="Gutium" det="&ki;">gu-ti-<corr resp="scrOm"/>um&ki;<corrEnd/>-ma</w>
<w form="sa-ga" lemma="sa-gaz" pos="N" label="brigand">sa-ga</w>
<w form="hur-saj-ja2-ka" lemma="hur-saj" pos="N" label="mountain (range)">hur-saj-ja2-ka</w>
</l>
<l n="212" id="c24205.212" corresp="t24205.p17">
<w form="muc" lemma="muc" pos="N" label="snake">muc</w>
<w form="mir-gin7" lemma="mir" pos="V" label="to rage">mir-gin7</w>
<w form="ba-gi4-me-en" lemma="gi4" pos="V" label="to return">ba-gi4-me-en</w>
<w form="ni2-ju10" lemma="ni2" pos="N" label="fear(someness)">ni2-ju10</w>
<w form="a2" lemma="a2" pos="N" label="arm">a2</w>
<w form="bi2-su13-ud" lemma="sud" pos="V" label="to be distant">bi2-su13-ud</w>
</l>
<l n="213" id="c24205.213" corresp="t24205.p18">
<w form="erin2" lemma="erin2" pos="N" label="group of people">erin2</w>
<w form="zi-cag4-jal2-la-ju10" lemma="zi-cag4-jal2" pos="AJ" label="life-giving">zi-cag4-jal2-la-ju10</w>
<w form="na-me" lemma="na-me" pos="PD" type="indefinite" label="any">na-me</w>
<w form="na-ma-da-an-te" lemma="te" pos="V" label="to approach">na-ma-da-an-te</w>
</l>
<l n="214" id="c24205.214" corresp="t24205.p18">
<w form="saj-dili-gin7" lemma="saj-dili" pos="N" label="single">saj-dili-gin7</w>
<w form="kur" lemma="kur" pos="N" label="(mountain) land">kur</w>
<w form="ki" lemma="ki" pos="N" label="place">ki</w>
<w form="nu-zu-na" lemma="zu" pos="V" label="to know">nu-zu-na</w>
<w form="dub3" lemma="dub3" pos="N" label="knee">dub3</w>
<w form="cu" lemma="cu" pos="N" label="hand">cu</w>
<w form="bar" lemma="bar" pos="V" label="to set aside">bar</w>
</l>
<l n="215" id="c24205.215" corresp="t24205.p18">
<w form="pirij" lemma="pirij" pos="N" label="lion">pirij</w>
<w form="umbin-ce-ba" lemma="umbin-ce-ba" pos="N" label="claw">umbin-ce-ba</w>
<w form="sumun2" lemma="sumun2" pos="N" label="wild cow">sumun2</w>
<w form="dab5-dab5-gin7" lemma="dab5" pos="V" label="to seize" form-type="RR">dab5-dab5-gin7</w>
<w form="uzu-bi" lemma="uzu" pos="N" label="flesh">uzu-bi</w>
<w form="ab-gul-e" lemma="gul" pos="V" label="to destroy">ab-gul-e</w>
</l>
<l n="216" id="c24205.216" corresp="t24205.p18">
<w form="ucum" lemma="ucum" pos="N" label="type of snake">ucum</w>
<w form="dili" lemma="dili" pos="AJ" label="single">dili</w>
<w form="du-gin7" lemma="jen" pos="V" label="to go" form-type="isg">du-gin7</w>
<w form="ni2" lemma="ni2" pos="N" label="fear(someness)">ni2</w>
<w form="mu-da-ri" lemma="ri" pos="V" label="to direct">mu-da-ri</w>
</l>
<l n="217" id="c24205.217" corresp="t24205.p18">
<w form="iri" lemma="iri" pos="N" label="town">iri</w>
<w form="du3-du3-a" lemma="du3" pos="V" label="to erect" form-type="RR">du3-du3-a</w>
<w form="jal2" lemma="jal2" pos="V" label="to be (located)">jal2</w>
<w form="saj-ju10" lemma="saj" pos="N" label="head">saj-ju10</w>
<w form="ba-us2" lemma="us2" pos="V" label="to be adjacent">ba-us2</w>
</l>
<l n="218" id="c24205.218" corresp="t24205.p18">
<w form="&d;gir3-ra-gin7" lemma="gira2" pos="N" type="DN" label="Gira" det="&d;">&d;gir3-ra-gin7</w>
<w form="gu3" lemma="gu3" pos="N" label="voice">gu3</w>
<w form="mir-a" lemma="mir" pos="V" label="to rage">mir-a</w>
<w form="mu-dub2" lemma="dub2" pos="V" label="to tremble">mu-dub2</w>
</l>
<l n="219" id="c24205.219" corresp="t24205.p18">
<w form="za-pa-aj2" lemma="za-pa-aj2" pos="N" label="noise">za-pa-aj2</w>
<w form="cag4" lemma="cag4" pos="N" label="heart">cag4</w>
<w form="ni2" lemma="ni2" pos="N" label="fear(someness)">ni2</w>
<w form="te-te" lemma="te" pos="V" label="to approach" form-type="RR">te-te</w>
<w form="izi" lemma="izi" pos="N" label="fire">izi</w>
<w form="u3-bu-bu-ul-bi" lemma="u3-bu-bu-ul" pos="N" label="flame">u3-bu-bu-ul-bi</w>
<w form="hur-saj-ja2" lemma="hur-saj" pos="N" label="mountain (range)">hur-saj-ja2</w>
<w form="ba-an-cub" lemma="cub" pos="V" label="to fall">ba-an-cub</w>
</l>
<l n="220" id="c24205.220" corresp="t24205.p19">
<w form="ki-bal-e" lemma="ki-bal" pos="N" label="rebel land">ki-bal-e</w>
<w form="inim" lemma="inim" pos="N" label="word">inim</w>
<w form="la-ba-gub-gub-ba" lemma="gub" pos="V" label="to stand" form-type="RR">la-ba-gub-gub-ba</w>
<w form="cu-nir" lemma="cu-nir" pos="N" label="(divine) standard">cu-nir</w>
<w form="la-ba-il2-la" lemma="il2" pos="V" label="to raise">la-ba-il2-la</w>
</l>
<l n="221" id="c24205.221" corresp="t24205.p19">
<w form="me3-ju10" lemma="me3" pos="N" label="battle">me3-ju10</w>
<w form="an-ur2" lemma="an-ur2" pos="N" label="horizon">an-ur2</w>
<w form="dungu" lemma="dungu" pos="N" label="cloud">dungu</w>
<w form="jal2-la" lemma="jal2" pos="V" label="to be (located)">jal2-la</w>
<w form="u2-sa11-an" lemma="u2-sa11-an" pos="N" label="evening">u2-sa11-an</w>
<w form="ni2" lemma="ni2" pos="N" label="fear(someness)">ni2</w>
<w form="gu2" lemma="gu2" pos="N" label="neck">gu2</w>
<w form="e3" lemma="e3" pos="V" label="to go out or in">e3</w>
</l>
<l n="222" id="c24205.222" corresp="t24205.p19">
<w form="kur-re" lemma="kur" pos="N" label="(mountain) land">kur-re</w>
<w form="tir" lemma="tir" pos="N" label="forest">tir</w>
<w form="&jic;dehi2-gin7" lemma="dehi3" pos="N" label="type of plant" det="&jic;">&jic;<unclear cert="qry">dehi2</unclear>-gin7</w>
<w form="la-ba-mu2-a" lemma="mu2" pos="V" label="to grow">la-ba-mu2-a</w>
</l>
<l n="223" id="c24205.223" corresp="t24205.p19">
<w form="ki-cu" lemma="ki-cu" pos="N" label="cult place">ki-cu</w>
<distinct type="emesal">
<w form="mar-za" lemma="jarza" pos="N" label="rite" emesal="mar-za">mar-za</w>
</distinct>
<w form="&d;inana-ka" lemma="inana" pos="N" type="DN" label="Inana" det="&d;">&d;inana-ka</w>
</l>
<l n="224" id="c24205.224" corresp="t24205.p19">
<w form="&jic;ilar" lemma="ilar" pos="N" label="throwing stick" det="&jic;">&jic;ilar</w>
<w form="&kuc;gur21" lemma="gur21" pos="N" label="shield" det="&kuc;">&kuc;gur21</w>
<w form="ud" lemma="ud" pos="N" label="storm">ud</w>
<w form="gal-gin7" lemma="gal" pos="V" label="to be big">gal-gin7</w>
<w form="ki" lemma="ki" pos="N" label="place">ki</w>
<w form="la-ba-ni-us2-a" lemma="us2" pos="V" label="to be adjacent">la-ba-ni-us2-a</w>
</l>
<l n="225" id="c24205.225" corresp="t24205.p19">
<w form="&jic;tukul-e" lemma="tukul" pos="N" label="weapon" bound="L,e" det="&jic;">&jic;tukul-e</w>
<w form="lah4" lemma="de6" pos="V" label="to carry" form-type="pl">lah4</w>
<w form="lipic" lemma="lipic" pos="N" label="inner body">lipic</w>
<w form="me3-a" lemma="me3" pos="N" label="battle">me3-a</w>
<w form="a2" lemma="a2" pos="N" label="arm">a2</w>
<w form="nu-kuc2-a-na" lemma="kuc2" pos="V" label="to be tired">nu-kuc2-a-na</w>
<w form="gig-bi" lemma="gig" pos="V" label="to be ill">gig-bi</w>
<w form="li-bi2-nu2-a" lemma="nu2" pos="V" label="to lie down">li-bi2-<unclear cert="qry">nu2</unclear>-a</w>
</l>
<l n="226" id="c24205.226" corresp="t24205.p19">
<w form="kurun3" lemma="kurun3" pos="N" label="gore">kurun3</w>
<w form="u3-mun" lemma="u3-mun" pos="N" label="blood">u3-mun</w>
<w form="saj" lemma="saj" pos="N" label="head">saj</w>
<w form="lul" lemma="lul" pos="V" label="to be false">lul</w>
<w form="saj" lemma="saj" pos="N" label="head">saj</w>
<w form="zid-da" lemma="zid" pos="AJ" label="right">zid-da</w>
<w form="IM" lemma="IM" label="IM">IM</w>
<w form="UD" lemma="UD" label="UD">UD</w>
<w form="KA" lemma="KA" label="KA">KA</w>
<w form="NE-NE" lemma="NE" label="NE" form-type="RR">NE-NE</w>
</l>
<l n="227" id="c24205.227" corresp="t24205.p19">
<w form="dungu" lemma="dungu" pos="N" label="cloud">dungu</w>
<w form="dirig-ga-gin7" lemma="dirig" pos="V" label="to be superior">dirig-ga-gin7</w>
<w form="u8" lemma="u8" pos="N" label="ewe">u8</w>
<w form="gig2" lemma="gig2" pos="V" label="to be black">gig2</w>
<w form="kur-ra" lemma="kur" pos="N" label="(mountain) land">kur-ra</w>
<w form="saj" lemma="saj" pos="N" label="head">saj</w>
<w form="nu-mu-ni-in-bal-a" lemma="bal" pos="V" label="to turn over">nu-mu-ni-in-bal-a</w>
</l>
<l n="228" id="c24205.228" corresp="t24205.p19">
<w form="ad6" lemma="ad6" pos="N" label="corpse">ad6</w>
<w form="jic-gi-a" lemma="jic-gi" pos="N" label="reedbed">jic-gi-a</w>
<w form="ki-in-dar-ra" lemma="ki-in-dar" pos="N" label="crevice">ki-in-dar-<supplied/>ra</w>
<w form="&X;" lemma="&X;" label="&X;">&X;</w>
<suppliedEnd/>
</l>
<l n="229" id="c24205.229" corresp="t24205.p19">
<w form="KU" lemma="KU" label="KU"><unclear cert="qry">KU</unclear></w>
<w form="BU" lemma="BU" label="BU">BU</w>
<w form="UL" lemma="UL" label="UL">UL</w>
<w form="TAR-TAR-a-gin7" lemma="TAR" label="TAR" form-type="RR">TAR-TAR-a-gin7</w>
<w form="KA" lemma="KA" label="KA">KA</w>
<w form="U2" lemma="U2" label="U&s2;">U2</w>
<w form="GI" lemma="GI" label="GI">GI</w>
<w form="X" lemma="X" label="X">X</w>
<supplied/>
<w form="&X;" lemma="&X;" label="&X;">&X;</w>
<suppliedEnd/>
</l>
<l n="230" id="c24205.230" corresp="t24205.p19">
<w form="muc-jiri2" lemma="muc-jiri2" pos="N" label="fanged snake">muc-jiri2</w>
<w form="edin-na-ke4" lemma="edin" pos="N" label="open country">edin-na-ke4</w>
<w form="ur5-ce3" lemma="ur5" pos="PD" type="demonstrative" label="that">ur5-ce3</w>
<w form="la-ba-ab-ak" lemma="ak" pos="V" label="to do">la-ba-ab-ak</w>
<w form="X" lemma="X" label="X">X</w>
</l>
<l n="231" id="c24205.231" corresp="t24205.p19">
<w form="ki-tukum-ce3" lemma="ki-tukum-ce3" pos="AV" label="shortly">ki-tukum-ce3</w>
<w form="ejer" lemma="ejer" pos="N" label="back">ejer</w>
<w form="ud-da" lemma="ud" pos="N" label="day(light)">ud-da</w>
<w form="nu-e-zig3" lemma="zig3" pos="V" label="to rise">nu-e-<damage/><unclear cert="qry">zig3</unclear></w>
<damageEnd/>
<supplied/>
<w form="X" lemma="X" label="X">X</w>
<suppliedEnd/>
</l>
<l n="232" id="c24205.232" corresp="t24205.p19">
<w form="hul-du" lemma="hul-du" pos="AJ" label="wicked">hul-du</w>
<w form="gu2-erim2-jal2" lemma="gu2-erim2-jal2" pos="AJ" label="hostile">gu2-erim2-jal2</w>
<w form="a2" lemma="a2" pos="N" label="arm">a2</w>
<w form="&jic;tukul-la-bi" lemma="tukul" pos="N" label="weapon" bound="L,ak.bi" det="&jic;">&jic;tukul-la-bi</w>
<w form="izi" lemma="izi" pos="N" label="fire"><unclear cert="qry">izi</unclear></w>
<w form="ir-pag" lemma="ir-pag" pos="N" label="plot">ir-pag</w>
<w form="nu-&X;" lemma="&X;" label="&X;"><unclear cert="qry">nu</unclear>-<supplied/>&X;</w>
<suppliedEnd/>
</l>
<l n="233" id="c24205.233" corresp="t24205.p19">
<w form="jiri3" lemma="jiri3" pos="N" label="foot">jiri3</w>
<w form="suh3-a" lemma="suh3" pos="V" label="to blur">suh3-a</w>
<w form="har-ra-an" lemma="har-ra-an" pos="N" label="route">har-ra-an</w>
<w form="amar-gin7" lemma="amar" pos="N" label="calf"><unclear cert="qry">amar</unclear>-gin7</w>
<w form="ku5-ra2" lemma="kud" pos="V" label="to cut">ku5-ra2</w>
</l>
<l n="234" id="c24205.234" corresp="t24205.p19">
<w form="ma-da" lemma="ma-da" pos="N" label="land">ma-da</w>
<w form="gu-ti-um&ki;-ma" lemma="gu-ti-um" pos="N" type="GN" label="Gutium" det="&ki;">gu-ti-um&ki;-ma</w>
<w form="&jic;mu-bu-um-gin7" lemma="mu-bu-um" pos="N" label="type of tree" det="&jic;">&jic;mu-bu-um-gin7</w>
<w form="mu-gam" lemma="gam" pos="V" label="to bow down">mu-gam</w>
</l>
<l n="235" id="c24205.235" corresp="t24205.p19">
<w form="kur-re" lemma="kur" pos="N" label="(mountain) land">kur-re</w>
<w form="ni2-bi" lemma="ni2" pos="N" label="fear(someness)">ni2-bi</w>
<w form="cag4" lemma="cag4" pos="N" label="heart">cag4</w>
<w form="ma-nijin2-nijin2-ne-ec" lemma="nijin2" pos="V" label="to go around" form-type="RR">ma-nijin2-nijin2-ne-ec</w>
<w form="gu2-ba" lemma="gu2" pos="N" label="neck">gu2-ba</w>
<w form="jiri3" lemma="jiri3" pos="N" label="foot">jiri3</w>
<w form="bi2-gub" lemma="gub" pos="V" label="to stand">bi2-gub</w>
</l>
<l n="236" id="c24205.236" corresp="t24205.p19">
<w form="dili-ni" lemma="dili" pos="AJ" label="single">dili-ni</w>
<w form="iri" lemma="iri" pos="N" label="town">iri</w>
<w form="a2-na" lemma="a2" pos="N" label="arm">a2-na</w>
<w form="lah6-me-en" lemma="de6" pos="V" label="to carry" form-type="pl">lah6-me-en</w>
</l>
<l n="237" id="c24205.237" corresp="t24205.p19">
<w form="kalag-ga" lemma="kalag" pos="V" label="to be strong">kalag-ga</w>
<w form="mi2" lemma="mi2" pos="N" label="(loving) care">mi2</w>
<w form="&jic;tukul-la" lemma="tukul" pos="N" label="weapon" bound="L,ak" det="&jic;">&jic;tukul-la</w>
<w form="dug4-ga-me-en" lemma="dug4" pos="V" label="to say">dug4-ga-me-en</w>
</l>
<l n="238" id="c24205.238" corresp="t24205.p19">
<w form="mu" lemma="mu" pos="N" label="name">mu</w>
<w form="gi16-sa" lemma="gi16-sa" pos="N" label="(everlasting) treasure">gi16-sa</w>
<w form="inim" lemma="inim" pos="N" label="word">inim</w>
<w form="cudu3-da" lemma="cudu3" pos="N" label="prayer">cudu3-da</w>
<w form="dug4" lemma="dug4" pos="V" label="to say">dug4</w>
<w form="am-gin7" lemma="am" pos="N" label="wild bull">am-gin7</w>
<w form="rib-ba-me-en" lemma="rib" pos="V" label="to be outstanding">rib-ba-me-en</w>
</l>
<l n="239" id="c24205.239" corresp="t24205.p19">
<phr type="VP" lemma="si sa2" label="to make straight">
<w form="si" lemma="si" pos="N" label="horn">si</w>
<w form="sa2" lemma="sa2" pos="V" label="to equal">sa2</w>
</phr>
<w form="lu2" lemma="lu2" pos="N" label="person">lu2</w>
<w form="dug3-ga" lemma="dug3" pos="V" label="to be good">dug3-ga</w>
<w form="kalam-ma-me-en" lemma="kalam" pos="N" label="the Land">kalam-ma-me-en</w>
</l>
<l n="240" id="c24205.240" corresp="t24205.p20">
<w form="en3-du-ju10" lemma="en3-du" pos="N" label="song">en3-du-ju10</w>
<w form="ka-ga14" lemma="ka" pos="N" label="mouth">ka-ga14</w>
<w form="he2-jal2" lemma="he2-jal2" pos="N" label="plenty">he2-jal2</w>
</l>
<l n="241" id="c24205.241" corresp="t24205.p20">
<w form="cir3-ju10" lemma="cir3" pos="N" label="song">cir3-ju10</w>
<w form="jectug2-ge" lemma="jectug2" pos="N" label="ear">jectug2-ge</w>
<w form="na-an-dib-be2" lemma="dib" pos="V" label="to pass">na-an-dib-be2</w>
</l>
<l n="242" id="c24205.242" corresp="t24205.p20">
<w form="gu-kur" lemma="kurku2" pos="N" label="desire">gu-kur</w>
<w form="silim-ec2" lemma="silim" pos="V" label="to be healthy">silim-ec2</w>
<w form="dug4-ga-ja2-kam" lemma="dug4" pos="V" label="to say">dug4-ga-ja2-kam</w>
</l>
<l n="243" id="c24205.243" corresp="t24205.p20">
<w form="inim" lemma="inim" pos="N" label="word">inim</w>
<w form="&d;en-ki-ke4" lemma="en-ki" pos="N" type="DN" label="Enki" det="&d;">&d;en-ki-ke4</w>
<w form="mu-ci-ja2-ja2-a-am3" lemma="jar" pos="V" label="to place" form-type="rr">mu-ci-ja2-ja2-a-am3</w>
</l>
<l n="244" id="c24205.244" corresp="t24205.p20">
<w form="hul2-hul2-e" lemma="hul2" pos="V" label="to be happy" form-type="RR">hul2-hul2-e</w>
<w form="cag4-ta" lemma="cag4" pos="N" label="heart">cag4-ta</w>
<w form="dug4" lemma="dug4" pos="V" label="to say">dug4</w>
<w form="tal2-tal2" lemma="tal2" pos="V" label="to be broad" form-type="RR">tal2-tal2</w>
<w form="&d;jectin-an-na-ka-kam" lemma="jectin-an-na" pos="N" type="DN" label="&G;e&c;tin-ana" det="&d;">&d;jectin-an-na-ka-kam</w>
</l>
<l n="245" id="c24205.245" corresp="t24205.p20">
<w form="ud" lemma="ud" pos="N" label="day(light)">ud</w>
<w form="ul-le2-a-ac" lemma="ul-le2-a" pos="N" label="distant time">ul-le2-a-ac</w>
<w form="nu-ha-lam-e-de3" lemma="ha-lam" pos="V" label="to be lost">nu-ha-lam-e-de3</w>
</l>
<l n="246" id="c24205.246" corresp="t24205.p20">
<w form="e2-JECTUG2.&d;NISABA" lemma="e2-JECTUG2.NISABA" pos="N" type="TN" label="E-&G;E&C;TUG.NISABA" det="&d;">e2-JECTUG2.&d;NISABA</w>
<w form="nij2-umun2-a" lemma="nij2-umun2-a" pos="N" label="example">nij2-umun2-a</w>
<w form="gal-gal" lemma="gal" pos="V" label="to be big" form-type="RR">gal-gal</w>
<w form="mu-bi-ce3" lemma="mu" pos="N" label="name">mu-bi-ce3</w>
<w form="mul-an" lemma="mul-an" pos="N" label="heavenly star">mul-an</w>
<w form="kug-gin7" lemma="kug" pos="AJ" label="shining">kug-gin7</w>
<w form="bi2-sar" lemma="sar" pos="V" label="to write">bi2-sar</w>
</l>
<l n="247" id="c24205.247" corresp="t24205.p20">
<w form="ud" lemma="ud" pos="N" label="day(light)">ud</w>
<w form="me-da" lemma="me-ta" pos="AV" label="type of time and place adverbial">me-da</w>
<w form="na-me" lemma="na-me" pos="PD" type="indefinite" label="any">na-me</w>
<w form="jectug2-ge" lemma="jectug2" pos="N" label="ear">jectug2-ge</w>
<w form="nij2" lemma="nij2" pos="N" label="thing">nij2</w>
<w form="la-ba-ab-dib-be2" lemma="dib" pos="V" label="to pass">la-ba-ab-dib-be2</w>
<supplied/>
<w form="&X;-bi" lemma="&X;" label="&X;">&X;<suppliedEnd/>-bi</w>
</l>
<l n="248" id="c24205.248" corresp="t24205.p20">
<w form="nu-ha-lam-e" lemma="ha-lam" pos="V" label="to be lost">nu-ha-lam-e</w>
<w form="mul-an" lemma="mul-an" pos="N" label="heavenly star">mul-an</w>
<w form="sag2" lemma="sag2" pos="V" label="to scatter">sag2</w>
<w form="nu-di" lemma="dug4" pos="V" label="to say" form-type="nfi">nu-di</w>
<w form="mu" lemma="mu" pos="N" label="name">mu</w>
<w form="da-ri2" lemma="da-ri2" pos="AJ" label="eternal">da-ri2</w>
<w form="mu-tuku2" lemma="tuku" pos="V" label="to have">mu-<unclear cert="qry">tuku2</unclear></w>
</l>
<l n="249" id="c24205.249" corresp="t24205.p20">
<w form="nar-e" lemma="nar" pos="N" label="musician">nar-e</w>
<w form="dub-sar" lemma="dub-sar" pos="N" label="scribe">dub-sar</w>
<w form="he2-en-ci-tum2" lemma="de6" pos="V" label="to carry" form-type="isg">he2-en-ci-tum2</w>
<w form="igi" lemma="igi" pos="N" label="eye">igi</w>
<w form="he2-en-ni-in-bar-re" lemma="bar" pos="V" label="to set aside">he2-en-ni-in-bar-re</w>
</l>
<l n="250" id="c24205.250" corresp="t24205.p20">
<w form="jectug2" lemma="jectug2" pos="N" label="ear">jectug2</w>
<w form="jizzal" lemma="jizzal" pos="N" label="hearing">jizzal</w>
<w form="&d;nisaba-ka-kam" lemma="nisaba" pos="N" type="DN" label="Nisaba" det="&d;">&d;nisaba-ka-kam</w>
</l>
<l n="251" id="c24205.251" corresp="t24205.p20">
<w form="dub" lemma="dub" pos="N" label="tablet">dub</w>
<w form="za-gin3-gin7" lemma="za-gin3" pos="N" label="lapis lazuli">za-gin3-gin7</w>
<w form="gu3" lemma="gu3" pos="N" label="voice">gu3</w>
<w form="he2-na-ta-de2-e" lemma="de2" pos="V" label="to pour">he2-<unclear cert="qry">na</unclear>-<unclear cert="qry">ta</unclear>-de2-e</w>
</l>
<l n="252" id="c24205.252" corresp="t24205.p20">
<w form="en3-du-ju10" lemma="en3-du" pos="N" label="song">en3-du-ju10</w>
<w form="kug" lemma="kug" pos="N" label="precious metal">kug</w>
<w form="ki-dar-ra-gin7" lemma="ki-in-dar" pos="N" label="crevice">ki-dar-ra-gin7</w>
<w form="pa" lemma="pa" pos="N" label="branch">pa</w>
<w form="he2-em-ta-e3-e3" lemma="e3" pos="V" label="to go out or in" form-type="RR">he2-em-ta-e3-e3</w>
</l>
<l n="253" id="c24205.253" corresp="t24205.p20">
<w form="ki-cu-ki-cu-ke4" lemma="ki-cu" pos="N" label="cult place" form-type="RR">ki-cu-ki-cu-ke4</w>
<w form="he2-em-ma-an-du12" lemma="du12" pos="V" label="to perform (music)">he2-em-ma-an-du12</w>
</l>
<l n="254" id="c24205.254" corresp="t24205.p20">
<w form="ec3" lemma="ec3" pos="N" label="shrine">ec3</w>
<w form="ud-sakar-ra" lemma="ud-sakar" pos="N" label="crescent (moon)">ud-sakar-ra</w>
<w form="na-me" lemma="na-me" pos="PD" type="indefinite" label="any">na-me</w>
<w form="na-an-taka4-taka4" lemma="taka4" pos="V" label="to leave behind" form-type="RR">na-an-taka4-taka4</w>
</l>
<l n="255" id="c24205.255" corresp="t24205.p20">
<w form="ja2" lemma="ja2" pos="N" label="house(hold)">ja2</w>
<w form="tigi" lemma="tigi" pos="N" label="type of instrument and composition">tigi</w>
<w form="&d;en-lil2" lemma="en-lil2" pos="N" type="DN" label="Enlil" det="&d;">&d;en-lil2</w>
<w form="&d;nin-lil2-la2-ke4" lemma="nin-lil2" pos="N" type="DN" label="Ninlil" det="&d;">&d;nin-lil2-la2-ke4</w>
</l>
<l n="256" id="c24205.256" corresp="t24205.p20">
<w form="kij2-sig" lemma="kij2-sig" pos="N" label="late afternoon meal">kij2-sig</w>
<w form="kij2-nim" lemma="kij2-nim" pos="N" label="morning meal">kij2-nim</w>
<w form="&d;nanna-ka" lemma="nanna" pos="N" type="DN" label="Nanna" det="&d;">&d;nanna-ka</w>
</l>
<l n="257" id="c24205.257" corresp="t24205.p20">
<w form="cul-gi-me-en" lemma="cul-gi" pos="N" type="RN" label="&C;ulgi">cul-gi-me-en</w>
<w form="za3-mi2-ju10" lemma="za3-mi2" pos="N" label="praise">za3-mi2-ju10</w>
<w form="dug3-ga" lemma="dug3" pos="V" label="to be good">dug3-ga</w>
<phr type="VP" lemma="muc3 de6" label="to cease">
<w form="muc3" lemma="muc3" pos="N" label="face">muc3</w>
<w form="nam-ba-an-tum2-mu" lemma="de6" pos="V" label="to carry" form-type="isg">nam-ba-an-tum2-mu</w>
</phr>
</l>
</body>
</text>
</TEI.2>
