<TEI.2 id="c.2.8.3.6">
<teiHeader lang="eng">
<fileDesc>
<titleStmt>
<title>A hymn to Enlil for Samsu-iluna (Samsu-iluna F) -- a composite transliteration</title>
<respStmt><name>Jeremy Black</name><resp>Project Director and Editor</resp></respStmt>
<respStmt><name>G&aacute;bor Z&oacute;lyomi</name><resp>Editor</resp></respStmt>
<respStmt><name>Graham Cunningham</name><resp>Editor</resp></respStmt>
<respStmt><name>Eleanor Robson</name><resp>Technical Developer</resp></respStmt>
<respStmt><name>Jarle Ebeling</name><resp>Technical Developer</resp></respStmt>
</titleStmt>
<publicationStmt>
<distributor>The Electronic Text Corpus of Sumerian Literature
</distributor><address><addrLine>The Oriental Institute, University of Oxford, Pusey Lane, Oxford OX1 2LE, UK, email etcsl&commat;orinst.ox.ac.uk, http://etcsl.orinst.ox.ac.uk</addrLine></address>
<date>1999</date>
</publicationStmt>
<seriesStmt><p>The Electronic Text Corpus of Sumerian Literature aims to make accessible over 400 literary works composed in the Sumerian language in ancient Mesopotamia during the late third and early second millennia BC. The works are in Sumerian composite transliteration and English prose translation with bibliographical information on each composition.</p></seriesStmt>
<sourceDesc>
<listBibl type="secondary">
<bibl><xref from="b308">Krecher 1996a</xref><biblScope type="contents">composite text, translation</biblScope><note>electronic source</note></bibl>
<bibl><xref from="b522">Alster and Walker 1989</xref><biblScope type="page">10-15</biblScope><biblScope type="contents">score transliteration, translation, handcopy, commentary</biblScope></bibl>
</listBibl>
<listBibl type="tablets">
<bibl><biblScope type="museumNumber">BM 96573</biblScope></bibl>
</listBibl>
</sourceDesc>
</fileDesc>
<revisionDesc>
<change><date>26.iii.1999-01.iv.1999</date><respStmt><name>JAB</name><resp>editor</resp></respStmt>
<item>standardisation</item></change>
<change><date>27.iv.1999</date><respStmt><name>JAB</name><resp>editor</resp></respStmt>
<item>minor corrections</item></change>
<change><date>06.v.1999</date><respStmt><name>GZ</name><resp>editor</resp></respStmt>
<item>proofreading</item></change>
<change><date>21.vii.1999</date><respStmt><name>GC</name><resp>editor</resp></respStmt>
<item>SGML tagging</item></change>
<change><date>10.ix.1999</date><respStmt><name>ER</name><resp>editor</resp></respStmt>
<item>proofreading SGML</item></change>
<change><date>20.xii.1999</date><respStmt><name>ER</name><resp>editor</resp></respStmt>
<item>adding cuneiform sources</item></change>
<change><date>10.ix.1999</date><respStmt><name>ER</name><resp>editor</resp></respStmt>
<item>web publication</item></change>
<change><date>01.vi.2003</date><respStmt><name>GC/JE</name><resp>editor/technical developer</resp></respStmt>
<item>XML/TEI conversion</item></change>
<change><date>30.iii.2005</date><respStmt><name>GC/JE</name><resp>senior editor/technical developer</resp></respStmt>
<item>lemmatised version published</item></change>
</revisionDesc>
</teiHeader>
<text lang="sux">
<body>
<div1 type="segment" n="A">
<l n="1" id="c2836.A.1" corresp="t2836.p1">
<w form="lugal" lemma="lugal" pos="N" label="king">lugal</w>
<w form="palil" lemma="palil" pos="AJ" label="foremost">palil</w>
<w form="an-na" lemma="an" pos="N" type="DN" label="An">an-na</w>
<w form="cag4" lemma="cag4" pos="N" label="heart">cag4</w>
<w form="kug-ge" lemma="kug" pos="AJ" label="shining">kug-ge</w>
<w form="pad3-da" lemma="pad3" pos="V" label="to find">pad3-da</w>
</l>
<l n="2" id="c2836.A.2" corresp="t2836.p1">
<w form="sa-am-su-i-lu-na" lemma="sa-am-su-i-lu-na" pos="N" type="RN" label="Samsu-iluna" npart="DN:Samsu">sa-am-su-i-lu-na</w>
<w form="lugal" lemma="lugal" pos="N" label="king">lugal</w>
<w form="palil" lemma="palil" pos="AJ" label="foremost">palil</w>
<w form="an-na" lemma="an" pos="N" type="DN" label="An">an-na</w>
<w form="cag4" lemma="cag4" pos="N" label="heart">cag4</w>
<w form="kug-ge" lemma="kug" pos="AJ" label="shining">kug-ge</w>
<w form="pad3-da" lemma="pad3" pos="V" label="to find">pad3-da</w>
</l>
<l n="3" id="c2836.A.3" corresp="t2836.p1">
<w form="TI" lemma="TI" label="TI">TI</w>
<w form="NI" lemma="NI" label="NI">NI</w>
<w form="BAL" lemma="BAL" label="BAL">BAL</w>
<w form="ga-ar-za" lemma="jarza" pos="N" label="rite">ga-ar-za</w>
<w form="UM" lemma="UM" label="UM">UM</w>
<w form="MU-MU" lemma="MU" label="MU" form-type="RR">MU-MU</w>
<w form="DI" lemma="DI" label="DI">DI</w>
<w form="mah-ha" lemma="mah" pos="V" label="to be majestic">mah-ha</w>
</l>
<l n="4" id="c2836.A.4" corresp="t2836.p1">
<w form="KAL" lemma="KAL" label="KAL">KAL</w>
<w form="ZU" lemma="ZU" label="ZU"><unclear cert="qry">ZU</unclear></w>
<w form="ca" lemma="cag4" pos="N" label="heart">ca</w>
<w form="hu-la" lemma="hul2" pos="V" label="to be happy">hu-la</w>
<w form="saj-be2-ec" lemma="saj" pos="N" label="head">saj-be2-ec</w>
<w form="ha-pa-DU" lemma="e3" pos="V" label="to go out or in">ha-pa-DU</w>
<w form="saj" lemma="saj" pos="N" label="head">saj</w>
<w form="us2-sa-a" lemma="us2" pos="V" label="to be adjacent">us2-sa-a</w>
</l>
<l n="5" id="c2836.A.5" corresp="t2836.p1">
<w form="&jic;gu-za" lemma="gu-za" pos="N" label="chair" det="&jic;">&jic;gu-za</w>
<w form="kug-sig17" lemma="kug-sig17" pos="N" label="gold">kug-sig17</w>
<w form="jar-ra" lemma="jar" pos="V" label="to place">jar-ra</w>
<w form="DI" lemma="DI" label="DI">DI</w>
<w form="nam-lugal-la" lemma="nam-lugal" pos="N" label="kingship">nam-lugal-<corr sic="ju10">la</corr></w>
<w form="saj" lemma="saj" pos="N" label="head">saj</w>
<w form="il5-la" lemma="il2" pos="V" label="to raise">il5-la</w>
</l>
<l n="6" id="c2836.A.6" corresp="t2836.p1">
<w form="cag4-bi" lemma="cag4" pos="N" label="heart">cag4-<unclear cert="qry">bi</unclear></w>
<w form="a2" lemma="a2" pos="N" label="arm">a2</w>
<w form="nam-ur-saj-ja2-ki-im" lemma="nam-ur-saj" pos="N" label="heroism">nam-ur-saj-ja2-<unclear cert="cor">ki</unclear>-im</w>
<w form="mah-bi" lemma="mah" pos="V" label="to be majestic">mah-bi</w>
<w form="tuc-ca-a" lemma="tuc" pos="V" label="to sit">tuc-ca-a</w>
</l>
<l n="7" id="c2836.A.7" corresp="t2836.p1">
<w form="sa-am-su-i-lu-na" lemma="sa-am-su-i-lu-na" pos="N" type="RN" label="Samsu-iluna" npart="DN:Samsu">sa-am-su-i-lu-na</w>
<w form="lugal" lemma="lugal" pos="N" label="king">lugal</w>
<w form="kalag-ga" lemma="kalag" pos="V" label="to be strong">kalag-ga</w>
<w form="an-ne2" lemma="an" pos="N" label="heaven">an-ne2</w>
<w form="di-kud" lemma="di-kud" pos="N" label="judge">di-<damage/>kud</w>
<damageEnd/>
<w form="mah" lemma="mah" pos="V" label="to be majestic">mah</w>
<w form="an-ne2" lemma="an" pos="N" type="DN" label="An">an-ne2</w>
<w form="nam" lemma="nam" pos="N" label="destiny">nam</w>
<w form="gal" lemma="gal" pos="V" label="to be big">gal</w>
<w form="mu-re-tar" lemma="tar" pos="V" label="to cut">mu-re-tar</w>
</l>
<l n="8" id="c2836.A.8" corresp="t2836.p1">
<w form="aga" lemma="aga" pos="N" label="crown">aga</w>
<w form="gen6-na" lemma="gen6" pos="V" label="to be firm">gen6-na</w>
<w form="ti-il5-la" lemma="til3" pos="V" label="to live">ti-il5-la</w>
<w form="mu-ra-ni-in-zal" lemma="zal" pos="V" label="to pass">mu-ra-ni-in-zal</w>
</l>
<l n="9" id="c2836.A.9" corresp="t2836.p2">
<w form="lu2" lemma="lu2" pos="N" label="person">lu2</w>
<w form="&d;en-lil2" lemma="en-lil2" pos="N" type="DN" label="Enlil" det="&d;">&d;en-<unclear cert="cor">lil2</unclear></w>
<w form="NAM" lemma="NAM" label="NAM">NAM</w>
<w form="GUR" lemma="GUR" label="GUR">GUR</w>
<w form="A" lemma="A" label="A"><unclear cert="qry">A</unclear></w>
<w form="IR" lemma="IR" label="IR">IR</w>
<w form="EC" lemma="EC" label="E&C;">EC</w>
<w form="CI" lemma="CI" label="&C;I">CI</w>
<w form="nam-sipad" lemma="nam-sipad" pos="N" label="shepherd's craft">nam-sipad</w>
<w form="uj3" lemma="uj3" pos="N" label="people">uj3</w>
<w form="da-ga-an-ni-ci" lemma="dajal" pos="V" label="to be wide">da-ga-an-ni-ci</w>
<w form="mu-un-na-cum2-ma-dah" lemma="cum2" pos="V" label="to give">mu-un-na-cum2-ma-dah</w>
</l>
<l n="10" id="c2836.A.10" corresp="t2836.p2">
<w form="sipad" lemma="sipad" pos="N" label="shepherd">sipad</w>
<w form="kij2" lemma="kij2" pos="AJ" label="beloved?"><unclear cert="qry">kij2</unclear></w>
<w form="nibru&ki;" lemma="nibru" pos="N" type="SN" label="Nibru" det="&ki;">nibru&ki;</w>
<w form="saj" lemma="saj" pos="N" label="head">saj</w>
<w form="us2" lemma="us2" pos="V" label="to be adjacent">us2</w>
<w form="e2-kur-ra" lemma="e2-kur" pos="N" type="TN" label="E-kur">e2-kur-ra</w>
</l>
<l n="11" id="c2836.A.11" corresp="t2836.p2">
<w form="engar" lemma="engar" pos="N" label="farmer">engar</w>
<w form="gen6-na" lemma="gen6" pos="V" label="to be firm">gen6-na</w>
<w form="e2" lemma="e2" pos="N" label="house(hold)">e2</w>
<w form="&d;a-sa-lim-a-ka-am" lemma="a-sa-lim" pos="N" type="DN" label="Asalim" det="&d;">&d;a-sa-lim-a-ka-am</w>
</l>
<l n="12" id="c2836.A.12" corresp="t2836.p2">
<w form="nij2-nam" lemma="nij2-nam" pos="PD" type="indefinite" label="anything">nij2-nam</w>
<w form="nu-si-li-ge18" lemma="silig" pos="V" label="to cease">nu-si-li-ge18</w>
<w form="e2-saj-il5-la-ak-ki-im" lemma="e2-saj-il5-la" pos="N" type="TN" label="E-sa&g;-ila">e2-saj-il5-la-ak-ki-im</w>
</l>
<l n="13" id="c2836.A.13" corresp="t2836.p2">
<w form="&d;en-lil2" lemma="en-lil2" pos="N" type="DN" label="Enlil" det="&d;">&d;en-lil2</w>
<w form="me" lemma="me" pos="N" label="essence">me</w>
<w form="nam-sipad-zu" lemma="nam-sipad" pos="N" label="shepherd's craft">nam-sipad-zu</w>
<w form="kalam-ma" lemma="kalam" pos="N" label="the Land">kalam-ma</w>
<w form="ak-ka" lemma="ak" pos="V" label="to do">ak-ka</w>
<w form="kur" lemma="kur" pos="N" label="(mountain) land">kur</w>
<w form="jiri3-zu-uc" lemma="jiri3" pos="N" label="foot">jiri3-zu-uc</w>
<w form="mu-jar" lemma="jar" pos="V" label="to place">mu-jar</w>
</l>
<l n="14" id="c2836.A.14" corresp="t2836.p2">
<w form="ce-ga" lemma="ce" pos="V" label="to agree">ce-ga</w>
<w form="&d;utu-ke4" lemma="utu" pos="N" type="DN" label="Utu" det="&d;">&d;utu-ke4</w>
<w form="kij2" lemma="kij2" pos="AJ" label="beloved?"><unclear cert="qry">kij2</unclear></w>
<w form="&d;inana-ke4" lemma="inana" pos="N" type="DN" label="Inana" det="&d;">&d;inana-ke4</w>
</l>
<l n="15" id="c2836.A.15" corresp="t2836.p2">
<w form="sa-am-su-i-lu-na" lemma="sa-am-su-i-lu-na" pos="N" type="RN" label="Samsu-iluna" npart="DN:Samsu">sa-am-su-i-lu-na</w>
<w form="lugal" lemma="lugal" pos="N" label="king">lugal</w>
<w form="nam" lemma="nam" pos="N" label="destiny">nam</w>
<w form="nu-ug-ru" lemma="kur2" pos="V" label="to be different">nu-ug-ru</w>
<w form="&d;en-lil2" lemma="en-lil2" pos="N" type="DN" label="Enlil" det="&d;">&d;en-lil2</w>
<w form="lugal-ja2-ta" lemma="lugal" pos="N" label="king">lugal-ja2-ta</w>
</l>
<l n="16" id="c2836.A.16" corresp="t2836.p2">
<w form="inim" lemma="inim" pos="N" label="word">inim</w>
<w form="dug4-ga" lemma="dug4" pos="V" label="to say">dug4-ga</w>
<w form="&d;en-lil2" lemma="en-lil2" pos="N" type="DN" label="Enlil" det="&d;">&d;en-lil2</w>
<w form="&d;en-ki-ka3-ta" lemma="en-ki" pos="N" type="DN" label="Enki" det="&d;">&d;en-ki-ka3-ta</w>
<w form="u2" lemma="u3" pos="C" label="and">u2</w>
<w form="&d;a-sa-lim" lemma="a-sa-lim" pos="N" type="DN" label="Asalim" det="&d;">&d;a-sa-lim</w>
<w form="&d;za-ba-ba" lemma="za-ba4-ba4" pos="N" type="DN" label="Zababa" det="&d;">&d;za-ba-ba</w>
<w form="&d;lugal-gu2-du3-a" lemma="lugal-gu2-du3-a" pos="N" type="DN" label="Lugal-gu-dua" det="&d;">&d;lugal-gu2-du3-a</w>
<w form="lugal" lemma="lugal" pos="N" label="king">lugal</w>
<w form="e2-a" lemma="e2" pos="N" label="house(hold)"><unclear cert="cor">e2</unclear>-a</w>
<w form="mu-du3-a" lemma="du3" pos="V" label="to erect">mu-du3-a</w>
</l>
<l n="17" id="c2836.A.17" corresp="t2836.p2">
<supplied/>
<w form="X" lemma="X" label="X">X</w>
<suppliedEnd/>
<w form="X" lemma="X" label="X">X</w>
<w form="X" lemma="X" label="X">X</w>
<w form="X" lemma="X" label="X">X</w>
<damage/>
<w form="kur" lemma="kur" pos="N" label="(mountain) land">kur</w>
<damageEnd/>
<w form="ki-bal" lemma="ki-bal" pos="N" label="rebel land">ki-bal</w>
<w form="GU2" lemma="GU2" label="GU&s2;">GU2</w>
<w form="LU" lemma="LU" label="LU">LU</w>
<w form="DI" lemma="DI" label="DI">DI</w>
<w form="X" lemma="X" label="X">X</w>
<supplied/>
<w form="&X;" lemma="&X;" label="&X;">&X;</w>
<suppliedEnd/>
<w form="X" lemma="X" label="X">X</w>
</l>
<gap extent="unknown no. of lines missing"/>
</div1>
<div1 type="segment" n="B">
<l n="1" id="c2836.B.1" corresp="t2836.p3">
<damage/>
<w form="&d;ickur" lemma="ickur" pos="N" type="DN" label="I&c;kur" det="&d;">&d;<unclear cert="qry">ickur</unclear></w>
<damageEnd/>
<w form="sa" lemma="sa" pos="N" label="net">sa</w>
<w form="kur-kur-ra" lemma="kur" pos="N" label="(mountain) land" form-type="RR">kur-kur-<supplied/>ra</w>
<w form="&X;" lemma="&X;" label="&X;">&X;</w>
<suppliedEnd/>
</l>
<l n="2" id="c2836.B.2" corresp="t2836.p3">
<w form="kur-kur-re" lemma="kur" pos="N" label="(mountain) land" form-type="RR">kur-kur-re</w>
<w form="me-te-ec" lemma="me-te" pos="N" label="(fitting) attribute">me-te-ec</w>
<w form="he-i" lemma="i" pos="V" label="to bring out">he-i</w>
<w form="kalag-ga" lemma="kalag" pos="V" label="to be strong">kalag-ga</w>
<w form="si-ig" lemma="sig" pos="V" label="to be low">si-ig</w>
<w form="X" lemma="X" label="X">X</w>
<w form="X" lemma="X" label="X">X</w>
<w form="pa3" lemma="pa" pos="N" label="branch">pa3</w>
<w form="mu-na-e3" lemma="e3" pos="V" label="to go out or in">mu-na-<corr resp="scrOm"/>e3</w>
<corrEnd/>
</l>
<l n="3" id="c2836.B.3" corresp="t2836.p3">
<w form="sa-am-su-i-lu-na" lemma="sa-am-su-i-lu-na" pos="N" type="RN" label="Samsu-iluna" npart="DN:Samsu">sa-am-su-i-lu-na</w>
<w form="mu-u2-a" lemma="mu-u2-a" pos="N" label="young man">mu-u2-a</w>
<w form="sa3" lemma="sag9" pos="V" label="to be good">sa3</w>
<w form="nir-jal2" lemma="nir-jal2" pos="AJ" label="authoritative">nir-jal2</w>
<w form="kalam-ma-an-ni" lemma="kalam" pos="N" label="the Land">kalam-ma-an-ni</w>
</l>
<l n="4" id="c2836.B.4" corresp="t2836.p3">
<w form="gal-zu" lemma="gal-zu" pos="AJ" label="skilful">gal-zu</w>
<w form="ka-ac" lemma="ka-ac" pos="N" label="decision">ka-ac</w>
<w form="pa-ar" lemma="bar" pos="V" label="to set aside">pa-ar</w>
<w form="kalam-me" lemma="kalam" pos="N" label="the Land">kalam-me</w>
<damage/>
<phr type="VP" lemma="si sa2" label="to make straight">
<w form="si" lemma="si" pos="N" label="horn">si</w>
<damageEnd/>
<w form="bi-sa" lemma="sa2" pos="V" label="to equal">bi-sa</w>
</phr>
</l>
<l n="5" id="c2836.B.5" corresp="t2836.p3">
<w form="sa-am-su-i-lu-na" lemma="sa-am-su-i-lu-na" pos="N" type="RN" label="Samsu-iluna" npart="DN:Samsu">sa-am-su-i-lu-na</w>
<w form="gu2" lemma="gu2" pos="N" label="neck">gu2</w>
<w form="&id2;idigna" lemma="idigna" pos="N" type="WN" label="Tigris" det="&id2;">&id2;idigna</w>
<w form="gu2" lemma="gu2" pos="N" label="neck">gu2</w>
<w form="&id2;bur-na" lemma="buranuna" pos="N" type="WN" label="Euphrates" det="&id2;">&id2;bur-na</w>
<w form="gu2" lemma="gu2" pos="N" label="neck">gu2</w>
<w form="a-a-ba-ac-ci" lemma="ab" pos="N" label="sea">a-a-<unclear cert="qry">ba</unclear>-ac-ci</w>
<w form="DU" lemma="DU" label="DU">DU</w>
<w form="gu" lemma="gu2" pos="N" label="neck">gu</w>
<w form="da-a-bi-ca2" lemma="id2" pos="N" label="watercourse">da-a-bi-ca2</w>
<w form="lu2" lemma="lu2" pos="N" label="person">lu2</w>
<w form="mu-na-a-IGI" lemma="IGI" pos="V" label="IGI">mu-na-a-IGI</w>
</l>
<l n="6" id="c2836.B.6" corresp="t2836.p3">
<w form="e2-kur-re" lemma="e2-kur" pos="N" type="TN" label="E-kur">e2-kur-re</w>
<w form="e2" lemma="e2" pos="N" label="house(hold)">e2</w>
<w form="&d;en-lil2-la2-ta" lemma="en-lil2" pos="N" type="DN" label="Enlil" det="&d;">&d;en-lil2-la2-ta</w>
<w form="NI" lemma="NI" label="NI">NI</w>
<w form="IGI" lemma="IGI" label="IGI">IGI</w>
<w form="pa-la-ak" lemma="barag" pos="N" label="dais">pa-la-ak</w>
<w form="cag4" lemma="cag4" pos="N" label="heart">cag4</w>
<w form="hu-la-ka-ni" lemma="hul2" pos="V" label="to be happy">hu-la-ka-<unclear cert="qry">ni</unclear></w>
<w form="mu-un-ni-tuc" lemma="tuc" pos="V" label="to sit">mu-un-ni-tuc</w>
</l>
<l n="7" id="c2836.B.7" corresp="t2836.p3">
<w form="&d;en-lil2-la2" lemma="en-lil2" pos="N" type="DN" label="Enlil" det="&d;">&d;en-lil2-la2</w>
<w form="za-am-me-en-zu" lemma="za3-mi2" pos="N" label="praise">za-am-me-en-zu</w>
<w form="dug3-ga" lemma="dug3" pos="V" label="to be good">dug3-ga</w>
</l>
<l n="8" id="c2836.B.8" corresp="t2836.p3">
<w form="&d;en-lil2" lemma="en-lil2" pos="N" type="DN" label="Enlil" det="&d;">&d;en-lil2</w>
<w form="lugal-ju10" lemma="lugal" pos="N" label="king">lugal-ju10</w>
<w form="nam" lemma="nam" pos="N" label="destiny">nam</w>
<w form="zal-ga" lemma="zalag" pos="V" label="to be shining">zal-ga</w>
<w form="mu" lemma="mu" pos="N" label="year">mu</w>
<w form="nam-til3-la" lemma="nam-til3" pos="N" label="life">nam-til3-la</w>
<w form="cu-mu" lemma="cum2" pos="V" label="to give">cu-mu</w>
</l>
<l n="9" id="c2836.B.9" corresp="t2836.p3">
<w form="zi" lemma="zi" pos="N" label="life (breath)">zi</w>
<w form="u2" lemma="ud" pos="N" label="day(light)">u2</w>
<w form="su-ud-ja2-al" lemma="su3-ud-jal2" pos="AJ" label="long-lasting">su-ud-ja2-al</w>
<w form="nij2-ba-ac-ci-i" lemma="nij2-ba" pos="N" label="gift">nij2-ba-ac-ci-i</w>
<w form="ba-am-ma" lemma="ba" pos="V" label="to allot">ba-am-ma</w>
</l>
</div1>
</body>
</text>
</TEI.2>
