<TEI.2 id="c.2.4.5.4">
<teiHeader lang="eng">
<fileDesc>
<titleStmt>
<title>An <foreign lang="sux">ululumama</foreign> to Suen for Ibbi-Suen (Ibbi-Suen D) -- a composite transliteration</title>
<respStmt><name>Jeremy Black</name><resp>Project Director and Editor</resp></respStmt>
<respStmt><name>G&aacute;bor Z&oacute;lyomi</name><resp>Editor</resp></respStmt>
<respStmt><name>Graham Cunningham</name><resp>Editor</resp></respStmt>
<respStmt><name>Eleanor Robson</name><resp>Technical Developer</resp></respStmt>
<respStmt><name>Jarle Ebeling</name><resp>Technical Developer</resp></respStmt>
</titleStmt>
<publicationStmt>
<distributor>The Electronic Text Corpus of Sumerian Literature
</distributor><address><addrLine>The Oriental Institute, University of Oxford, Pusey Lane, Oxford OX1 2LE, UK, email etcsl&commat;orinst.ox.ac.uk, http://etcsl.orinst.ox.ac.uk</addrLine></address>
<date>1999</date>
</publicationStmt>
<seriesStmt><p>The Electronic Text Corpus of Sumerian Literature aims to make accessible over 400 literary works composed in the Sumerian language in ancient Mesopotamia during the late third and early second millennia BC. The works are in Sumerian composite transliteration and English prose translation with bibliographical information on each composition.</p></seriesStmt>
<sourceDesc>
<listBibl type="secondary">
<bibl><xref from="b523">Sj&ouml;berg 1972a</xref><biblScope type="contents">score transliteration, translation, photograph, commentary</biblScope></bibl>
<bibl><xref from="b688">Hall 1985</xref><biblScope type="page">449-454</biblScope><biblScope type="contents">commentary</biblScope></bibl>
</listBibl>
<listBibl type="tablets">
<bibl><biblScope type="museumNumber">CBS 11168 (photo OrS 19-20 172)</biblScope></bibl>
</listBibl>
</sourceDesc>
</fileDesc>
<revisionDesc>
<change><date>15.iv.1999-18.iv.1999</date><respStmt><name>JAB</name><resp>editor</resp></respStmt>
<item>standardisation</item></change>
<change><date>28.vii.1999</date><respStmt><name>GZ</name><resp>editor</resp></respStmt>
<item>proofreading</item></change>
<change><date>19.x.1999</date><respStmt><name>GZ</name><resp>editor</resp></respStmt>
<item>SGML tagging</item></change>
<change><date>11.ii.2000</date><respStmt><name>ER</name><resp>editor</resp></respStmt>
<item>proofreading SGML</item></change>
<change><date>11.ii.2000</date><respStmt><name>ER</name><resp>editor</resp></respStmt>
<item>web publication</item></change>
<change><date>01.vi.2003</date><respStmt><name>GC/JE</name><resp>editor/technical developer</resp></respStmt>
<item>XML/TEI conversion</item></change>
<change><date>30.iii.2005</date><respStmt><name>GC/JE</name><resp>senior editor/technical developer</resp></respStmt>
<item>lemmatised version published</item></change>
</revisionDesc>
</teiHeader>
<text lang="sux">
<body>
<div1 type="segment" n="A">
<l n="1" id="c2454.A.1" corresp="t2454.p1">
<w form="en" lemma="en" pos="N" label="lord">en</w>
<w form="gal" lemma="gal" pos="V" label="to be big">gal</w>
<w form="ud" lemma="ud" pos="N" label="day(light)">ud</w>
<w form="jic-he2-ta" lemma="jic-he2" pos="N" label="firmament">jic-he2-ta</w>
<w form="saj" lemma="saj" pos="N" label="head">saj</w>
<w form="il2" lemma="il2" pos="V" label="to raise">il2</w>
<w form="ce-er-zid" lemma="ce-er-zid" pos="N" label="radiance">ce-er-zid</w>
<w form="X-a" lemma="X" label="X">X-a</w>
</l>
<l n="2" id="c2454.A.2" corresp="t2454.p1">
<w form="&d;suen" lemma="suen" pos="N" type="DN" label="Suen" det="&d;">&d;suen</w>
<w form="ucum" lemma="ucum" pos="N" label="type of snake">ucum</w>
<w form="saj-kal" lemma="saj-kal" pos="AJ" label="foremost">saj-kal</w>
<w form="kur" lemma="kur" pos="N" label="(mountain) land">kur</w>
<w form="un3-ta" lemma="un3" pos="V" label="to be high">un3-ta</w>
<w form="uj3" lemma="uj3" pos="N" label="people">uj3</w>
<w form="ud" lemma="ud" pos="N" label="day(light)">ud</w>
<w form="ja2-ja2" lemma="jar" pos="V" label="to place" form-type="rr">ja2-ja2</w>
</l>
<l n="3" id="c2454.A.3" corresp="t2454.p1">
<w form="su3-ra2-aj2" lemma="sud-aj2" pos="N" label="brilliance">su3-ra2-aj2</w>
<w form="an" lemma="an" pos="N" label="heaven">an</w>
<w form="bad-da" lemma="bad" pos="V" label="to open">bad-da</w>
<w form="men" lemma="men" pos="N" label="diadem">men</w>
<w form="DU" lemma="DU" label="DU"><unclear cert="qry">DU</unclear></w>
<w form="BU" lemma="BU" label="BU"><unclear cert="qry">BU</unclear></w>
<w form="giri17-zal" lemma="giri17-zal" pos="N" label="joy">giri17-zal</w>
<w form="a-a" lemma="a-a" pos="N" label="father">a-a</w>
<w form="ugu-na" lemma="ugu" pos="V" label="to give birth">ugu-na</w>
</l>
<l n="4" id="c2454.A.4" corresp="t2454.p1">
<w form="dumu" lemma="dumu" pos="N" label="child">dumu</w>
<w form="gal-di" lemma="gal-di" pos="AJ" label="important">gal-di</w>
<w form="&d;nin-lil2-le" lemma="nin-lil2" pos="N" type="DN" label="Ninlil" det="&d;">&d;nin-lil2-le</w>
<w form="tud-da" lemma="tud" pos="V" label="to give birth">tud-da</w>
<w form="nir-jal2" lemma="nir-jal2" pos="AJ" label="authoritative">nir-jal2</w>
<w form="e2-kur-ra" lemma="e2-kur" pos="N" type="TN" label="E-kur">e2-kur-ra</w>
</l>
<l n="5" id="c2454.A.5" corresp="t2454.p1">
<w form="an-bar7-a" lemma="an-bar7" pos="N" label="midday">an-bar7-a</w>
<w form="dalla" lemma="dalla" pos="V" label="to be bright">dalla</w>
<w form="e3" lemma="e3" pos="V" label="to go out or in">e3</w>
<w form="cul" lemma="cul" pos="N" label="young man">cul</w>
<w form="&d;suen" lemma="suen" pos="N" type="DN" label="Suen" det="&d;">&d;suen</w>
<w form="ud" lemma="ud" pos="N" label="day(light)">ud</w>
<w form="zu2" lemma="zu2" pos="N" label="tooth">zu2</w>
<w form="kece2" lemma="kece2" pos="V" label="to bind">kece2</w>
<w form="an-na" lemma="an" pos="N" label="heaven">an-na</w>
</l>
<l n="6" id="c2454.A.6" corresp="t2454.p1">
<w form="su-lim-ma-ni" lemma="su-lim" pos="N" label="(awesome) radiance">su-lim-ma-ni</w>
<w form="an-bar7-gana2" lemma="an-bar7-gana2" pos="N" label="midday">an-bar7-gana2</w>
<w form="ud" lemma="ud" pos="N" label="day(light)">ud</w>
<w form="jic-nu11" lemma="jic-nu11" pos="N" label="light">jic-nu11</w>
<w form="uj3" lemma="uj3" pos="N" label="people">uj3</w>
<w form="saj" lemma="saj" pos="N" label="head">saj</w>
<w form="gig2-ga" lemma="gig2" pos="V" label="to be black">gig2-ga</w>
</l>
<l n="7" id="c2454.A.7" corresp="t2454.p1">
<w form="a-a" lemma="a-a" pos="N" label="father">a-a</w>
<w form="&d;nanna" lemma="nanna" pos="N" type="DN" label="Nanna" det="&d;">&d;nanna</w>
<w form="U.GA.HI" lemma="U.GA.HI" pos="N" label="meaning unknown">U.GA.HI</w>
<w form="bad-ta" lemma="bad" pos="V" label="to open">bad-ta</w>
<w form="ji6" lemma="ji6" pos="N" label="night">ji6</w>
<w form="dug3-dug3" lemma="dug3" pos="V" label="to be good" form-type="RR">dug3-dug3</w>
<w form="gal-zu" lemma="gal-zu" pos="AJ" label="skilful">gal-zu</w>
</l>
<l n="8" id="c2454.A.8" corresp="t2454.p1">
<w form="nir-jal2" lemma="nir-jal2" pos="AJ" label="authoritative">nir-jal2</w>
<w form="nun" lemma="nun" pos="N" label="prince">nun</w>
<w form="pa" lemma="pa" pos="N" label="branch">pa</w>
<w form="e3" lemma="e3" pos="V" label="to go out or in">e3</w>
<w form="ak-a" lemma="ak" pos="V" label="to do">ak-a</w>
<w form="ce-er-zid" lemma="ce-er-zid" pos="N" label="radiance">ce-er-zid</w>
<w form="an-na-kam" lemma="an" pos="N" label="heaven">an-na-kam</w>
</l>
<l n="9" id="c2454.A.9" corresp="t2454.p2">
<w form="urim2&ki;" lemma="urim2" pos="N" type="SN" label="Urim" det="&ki;">urim2&ki;</w>
<w form="iri" lemma="iri" pos="N" label="town">iri</w>
<w form="uz3-saj" lemma="uz3-saj" pos="N" label="(cosmic) bond">uz3-saj</w>
<w form="ki-en-gi-ra" lemma="ki-en-gi" pos="N" type="GN" label="Sumer">ki-en-gi-ra</w>
<w form="me-bi" lemma="me" pos="N" label="essence">me-bi</w>
<w form="nu-kur2-ru-dam" lemma="kur2" pos="V" label="to be different">nu-kur2-ru-dam</w>
</l>
<l n="10" id="c2454.A.10" corresp="t2454.p2">
<w form="temen" lemma="temen" pos="N" label="foundation">temen</w>
<w form="an" lemma="an" pos="N" label="heaven">an</w>
<w form="ki-bi" lemma="ki" pos="N" label="place">ki-bi</w>
<w form="a-a" lemma="a-a" pos="N" label="father">a-a</w>
<w form="&d;nanna" lemma="nanna" pos="N" type="DN" label="Nanna" det="&d;">&d;nanna</w>
<w form="ji6" lemma="ji6" pos="N" label="night">ji6</w>
<w form="u3-na" lemma="u3-na" pos="N" label="designation of night">u3-na</w>
<w form="pa" lemma="pa" pos="N" label="branch">pa</w>
<w form="e3" lemma="e3" pos="V" label="to go out or in">e3</w>
</l>
<l n="11" id="c2454.A.11" corresp="t2454.p2">
<w form="mu" lemma="mu" pos="N" label="name">mu</w>
<w form="mu-un-pad3" lemma="pad3" pos="V" label="to find">mu-un-pad3</w>
<w form="hi-li" lemma="hi-li" pos="N" label="attractiveness">hi-li</w>
<w form="cag4-ge" lemma="cag4" pos="N" label="heart">cag4-ge</w>
<w form="bi2-in-si" lemma="si" pos="V" label="to fill">bi2-in-si</w>
<w form="&d;i-bi2-&d;suen-ju10" lemma="i-bi-suen" pos="N" type="RN" label="Ibbi-Suen" npart="DN:Suen" det="&d;">&d;i-bi2-&d;suen-ju10</w>
</l>
<l n="12" id="c2454.A.12" corresp="t2454.p2">
<w form="ec3" lemma="ec3" pos="N" label="shrine">ec3</w>
<w form="nibru&ki;" lemma="nibru" pos="N" type="SN" label="Nibru" det="&ki;">nibru&ki;</w>
<w form="cag4-bi" lemma="cag4" pos="N" label="heart">cag4-bi</w>
<w form="kur" lemma="kur" pos="N" label="(mountain) land">kur</w>
<w form="he2-jal2-la" lemma="he2-jal2" pos="N" label="plenty">he2-jal2-la</w>
<w form="ki-tuc" lemma="ki-tuc" pos="N" label="dwelling place">ki-tuc</w>
<w form="ki-ur3-ra-ke4" lemma="ki-ur3" pos="N" type="TN" label="Ki-ur">ki-ur3-ra-ke4</w>
</l>
<l n="13" id="c2454.A.13" corresp="t2454.p2">
<w form="nam-nun-na" lemma="nam-nun" pos="N" label="princeliness">nam-nun-na</w>
<w form="an-ta" lemma="an" pos="N" label="heaven">an-ta</w>
<w form="su-lim-ma-ni" lemma="su-lim" pos="N" label="(awesome) radiance">su-lim-ma-ni</w>
<w form="kalam-ma" lemma="kalam" pos="N" label="the Land">kalam-ma</w>
<w form="mu-un-barag2-ge" lemma="barag2" pos="V" label="to spread out">mu-un-barag2-ge</w>
</l>
<l n="14" id="c2454.A.14" corresp="t2454.p2">
<w form="kisal" lemma="kisal" pos="N" label="courtyard">kisal</w>
<w form="mah-e" lemma="mah" pos="V" label="to be majestic">mah-e</w>
<w form="su-lim-ma" lemma="su-lim" pos="N" label="(awesome) radiance">su-lim-<unclear cert="qry">ma</unclear></w>
<w form="X-bi" lemma="X" label="X">X-bi</w>
<w form="nu-til-e" lemma="til" pos="V" label="to complete">nu-til-e</w>
<w form="nam" lemma="nam" pos="N" label="destiny">nam</w>
<w form="gal" lemma="gal" pos="V" label="to be big">gal</w>
<w form="tar-re-de3" lemma="tar" pos="V" label="to cut">tar-re-de3</w>
</l>
<l n="15" id="c2454.A.15" corresp="t2454.p2">
<w form="a-a" lemma="a-a" pos="N" label="father">a-a</w>
<w form="ugu-na" lemma="ugu" pos="V" label="to give birth">ugu-na</w>
<w form="u18-ru" lemma="uru16" pos="V" label="to be towering">u18-ru</w>
<w form="gal" lemma="gal" pos="V" label="to be big">gal</w>
<w form="an" lemma="an" pos="N" label="heaven">an</w>
<w form="ki" lemma="ki" pos="N" label="place">ki</w>
<w form="en" lemma="en" pos="N" label="lord">en</w>
<w form="&d;nu-nam-nir-e" lemma="nu-nam-nir" pos="N" type="DN" label="Nunamnir" det="&d;">&d;nu-nam-nir-e</w>
</l>
<l n="16" id="c2454.A.16" corresp="t2454.p2">
<w form="&d;suen-e" lemma="suen" pos="N" type="DN" label="Suen" det="&d;">&d;suen-e</w>
<w form="ub-cu-unken-na-ka" lemma="ub-cu-unken-na" pos="N" type="TN" label="Ub&c;u-unkena">ub-cu-unken-na-ka</w>
<w form="u3-gul" lemma="u3-gul" pos="N" label="prayer">u3-gul</w>
<w form="mu-na-ja2-ja2" lemma="jar" pos="V" label="to place" form-type="rr">mu-na-ja2-ja2</w>
</l>
<l n="17" id="c2454.A.17" corresp="t2454.p3">
<w form="ku6-jal2" lemma="ku3-jal2" pos="N" label="canal inspector">ku6-jal2</w>
<w form="nun" lemma="nun" pos="N" label="prince">nun</w>
<w form="barag-ga" lemma="barag" pos="N" label="dais">barag-ga</w>
<w form="nun" lemma="nun" pos="N" label="prince">nun</w>
<w form="me" lemma="me" pos="N" label="essence">me</w>
<w form="til3-la" lemma="til3" pos="V" label="to live">til3-la</w>
<w form="cag4-ge" lemma="cag4" pos="N" label="heart">cag4-ge</w>
<w form="pad3-da-zu" lemma="pad3" pos="V" label="to find">pad3-da-zu</w>
</l>
<l n="18" id="c2454.A.18" corresp="t2454.p3">
<w form="ec3" lemma="ec3" pos="N" label="shrine">ec3</w>
<w form="urim2&ki;" lemma="urim2" pos="N" type="SN" label="Urim" det="&ki;">urim2&ki;</w>
<w form="ki-tuc" lemma="ki-tuc" pos="N" label="dwelling place">ki-tuc</w>
<w form="mah" lemma="mah" pos="V" label="to be majestic">mah</w>
<w form="lugal-la" lemma="lugal" pos="N" label="king">lugal-la</w>
<w form="zi-cag4-jal2" lemma="zi-cag4-jal2" pos="AJ" label="life-giving">zi-cag4-jal2</w>
<w form="kalam-ma" lemma="kalam" pos="N" label="the Land">kalam-ma</w>
</l>
<l n="19" id="c2454.A.19" corresp="t2454.p3">
<w form="cilam" lemma="cilam" pos="N" label="cow">cilam</w>
<w form="&e2;tur3-ra" lemma="tur3" pos="N" label="animal stall" det="&e2;">&e2;tur3-ra</w>
<w form="dur2" lemma="dur2" pos="N" label="rump">dur2</w>
<w form="jar-ra" lemma="jar" pos="V" label="to place">jar-ra</w>
<w form="i3" lemma="i3" pos="N" label="fatty substance">i3</w>
<w form="ga-bi" lemma="ga" pos="N" label="milk">ga-bi</w>
<w form="nu-til-e" lemma="til" pos="V" label="to complete">nu-til-e</w>
</l>
<l n="20" id="c2454.A.20" corresp="t2454.p3">
<w form="i3" lemma="i3" pos="N" label="fatty substance">i3</w>
<w form="car2-car2-re" lemma="car2" pos="V" label="to be numerous" form-type="RR">car2-car2-re</w>
<w form="ku6" lemma="ku6" pos="N" label="fish">ku6</w>
<w form="mucen" lemma="mucen" pos="N" label="bird">mucen</w>
<w form="u3-tud" lemma="tud" pos="V" label="to give birth">u3-tud</w>
<w form="urud" lemma="urud" pos="N" label="copper">urud</w>
<w form="kug-sig17" lemma="kug-sig17" pos="N" label="gold">kug-sig17</w>
<w form="ib2-jal2-le" lemma="jal2" pos="V" label="to be (located)">ib2-jal2-le</w>
</l>
<l n="21" id="c2454.A.21" corresp="t2454.p4">
<w form="iri&ki;" lemma="iri" pos="N" label="town" det="&ki;">iri&ki;</w>
<w form="numun" lemma="numun" pos="N" label="seed">numun</w>
<w form="i-i" lemma="i" pos="V" label="to bring out" form-type="RR">i-i</w>
<w form="me-bi" lemma="me" pos="N" label="essence">me-bi</w>
<w form="nu-kur2-ru" lemma="kur2" pos="V" label="to be different">nu-kur2-ru</w>
<corr resp="scrOm"/>
<w form="MU" lemma="MU" label="MU">MU</w>
<corrEnd/>
<w form="&d;i-bi2-&d;suen-ju10" lemma="i-bi-suen" pos="N" type="RN" label="Ibbi-Suen" npart="DN:Suen" det="&d;">&d;i-bi2-&d;suen-ju10</w>
</l>
<l n="22" id="c2454.A.22" corresp="t2454.p4">
<w form="nam-lugal-ba" lemma="nam-lugal" pos="N" label="kingship">nam-lugal-ba</w>
<w form="pa" lemma="pa" pos="N" label="branch">pa</w>
<w form="ha-ma-ni-in-e3" lemma="e3" pos="V" label="to go out or in">ha-ma-ni-in-e3</w>
<w form="nam-til3" lemma="nam-til3" pos="N" label="life">nam-til3</w>
<w form="he2-ni-ib2-su3-ud-de3" lemma="sud" pos="V" label="to be distant">he2-ni-ib2-su3-ud-de3</w>
</l>
<l n="23" id="c2454.A.23" corresp="t2454.p4">
<w form="barag" lemma="barag" pos="N" label="dais">barag</w>
<w form="gal-ba" lemma="gal" pos="V" label="to be big">gal-ba</w>
<w form="suhuc-bi" lemma="suhuc" pos="N" label="foundation">suhuc-bi</w>
<w form="mu-ra-an-ge-en" lemma="gen6" pos="V" label="to be firm">mu-ra-an-ge-en</w>
<w form="dur2" lemma="dur2" pos="N" label="rump">dur2</w>
<w form="an-ce3" lemma="an" pos="N" label="heaven">an-ce3</w>
<w form="bi2-in-jar" lemma="jar" pos="V" label="to place">bi2-in-jar</w>
</l>
<l n="24" id="c2454.A.24" corresp="t2454.p4">
<w form="dalla" lemma="dalla" pos="V" label="to be bright">dalla</w>
<w form="he2-ni-in-e3" lemma="e3" pos="V" label="to go out or in">he2-ni-in-e3</w>
<w form="me" lemma="me" pos="N" label="essence">me</w>
<w form="nam-lugal-la-ba" lemma="nam-lugal" pos="N" label="kingship">nam-lugal-la-ba</w>
<w form="a2" lemma="a2" pos="N" label="arm">a2</w>
<w form="nun" lemma="nun" pos="N" label="prince">nun</w>
<w form="he2-em-ta-e-jal2" lemma="jal2" pos="V" label="to be (located)">he2-em-ta-e-jal2</w>
</l>
<l n="25" id="c2454.A.25" corresp="t2454.p4">
<w form="inim" lemma="inim" pos="N" label="word">inim</w>
<w form="mah" lemma="mah" pos="V" label="to be majestic">mah</w>
<w form="ul-le2-a-ce3" lemma="ul-le2-a" pos="N" label="distant time">ul-le2-a-ce3</w>
<w form="nu-kur2-ru-da" lemma="kur2" pos="V" label="to be different">nu-kur2-ru-da</w>
<w form="&d;i-bi2-&d;suen-ju10" lemma="i-bi-suen" pos="N" type="RN" label="Ibbi-Suen" npart="DN:Suen" det="&d;">&d;i-bi2-&d;suen-ju10</w>
</l>
<l n="26" id="c2454.A.26" corresp="t2454.p4">
<w form="&d;ac-im2-babbar-me-en" lemma="ac-im2-babbar2" pos="N" type="DN" label="A&c;imbabbar" det="&d;">&d;ac-im2-babbar-me-en</w>
<w form="an" lemma="an" pos="N" label="heaven">an</w>
<w form="ki" lemma="ki" pos="N" label="place">ki</w>
<w form="nijin2-na-ba" lemma="nijin2" pos="V" label="to go around">nijin2-na-ba</w>
</l>
<l n="27" id="c2454.A.27" corresp="t2454.p4">
<w form="nam-nir-jal2" lemma="nam-nir-jal2" pos="N" label="authority">nam-nir-jal2</w>
<w form="pa" lemma="pa" pos="N" label="branch">pa</w>
<w form="ba-ni-in-e3" lemma="e3" pos="V" label="to go out or in">ba-ni-in-<damage/>e3</w>
<damageEnd/>
</l>
<l n="28" id="c2454.A.28" corresp="t2454.p4">
<phr type="VP" lemma="si sa2" label="to make straight">
<w form="si" lemma="si" pos="N" label="horn">si</w>
<w form="sa2" lemma="sa2" pos="V" label="to equal">sa2</w>
</phr>
<w form="cag4" lemma="cag4" pos="N" label="heart">cag4</w>
<w form="kug-ta" lemma="kug" pos="AJ" label="shining">kug-ta</w>
<w form="mu" lemma="mu" pos="N" label="name">mu</w>
<w form="pad3-da" lemma="pad3" pos="V" label="to find">pad3-da</w>
<w form="&d;i-bi2-&d;suen-ju10" lemma="i-bi-suen" pos="N" type="RN" label="Ibbi-Suen" npart="DN:Suen" det="&d;">&d;i-bi2-<supplied/>&d;suen-ju10<suppliedEnd/></w>
</l>
<l n="29" id="c2454.A.29" corresp="t2454.p4">
<w form="&d;nanna-ar" lemma="nanna" pos="N" type="DN" label="Nanna" det="&d;">&d;nanna-ar</w>
<w form="KA" lemma="KA" label="KA">KA</w>
<w form="GUD" lemma="GUD" label="GUD"><unclear cert="qry">GUD</unclear></w>
<w form="X" lemma="X" label="X">X</w>
<w form="mah" lemma="mah" pos="V" label="to be majestic">mah</w>
<w form="AN-gin7" lemma="AN" label="AN">AN-gin7</w>
<w form="pa" lemma="pa" pos="N" label="branch">pa</w>
<damage/>
<w form="e3" lemma="e3" pos="V" label="to go out or in"><unclear cert="qry">e3</unclear></w>
<damageEnd/>
<supplied/>
<w form="Xbr" lemma="Xbr" label="Xbr">(X)</w>
<suppliedEnd/>
</l>
<l n="30" id="c2454.A.30" corresp="t2454.p4">
<w form="&d;suen-e" lemma="suen" pos="N" type="DN" label="Suen" det="&d;">&d;suen-e</w>
<w form="ka-ta" lemma="ka" pos="N" label="mouth">ka-ta</w>
<w form="e3-a-ni" lemma="e3" pos="V" label="to go out or in">e3-a-ni</w>
<w form="e2-kur" lemma="e2-kur" pos="N" type="TN" label="E-kur">e2-kur</w>
<w form="X" lemma="X" label="X">X</w>
<w form="X" lemma="X" label="X">X</w>
<w form="X" lemma="X" label="X">X</w>
<w form="X" lemma="X" label="X">X</w>
<supplied/>
<w form="&X;" lemma="&X;" label="&X;">&X;</w>
<suppliedEnd/>
</l>
<l n="31" id="c2454.A.31" corresp="t2454.p4">
<w form="an" lemma="an" pos="N" type="DN" label="An">an</w>
<w form="&d;en-lil2" lemma="en-lil2" pos="N" type="DN" label="Enlil" det="&d;">&d;en-lil2</w>
<damage/>
<w form="nam" lemma="nam" pos="N" label="destiny">nam</w>
<damageEnd/>
<w form="kalam-ma" lemma="kalam" pos="N" label="the Land">kalam-ma</w>
<w form="tar-re" lemma="tar" pos="V" label="to cut">tar-re</w>
<w form="kur" lemma="kur" pos="N" label="(mountain) land">kur</w>
<w form="gal" lemma="gal" pos="V" label="to be big">gal</w>
<w form="&d;en-lil2" lemma="en-lil2" pos="N" type="DN" label="Enlil" det="&d;">&d;<damage/>en<damageEnd/>-<supplied/>lil2<suppliedEnd/></w>
<supplied/>
<w form="&X;" lemma="&X;" label="&X;">&X;</w>
<suppliedEnd/>
</l>
<l n="32" id="c2454.A.32" corresp="t2454.p4">
<w form="X" lemma="X" label="X">X</w>
<supplied/>
<w form="&X;" lemma="&X;" label="&X;">&X;</w>
<suppliedEnd/>
<w form="X" lemma="X" label="X">X</w>
<w form="NI" lemma="NI" label="NI">NI</w>
<w form="X" lemma="X" label="X">X</w>
<supplied/>
<w form="&X;" lemma="&X;" label="&X;">&X;</w>
<suppliedEnd/>
</l>
<gap extent="approx. 7 lines missing"/>
</div1>
<div1 type="segment" n="B">
<l n="1" id="c2454.B.1" corresp="t2454.p5">
<w form="nam" lemma="nam" pos="N" label="destiny">nam</w>
<w form="tar-ra" lemma="tar" pos="V" label="to cut">tar-ra</w>
<supplied/>
<w form="&X;" lemma="&X;" label="&X;">&X;</w>
<suppliedEnd/>
</l>
<l n="2" id="c2454.B.2" corresp="t2454.p5">
<w form="&d;ac-im2-babbar" lemma="ac-im2-babbar2" pos="N" type="DN" label="A&c;imbabbar" det="&d;">&d;ac-im2-babbar</w>
<supplied/>
<w form="&X;" lemma="&X;" label="&X;">&X;</w>
<suppliedEnd/>
</l>
<l n="3" id="c2454.B.3" corresp="t2454.p5">
<w form="me" lemma="me" pos="N" label="essence">me</w>
<w form="nam-lugal-la" lemma="nam-lugal" pos="N" label="kingship">nam-lugal-<damage/>la</w>
<damageEnd/>
<supplied/>
<w form="&X;" lemma="&X;" label="&X;">&X;</w>
<suppliedEnd/>
</l>
<l n="4" id="c2454.B.4" corresp="t2454.p5">
<w form="dalla" lemma="dalla" pos="V" label="to be bright">dalla</w>
<w form="mu-e-e3" lemma="e3" pos="V" label="to go out or in">mu-e-<damage/>e3</w>
<damageEnd/>
<supplied/>
<w form="&X;" lemma="&X;" label="&X;">&X;</w>
<suppliedEnd/>
<w form="saj" lemma="saj" pos="N" label="head">saj</w>
<w form="il2" lemma="il2" pos="V" label="to raise">il2</w>
<w form="X" lemma="X" label="X">X</w>
<supplied/>
<w form="&X;" lemma="&X;" label="&X;">&X;</w>
<suppliedEnd/>
</l>
<l n="5" id="c2454.B.5" corresp="t2454.p5">
<w form="&d;nanna-&d;suen-e" lemma="nanna-suen" pos="N" type="DN" label="Nanna-Suen" det="&d;">&d;nanna-&d;suen-e</w>
<supplied/>
<w form="&X;" lemma="&X;" label="&X;">&X;</w>
<suppliedEnd/>
</l>
<l n="6" id="c2454.B.6" corresp="t2454.p5">
<w form="giri17-zal" lemma="giri17-zal" pos="N" label="joy">giri17-zal</w>
<w form="en" lemma="en" pos="N" label="lord">en</w>
<w form="pa" lemma="pa" pos="N" label="branch">pa</w>
<w form="e3" lemma="e3" pos="V" label="to go out or in">e3</w>
<w form="an" lemma="an" pos="N" label="heaven">an</w>
<w form="urac-a" lemma="urac" pos="N" label="earth">urac-a</w>
<w form="X" lemma="X" label="X">X</w>
<supplied/>
<w form="&X;" lemma="&X;" label="&X;">&X;</w>
<suppliedEnd/>
<w form="X" lemma="X" label="X">X</w>
</l>
<l n="7" id="c2454.B.7" corresp="t2454.p5">
<w form="jickim-til3" lemma="jickim-til3" pos="N" label="(source of) trust">jickim-til3</w>
<w form="dumu" lemma="dumu" pos="N" label="child">dumu</w>
<w form="&d;nin-lil2-la2" lemma="nin-lil2" pos="N" type="DN" label="Ninlil" det="&d;">&d;nin-lil2-la2</w>
<w form="he2-du7" lemma="he2-du7" pos="N" label="(fitting) ornament">he2-du7</w>
<w form="X" lemma="X" label="X">X</w>
<w form="X" lemma="X" label="X">X</w>
<w form="X" lemma="X" label="X">X</w>
</l>
<l n="8" id="c2454.B.8" corresp="t2454.p5">
<w form="&d;nanna" lemma="nanna" pos="N" type="DN" label="Nanna" det="&d;">&d;nanna</w>
<w form="en" lemma="en" pos="N" label="lord">en</w>
<w form="KA" lemma="KA" label="KA">KA</w>
<w form="kug" lemma="kug" pos="AJ" label="shining">kug</w>
<w form="mu" lemma="mu" pos="N" label="name">mu</w>
<w form="mah-am3" lemma="mah" pos="V" label="to be majestic">mah-am3</w>
<w form="zi-cag4-jal2" lemma="zi-cag4-jal2" pos="AJ" label="life-giving">zi-cag4-jal2</w>
<w form="kalam-ma" lemma="kalam" pos="N" label="the Land">kalam-ma</w>
</l>
<l n="9" id="c2454.B.9" corresp="t2454.p5">
<w form="nun" lemma="nun" pos="N" label="prince">nun</w>
<w form="hi-li" lemma="hi-li" pos="N" label="attractiveness">hi-li</w>
<w form="sud" lemma="sud" pos="V" label="to be distant">sud</w>
<w form="cag4" lemma="cag4" pos="N" label="heart">cag4</w>
<w form="kug-ja2" lemma="kug" pos="AJ" label="shining">kug-ja2</w>
<w form="pad3-da" lemma="pad3" pos="V" label="to find">pad3-da</w>
<w form="&d;i-bi2-&d;suen-ju10" lemma="i-bi-suen" pos="N" type="RN" label="Ibbi-Suen" npart="DN:Suen" det="&d;">&d;i-bi2-&d;suen-ju10</w>
</l>
<l n="10" id="c2454.B.10" corresp="t2454.p5">
<w form="uj3" lemma="uj3" pos="N" label="people">uj3</w>
<w form="car2-ra-ba" lemma="car2" pos="V" label="to be numerous">car2-ra-ba</w>
<w form="mu-ni" lemma="mu" pos="N" label="name">mu-ni</w>
<w form="su3-ra2-ce3" lemma="sud" pos="V" label="to be distant">su3-ra2-ce3</w>
<w form="ka-ac" lemma="ka-ac" pos="N" label="decision">ka-ac</w>
<w form="bar" lemma="bar" pos="V" label="to set aside">bar</w>
<w form="kalam-ma" lemma="kalam" pos="N" label="the Land">kalam-ma</w>
<w form="X" lemma="X" label="X">X</w>
<w form="X" lemma="X" label="X">X</w>
</l>
<l n="11" id="c2454.B.11" corresp="t2454.p5">
<w form="bal" lemma="bal" pos="N" label="term (in office)">bal</w>
<w form="dug" lemma="dug3" pos="V" label="to be good">dug</w>
<w form="nam-he2" lemma="nam-he2" pos="N" label="abundance">nam-he2</w>
<w form="car2" lemma="car2" pos="V" label="to be numerous">car2</w>
<w form="kug-zu-me-en" lemma="kug-zu" pos="AJ" label="wise">kug-zu-me-en</w>
<w form="janun" lemma="ja2-nun" pos="N" label="storehouse"><unclear cert="qry">janun</unclear></w>
<w form="mah-ce3" lemma="mah" pos="V" label="to be majestic">mah-<corr resp="scrOm"/>ce3</w>
<corrEnd/>
<w form="jectug2-zu" lemma="jectug2" pos="N" label="ear">jectug2-zu</w>
</l>
<l n="12" id="c2454.B.12" corresp="t2454.p5">
<w form="a-a" lemma="a-a" pos="N" label="father">a-a</w>
<w form="&d;nanna" lemma="nanna" pos="N" type="DN" label="Nanna" det="&d;">&d;nanna</w>
<w form="cag4-ge" lemma="cag4" pos="N" label="heart">cag4-ge</w>
<w form="pad3-da-zu" lemma="pad3" pos="V" label="to find">pad3-da-zu</w>
<w form="X-jal2" lemma="jal2" pos="V" label="to be (located)">X-<damage/>jal2</w>
<damageEnd/>
<w form="cum2-ma" lemma="cum2" pos="V" label="to give">cum2-ma</w>
</l>
<l n="13" id="c2454.B.13" corresp="t2454.p5">
<w form="en" lemma="en" pos="N" label="lord">en</w>
<w form="giri17-zal" lemma="giri17-zal" pos="N" label="joy">giri17-zal</w>
<w form="numun" lemma="numun" pos="N" label="seed">numun</w>
<w form="zid-de3" lemma="zid" pos="AJ" label="right">zid-de3</w>
<w form="X" lemma="X" label="X">X</w>
<w form="X" lemma="X" label="X">X</w>
</l>
<l n="14" id="c2454.B.14" corresp="t2454.p5">
<w form="me" lemma="me" pos="N" label="essence">me</w>
<w form="gal-gal-la" lemma="gal" pos="V" label="to be big" form-type="RR">gal-gal-la</w>
<w form="mah-di" lemma="mah-di" pos="AJ" label="illustrious">mah-di</w>
<w form="&d;en-lil2-da" lemma="en-lil2" pos="N" type="DN" label="Enlil" det="&d;">&d;en-lil2-da</w>
<w form="ec-bar" lemma="ec-bar" pos="N" label="decision">ec-bar</w>
<w form="X" lemma="X" label="X">X</w>
<supplied/>
<w form="X" lemma="X" label="X">X</w>
<suppliedEnd/>
<w form="jal2" lemma="jal2" pos="V" label="to be (located)">jal2</w>
</l>
<l n="15" id="c2454.B.15" corresp="t2454.p5">
<w form="gud" lemma="gud" pos="N" label="bull">gud</w>
<w form="dili" lemma="dili" pos="AJ" label="single" form-type="isg">dili</w>
<w form="du-de3" lemma="jen" pos="V" label="to go">du-de3</w>
<w form="en" lemma="en" pos="N" label="lord">en</w>
<w form="pa" lemma="pa" pos="N" label="branch">pa</w>
<w form="ed2-dam" lemma="e3" pos="V" label="to go out or in">ed2-<unclear cert="qry">dam</unclear></w>
<w form="&d;suen" lemma="suen" pos="N" type="DN" label="Suen" det="&d;">&d;suen</w>
<damage/>
<w form="za3-mi2" lemma="za3-mi2" pos="N" label="praise">za3<damageEnd/>-mi2</w>
</l>
<trailer place="subscript" type="ululumama">
<l n="16" id="c2454.B.16" corresp="t2454.p6">
<w form="u3-lu-lu-ma-ma" lemma="u2-lu-lu-ma-ma" pos="N" label="type of composition">u3-lu-lu-ma-ma</w>
<w form="&d;suen-na-kam" lemma="suen" pos="N" type="DN" label="Suen" det="&d;">&d;suen-na-kam</w>
</l>
</trailer>
</div1>
</body>
</text>
</TEI.2>
