<TEI.2 id="c.2.6.9.6">
<teiHeader lang="eng">
<fileDesc>
<titleStmt>
<title>A prayer to Nanna for R&imacr;m-S&icirc;n (R&imacr;m-S&icirc;n F) -- a composite transliteration</title>
<respStmt><name>Jeremy Black</name><resp>Project Director and Editor</resp></respStmt>
<respStmt><name>G&aacute;bor Z&oacute;lyomi</name><resp>Editor</resp></respStmt>
<respStmt><name>Graham Cunningham</name><resp>Editor</resp></respStmt>
<respStmt><name>Eleanor Robson</name><resp>Technical Developer</resp></respStmt>
<respStmt><name>Jarle Ebeling</name><resp>Technical Developer</resp></respStmt>
</titleStmt>
<publicationStmt>
<distributor>The Electronic Text Corpus of Sumerian Literature
</distributor><address><addrLine>The Oriental Institute, University of Oxford, Pusey Lane, Oxford OX1 2LE, UK, email etcsl&commat;orinst.ox.ac.uk, http://etcsl.orinst.ox.ac.uk</addrLine></address>
<date>1999</date>
</publicationStmt>
<seriesStmt><p>The Electronic Text Corpus of Sumerian Literature aims to make accessible over 400 literary works composed in the Sumerian language in ancient Mesopotamia during the late third and early second millennia BC. The works are in Sumerian composite transliteration and English prose translation with bibliographical information on each composition.</p></seriesStmt>
<sourceDesc>
<listBibl type="secondary">
<bibl><xref from="b307">Krecher 1996</xref><biblScope type="contents">composite text</biblScope><note>electronic source</note></bibl>
<bibl><xref from="b308">Krecher 1996a</xref><biblScope type="contents">composite text, translation</biblScope><note>electronic source</note></bibl>
<bibl><xref from="b438">Tinney 1998aaaa</xref><biblScope type="contents">composite text</biblScope><note>electronic source</note></bibl>
<bibl><xref from="b34">Charpin 1986</xref><biblScope type="page">287-295</biblScope><biblScope type="contents">score transliteration, translation, commentary</biblScope></bibl>
</listBibl>
<listBibl type="tablets">
<bibl><biblScope type="museumNumber">UET 6 105 = U 7747</biblScope></bibl>
</listBibl>
</sourceDesc>
</fileDesc>
<revisionDesc>
<change><date>04.vi.1999-03.viii.1999</date><respStmt><name>JAB</name><resp>editor</resp></respStmt>
<item>standardisation</item></change>
<change><date>22.x.1999</date><respStmt><name>GZ</name><resp>editor</resp></respStmt>
<item>proofreading</item></change>
<change><date>22.x.1999</date><respStmt><name>GZ</name><resp>editor</resp></respStmt>
<item>SGML tagging</item></change>
<change><date>07.i.2000</date><respStmt><name>ER</name><resp>editor</resp></respStmt>
<item>proofreading SGML</item></change>
<change><date>07.i.2000</date><respStmt><name>ER</name><resp>editor</resp></respStmt>
<item>web publication</item></change>
<change><date>01.vi.2003</date><respStmt><name>GC/JE</name><resp>editor/technical developer</resp></respStmt>
<item>XML/TEI conversion</item></change>
<change><date>30.iii.2005</date><respStmt><name>GC/JE</name><resp>senior editor/technical developer</resp></respStmt>
<item>lemmatised version published</item></change>
</revisionDesc>
</teiHeader>
<text lang="sux">
<body>
<l n="1" id="c2696.1" corresp="t2696.p1">
<w form="&d;ri-im-&d;suen" lemma="ri-im-suen" pos="N" type="RN" label="R&imacr;m-S&icirc;n" npart="DN:Suen" det="&d;">&d;ri-im-&d;suen</w>
<w form="lugal" lemma="lugal" pos="N" label="king">lugal</w>
<w form="me" lemma="me" pos="N" label="essence">me</w>
<w form="nun-na" lemma="nun" pos="N" label="prince">nun-na</w>
<w form="kingal" lemma="kingal" pos="N" label="leader">kingal</w>
<w form="me" lemma="me" pos="N" label="essence">me</w>
<w form="car2-ra" lemma="car2" pos="V" label="to be numerous">car2-ra</w>
<w form="nam-nun-na" lemma="nam-nun" pos="N" label="princeliness">nam-nun-na</w>
<w form="saj" lemma="saj" pos="N" label="head">saj</w>
<w form="il2" lemma="il2" pos="V" label="to raise">il2</w>
</l>
<l n="2" id="c2696.2" corresp="t2696.p1">
<w form="abzu" lemma="abzu" pos="N" label="underground water">abzu</w>
<w form="ec3" lemma="ec3" pos="N" label="shrine">ec3</w>
<w form="kug" lemma="kug" pos="AJ" label="shining">kug</w>
<w form="mah" lemma="mah" pos="V" label="to be majestic">mah</w>
<w form="e2-kic-nu-jal2-la-ke4" lemma="e2-kic-nu-jal2" pos="N" type="TN" label="E-ki&c;-nu-&g;al">e2-kic-nu-jal2-la-ke4</w>
</l>
<l n="3" id="c2696.3" corresp="t2696.p1">
<w form="nam-mah" lemma="nam-mah" pos="N" label="majesty">nam-mah</w>
<w form="gal" lemma="gal" pos="V" label="to be big">gal</w>
<w form="cag4-ta" lemma="cag4" pos="N" label="heart">cag4-ta</w>
<w form="bar-ta-bi" lemma="bar" pos="N" label="outside">bar-ta-bi</w>
</l>
<l n="4" id="c2696.4" corresp="t2696.p1">
<w form="ki-jar" lemma="ki-jar" pos="N" label="area">ki-jar</w>
<w form="e2-e2" lemma="e2" pos="N" label="house(hold)" form-type="RR">e2-e2</w>
<w form="cag4" lemma="cag4" pos="N" label="heart">cag4</w>
<w form="kug" lemma="kug" pos="AJ" label="shining">kug</w>
<w form="sikil-la-ka" lemma="sikil" pos="V" label="to be pure">sikil-la-ka</w>
</l>
<l n="5" id="c2696.5" corresp="t2696.p1">
<w form="ir" lemma="ir" pos="N" label="(fragrant) exudation">ir</w>
<w form="dug3-ga" lemma="dug3" pos="V" label="to be good">dug3-ga</w>
<w form="tir" lemma="tir" pos="N" label="forest">tir</w>
<w form="cim" lemma="cim" pos="N" label="aromatic (fragrance)">cim</w>
<w form="&jic;erin-na" lemma="erin" pos="N" label="cedar" bound="L,ak" det="&jic;">&jic;erin-na</w>
<w form="ha-cu-ur2-ra-kam" lemma="ha-cu-ur2" pos="N" label="type of cypress">ha-cu-ur2-ra-kam</w>
</l>
<l n="6" id="c2696.6" corresp="t2696.p1">
<w form="e2" lemma="e2" pos="N" label="house(hold)">e2</w>
<w form="ki-gal-bi" lemma="ki-gal" pos="N" label="pedestal">ki-gal-bi</w>
<w form="cag4" lemma="cag4" pos="N" label="heart">cag4</w>
<w form="e2-ke4" lemma="e2" pos="N" label="house(hold)">e2-ke4</w>
</l>
<l n="7" id="c2696.7" corresp="t2696.p1">
<w form="an-dul7" lemma="an-dul3" pos="N" label="(protective) shade">an-dul7</w>
<w form="e2-e" lemma="e2" pos="N" label="house(hold)">e2-e</w>
<w form="me-lem4" lemma="me-lem4" pos="N" label="(awesome) radiance">me-lem4</w>
<w form="e2-ke4" lemma="e2" pos="N" label="house(hold)">e2-ke4</w>
</l>
<l n="8" id="c2696.8" corresp="t2696.p1">
<w form="ub" lemma="ub" pos="N" label="corner">ub</w>
<w form="gal" lemma="gal" pos="V" label="to be big">gal</w>
<w form="ub" lemma="ub" pos="N" label="corner">ub</w>
<w form="kug-ge" lemma="kug" pos="AJ" label="shining">kug-ge</w>
<w form="cag4" lemma="cag4" pos="N" label="heart">cag4</w>
<w form="gen6-na" lemma="gen6" pos="V" label="to be firm">gen6-na</w>
</l>
<l n="9" id="c2696.9" corresp="t2696.p1">
<w form="jic-hur" lemma="jic-hur" pos="N" label="design">jic-hur</w>
<w form="kan4-na" lemma="kan4" pos="N" label="gate">kan4-na</w>
</l>
<l n="10" id="c2696.10" corresp="t2696.p1">
<w form="jic-bur2-e" lemma="jic-bur2" pos="N" label="architectural feature">jic-bur2-e</w>
<w form="ac-me" lemma="ac-me" pos="N" label="sun (disc)">ac-me</w>
<w form="saj-ja2-ni" lemma="saj" pos="N" label="head">saj-ja2-ni</w>
<w form="urin" lemma="urin" pos="N" label="standard">urin</w>
<w form="hu-ri-in" lemma="hu-ri2-in" pos="N" label="eagle">hu-ri-in</w>
<w form="lah4-lah4" lemma="de6" pos="V" label="to carry" form-type="RR-pl">lah4-lah4</w>
</l>
<l n="11" id="c2696.11" corresp="t2696.p1">
<w form="lulim-ma" lemma="lulim" pos="N" label="red deer?">lulim-ma</w>
<w form="zid-da" lemma="zid" pos="AJ" label="right">zid-da</w>
<w form="gab2-bu-bi" lemma="gabu2" pos="N" label="left (side)">gab2-bu-bi</w>
<w form="kij2" lemma="kij2" pos="N" label="work">kij2</w>
<w form="gal" lemma="gal" pos="V" label="to be big">gal</w>
<w form="cu" lemma="cu" pos="N" label="hand">cu</w>
<w form="dab-dab-be2" lemma="dab5" pos="V" label="to seize" form-type="RR">dab-dab-be2</w>
</l>
<l n="12" id="c2696.12" corresp="t2696.p1">
<w form="dijir" lemma="dijir" pos="N" label="deity">dijir</w>
<w form="kan4-na" lemma="kan4" pos="N" label="gate">kan4-na</w>
<w form="en-nu-uj3" lemma="en-nu-uj3" pos="N" label="guard">en-nu-uj3</w>
<w form="i3-ak-ne" lemma="ak" pos="V" label="to do">i3-ak-ne</w>
</l>
<l n="13" id="c2696.13" corresp="t2696.p2">
<w form="jic-kin2" lemma="jic-gana2" pos="N" label="birch?">jic-kin2</w>
<w form="mah" lemma="mah" pos="V" label="to be majestic">mah</w>
<w form="ki-bi" lemma="ki" pos="N" label="place">ki-bi</w>
<w form="ma-ra-car2-car2" lemma="car2" pos="V" label="to be numerous" form-type="RR">ma-ra-car2-car2</w>
</l>
<l n="14" id="c2696.14" corresp="t2696.p2">
<w form="zag-du8" lemma="zag-du8" pos="N" label="doorjamb">zag-du8</w>
<w form="a-sal4-bar-ra" lemma="a-sal-bar" pos="N" label="architrave?">a-sal4-bar-ra</w>
<w form="si-jar" lemma="si-jar" pos="N" label="clamp">si-jar</w>
<w form="kun4" lemma="kun4" pos="N" label="stair(way)">kun4</w>
<w form="dub-bi" lemma="dub-ba-an" pos="N" label="fence">dub-bi</w>
</l>
<l n="15" id="c2696.15" corresp="t2696.p2">
<w form="&jic;ig" lemma="ig" pos="N" label="door" det="&jic;">&jic;ig</w>
<w form="&jic;saj-kul2" lemma="saj-kul" pos="N" label="(locking) bar" det="&jic;">&jic;saj-kul2</w>
<w form="&jic;cu-min3" lemma="cu-min3" pos="N" label="(door) bar" det="&jic;">&jic;cu-min3</w>
<w form="e2-ke4" lemma="e2" pos="N" label="house(hold)">e2-ke4</w>
</l>
<l n="16" id="c2696.16" corresp="t2696.p2">
<w form="ki-sa5" lemma="ki-sa2" pos="N" label="plinth">ki-sa5</w>
<w form="du6" lemma="du6" pos="N" label="(ruin) mound">du6</w>
<w form="e2-a" lemma="e2" pos="N" label="house(hold)">e2-a</w>
<w form="ki-jar" lemma="ki-jar" pos="N" label="area">ki-jar</w>
<w form="e2-e2" lemma="e2" pos="N" label="house(hold)" form-type="RR">e2-e2</w>
<w form="cag4" lemma="cag4" pos="N" label="heart">cag4</w>
<w form="kug" lemma="kug" pos="AJ" label="shining">kug</w>
<w form="sikil-la-ka" lemma="sikil" pos="V" label="to be pure">sikil-la-ka</w>
</l>
<l n="17" id="c2696.17" corresp="t2696.p2">
<w form="gi-zi" lemma="gi-zi" pos="N" label="type of reed">gi-zi</w>
<w form="kug-kug-bi" lemma="kug" pos="AJ" label="shining" form-type="RR">kug-kug-bi</w>
<w form="kug-zig3" lemma="kug-sig17" pos="N" label="gold">kug-zig3</w>
<w form="kug-babbar-ra" lemma="kug-babbar" pos="N" label="silver">kug-babbar-ra</w>
</l>
<l n="18" id="c2696.18" corresp="t2696.p2">
<w form="da" lemma="da" pos="N" label="side">da</w>
<w form="ambar" lemma="ambar" pos="N" label="marsh">ambar</w>
<w form="abzu-a" lemma="abzu" pos="N" label="underground water">abzu-a</w>
<w form="e2-kic-nu-jal2-la-kam" lemma="e2-kic-nu-jal2" pos="N" type="TN" label="E-ki&c;-nu-&g;al">e2-kic-nu-jal2-la-kam</w>
</l>
<l n="19" id="c2696.19" corresp="t2696.p2">
<w form="ec3" lemma="ec3" pos="N" label="shrine">ec3</w>
<w form="kug-ga" lemma="kug" pos="AJ" label="shining">kug-ga</w>
<w form="ab2" lemma="ab2" pos="N" label="cow">ab2</w>
<w form="nijin-na" lemma="nijin2" pos="V" label="to go around">nijin-na</w>
</l>
<l n="20" id="c2696.20" corresp="t2696.p2">
<supplied/>
<w form="X" lemma="X" label="X">X</w>
<suppliedEnd/>
<w form="amar" lemma="amar" pos="N" label="calf">amar</w>
<w form="car2" lemma="car2" pos="V" label="to be numerous">car2</w>
<w form="za-gin3-na-ke4" lemma="za-gin3" pos="N" label="lapis lazuli">za-gin3-na-ke4</w>
<w form="kadra2-ba-bi" lemma="kadra" pos="N" label="greeting gift">kadra2-ba-bi</w>
<w form="dab5-be2-de3" lemma="dab5" pos="V" label="to seize">dab5-be2-de3</w>
</l>
<l n="21" id="c2696.21" corresp="t2696.p2">
<supplied/>
<w form="&X;" lemma="&X;" label="&X;">&X;</w>
<suppliedEnd/>
<w form="X-bi" lemma="X" label="X">X-bi</w>
<w form="amar-bi-bi" lemma="amar" pos="N" label="calf">amar-bi-<damage/>bi</w>
<damageEnd/>
</l>
<l n="22" id="c2696.22" corresp="t2696.p2">
<supplied/>
<w form="&X;" lemma="&X;" label="&X;">&X;</w>
<w form="kug-ga" lemma="kug" pos="AJ" label="shining">kug<suppliedEnd/>-ga</w>
<w form="ma-ra-sug2-ge" lemma="gub" pos="V" label="to stand" form-type="pl">ma-<corr resp="scrOm"/>ra<corrEnd/>-sug2-<damage/>ge</w>
<damageEnd/>
<supplied/>
<w form="&X;" lemma="&X;" label="&X;">&X;</w>
<suppliedEnd/>
</l>
<l n="23" id="c2696.23" corresp="t2696.p2">
<supplied/>
<w form="gi" lemma="gi" pos="N" label="reed">gi</w>
<suppliedEnd/>
<w form="sumun" lemma="sumun" pos="V" label="to be old">sumun</w>
<w form="gi" lemma="gi" pos="N" label="reed">gi</w>
<w form="sumun-ne2-ke4" lemma="sumun" pos="V" label="to be old">sumun-ne2-ke4</w>
<w form="u2-sal-la" lemma="u2-sal" pos="N" label="meadow">u2-<supplied/>sal-la</w>
<w form="&X;" lemma="&X;" label="&X;">&X;</w>
<suppliedEnd/>
</l>
<l n="24" id="c2696.24" corresp="t2696.p2">
<w form="gi" lemma="gi" pos="N" label="reed">gi</w>
<w form="sumun" lemma="sumun" pos="V" label="to be old">sumun</w>
<w form="nu2-a" lemma="nu2" pos="V" label="to lie down">nu2-a</w>
<w form="gi" lemma="gi" pos="N" label="reed">gi</w>
<phr type="VP" lemma="si sa2" label="to make straight">
<w form="si" lemma="si" pos="N" label="horn">si</w>
<w form="sa2" lemma="sa2" pos="V" label="to equal">sa2</w>
</phr>
<supplied/>
<w form="&X;" lemma="&X;" label="&X;">&X;</w>
<suppliedEnd/>
</l>
<l n="25" id="c2696.25" corresp="t2696.p2">
<supplied/>
<w form="a-cag4-ba" lemma="a-cag4" pos="N" label="field">a<suppliedEnd/>-cag4-ba</w>
<w form="ki" lemma="ki" pos="N" label="place">ki</w>
<w form="jar" lemma="jar" pos="V" label="to place">jar</w>
<w form="ma-ra-&X;" lemma="&X;" label="&X;">ma-ra-<supplied/>&X;</w>
<suppliedEnd/>
</l>
<l n="26" id="c2696.26" corresp="t2696.p2">
<w form="cag4" lemma="cag4" pos="N" label="heart">cag4</w>
<w form="ambar" lemma="ambar" pos="N" label="marsh">ambar</w>
<w form="abzu" lemma="abzu" pos="N" label="underground water">abzu</w>
<w form="e2-kic-nu-jal2-la-ke4" lemma="e2-kic-nu-jal2" pos="N" type="TN" label="E-ki&c;-nu-&g;al">e2-<damage/>kic<damageEnd/>-<supplied/>nu-jal2-la-ke4<suppliedEnd/></w>
</l>
<l n="27" id="c2696.27" corresp="t2696.p2">
<damage/>
<w form="sug" lemma="sug" pos="N" label="marsh">sug</w>
<damageEnd/>
<w form="kug" lemma="kug" pos="AJ" label="shining">kug</w>
<w form="jic-gi" lemma="jic-gi" pos="N" label="reedbed">jic-gi</w>
<w form="a" lemma="a" pos="N" label="water">a</w>
<w form="kug-ga" lemma="kug" pos="AJ" label="shining">kug-ga</w>
<damage/>
<w form="gi" lemma="gi" pos="N" label="reed">gi</w>
<damageEnd/>
<supplied/>
<w form="&X;" lemma="&X;" label="&X;">&X;</w>
<suppliedEnd/>
<w form="ma-ra-mu2-mu2-e" lemma="mu2" pos="V" label="to grow" form-type="RR">ma-ra-mu2-mu2-e</w>
</l>
<l n="28" id="c2696.28" corresp="t2696.p3">
<w form="cag4" lemma="cag4" pos="N" label="heart">cag4</w>
<w form="e2-e" lemma="e2" pos="N" label="house(hold)">e2-e</w>
<w form="kan4" lemma="kan4" pos="N" label="gate">kan4</w>
<w form="ec3" lemma="ec3" pos="N" label="shrine">ec3</w>
<w form="gal" lemma="gal" pos="V" label="to be big">gal</w>
<w form="mah" lemma="mah" pos="V" label="to be majestic">mah</w>
</l>
<l n="29" id="c2696.29" corresp="t2696.p3">
<w form="mi2" lemma="mi2" pos="N" label="(loving) care">mi2</w>
<w form="zid" lemma="zid" pos="AJ" label="right">zid</w>
<w form="ul" lemma="ul" pos="V" label="to swell (with joy)">ul</w>
<w form="gur3-ru-a" lemma="guru3" pos="V" label="to bear">gur3-ru-a</w>
<w form="cu" lemma="cu" pos="N" label="hand">cu</w>
<w form="du7-a" lemma="du7" pos="V" label="to be perfect">du7-a</w>
<w form="nam-nun-na" lemma="nam-nun" pos="N" label="princeliness">nam-nun-na</w>
<w form="saj" lemma="saj" pos="N" label="head">saj</w>
<w form="il2" lemma="il2" pos="V" label="to raise">il2</w>
</l>
<l n="30" id="c2696.30" corresp="t2696.p3">
<w form="hi-li" lemma="hi-li" pos="N" label="attractiveness">hi-li</w>
<w form="sud-sud" lemma="sud" pos="V" label="to be distant" form-type="RR">sud-sud</w>
<w form="gurun-gin7" lemma="gurun" pos="N" label="fruit">gurun-gin7</w>
<w form="sig7-ga" lemma="sig7" pos="V" label="to be green">sig7-ga</w>
</l>
<l n="31" id="c2696.31" corresp="t2696.p3">
<w form="ul" lemma="ul" pos="V" label="to swell (with joy)">ul</w>
<w form="gur3-ru" lemma="guru3" pos="V" label="to bear">gur3-ru</w>
<w form="mi2" lemma="mi2" pos="N" label="(loving) care">mi2</w>
<w form="dug4-ga" lemma="dug4" pos="V" label="to say">dug4-ga</w>
<w form="hur-saj-gin7" lemma="hur-saj" pos="N" label="mountain (range)">hur-saj-gin7</w>
<w form="me-lem4-ma" lemma="me-lem4" pos="N" label="(awesome) radiance">me-lem4-ma</w>
<w form="cu" lemma="cu" pos="N" label="hand">cu</w>
<w form="du7" lemma="du7" pos="V" label="to be perfect">du7</w>
</l>
<l n="32" id="c2696.32" corresp="t2696.p3">
<w form="cag4-ta" lemma="cag4" pos="N" label="heart">cag4-ta</w>
<w form="bar-ta" lemma="bar" pos="N" label="outside">bar-ta</w>
<w form="ub-ta" lemma="ub" pos="N" label="corner">ub-ta</w>
<w form="4-bi" lemma="4" pos="NU" type="cardinal" label="4">4-bi</w>
</l>
<l n="33" id="c2696.33" corresp="t2696.p3">
<w form="alan" lemma="alan" pos="N" label="statue">alan</w>
<w form="te-me-bi" lemma="temen" pos="N" label="foundation">te-me-bi</w>
<w form="&d;lamma" lemma="lamma" pos="N" label="guardian deity" det="&d;">&d;lamma</w>
<w form="mah" lemma="mah" pos="V" label="to be majestic">mah</w>
<w form="e2-ke4" lemma="e2" pos="N" label="house(hold)">e2-ke4</w>
</l>
<l n="34" id="c2696.34" corresp="t2696.p3">
<w form="cag4" lemma="cag4" pos="N" label="heart">cag4</w>
<w form="ud-sakar" lemma="ud-sakar" pos="N" label="crescent (moon)">ud-sakar</w>
<w form="jar-ra" lemma="jar" pos="V" label="to place">jar-ra</w>
<w form="bal-bal-e-de3" lemma="bal" pos="V" label="to turn over" form-type="RR">bal-bal-e-de3</w>
</l>
<l n="35" id="c2696.35" corresp="t2696.p3">
<w form="&d;udug" lemma="udug" pos="N" label="type of demon" det="&d;">&d;udug</w>
<w form="e2" lemma="e2" pos="N" label="house(hold)">e2</w>
<w form="&d;lamma" lemma="lamma" pos="N" label="guardian deity" det="&d;">&d;lamma</w>
<w form="e2-ke4" lemma="e2" pos="N" label="house(hold)">e2-ke4</w>
</l>
<l n="36" id="c2696.36" corresp="t2696.p3">
<w form="dijir" lemma="dijir" pos="N" label="deity">dijir</w>
<w form="gub-ba" lemma="gub" pos="V" label="to stand">gub-ba</w>
<w form="dumu" lemma="dumu" pos="N" label="child">dumu</w>
<w form="e2-ke4" lemma="e2" pos="N" label="house(hold)">e2-ke4</w>
</l>
<l n="37" id="c2696.37" corresp="t2696.p3">
<w form="dur2" lemma="dur2" pos="N" label="rump">dur2</w>
<w form="u2-zu-uk-ka-ta" lemma="uzug" pos="N" label="type of shrine">u2-zu-uk-ka-ta</w>
<w form="en-nu-uj3" lemma="en-nu-uj3" pos="N" label="guard">en-nu-uj3</w>
<w form="kan4" lemma="kan4" pos="N" label="gate">kan4</w>
<w form="bar-ra" lemma="bar" pos="N" label="outside">bar-ra</w>
<w form="jiri3-gub" lemma="jiri3-gub" pos="N" label="footrest">jiri3-gub</w>
<w form="dijir-ra" lemma="dijir" pos="N" label="deity">dijir-ra</w>
</l>
<l n="38" id="c2696.38" corresp="t2696.p3">
<w form="jic-hur" lemma="jic-hur" pos="N" label="design">jic-hur</w>
<w form="cu-luh" lemma="cu-luh" pos="N" label="ritual cleansing">cu-luh</w>
<w form="mah" lemma="mah" pos="V" label="to be majestic">mah</w>
<w form="e2-e-ke4" lemma="e2" pos="N" label="house(hold)">e2-e-ke4</w>
<w form="dur2" lemma="dur2" pos="N" label="rump">dur2</w>
<w form="ki" lemma="ki" pos="N" label="place">ki</w>
<w form="ma-ra-sar-sar" lemma="sar" pos="V" label="to run" form-type="RR">ma-ra-sar-sar</w>
</l>
<l n="39" id="c2696.39" corresp="t2696.p4">
<w form="NI" lemma="NI" label="NI">NI</w>
<w form="ki-gal-bi" lemma="ki-gal" pos="N" label="pedestal">ki-gal-bi</w>
<w form="&d;lamma" lemma="lamma" pos="N" label="guardian deity" det="&d;">&d;lamma</w>
<w form="mah" lemma="mah" pos="V" label="to be majestic">mah</w>
<w form="e2-e-ke4" lemma="e2" pos="N" label="house(hold)">e2-e-ke4</w>
</l>
<l n="40" id="c2696.40" corresp="t2696.p4">
<w form="i3" lemma="i3" pos="N" label="fatty substance">i3</w>
<w form="ga-ar3-bi" lemma="ga-ar3" pos="N" label="cheese">ga-ar3-bi</w>
<w form="ninda-ninda-bi" lemma="ninda" pos="N" label="bread" form-type="RR">ninda-ninda-bi</w>
<w form="ma-ra-lah5" lemma="de6" pos="V" label="to carry" form-type="pl">ma-ra-lah5</w>
<w form="he2-a" lemma="me" pos="V" label="to be">he2-a</w>
</l>
<l n="41" id="c2696.41" corresp="t2696.p4">
<w form="dijir" lemma="dijir" pos="N" label="deity">dijir</w>
<w form="gub-ba" lemma="gub" pos="V" label="to stand">gub-ba</w>
<w form="&d;lamma" lemma="lamma" pos="N" label="guardian deity" det="&d;">&d;lamma</w>
<w form="dijir" lemma="dijir" pos="N" label="deity">dijir</w>
<w form="ama" lemma="ama" pos="N" label="mother">ama</w>
<w form="sag9-ga" lemma="sag9" pos="V" label="to be good">sag9-ga</w>
<w form="e2-e" lemma="e2" pos="N" label="house(hold)">e2-e</w>
<w form="ce-ga-ba" lemma="ce" pos="V" label="to agree">ce-ga-ba</w>
</l>
<l n="42" id="c2696.42" corresp="t2696.p4">
<w form="saj-saj" lemma="saj" pos="N" label="head" form-type="RR">saj-saj</w>
<w form="nij2" lemma="nij2" pos="N" label="thing">nij2</w>
<w form="sag9-ga-zu" lemma="sag9" pos="V" label="to be good">sag9-ga-zu</w>
<w form="he2-bi2-ib-tuku-tuku-ne" lemma="tuku" pos="V" label="to have" form-type="RR">he2-bi2-ib-tuku-tuku-ne</w>
</l>
<l n="43" id="c2696.43" corresp="t2696.p4">
<w form="nij2-na" lemma="nij2-na" pos="N" label="censer">nij2-na</w>
<w form="de5-ga" lemma="de5" pos="V" label="to collect"><corr resp="scrOm"/>de5<corrEnd/>-ga</w>
<w form="jic-bi" lemma="jic" pos="N" label="tree">jic-bi</w>
<w form="dug4-ga-zu" lemma="dug4" pos="V" label="to say">dug4-ga-zu</w>
</l>
<l n="44" id="c2696.44" corresp="t2696.p4">
<w form="&d;nanna" lemma="nanna" pos="N" type="DN" label="Nanna" det="&d;">&d;nanna</w>
<w form="&d;nin-gal-bi" lemma="nin-gal" pos="N" type="DN" label="Ningal" det="&d;">&d;nin-gal-bi</w>
<w form="cu" lemma="cu" pos="N" label="hand">cu</w>
<w form="he2-eb-cu-tej3-je26-ne" lemma="cu-tej3" pos="V" label="to accept">he2-eb-cu-tej3-je26-ne</w>
</l>
<l n="45" id="c2696.45" corresp="t2696.p4">
<w form="inim" lemma="inim" pos="N" label="word">inim</w>
<w form="kug-ga-ne-ne-a" lemma="kug" pos="AJ" label="shining">kug-ga-ne-ne-a</w>
<w form="cu" lemma="cu" pos="N" label="hand">cu</w>
<w form="ha-ra-mu2-mu2-ne" lemma="mu2" pos="V" label="to grow" form-type="RR">ha-ra-mu2-mu2-ne</w>
</l>
<l n="46" id="c2696.46" corresp="t2696.p4">
<w form="&d;ri-im-&d;suen" lemma="ri-im-suen" pos="N" type="RN" label="R&imacr;m-S&icirc;n" npart="DN:Suen" det="&d;">&d;ri-im-&d;suen</w>
<w form="lugal-ju10" lemma="lugal" pos="N" label="king">lugal-ju10</w>
</l>
</body>
</text>
</TEI.2>
