<TEI.2 id="c.2.99.c">
<teiHeader lang="eng">
<fileDesc>
<titleStmt>
<title>A fragment of a royal praise poem -- a composite transliteration</title>
<respStmt><name>Jeremy Black</name><resp>Project Director and Editor</resp></respStmt>
<respStmt><name>G&aacute;bor Z&oacute;lyomi</name><resp>Editor</resp></respStmt>
<respStmt><name>Graham Cunningham</name><resp>Editor</resp></respStmt>
<respStmt><name>Eleanor Robson</name><resp>Technical Developer</resp></respStmt>
<respStmt><name>Jarle Ebeling</name><resp>Technical Developer</resp></respStmt>
</titleStmt>
<publicationStmt>
<distributor>The Electronic Text Corpus of Sumerian Literature
</distributor><address><addrLine>The Oriental Institute, University of Oxford, Pusey Lane, Oxford OX1 2LE, UK, email etcsl&commat;orinst.ox.ac.uk, http://etcsl.orinst.ox.ac.uk</addrLine></address>
<date>2001</date>
</publicationStmt>
<seriesStmt><p>The Electronic Text Corpus of Sumerian Literature aims to make accessible over 400 literary works composed in the Sumerian language in ancient Mesopotamia during the late third and early second millennia BC. The works are in Sumerian composite transliteration and English prose translation with bibliographical information on each composition.</p></seriesStmt>
<sourceDesc>
<listBibl type="secondary">
<bibl><xref from="b752">Cavigneaux 1996</xref><biblScope type="page">56</biblScope><biblScope type="contents">composite text, translation, handcopy</biblScope><note>no. 109</note></bibl>
</listBibl>
<listBibl type="tablets">
<bibl><biblScope type="museumNumber">W16743db (= AUWE 23 109)</biblScope><biblScope type="provenance">Uruk</biblScope></bibl>
</listBibl>
</sourceDesc>
</fileDesc>
<revisionDesc>
<change><date>30.vii.2001</date><respStmt><name>GZ</name><resp>editor</resp></respStmt>
<item>typing, standardisation</item></change>
<change><date>24.viii.2001</date><respStmt><name>JAB</name><resp>editor</resp></respStmt>
<item>proofreading</item></change>
<change><date>24.viii.2001</date><respStmt><name>GZ</name><resp>editor</resp></respStmt>
<item>SGML tagging</item></change>
<change><date>14.ix.2001</date><respStmt><name>ER</name><resp>editor</resp></respStmt>
<item>proofreading SGML</item></change>
<change><date>14.ix.2001</date><respStmt><name>ER</name><resp>editor</resp></respStmt>
<item>web publication</item></change>
<change><date>01.vi.2003</date><respStmt><name>GC/JE</name><resp>editor/technical developer</resp></respStmt>
<item>XML/TEI conversion</item></change>
<change><date>30.iii.2005</date><respStmt><name>GC/JE</name><resp>senior editor/technical developer</resp></respStmt>
<item>lemmatised version published</item></change>
</revisionDesc>
</teiHeader>
<text lang="sux">
<body id="c299c.ver1">
<note id="c299c.n1" lang="eng" target="c299c.ver1">genre classification uncertain</note>
<gap extent="unknown no. of lines missing"/>
<l n="1" id="c299c.1" corresp="t299c.p1">
<supplied/>
<w form="&X;" lemma="&X;" label="&X;">&X;</w>
<suppliedEnd/>
<w form="JAR" lemma="JAR" label="&G;AR">JAR</w>
<supplied/>
<w form="&X;" lemma="&X;" label="&X;">&X;</w>
<suppliedEnd/>
</l>
<l n="2" id="c299c.2" corresp="t299c.p1">
<supplied/>
<w form="&X;" lemma="&X;" label="&X;">&X;</w>
<suppliedEnd/>
<damage/>
<w form="hur-saj" lemma="hur-saj" pos="N" label="mountain (range)"><unclear cert="qry">hur</unclear><damageEnd/>-saj</w>
<w form="gal-gin7" lemma="gal" pos="V" label="to be big">gal-gin7</w>
<supplied/>
<w form="&X;" lemma="&X;" label="&X;">&X;</w>
<suppliedEnd/>
</l>
<l n="3" id="c299c.3" corresp="t299c.p1">
<supplied/>
<w form="&X;" lemma="&X;" label="&X;">&X;</w>
<suppliedEnd/>
<w form="&d;gilgamec2" lemma="gilgamec2" pos="N" type="DN" label="Gilgame&c;" det="&d;"><supplied/>&d;<suppliedEnd/><damage/>gilgamec2<damageEnd/></w>
<w form="jissu-ba" lemma="jissu" pos="N" label="(protective) shade">jissu-ba</w>
<damage/>
<w form="ni2" lemma="ni2" pos="N" label="self">ni2</w>
<damageEnd/>
<supplied/>
<w form="&X;-te-en" lemma="ten" pos="V" label="to extinguish">&X;-te-en</w>
<suppliedEnd/>
</l>
<l n="4" id="c299c.4" corresp="t299c.p1">
<supplied/>
<w form="&X;" lemma="&X;" label="&X;">&X;</w>
<suppliedEnd/>
<w form="kur" lemma="kur" pos="N" label="(mountain) land">kur</w>
<w form="cuba2" lemma="cuba" pos="AJ" label="shining">cuba2</w>
<w form="amac" lemma="amac" pos="N" label="sheepfold">amac</w>
<w form="giri17-zal" lemma="giri17-zal" pos="N" label="joy">giri17-zal</w>
<supplied/>
<w form="&X;" lemma="&X;" label="&X;">&X;</w>
<suppliedEnd/>
</l>
<l n="5" id="c299c.5" corresp="t299c.p1">
<supplied/>
<w form="&X;" lemma="&X;" label="&X;">&X;</w>
<suppliedEnd/>
<w form="ki-tuc" lemma="ki-tuc" pos="N" label="dwelling place">ki-tuc</w>
<w form="nu-gig" lemma="nu-u8-gig" pos="N" label="high-status woman">nu-gig</w>
<w form="X" lemma="X" label="X">X</w>
<supplied/>
<w form="&X;" lemma="&X;" label="&X;">&X;</w>
<suppliedEnd/>
</l>
<l n="6" id="c299c.6" corresp="t299c.p1">
<supplied/>
<w form="&X;" lemma="&X;" label="&X;">&X;</w>
<suppliedEnd/>
<w form="kisal" lemma="kisal" pos="N" label="courtyard">kisal</w>
<w form="ba-ra-ra" lemma="ra" pos="V" label="to beat" form-type="RR">ba-ra-ra</w>
<supplied/>
<w form="&X;" lemma="&X;" label="&X;">&X;</w>
<suppliedEnd/>
</l>
<l n="7" id="c299c.7" corresp="t299c.p1">
<supplied/>
<w form="&X;" lemma="&X;" label="&X;">&X;</w>
<suppliedEnd/>
<w form="X" lemma="X" label="X">X</w>
<w form="kece2" lemma="kece2" pos="V" label="to bind">kece2</w>
<w form="he2-jal2" lemma="he2-jal2" pos="N" label="plenty">he2-jal2</w>
<w form="ki" lemma="ki" pos="N" label="place">ki</w>
<w form="cu" lemma="cu" pos="N" label="hand">cu</w>
<w form="BA" lemma="BA" label="BA">BA</w>
<damage/>
<w form="RA" lemma="RA" label="RA">RA</w>
<damageEnd/>
<supplied/>
<w form="&X;" lemma="&X;" label="&X;">&X;</w>
<suppliedEnd/>
</l>
<l n="8" id="c299c.8" corresp="t299c.p1">
<supplied/>
<w form="&X;" lemma="&X;" label="&X;">&X;</w>
<suppliedEnd/>
<w form="X" lemma="X" label="X">X</w>
<w form="X" lemma="X" label="X">X</w>
<w form="X" lemma="X" label="X">X</w>
<damage/>
<w form="kur" lemma="kur" pos="N" label="(mountain) land">kur</w>
<damageEnd/>
<w form="HAR-ra" lemma="HAR" label="&H;AR">HAR-<damage/>ra</w>
<damageEnd/>
<w form="X" lemma="X" label="X">X</w>
<supplied/>
<w form="&X;" lemma="&X;" label="&X;">&X;</w>
<suppliedEnd/>
</l>
<gap extent="unknown no. of lines missing"/>
</body>
</text>
</TEI.2>
