<TEI.2 id="c.2.5.5.8">
<teiHeader lang="eng">
<fileDesc>
<titleStmt>
<title>An <foreign lang="sux">ua-di</foreign> to Inana for Lipit-E&c;tar (Lipit-E&c;tar H) -- a composite transliteration</title>
<respStmt><name>Jeremy Black</name><resp>Project Director and Editor</resp></respStmt>
<respStmt><name>G&aacute;bor Z&oacute;lyomi</name><resp>Editor</resp></respStmt>
<respStmt><name>Graham Cunningham</name><resp>Editor</resp></respStmt>
<respStmt><name>Eleanor Robson</name><resp>Technical Developer</resp></respStmt>
<respStmt><name>Jarle Ebeling</name><resp>Technical Developer</resp></respStmt>
</titleStmt>
<publicationStmt>
<distributor>The Electronic Text Corpus of Sumerian Literature
</distributor><address><addrLine>The Oriental Institute, University of Oxford, Pusey Lane, Oxford OX1 2LE, UK, email etcsl&commat;orinst.ox.ac.uk, http://etcsl.orinst.ox.ac.uk</addrLine></address>
<date>2000</date>
</publicationStmt>
<seriesStmt><p>The Electronic Text Corpus of Sumerian Literature aims to make accessible over 400 literary works composed in the Sumerian language in ancient Mesopotamia during the late third and early second millennia BC. The works are in Sumerian composite transliteration and English prose translation with bibliographical information on each composition.</p></seriesStmt>
<sourceDesc>
<listBibl type="secondary">
<bibl><xref from="b420">Tinney 1998iii</xref><biblScope type="contents">composite text</biblScope><note>electronic source</note></bibl>
<bibl><xref from="b673">Sj&ouml;berg 1998</xref><biblScope type="page">351, 360-361</biblScope><biblScope type="contents">score transliteration, photograph, commentary</biblScope><note>no. 4</note></bibl>
</listBibl>
<listBibl type="tablets">
<bibl><biblScope type="museumNumber">CBS 15358</biblScope></bibl>
</listBibl>
</sourceDesc>
</fileDesc>
<revisionDesc>
<change><date>29.ix.2000</date><respStmt><name>GZ</name><resp>editor</resp></respStmt>
<item>typing, standardisation</item></change>
<change><date>07.xii.2000</date><respStmt><name>JAB</name><resp>editor</resp></respStmt>
<item>proofreading</item></change>
<change><date>08.xii.2000</date><respStmt><name>GZ</name><resp>editor</resp></respStmt>
<item>SGML tagging</item></change>
<change><date>19.i.2001</date><respStmt><name>ER</name><resp>editor</resp></respStmt>
<item>proofreading SGML</item></change>
<change><date>19.i.2001</date><respStmt><name>ER</name><resp>editor</resp></respStmt>
<item>web publication</item></change>
<change><date>01.vi.2003</date><respStmt><name>GC/JE</name><resp>editor/technical developer</resp></respStmt>
<item>XML/TEI conversion</item></change>
<change><date>30.iii.2005</date><respStmt><name>GC/JE</name><resp>senior editor/technical developer</resp></respStmt>
<item>lemmatised version published</item></change>
</revisionDesc>
</teiHeader>
<text lang="sux">
<body>
<div1 type="segment" n="A">
<lg n="A" type="unknown">
<l n="1" id="c2558.A.A.1" corresp="t2558.p1">
<w form="in-nin" lemma="in-nin" pos="N" label="mistress">in-nin</w>
<w form="egir3" lemma="egir2" pos="N" label="princess">egir3</w>
<w form="zid" lemma="zid" pos="AJ" label="right">zid</w>
<w form="dumu-gir15" lemma="dumu-gir15" pos="N" label="citizen">dumu-gir15</w>
<w form="e2-mah-ha" lemma="e2-mah" pos="N" type="TN" label="E-ma&h;">e2-mah-ha</w>
<w form="nitalam" lemma="nitalam" pos="N" label="spouse">nitalam</w>
<w form="lugal-la" lemma="lugal" pos="N" label="king">lugal-la</w>
</l>
<l n="2" id="c2558.A.A.2" corresp="t2558.p1">
<distinct type="emesal">
<w form="nu-nus" lemma="munus" pos="N" label="woman" emesal="nu-nus">nu-nus</w>
</distinct>
<w form="dijir" lemma="dijir" pos="N" label="deity">dijir</w>
<w form="nam-nin-na" lemma="nam-nin" pos="N" label="ladyship">nam-nin-<unclear cert="qry">na</unclear></w>
<w form="tum2" lemma="tum2" pos="V" label="to be suitable">tum2</w>
<w form="an" lemma="an" pos="N" label="heaven">an</w>
<w form="ki-e" lemma="ki" pos="N" label="place">ki-e</w>
<w form="dirig" lemma="dirig" pos="V" label="to be superior">dirig</w>
</l>
<l n="3" id="c2558.A.A.3" corresp="t2558.p1">
<w form="ar2-a-ni" lemma="ar2" pos="N" label="praise">ar2-<damage/>a-ni</w>
<damageEnd/>
<w form="cir3-ra" lemma="cir3" pos="N" label="song">cir3-ra</w>
<w form="ga-mu-ni-ib-be2" lemma="dug4" pos="V" label="to say" form-type="ppli">ga-mu-ni-ib-be2</w>
<w form="mi2" lemma="mi2" pos="N" label="(loving) care">mi2</w>
<w form="zid-de3-ec" lemma="zid" pos="AJ" label="right">zid-de3-ec</w>
<w form="ga-am3-dug4" lemma="dug4" pos="V" label="to say">ga-am3-dug4</w>
</l>
<l n="4" id="c2558.A.A.4" corresp="t2558.p1">
<w form="X" lemma="X" label="X">X</w>
<w form="Xbr" lemma="Xbr" label="Xbr">(X)</w>
<w form="he2-me-a" lemma="me" pos="V" label="to be">he2-me-a</w>
<w form="LUM-LUM" lemma="LUM" label="LUM" form-type="RR">LUM-LUM</w>
<w form="NE" lemma="NE" label="NE">NE</w>
<w form="he2-du7" lemma="he2-du7" pos="N" label="(fitting) ornament">he2-du7</w>
</l>
<l n="5" id="c2558.A.A.5" corresp="t2558.p2">
<supplied/>
<w form="&X;" lemma="&X;" label="&X;">&X;</w>
<suppliedEnd/>
<w form="X" lemma="X" label="X">X</w>
<w form="X" lemma="X" label="X">X</w>
<w form="X" lemma="X" label="X">X</w>
<w form="me" lemma="me" pos="N" label="essence">me</w>
<w form="gal-la" lemma="gal" pos="V" label="to be big">gal-la</w>
<w form="gub-be2" lemma="gub" pos="V" label="to stand">gub-be2</w>
</l>
<l n="6" id="c2558.A.A.6" corresp="t2558.p2">
<w form="&d;li-pi2-it-ec4-tar2" lemma="li-pi2-it-ec4-tar2" pos="N" type="RN" label="Lipit-E&c;tar" npart="DN:E&c;tar" det="&d;"><damage/>&d;li<damageEnd/>-pi2-<damage/>it<damageEnd/>-ec4-tar2</w>
<w form="dumu" lemma="dumu" pos="N" label="child">dumu</w>
<w form="&d;en-lil2-la2-ra" lemma="en-lil2" pos="N" type="DN" label="Enlil" det="&d;">&d;<damage/>en<damageEnd/>-<supplied/>lil2<suppliedEnd/>-la2-ra</w>
<w form="mi2" lemma="mi2" pos="N" label="(loving) care">mi2</w>
<w form="zid" lemma="zid" pos="AJ" label="right">zid</w>
<w form="na-mu-ni-dug4" lemma="dug4" pos="V" label="to say">na-mu-<supplied/>ni-dug4</w>
<suppliedEnd/>
</l>
<l n="7" id="c2558.A.A.7" corresp="t2558.p2">
<supplied/>
<w form="X" lemma="X" label="X">X</w>
<suppliedEnd/>
<w form="X" lemma="X" label="X">X</w>
<w form="LI" lemma="LI" label="LI">LI</w>
<w form="IR" lemma="IR" label="IR">IR</w>
<w form="X" lemma="X" label="X">X</w>
<supplied/>
<w form="&X;" lemma="&X;" label="&X;">&X;</w>
<suppliedEnd/>
<w form="MA" lemma="MA" label="MA">MA</w>
<distinct type="emesal">
<w form="ze2-eb" lemma="dug3" pos="V" label="to be good" emesal="ze2-eb">ze2-eb</w>
</distinct>
<w form="za-e" lemma="za" pos="PD" type="personal" label="you (sg.)">za-e</w>
<w form="X" lemma="X" label="X">X</w>
<supplied/>
<w form="&X;" lemma="&X;" label="&X;">&X;</w>
<suppliedEnd/>
</l>
<l n="8" id="c2558.A.A.8" corresp="t2558.p2">
<supplied/>
<w form="X" lemma="X" label="X">X</w>
<suppliedEnd/>
<w form="X-bi" lemma="X" label="X">X-bi</w>
<w form="AJ2" lemma="AJ2" label="A&G;&s2;">AJ2</w>
<supplied/>
<w form="X" lemma="X" label="X">X</w>
<suppliedEnd/>
<w form="X" lemma="X" label="X">X</w>
<w form="X" lemma="X" label="X">X</w>
<distinct type="emesal">
<w form="i-ib2-ze2-eb" lemma="dug3" pos="V" label="to be good" emesal="ze2-eb">i-ib2-ze2-eb</w>
</distinct>
<w form="X" lemma="X" label="X">X</w>
<supplied/>
<w form="&X;" lemma="&X;" label="&X;">&X;</w>
<suppliedEnd/>
</l>
<l n="9" id="c2558.A.A.9" corresp="t2558.p2">
<supplied/>
<w form="X" lemma="X" label="X">X</w>
<w form="X" lemma="X" label="X">X</w>
<suppliedEnd/>
<w form="ki" lemma="ki" pos="N" label="place">ki</w>
<distinct type="emesal">
<w form="ma-ra" lemma="je26" pos="PD" type="personal" label="I" emesal="me">ma-ra</w>
</distinct>
<w form="ma-an-pad3-de2" lemma="pad3" pos="V" label="to find">ma-an-pad3-de2</w>
<supplied/>
<w form="&X;" lemma="&X;" label="&X;">&X;</w>
<suppliedEnd/>
</l>
<l n="10" id="c2558.A.A.10" corresp="t2558.p2">
<supplied/>
<w form="X" lemma="X" label="X">X</w>
<w form="X" lemma="X" label="X">X</w>
<suppliedEnd/>
<w form="X" lemma="X" label="X">X</w>
<w form="hul2-la" lemma="hul2" pos="V" label="to be happy">hul2-la</w>
<damage/>
<w form="dirig" lemma="dirig" pos="V" label="to be superior">dirig</w>
<damageEnd/>
<supplied/>
<w form="&X;" lemma="&X;" label="&X;">&X;</w>
<suppliedEnd/>
</l>
<gap extent="unknown no. of lines missing"/>
</lg>
</div1>
<div1 type="segment" n="B">
<lg n="B" type="jicgijal">
<l n="1" id="c2558.B.B.1" corresp="t2558.p3">
<supplied/>
<w form="&X;" lemma="&X;" label="&X;">&X;</w>
<suppliedEnd/>
<w form="X" lemma="X" label="X">X</w>
<w form="X" lemma="X" label="X">X</w>
<supplied/>
<w form="&X;" lemma="&X;" label="&X;">&X;</w>
<suppliedEnd/>
</l>
<l n="2" id="c2558.B.B.2" corresp="t2558.p3">
<w form="X" lemma="X" label="X">X</w>
<w form="DU" lemma="DU" label="DU">DU</w>
<w form="X" lemma="X" label="X">X</w>
<w form="X" lemma="X" label="X">X</w>
<w form="X" lemma="X" label="X">X</w>
<w form="X" lemma="X" label="X">X</w>
<w form="X" lemma="X" label="X">X</w>
<supplied/>
<w form="&X;" lemma="&X;" label="&X;">&X;</w>
<suppliedEnd/>
&hr;
</l>
<l n="3" id="c2558.B.B.3" corresp="t2558.p4">
<w form="&d;inana" lemma="inana" pos="N" type="DN" label="Inana" det="&d;">&d;inana</w>
<w form="&d;li-pi2-it-ec4-tar2" lemma="li-pi2-it-ec4-tar2" pos="N" type="RN" label="Lipit-E&c;tar" npart="DN:E&c;tar" det="&d;">&d;<damage/>li<damageEnd/>-pi2-<damage/>it<damageEnd/>-<supplied/>ec4-tar2<suppliedEnd/></w>
<supplied/>
<w form="&X;" lemma="&X;" label="&X;">&X;</w>
<suppliedEnd/>
<w form="ur2" lemma="ur2" pos="N" label="root">ur2</w>
<w form="kug-za" lemma="kug" pos="AJ" label="shining">kug-za</w>
<supplied/>
<w form="&X;" lemma="&X;" label="&X;">&X;</w>
<suppliedEnd/>
<w form="X" lemma="X" label="X">X</w>
<w form="X" lemma="X" label="X">X</w>
<w form="X" lemma="X" label="X">X</w>
<w form="NE" lemma="NE" label="NE">NE</w>
</l>
<trailer place="rubric" type="jicgijal">
<l n="4" id="c2558.B.B.4" corresp="t2558.p5">
<w form="jic-gi4-jal2-bi-im" lemma="jic-gi4-jal2" pos="N" label="composition-division">jic-gi4-<damage/>jal2-bi-im</w>
<damageEnd/>
&hr;
</l>
</trailer>
</lg>
<trailer place="subscript" type="ua-di">
<l n="5" id="c2558.B.B.5" corresp="t2558.p6">
<w form="u3-a-di" lemma="u3-a-di" pos="N" label="type of composition">u3-a-di</w>
<w form="&d;inana-kam" lemma="inana" pos="N" type="DN" label="Inana" det="&d;">&d;inana-kam</w>
</l>
</trailer>
</div1>
</body>
</text>
</TEI.2>
