<TEI.2 id="c.2.4.2.21">
<teiHeader lang="eng">
<fileDesc>
<titleStmt>
<title>An <foreign lang="sux">adab</foreign> (?) to Nergal for &C;ulgi (?) (&C;ulgi U) -- a composite transliteration</title>
<respStmt><name>Jeremy Black</name><resp>Project Director and Editor</resp></respStmt>
<respStmt><name>G&aacute;bor Z&oacute;lyomi</name><resp>Editor</resp></respStmt>
<respStmt><name>Graham Cunningham</name><resp>Editor</resp></respStmt>
<respStmt><name>Eleanor Robson</name><resp>Technical Developer</resp></respStmt>
<respStmt><name>Jarle Ebeling</name><resp>Technical Developer</resp></respStmt>
</titleStmt>
<publicationStmt>
<distributor>The Electronic Text Corpus of Sumerian Literature
</distributor><address><addrLine>The Oriental Institute, University of Oxford, Pusey Lane, Oxford OX1 2LE, UK, email etcsl&commat;orinst.ox.ac.uk, http://etcsl.orinst.ox.ac.uk</addrLine></address>
<date>2000</date>
</publicationStmt>
<seriesStmt><p>The Electronic Text Corpus of Sumerian Literature aims to make accessible over 400 literary works composed in the Sumerian language in ancient Mesopotamia during the late third and early second millennia BC. The works are in Sumerian composite transliteration and English prose translation with bibliographical information on each composition.</p></seriesStmt>
<sourceDesc>
<listBibl type="secondary">
<bibl><xref from="b562">van Dijk 1960</xref><biblScope type="page">13-15</biblScope><biblScope type="contents">score transliteration, translation, commentary</biblScope></bibl>
</listBibl>
<listBibl type="tablets">
<bibl><biblScope type="museumNumber">Ash 1911, 236 (BL 195) 10-39</biblScope></bibl>
</listBibl>
</sourceDesc>
</fileDesc>
<revisionDesc>
<change><date>06.vi.2000-07.vi.2000</date><respStmt><name>GC</name><resp>editor</resp></respStmt>
<item>standardisation</item></change>
<change><date>25.vii.2000</date><respStmt><name>JAB</name><resp>editor</resp></respStmt>
<item>proofreading</item></change>
<change><date>26.vii.2000</date><respStmt><name>GC</name><resp>editor</resp></respStmt>
<item>SGML tagging</item></change>
<change><date>01.ix.2000</date><respStmt><name>ER</name><resp>editor</resp></respStmt>
<item>proofreading SGML</item></change>
<change><date>01.ix.2000</date><respStmt><name>ER</name><resp>editor</resp></respStmt>
<item>web publication</item></change>
<change><date>01.vi.2003</date><respStmt><name>GC/JE</name><resp>editor/technical developer</resp></respStmt>
<item>XML/TEI conversion</item></change>
<change><date>30.iii.2005</date><respStmt><name>GC/JE</name><resp>senior editor/technical developer</resp></respStmt>
<item>lemmatised version published</item></change>
</revisionDesc>
</teiHeader>
<text lang="sux">
<body>
<lg n="A" type="cagbatuku">
<gap extent="unknown no. of lines missing"/>
<l n="1" id="c24221.A.1" corresp="t24221.p1">
<w form="&d;nergal" lemma="nergal" pos="N" type="DN" label="Nergal" det="&d;">&d;<damage/>nergal<damageEnd/></w>
<supplied/>
<w form="&X;" lemma="&X;" label="&X;">&X;</w>
<suppliedEnd/>
</l>
<l n="2" id="c24221.A.2" corresp="t24221.p1">
<w form="ni2" lemma="ni2" pos="N" label="fear(someness)">ni2</w>
<w form="gal" lemma="gal" pos="V" label="to be big">gal</w>
<w form="i" lemma="i" pos="V" label="to bring out">i</w>
<w form="ganzer" lemma="ganzer" pos="N" type="GN" label="Ganzer">ganzer</w>
<w form="X" lemma="X" label="X">X</w>
<w form="IGI" lemma="IGI" label="IGI">IGI</w>
<w form="X" lemma="X" label="X">X</w>
<w form="X" lemma="X" label="X">X</w>
<supplied/>
<w form="&X;" lemma="&X;" label="&X;">&X;</w>
<suppliedEnd/>
</l>
<l n="3" id="c24221.A.3" corresp="t24221.p1">
<w form="ni2" lemma="ni2" pos="N" label="fear(someness)">ni2</w>
<w form="me-lem4-ma-bi" lemma="me-lem4" pos="N" label="(awesome) radiance">me-lem4-ma-bi</w>
<w form="sa-bar-ra" lemma="sa-par4" pos="N" label="type of net">sa-bar-<damage/>ra</w>
<damageEnd/>
<w form="AN" lemma="AN" label="AN">AN</w>
<w form="X" lemma="X" label="X">X</w>
<supplied/>
<w form="&X;" lemma="&X;" label="&X;">&X;</w>
<suppliedEnd/>
<w form="DU" lemma="DU" label="DU">DU</w>
</l>
<l n="4" id="c24221.A.4" corresp="t24221.p1">
<w form="an-ne2" lemma="an" pos="N" label="heaven">an-ne2</w>
<w form="ki-e" lemma="ki" pos="N" label="place">ki-e</w>
<w form="ni2-bi" lemma="ni2" pos="N" label="fear(someness)">ni2-bi</w>
<w form="ba-ni-X" lemma="X" label="X">ba-<damage/>ni<damageEnd/>-<supplied/>X</w>
<w form="X" lemma="X" label="X">X</w>
<suppliedEnd/>
</l>
<trailer place="rubric" type="cagbatuku">
<l n="5" id="c24221.A.5" corresp="t24221.p2">
<w form="cag4-ba-tuku" lemma="cag4-ba-tuku" pos="N" label="composition-division">cag4-ba-tuku</w>
<w form="2-kam-ma-am3" lemma="2-kam-ma" pos="NU" type="ordinal" label="2nd">2-<supplied/>kam-ma-am3</w>
<suppliedEnd/>
</l>
</trailer>
</lg>
<lg n="B" type="barsud">
<l n="6" id="c24221.B.6" corresp="t24221.p3">
<w form="ur-saj" lemma="ur-saj" pos="N" label="hero">ur-saj</w>
<w form="am" lemma="am" pos="N" label="wild bull">am</w>
<w form="a2" lemma="a2" pos="N" label="arm">a2</w>
<w form="gur-gur" lemma="gur4" pos="V" label="to be thick" form-type="RR">gur-gur</w>
<w form="ab2-gin7" lemma="ab2" pos="N" label="cow">ab2-gin7</w>
<damage/>
<w form="in-&X;" lemma="&X;" label="&X;">in<damageEnd/>-<supplied/>&X;</w>
<suppliedEnd/>
</l>
<l n="7" id="c24221.B.7" corresp="t24221.p3">
<w form="mu" lemma="mu" pos="N" label="name">mu</w>
<w form="huc-zu" lemma="huc" pos="V" label="to be reddish">huc-zu</w>
<w form="ni2" lemma="ni2" pos="N" label="fear(someness)">ni2</w>
<w form="su" lemma="su" pos="N" label="flesh">su</w>
<w form="zig3" lemma="zig3" pos="V" label="to rise">zig3</w>
<w form="bar-re-dam" lemma="bar" pos="V" label="to set aside">bar-re-dam</w>
</l>
<l n="8" id="c24221.B.8" corresp="t24221.p3">
<w form="ulu3-gin7-nam" lemma="ulu3" pos="N" label="south wind (storm)">ulu3-gin7-nam</w>
<w form="ki-bal" lemma="ki-bal" pos="N" label="rebel land">ki-bal</w>
<w form="cub-cub-bu-me-en" lemma="cub" pos="V" label="to fall" form-type="RR">cub-cub-bu-<supplied/>me-en</w>
<suppliedEnd/>
</l>
<l n="9" id="c24221.B.9" corresp="t24221.p3">
<w form="kur" lemma="kur" pos="N" label="(mountain) land">kur</w>
<w form="nij2-dajal-ba" lemma="nij2-dajal" pos="N" label="vastness">nij2-dajal-ba</w>
<w form="si-jar-bi-me-en" lemma="si-jar" pos="N" label="clamp">si-jar-bi-me-en</w>
</l>
<l n="10" id="c24221.B.10" corresp="t24221.p3">
<w form="e2-mec3-lam" lemma="e2-mec3-lam" pos="N" type="TN" label="E-me&c;lam">e2-mec3-lam</w>
<w form="za-e" lemma="za" pos="PD" type="personal" label="you (sg.)">za-e</w>
<w form="tuc-a-zu-ne" lemma="tuc" pos="V" label="to sit">tuc-a-zu-ne</w>
</l>
<l n="11" id="c24221.B.11" corresp="t24221.p3">
<w form="hul2-hul2-le" lemma="hul2" pos="V" label="to be happy" form-type="RR">hul2-hul2-le</w>
<w form="cag4-ge8" lemma="cag4" pos="N" label="heart">cag4-ge8</w>
<w form="guru6" lemma="guru7" pos="V" label="to heap up">guru6</w>
<w form="SUD-me-en3" lemma="SUD" label="SUD">SUD-me-en3</w>
</l>
<l n="12" id="c24221.B.12" corresp="t24221.p3">
<w form="uj3-e" lemma="uj3" pos="N" label="people">uj3-e</w>
<w form="gu2" lemma="gu2" pos="N" label="neck">gu2</w>
<w form="ci-im-si" lemma="si" pos="V" label="to fill">ci-im-si</w>
<w form="jiri3-zu-ce3" lemma="jiri3" pos="N" label="foot">jiri3-zu-ce3</w>
</l>
<trailer place="rubric" type="barsud">
<l n="13" id="c24221.B.13" corresp="t24221.p4">
<w form="bar-sud" lemma="bar-sud" pos="N" label="composition-division">bar-sud</w>
<w form="2-kam-ma-am3" lemma="2-kam-ma" pos="NU" type="ordinal" label="2nd">2-kam-ma-am3</w>
</l>
</trailer>
</lg>
<lg n="C" type="sa-gida">
<l n="14" id="c24221.C.14" corresp="t24221.p5">
<supplied/>
<w form="ki-bal-e" lemma="ki-bal" pos="N" label="rebel land">ki-bal<suppliedEnd/>-e</w>
<w form="nam-nir-jal2-zu" lemma="nam-nir-jal2" pos="N" label="authority">nam-nir-jal2-zu</w>
<w form="&d;mec3-lam-ta-e3-a" lemma="mec3-lam-ta-e3-a" pos="N" type="DN" label="Me&c;lamta-ea" det="&d;">&d;<unclear cert="cor">mec3</unclear>-<unclear cert="cor">lam</unclear>-ta-e3-a</w>
</l>
<l n="15" id="c24221.C.15" corresp="t24221.p5">
<supplied/>
<w form="ki-bal-e" lemma="ki-bal" pos="N" label="rebel land">ki-bal<suppliedEnd/>-e</w>
<w form="cul" lemma="cul" pos="N" label="young man">cul</w>
<w form="ci-im-mi-nijin2-nijin2" lemma="nijin2" pos="V" label="to go around" form-type="RR">ci-im-mi-nijin2-nijin2</w>
</l>
<l n="16" id="c24221.C.16" corresp="t24221.p5">
<w form="&d;nergal" lemma="nergal" pos="N" type="DN" label="Nergal" det="&d;"><supplied/>&d;<suppliedEnd/><damage/>nergal<damageEnd/></w>
<w form="nam-nir-jal2-zu" lemma="nam-nir-jal2" pos="N" label="authority">nam-nir-jal2-zu</w>
<w form="ki-bal-e" lemma="ki-bal" pos="N" label="rebel land">ki-bal-e</w>
</l>
<l n="17" id="c24221.C.17" corresp="t24221.p6">
<supplied/>
<w form="a-a-zu" lemma="a-a" pos="N" label="father">a-a<suppliedEnd/>-<damage/>zu</w>
<damageEnd/>
<w form="ki" lemma="ki" pos="N" label="place">ki</w>
<w form="gal-bi" lemma="gal" pos="V" label="to be big">gal-bi</w>
<w form="ci-im-ma-an-aj2" lemma="aj2" pos="V" label="to measure">ci-im-ma-an-aj2</w>
</l>
<l n="18" id="c24221.C.18" corresp="t24221.p6">
<w form="nam-ur-saj-zu" lemma="nam-ur-saj" pos="N" label="heroism">nam-ur-<damage/>saj<damageEnd/>-zu</w>
<w form="uj3-e" lemma="uj3" pos="N" label="people">uj3-e</w>
<w form="im-mi-zu" lemma="zu" pos="V" label="to know">im-mi-zu-<corr resp="scrAdd"/>me<corrEnd/></w>
</l>
<l n="19" id="c24221.C.19" corresp="t24221.p6">
<w form="a-a-zu" lemma="a-a" pos="N" label="father">a-a-zu</w>
<w form="&d;en-lil2-le" lemma="en-lil2" pos="N" type="DN" label="Enlil" det="&d;">&d;en-lil2-le</w>
<w form="ki" lemma="ki" pos="N" label="place">ki</w>
<w form="gal-bi" lemma="gal" pos="V" label="to be big">gal-bi</w>
<w form="ci-im-ma-an-aj2" lemma="aj2" pos="V" label="to measure">ci-im-ma-an-aj2</w>
</l>
<l n="20" id="c24221.C.20" corresp="t24221.p6">
<w form="nam-ur-saj-zu" lemma="nam-ur-saj" pos="N" label="heroism">nam-ur-saj-zu</w>
<w form="uj3-e" lemma="uj3" pos="N" label="people">uj3-e</w>
<w form="im-mi-zu" lemma="zu" pos="V" label="to know">im-mi-zu</w>
</l>
<l n="21" id="c24221.C.21" corresp="t24221.p7">
<w form="ur-saj" lemma="ur-saj" pos="N" label="hero">ur-saj</w>
<w form="uj3-e" lemma="uj3" pos="N" label="people">uj3-e</w>
<w form="TAR-TAR" lemma="TAR" label="TAR" form-type="RR">TAR-TAR</w>
<w form="dijir" lemma="dijir" pos="N" label="deity">dijir</w>
<w form="kur-ra" lemma="kur" pos="N" label="(mountain) land">kur-ra</w>
<w form="nijin" lemma="nijin2" pos="V" label="to go around">nijin</w>
</l>
<l n="22" id="c24221.C.22" corresp="t24221.p7">
<w form="ki-bal-e" lemma="ki-bal" pos="N" label="rebel land">ki-bal-e</w>
<w form="X-da" lemma="X" label="X">X-da</w>
<w form="ba-ni-dug4" lemma="dug4" pos="V" label="to say">ba-ni-<unclear cert="qry">dug4</unclear></w>
</l>
<l n="23" id="c24221.C.23" corresp="t24221.p7">
<w form="&d;nergal" lemma="nergal" pos="N" type="DN" label="Nergal" det="&d;">&d;nergal</w>
<w form="uj3-e" lemma="uj3" pos="N" label="people">uj3-e</w>
<w form="TAR-TAR" lemma="TAR" label="TAR" form-type="RR">TAR-TAR</w>
<w form="dijir" lemma="dijir" pos="N" label="deity">dijir</w>
<w form="kur-ra" lemma="kur" pos="N" label="(mountain) land">kur-ra</w>
<w form="nijin" lemma="nijin2" pos="V" label="to go around">nijin</w>
</l>
<l n="24" id="c24221.C.24" corresp="t24221.p8">
<damage/>
<w form="ki" lemma="ki" pos="N" label="place">ki</w>
<damageEnd/>
<w form="dib-ba-zu" lemma="dib" pos="V" label="to pass">dib-ba-zu</w>
<w form="erin2" lemma="erin2" pos="N" label="group of people">erin2</w>
<w form="tec2-bi-ce3" lemma="tec2" pos="N" label="unity">tec2-bi-ce3</w>
<w form="hul" lemma="hul" pos="V" label="to be bad">hul</w>
<damage/>
<w form="mi-ni-X" lemma="X" label="X">mi<damageEnd/>-<supplied/>ni-X</w>
<w form="X" lemma="X" label="X">X</w>
<suppliedEnd/>
</l>
<l n="25" id="c24221.C.25" corresp="t24221.p8">
<w form="an-ca4-an&ki;" lemma="an-ca4-an" pos="N" type="GN" label="An&c;an" det="&ki;">an-ca4-<unclear cert="cor">an</unclear>&ki;</w>
<w form="ti-da-nu-um-ma" lemma="ti-id-nu-um" pos="N" type="EN" label="Tidnum">ti-da-nu-um-<damage/>ma<damageEnd/></w>
<supplied/>
<w form="X" lemma="X" label="X">X</w>
<suppliedEnd/>
</l>
<l n="26" id="c24221.C.26" corresp="t24221.p8">
<w form="&d;nergal" lemma="nergal" pos="N" type="DN" label="Nergal" det="&d;">&d;nergal</w>
<w form="ki" lemma="ki" pos="N" label="place">ki</w>
<w form="dib-ba" lemma="dib" pos="V" label="to pass">dib-ba</w>
<w form="erin2" lemma="erin2" pos="N" label="group of people">erin2</w>
<w form="tec2-bi-ce3" lemma="tec2" pos="N" label="unity">tec2-bi-<damage/>ce3</w>
<damageEnd/>
<supplied/>
<w form="hul" lemma="hul" pos="V" label="to be bad">hul</w>
<w form="mi-ni-X" lemma="X" label="X">mi-ni-X</w>
<w form="X" lemma="X" label="X">X</w>
<suppliedEnd/>
</l>
<trailer place="rubric" type="sa-gida">
<l n="27" id="c24221.C.27" corresp="t24221.p9">
<w form="sa-gid2-da-am3" lemma="sa-gid2-da" pos="N" label="composition-division">sa-gid2-<supplied/>da-am3</w>
<suppliedEnd/>
</l>
</trailer>
</lg>
<lg n="D" type="jicgijal">
<l n="28" id="c24221.D.28" corresp="t24221.p10">
<w form="ur-saj" lemma="ur-saj" pos="N" label="hero">ur-saj</w>
<w form="cul-gi-ra" lemma="cul-gi" pos="N" type="RN" label="&C;ulgi"><unclear cert="cor">cul</unclear>-<damage/>gi<damageEnd/>-ra</w>
<damage/>
<w form="zi" lemma="zi" pos="N" label="life (breath)">zi</w>
<damageEnd/>
<supplied/>
<w form="&X;" lemma="&X;" label="&X;">&X;</w>
<suppliedEnd/>
</l>
<l n="29" id="c24221.D.29" corresp="t24221.p10">
<w form="a2" lemma="a2" pos="N" label="arm">a2</w>
<w form="ci-im-ci-X" lemma="X" label="X">ci-im-ci-X</w>
<supplied/>
<w form="&X;" lemma="&X;" label="&X;">&X;</w>
<suppliedEnd/>
</l>
<trailer place="rubric" type="jicgijal">
<l n="30" id="c24221.D.30" corresp="t24221.p11">
<damage/>
<w form="jic-gi4-jal2-bi-im" lemma="jic-gi4-jal2" pos="N" label="composition-division">jic<damageEnd/>-<supplied/>gi4-jal2-bi-im</w>
<suppliedEnd/>
</l>
</trailer>
</lg>
<lg n="E" type="unknown">
<l n="x" id="c24221.E.x" corresp="t24221.p11">
<gap extent="unknown no. of lines missing"/>
</l>
</lg>
</body>
</text>
</TEI.2>
