<TEI.2 id="c.2.5.5.5">
<teiHeader lang="eng">
<fileDesc>
<titleStmt>
<title>A <foreign lang="sux">&c;ir-namgala</foreign> to Ninisina for Lipit-E&c;tar (Lipit-E&c;tar E) -- a composite transliteration</title>
<respStmt><name>Jeremy Black</name><resp>Project Director and Editor</resp></respStmt>
<respStmt><name>G&aacute;bor Z&oacute;lyomi</name><resp>Editor</resp></respStmt>
<respStmt><name>Graham Cunningham</name><resp>Editor</resp></respStmt>
<respStmt><name>Eleanor Robson</name><resp>Technical Developer</resp></respStmt>
<respStmt><name>Jarle Ebeling</name><resp>Technical Developer</resp></respStmt>
</titleStmt>
<publicationStmt>
<distributor>The Electronic Text Corpus of Sumerian Literature
</distributor><address><addrLine>The Oriental Institute, University of Oxford, Pusey Lane, Oxford OX1 2LE, UK, email etcsl&commat;orinst.ox.ac.uk, http://etcsl.orinst.ox.ac.uk</addrLine></address>
<date>1999</date>
</publicationStmt>
<seriesStmt><p>The Electronic Text Corpus of Sumerian Literature aims to make accessible over 400 literary works composed in the Sumerian language in ancient Mesopotamia during the late third and early second millennia BC. The works are in Sumerian composite transliteration and English prose translation with bibliographical information on each composition.</p></seriesStmt>
<sourceDesc>
<listBibl type="secondary">
<bibl><xref from="b417">Tinney 1998fff</xref><biblScope type="contents">composite text</biblScope><note>electronic source</note></bibl>
<bibl><xref from="b478">Tinney 1996</xref><biblScope type="page">52</biblScope><biblScope type="contents">commentary, translation</biblScope><note>ll. 13-21</note></bibl>
</listBibl>
<listBibl type="tablets">
<bibl><biblScope type="museumNumber">UET 6 96 = U 16879B</biblScope></bibl>
<bibl><biblScope type="museumNumber">UET 6 97</biblScope></bibl>
</listBibl>
</sourceDesc>
</fileDesc>
<revisionDesc>
<change><date>23.vi.1999</date><respStmt><name>GZ</name><resp>editor</resp></respStmt>
<item>standardisation</item></change>
<change><date>03.viii.1999</date><respStmt><name>JAB</name><resp>editor</resp></respStmt>
<item>proofreading</item></change>
<change><date>19.x.1999</date><respStmt><name>GZ</name><resp>editor</resp></respStmt>
<item>SGML tagging</item></change>
<change><date>03.xii.1999</date><respStmt><name>ER</name><resp>editor</resp></respStmt>
<item>proofreading SGML</item></change>
<change><date>21.xi.1999</date><respStmt><name>ER</name><resp>editor</resp></respStmt>
<item>web publication</item></change>
<change><date>01.vi.2003</date><respStmt><name>GC/JE</name><resp>editor/technical developer</resp></respStmt>
<item>XML/TEI conversion</item></change>
<change><date>30.iii.2005</date><respStmt><name>GC/JE</name><resp>senior editor/technical developer</resp></respStmt>
<item>lemmatised version published</item></change>
</revisionDesc>
</teiHeader>
<text lang="sux">
<body>
<lg n="A" type="cagbatuku">
<l n="1" id="c2555.A.1" corresp="t2555.p1">
<w form="&d;nin-i3-si-na" lemma="nin-isin2-na" pos="N" type="DN" label="Ninisina" det="&d;"><supplied/>&d;nin-i3<suppliedEnd/>-si-na</w>
<damage/>
<w form="dumu" lemma="dumu" pos="N" label="child">dumu</w>
<damageEnd/>
<supplied/>
<w form="gal" lemma="gal" pos="V" label="to be big">gal</w>
<suppliedEnd/>
<w form="an-na" lemma="an" pos="N" type="DN" label="An">an-<supplied/>na<suppliedEnd/></w>
<w form="e2-gi4-a" lemma="e2-gi4-a" pos="N" label="daughter-in-law">e2-gi4-a</w>
<w form="gal" lemma="gal" pos="V" label="to be big">gal</w>
<w form="nir" lemma="nir" pos="N" label="authority">nir</w>
<damage/>
<w form="gub-bu" lemma="gub" pos="V" label="to stand"><unclear cert="qry">gub</unclear><damageEnd/>-<supplied/>bu</w>
<suppliedEnd/>
</l>
<l n="2" id="c2555.A.2" corresp="t2555.p1">
<w form="&d;li-pi2-it-ec4-tar2" lemma="li-pi2-it-ec4-tar2" pos="N" type="RN" label="Lipit-E&c;tar" npart="DN:E&c;tar" det="&d;"><supplied/>&d;<suppliedEnd/>li-pi2-it-ec4-tar2</w>
<w form="u2-a-zu" lemma="u2-a" pos="N" label="provisioner">u2-a-zu</w>
<w form="he2-am3" lemma="me" pos="V" label="to be">he2-am3</w>
<w form="e-ne-ra" lemma="e-ne" pos="PD" type="personal" label="he, she">e-ne-ra</w>
<w form="mu-na-an-dug4" lemma="dug4" pos="V" label="to say">mu-na-an-dug4</w>
</l>
<trailer place="rubric" type="cagbatuku">
<l n="3" id="c2555.A.3" corresp="t2555.p2">
<w form="cag4-ba-tuku-am3" lemma="cag4-ba-tuku" pos="N" label="composition-division">cag4-ba-tuku-am3</w>
</l>
</trailer>
</lg>
<lg n="B" type="kirugu">
<l n="4" id="c2555.B.4" corresp="t2555.p3">
<w form="ka-ta" lemma="ka" pos="N" label="mouth">ka-ta</w>
<w form="e3-a-ni" lemma="e3" pos="V" label="to go out or in">e3-a-ni</w>
<w form="&d;en-lil2-la2-ce3" lemma="en-lil2" pos="N" type="DN" label="Enlil" det="&d;">&d;en-lil2-la2-ce3</w>
</l>
<l n="5" id="c2555.B.5" corresp="t2555.p3">
<w form="&d;nin-i3-si-na-ka-ce3" lemma="nin-isin2-na" pos="N" type="DN" label="Ninisina" det="&d;">&d;nin-i3-si-na-ka-ce3</w>
<w form="jectug2" lemma="jectug2" pos="N" label="ear">jectug2</w>
<w form="ba-ci-in-gub" lemma="gub" pos="V" label="to stand">ba-ci-in-gub</w>
<w form="sun5-na-bi" lemma="sun5" pos="V" label="to be humble">sun5-na-bi</w>
<w form="mu-na-ni-ib-gi4-gi4" lemma="gi4" pos="V" label="to return" form-type="RR"><unclear cert="cor">mu</unclear>-na-ni-ib-gi4-gi4</w>
</l>
<l n="6" id="c2555.B.6" corresp="t2555.p3">
<w form="a-a" lemma="a-a" pos="N" label="father">a-a</w>
<w form="&d;en-lil2" lemma="en-lil2" pos="N" type="DN" label="Enlil" det="&d;">&d;en-lil2</w>
<w form="dijir" lemma="dijir" pos="N" label="deity">dijir</w>
<w form="mu" lemma="mu" pos="N" label="name"><unclear cert="cor">mu</unclear></w>
<w form="pa" lemma="pa" pos="N" label="branch">pa</w>
<w form="e3" lemma="e3" pos="V" label="to go out or in">e3</w>
<distinct type="emesal">
<w form="i-bi2" lemma="igi" pos="N" label="eye" emesal="i-bi2">i-bi2</w>
<w form="mu-lil2-la2-ce3" lemma="en-lil2" pos="N" type="DN" label="Enlil" emesal="mu-ul-lil2">mu-lil2-la2-ce3</w>
</distinct>
</l>
<l n="7" id="c2555.B.7" corresp="t2555.p3">
<w form="en" lemma="en" pos="N" label="lord">en</w>
<w form="X" lemma="X" label="X">X</w>
<w form="X" lemma="X" label="X">X</w>
<w form="me-zu" lemma="me" pos="N" label="essence">me-zu</w>
<w form="me-a" lemma="me" pos="N" label="essence">me-a</w>
<w form="umuc" lemma="umuc" pos="N" label="(fore)thought">umuc</w>
<w form="a2" lemma="a2" pos="N" label="arm">a2</w>
<w form="aj2-zu" lemma="aj2" pos="V" label="to measure">aj2-zu</w>
<w form="a2" lemma="a2" pos="N" label="arm">a2</w>
<w form="aj2-ta" lemma="aj2" pos="V" label="to measure">aj2-<damage/>ta</w>
<w form="KAL" lemma="KAL" label="KAL">KAL</w>
<damageEnd/>
</l>
<l n="8" id="c2555.B.8" corresp="t2555.p3">
<w form="sipad" lemma="sipad" pos="N" label="shepherd">sipad</w>
<w form="zid" lemma="zid" pos="AJ" label="right">zid</w>
<w form="cag4" lemma="cag4" pos="N" label="heart">cag4</w>
<w form="PA.NIM" lemma="PA.NIM" pos="N" label="meaning unknown">PA.NIM</w>
<w form="cag4" lemma="cag4" pos="N" label="heart">cag4</w>
<w form="da-ba" lemma="da" pos="N" label="side">da-ba</w>
</l>
<l n="9" id="c2555.B.9" corresp="t2555.p3">
<supplied/>
<w form="&X;" lemma="&X;" label="&X;">&X;</w>
<suppliedEnd/>
<distinct type="emesal">
<w form="u3-mu-un" lemma="en" pos="N" label="lord" emesal="u3-mu-un">u3-mu-un</w>
</distinct>
<w form="&d;li-pi2-it-ec4-tar2-ra" lemma="li-pi2-it-ec4-tar2" pos="N" type="RN" label="Lipit-E&c;tar" npart="DN:E&c;tar" det="&d;">&d;li-pi2-it-ec4-tar2-ra</w>
</l>
<l n="10" id="c2555.B.10" corresp="t2555.p3">
<supplied/>
<w form="&X;" lemma="&X;" label="&X;">&X;</w>
<suppliedEnd/>
<w form="X" lemma="X" label="X">X</w>
<w form="X" lemma="X" label="X">X</w>
<w form="SI" lemma="SI" label="SI">SI</w>
<w form="BA" lemma="BA" label="BA">BA</w>
<distinct type="emesal">
<w form="u3-mu-ni-in-ze2-ej3" lemma="cum2" pos="V" label="to give" emesal="ze2-ej3">u3-mu-ni-in-ze2-ej3</w>
</distinct>
</l>
<l n="11" id="c2555.B.11" corresp="t2555.p3">
<supplied/>
<w form="&X;" lemma="&X;" label="&X;">&X;</w>
<suppliedEnd/>
<w form="X" lemma="X" label="X">X</w>
<supplied/>
<w form="&X;-ra-ab-sug2-e" lemma="gub" pos="V" label="to stand">&X;<suppliedEnd/>-ra-ab-sug2-e</w>
</l>
<l n="12" id="c2555.B.12" corresp="t2555.p3">
<supplied/>
<w form="&X;" lemma="&X;" label="&X;">&X;</w>
<suppliedEnd/>
<damage/>
<w form="HI" lemma="HI" label="&H;I"><unclear cert="qry">HI</unclear></w>
<damageEnd/>
<w form="ki-tuc" lemma="ki-tuc" pos="N" label="dwelling place">ki-tuc</w>
<damage/>
<w form="uj3" lemma="uj3" pos="N" label="people">uj3</w>
<damageEnd/>
<w form="mu-ni-in-jar" lemma="jar" pos="V" label="to place">mu-ni-in-jar</w>
<w form="su" lemma="su" pos="N" label="flesh">su</w>
<w form="kalam-ma" lemma="kalam" pos="N" label="the Land">kalam-ma</w>
<w form="mu-e-dug3" lemma="dug3" pos="V" label="to be good">mu-e-dug3</w>
</l>
<l n="13" id="c2555.B.13" corresp="t2555.p3">
<supplied/>
<w form="igi" lemma="igi" pos="N" label="eye">igi</w>
<w form="nam-til3-la-zu" lemma="nam-til3" pos="N" label="life">nam-til3<suppliedEnd/>-la-zu</w>
<w form="mu-un-ci-bar" lemma="bar" pos="V" label="to set aside">mu-un-ci-bar</w>
<distinct type="emesal">
<w form="na-aj2" lemma="nam" pos="N" label="destiny" emesal="na-aj2">na-aj2</w>
</distinct>
<w form="zid" lemma="zid" pos="AJ" label="right">zid</w>
<w form="tar-mu-ni-ib" lemma="tar" pos="V" label="to cut">tar-mu-ni-ib</w>
</l>
<trailer place="rubric" type="kirugu">
<l n="14" id="c2555.B.14" corresp="t2555.p4">
<damage/>
<w form="ki-ru-gu2" lemma="ki-ru-gu2" pos="N" label="composition-division">ki<damageEnd/>-ru-gu2</w>
<w form="3-kam-ma" lemma="3-kam-ma" pos="NU" type="ordinal" label="3rd">3-kam-ma</w>
</l>
</trailer>
</lg>
<lg n="C" type="jicgijal">
<l n="15" id="c2555.C.15" corresp="t2555.p5">
<w form="&d;nu-nam-nir" lemma="nu-nam-nir" pos="N" type="DN" label="Nunamnir" det="&d;"><supplied/>&d;nu<suppliedEnd/>-nam-nir</w>
<w form="nun" lemma="nun" pos="N" label="prince">nun</w>
<w form="&d;li-pi2-it-ec4-tar2-ra" lemma="li-pi2-it-ec4-tar2" pos="N" type="RN" label="Lipit-E&c;tar" npart="DN:E&c;tar" det="&d;">&d;li-pi2-it-ec4-tar2-ra</w>
<w form="nam-til3" lemma="nam-til3" pos="N" label="life">nam-til3</w>
<w form="ud" lemma="ud" pos="N" label="day(light)">ud</w>
<w form="su3-ra2" lemma="sud" pos="V" label="to be distant">su3-ra2</w>
<w form="saj-e-ec" lemma="saj" pos="N" label="head">saj-e-ec</w>
<w form="rig7-ba-ab" lemma="rig7" pos="V" label="to bestow">rig7-ba-ab</w>
</l>
<trailer place="rubric" type="jicgijal">
<l n="16" id="c2555.C.16" corresp="t2555.p6">
<supplied/>
<w form="jic-gi4-jal2-bi-im" lemma="jic-gi4-jal2" pos="N" label="composition-division">jic<suppliedEnd/>-gi4-jal2-bi-im</w>
</l>
</trailer>
</lg>
<lg n="D" type="kirugu">
<l n="17" id="c2555.D.17" corresp="t2555.p7">
<damage/>
<w form="inim" lemma="inim" pos="N" label="word">inim</w>
<damageEnd/>
<w form="dug4-ga" lemma="dug4" pos="V" label="to say">dug4-ga</w>
<w form="&d;nin-isin2-na-ka-ce3" lemma="nin-isin2-na" pos="N" type="DN" label="Ninisina" det="&d;">&d;nin-<term id="c2555.t1">isin2</term><gloss lang="sux" target="c2555.t1">si</gloss>-na-ka-ce3</w>
</l>
<l n="18" id="c2555.D.18" corresp="t2555.p7">
<supplied/>
<w form="kur" lemma="kur" pos="N" label="(mountain) land">kur</w>
<suppliedEnd/>
<damage/>
<w form="gal" lemma="gal" pos="V" label="to be big">gal</w>
<damageEnd/>
<w form="&d;en-lil2-le" lemma="en-lil2" pos="N" type="DN" label="Enlil" det="&d;">&d;en-lil2-le</w>
<w form="jectug2" lemma="jectug2" pos="N" label="ear">jectug2</w>
<w form="ba-ci-in-gub" lemma="gub" pos="V" label="to stand">ba-ci-in-gub</w>
</l>
<l n="19" id="c2555.D.19" corresp="t2555.p7">
<supplied/>
<w form="lugal-ra" lemma="lugal" pos="N" label="king">lugal<suppliedEnd/>-ra</w>
<w form="gu3" lemma="gu3" pos="N" label="voice">gu3</w>
<w form="zid" lemma="zid" pos="AJ" label="right">zid</w>
<w form="mu-na-an-de2-e" lemma="de2" pos="V" label="to pour">mu-na-an-de2-e</w>
<w form="nam" lemma="nam" pos="N" label="destiny">nam</w>
<w form="mu-ni-ib-tar-re" lemma="tar" pos="V" label="to cut">mu-ni-ib-tar-re</w>
</l>
<l n="20" id="c2555.D.20" corresp="t2555.p7">
<w form="&d;li-pi2-it-ec4-tar2" lemma="li-pi2-it-ec4-tar2" pos="N" type="RN" label="Lipit-E&c;tar" npart="DN:E&c;tar" det="&d;"><supplied/>&d;<suppliedEnd/><damage/>li<damageEnd/>-pi2-it-ec4-tar2</w>
<w form="mu" lemma="mu" pos="N" label="name">mu</w>
<w form="pad3-da-ju10-me-en" lemma="pad3" pos="V" label="to find">pad3-da-ju10-me-en</w>
<w form="uj3-ja2" lemma="uj3" pos="N" label="people">uj3-ja2</w>
<w form="saj" lemma="saj" pos="N" label="head">saj</w>
<w form="mi-ni-in-il2" lemma="il2" pos="V" label="to raise">mi-ni-in-il2</w>
</l>
<l n="21" id="c2555.D.21" corresp="t2555.p7">
<w form="zi-jal2-e" lemma="zi-jal2" pos="N" label="living creature">zi-jal2-e</w>
<w form="ama" lemma="ama" pos="N" label="mother">ama</w>
<w form="a-a" lemma="a-a" pos="N" label="father">a-a</w>
<w form="ugu-bi-gin7" lemma="ugu" pos="V" label="to give birth">ugu-bi-gin7</w>
<w form="igi-bi" lemma="igi" pos="N" label="eye">igi-bi</w>
<w form="he2-en-ci-jal2-le-ec" lemma="jal2" pos="V" label="to be (located)">he2-en-ci-jal2-le-ec</w>
</l>
<l n="22" id="c2555.D.22" corresp="t2555.p7">
<w form="kalag-ga" lemma="kalag" pos="V" label="to be strong">kalag-ga</w>
<w form="saj" lemma="saj" pos="N" label="head">saj</w>
<phr type="VP" lemma="en3 tar" label="to ask">
<w form="en3" lemma="en3" pos="N" label="noun part of multiword verb">en3</w>
<w form="tar" lemma="tar" pos="V" label="to cut">tar</w>
</phr>
<w form="e2-kur-ra" lemma="e2-kur" pos="N" type="TN" label="E-kur">e2-kur-ra</w>
<w form="ensi2" lemma="ensi2" pos="N" label="(city) ruler">ensi2</w>
<w form="ec3" lemma="ec3" pos="N" label="shrine">ec3</w>
<w form="mah-a" lemma="mah" pos="V" label="to be majestic">mah-a</w>
</l>
<l n="23" id="c2555.D.23" corresp="t2555.p7">
<w form="u4-ta-u18-lu" lemma="u4-ta-u18-lu" pos="N" type="DN" label="Uta-ulu">u4-ta-u18-lu</w>
<w form="ki" lemma="ki" pos="N" label="place">ki</w>
<w form="cen-cen-na-ka" lemma="cen" pos="N" label="combat" form-type="RR">cen-cen-na-ka</w>
<w form="a2-tah-zu" lemma="a2-tah" pos="N" label="helper">a2-tah-zu</w>
<w form="he2-am3" lemma="me" pos="V" label="to be">he2-am3</w>
</l>
<l n="24" id="c2555.D.24" corresp="t2555.p7">
<w form="hul-du-zu" lemma="hul-du" pos="AJ" label="wicked">hul-du-zu</w>
<w form="sim&mucen;-gin7" lemma="sim" pos="N" label="swallow" bound="L,gin" det="&mucen;">sim&mucen;-gin7</w>
<w form="ha-ra-ur4-ru" lemma="ur4" pos="V" label="to collect">ha-ra-ur4-ru</w>
<w form="zar-re-ec" lemma="zar" pos="N" label="sheaf">zar-re-ec</w>
<w form="ha-ra-ab-sal-e" lemma="sal" pos="V" label="to be thin">ha-ra-ab-sal-e</w>
</l>
<trailer place="rubric" type="kirugu">
<l n="25" id="c2555.D.25" corresp="t2555.p8">
<w form="ki-ru-gu2" lemma="ki-ru-gu2" pos="N" label="composition-division">ki-ru-gu2</w>
<w form="4-kam-ma" lemma="4-kam-ma" pos="NU" type="ordinal" label="4th">4-kam-ma</w>
</l>
</trailer>
</lg>
<lg n="E" type="jicgijal">
<l n="26" id="c2555.E.26" corresp="t2555.p9">
<w form="nun" lemma="nun" pos="N" label="prince">nun</w>
<w form="&d;li-pi2-it-ec4-tar2" lemma="li-pi2-it-ec4-tar2" pos="N" type="RN" label="Lipit-E&c;tar" npart="DN:E&c;tar" det="&d;">&d;li-pi2-it-ec4-tar2</w>
<w form="&d;nu-nam-nir-ra" lemma="nu-nam-nir" pos="N" type="DN" label="Nunamnir" det="&d;">&d;nu-nam-nir-ra</w>
</l>
<l n="27" id="c2555.E.27" corresp="t2555.p9">
<w form="en" lemma="en" pos="N" label="lord">en</w>
<w form="dug4-ga" lemma="dug4" pos="V" label="to say">dug4-ga</w>
<w form="nu-kur2-ru-de3" lemma="kur2" pos="V" label="to be different">nu-kur2-ru-de3</w>
<w form="uj3" lemma="uj3" pos="N" label="people">uj3</w>
<w form="car2-ra-ba" lemma="car2" pos="V" label="to be numerous">car2-ra-ba</w>
<w form="mu-ni" lemma="mu" pos="N" label="name">mu-ni</w>
<w form="im-mi-mah" lemma="mah" pos="V" label="to be majestic">im-mi-mah</w>
</l>
<trailer place="rubric" type="jicgijal">
<l n="28" id="c2555.E.28" corresp="t2555.p10">
<w form="jic-gi4-jal2-bi-im" lemma="jic-gi4-jal2" pos="N" label="composition-division">jic-gi4-jal2-bi-im</w>
</l>
</trailer>
</lg>
<lg n="F" type="unknown">
<l n="29" id="c2555.F.29" corresp="t2555.p11">
<w form="&d;en-lil2-me-en" lemma="en-lil2" pos="N" type="DN" label="Enlil" det="&d;">&d;en-lil2-me-en</w>
<w form="an-ce3" lemma="an" pos="N" label="heaven">an-ce3</w>
<w form="il2-me-en" lemma="il2" pos="V" label="to raise">il2-me-en</w>
<w form="ki-ce3" lemma="ki" pos="N" label="place">ki-ce3</w>
<w form="en" lemma="en" pos="N" label="lord">en</w>
<damage/>
<w form="me" lemma="me" pos="N" label="essence">me</w>
<damageEnd/>
<w form="car2-me-en" lemma="car2" pos="V" label="to be numerous">car2-me-en</w>
</l>
<l n="30" id="c2555.F.30" corresp="t2555.p11">
<w form="&d;li-pi2-it-ec4-tar2" lemma="li-pi2-it-ec4-tar2" pos="N" type="RN" label="Lipit-E&c;tar" npart="DN:E&c;tar" det="&d;">&d;li-pi2-it-ec4-tar2</w>
<w form="nam" lemma="nam" pos="N" label="destiny">nam</w>
<w form="dug3" lemma="dug3" pos="V" label="to be good">dug3</w>
<w form="mi-ni-ib-tar-re" lemma="tar" pos="V" label="to cut">mi-ni-ib-tar-re</w>
<w form="nij2" lemma="nij2" pos="N" label="thing">nij2</w>
<w form="nu-kur2-ru" lemma="kur2" pos="V" label="to be different">nu-kur2-ru</w>
<w form="he2-am3" lemma="me" pos="V" label="to be">he2-am3</w>
</l>
</lg>
<trailer place="subscript" type="cir-namgala">
<l n="31" id="c2555.F.31" corresp="t2555.p12">
<w form="cir3-nam-gala" lemma="cir3-nam-gala" pos="N" label="type of composition">cir3-nam-gala</w>
<w form="&d;nin-i3-si-na-ke4" lemma="nin-isin2-na" pos="N" type="DN" label="Ninisina" det="&d;">&d;nin-i3-si-na-ke4</w>
</l>
</trailer>
</body>
</text>
</TEI.2>
