<TEI.2 id="c.2.4.1.8">
<teiHeader lang="eng">
<fileDesc>
<titleStmt>
<title>A praise poem of Ur-Namma (Ur-Namma H) -- a composite transliteration</title>
<respStmt><name>Jeremy Black</name><resp>Project Director and Editor</resp></respStmt>
<respStmt><name>G&aacute;bor Z&oacute;lyomi</name><resp>Editor</resp></respStmt>
<respStmt><name>Graham Cunningham</name><resp>Editor</resp></respStmt>
<respStmt><name>Eleanor Robson</name><resp>Technical Developer</resp></respStmt>
<respStmt><name>Jarle Ebeling</name><resp>Technical Developer</resp></respStmt>
</titleStmt>
<publicationStmt>
<distributor>The Electronic Text Corpus of Sumerian Literature
</distributor><address><addrLine>The Oriental Institute, University of Oxford, Pusey Lane, Oxford OX1 2LE, UK, email etcsl&commat;orinst.ox.ac.uk, http://etcsl.orinst.ox.ac.uk</addrLine></address>
<date>1999</date>
</publicationStmt>
<seriesStmt><p>The Electronic Text Corpus of Sumerian Literature aims to make accessible over 400 literary works composed in the Sumerian language in ancient Mesopotamia during the late third and early second millennia BC. The works are in Sumerian composite transliteration and English prose translation with bibliographical information on each composition.</p></seriesStmt>
<sourceDesc>
<listBibl type="secondary">
<bibl><xref from="b602">Fl&uuml;ckiger-Hawker 1999</xref><biblScope type="page">297-299</biblScope><biblScope type="contents">score transliteration, translation</biblScope></bibl>
<bibl><xref from="b603">K&auml;rki 1986</xref><biblScope type="page">24</biblScope><biblScope type="contents">score transliteration, translation</biblScope><note>only source CBS 15046</note></bibl>
</listBibl>
<listBibl type="tablets">
<bibl><biblScope type="museumNumber">N 1511</biblScope></bibl>
<bibl><biblScope type="museumNumber">CBS 15046 (PBS 5 40)</biblScope></bibl>
</listBibl>
</sourceDesc>
</fileDesc>
<revisionDesc>
<change><date>25.x.1999</date><respStmt><name>GZ</name><resp>editor</resp></respStmt>
<item>standardisation</item></change>
<change><date>14.xii.1999</date><respStmt><name>JAB</name><resp>editor</resp></respStmt>
<item>proofreading</item></change>
<change><date>15.xii.1999</date><respStmt><name>GC</name><resp>editor</resp></respStmt>
<item>SGML tagging</item></change>
<change><date>04.ii.2000</date><respStmt><name>ER</name><resp>editor</resp></respStmt>
<item>proofreading SGML</item></change>
<change><date>04.ii.2000</date><respStmt><name>ER</name><resp>editor</resp></respStmt>
<item>web publication</item></change>
<change><date>01.vi.2003</date><respStmt><name>GC/JE</name><resp>editor/technical developer</resp></respStmt>
<item>XML/TEI conversion</item></change>
<change><date>30.iii.2005</date><respStmt><name>GC/JE</name><resp>senior editor/technical developer</resp></respStmt>
<item>lemmatised version published</item></change>
</revisionDesc>
</teiHeader>
<text lang="sux">
<body>
<div1 type="segment" n="A">
<l n="1" id="c2418.A.1" corresp="t2418.p1">
<w form="ur-&d;namma" lemma="ur-namma" pos="N" type="RN" label="Ur-Namma" npart="DN:Namma" det="&d;">ur-&d;namma</w>
<w form="lugal" lemma="lugal" pos="N" label="king">lugal</w>
<supplied/>
<w form="kalam-ma" lemma="kalam" pos="N" label="the Land">kalam-ma</w>
<w form="&X;br" lemma="&X;br" label="&X;br">(&X;)</w>
<suppliedEnd/>
</l>
<l n="2" id="c2418.A.2" corresp="t2418.p1">
<w form="su3-ra2" lemma="sud" pos="V" label="to be distant">su3-ra2</w>
<w form="ba9-ra2" lemma="bad" pos="V" label="to open">ba9-ra2</w>
<w form="X" lemma="X" label="X">X</w>
<supplied/>
<w form="&X;" lemma="&X;" label="&X;">&X;</w>
<suppliedEnd/>
</l>
<l n="3" id="c2418.A.3" corresp="t2418.p1">
<w form="&jic;esi" lemma="esi" pos="N" label="ebony?" det="&jic;">&jic;esi</w>
<damage/>
<w form="SAR" lemma="SAR" label="SAR">SAR</w>
<damageEnd/>
<w form="X" lemma="X" label="X">X</w>
<supplied/>
<w form="&X;" lemma="&X;" label="&X;">&X;</w>
<suppliedEnd/>
</l>
<l n="4" id="c2418.A.4" corresp="t2418.p1">
<damage/>
<w form="KA-ge-zu" lemma="KA" label="KA"><unclear cert="qry">KA</unclear>-ge-<unclear cert="qry">zu</unclear></w>
<damageEnd/>
<supplied/>
<w form="&X;" lemma="&X;" label="&X;">&X;</w>
<suppliedEnd/>
</l>
<gap extent="unknown no. of lines missing"/>
</div1>
<div1 type="segment" n="B">
<l n="1" id="c2418.B.1" corresp="t2418.p2">
<supplied/>
<w form="&X;" lemma="&X;" label="&X;">&X;</w>
<suppliedEnd/>
<damage/>
<w form="HAR" lemma="HAR" label="&H;AR">HAR</w>
<damageEnd/>
<supplied/>
<w form="&X;" lemma="&X;" label="&X;">&X;</w>
<suppliedEnd/>
</l>
<l n="2" id="c2418.B.2" corresp="t2418.p2">
<supplied/>
<w form="&X;" lemma="&X;" label="&X;">&X;</w>
<suppliedEnd/>
<damage/>
<w form="kug" lemma="kug" pos="N" label="precious metal">kug</w>
<damageEnd/>
<w form="za-gin3-na" lemma="za-gin3" pos="N" label="lapis lazuli">za-gin3-na</w>
<damage/>
<w form="nam" lemma="nam" pos="N" label="destiny">nam</w>
<damageEnd/>
<supplied/>
<w form="&X;" lemma="&X;" label="&X;">&X;</w>
<suppliedEnd/>
</l>
<l n="3" id="c2418.B.3" corresp="t2418.p2">
<supplied/>
<w form="&X;" lemma="&X;" label="&X;">&X;</w>
<suppliedEnd/>
<damage/>
<w form="kug-gin7" lemma="kug" pos="N" label="precious metal">kug<damageEnd/>-gin7</w>
<w form="kalam-ma" lemma="kalam" pos="N" label="the Land">kalam-ma</w>
<supplied/>
<w form="&X;" lemma="&X;" label="&X;">&X;</w>
<suppliedEnd/>
</l>
<l n="4" id="c2418.B.4" corresp="t2418.p2">
<supplied/>
<w form="&X;" lemma="&X;" label="&X;">&X;</w>
<suppliedEnd/>
<w form="X" lemma="X" label="X">X</w>
<damage/>
<w form="HU" lemma="HU" label="&H;U"><unclear cert="qry">HU</unclear></w>
<w form="UD" lemma="UD" label="UD">UD</w>
<damageEnd/>
<supplied/>
<w form="X" lemma="X" label="X">X</w>
<suppliedEnd/>
<w form="edin-na" lemma="edin" pos="N" label="open country">edin-<damage/>na</w>
<damageEnd/>
<supplied/>
<w form="&X;" lemma="&X;" label="&X;">&X;</w>
<suppliedEnd/>
</l>
<l n="5" id="c2418.B.5" corresp="t2418.p2">
<supplied/>
<w form="&X;" lemma="&X;" label="&X;">&X;</w>
<suppliedEnd/>
<damage/>
<w form="pirij" lemma="pirij" pos="N" label="lion"><unclear cert="qry">pirij</unclear></w>
<w form="ucumgal" lemma="ucumgal" pos="N" label="type of serpent"><unclear cert="cor">ucumgal</unclear></w>
<w form="igi" lemma="igi" pos="N" label="eye">igi</w>
<damageEnd/>
<w form="il2" lemma="il2" pos="V" label="to raise">il2</w>
<w form="KA-ni" lemma="KA" label="KA">KA-ni</w>
<supplied/>
<w form="&X;" lemma="&X;" label="&X;">&X;</w>
<suppliedEnd/>
</l>
<l n="6" id="c2418.B.6" corresp="t2418.p2">
<w form="ur-&d;namma" lemma="ur-namma" pos="N" type="RN" label="Ur-Namma" npart="DN:Namma" det="&d;"><supplied/>ur<suppliedEnd/>-<supplied/>&d;<suppliedEnd/>namma</w>
<damage/>
<w form="lugal" lemma="lugal" pos="N" label="king">lugal</w>
<w form="kalam-ma" lemma="kalam" pos="N" label="the Land">kalam<damageEnd/>-ma</w>
<damage/>
<w form="su3-ra2" lemma="sud" pos="V" label="to be distant">su3-ra2</w>
<damageEnd/>
<supplied/>
<w form="ba9-ra2" lemma="bad" pos="V" label="to open">ba9-ra2</w>
<suppliedEnd/>
</l>
<gap extent="unknown no. of lines missing"/>
</div1>
</body>
</text>
</TEI.2>
