<TEI.2 id="c.3.3.12">
<teiHeader lang="eng">
<fileDesc>
<titleStmt>
<title>Letter from Inim-Inana to Lugal-ibila -- a composite transliteration</title>
<respStmt><name>John Baines</name><resp>Project Director</resp></respStmt>
<respStmt><name>Graham Cunningham</name><resp>Senior Editor</resp></respStmt>
<respStmt><name>Jarle Ebeling</name><resp>Technical Developer</resp></respStmt>
<respStmt><name>Eleanor Robson</name><resp>Project Associate</resp></respStmt>
<respStmt><name>Jon Taylor</name><resp>Project Associate</resp></respStmt>
<respStmt><name>G&aacute;bor Z&oacute;lyomi</name><resp>Project Associate</resp></respStmt>
</titleStmt>
<publicationStmt>
<distributor>The Electronic Text Corpus of Sumerian Literature
</distributor><address><addrLine>The Oriental Institute, University of Oxford, Pusey Lane, Oxford OX1 2LE, UK, email etcsl&commat;orinst.ox.ac.uk, http://etcsl.orinst.ox.ac.uk</addrLine></address>
<date>2005</date>
</publicationStmt>
<seriesStmt><p>The Electronic Text Corpus of Sumerian Literature aims to make accessible over 400 literary works composed in the Sumerian language in ancient Mesopotamia during the late third and early second millennia BCE. The works are in Sumerian composite transliteration and English prose translation with bibliographical information on each composition.</p></seriesStmt>
<sourceDesc>
<listBibl type="secondary">
<bibl><xref from="b309">Krecher 1996b</xref><biblScope type="contents">composite text, translation</biblScope><note>electronic source</note></bibl>
<bibl><xref from="b194">Ali 1964</xref><biblScope type="page">153-155</biblScope><biblScope type="contents">composite text, score transliteration, translation, handcopy, commentary</biblScope><note>hand copies in pls.</note></bibl>
<bibl><xref from="b854">Michalowski 2001a</xref><biblScope type="contents">composite text</biblScope><note>electronic source</note></bibl>
<bibl><xref from="b939">Robson 2001</xref><biblScope type="page">57-59</biblScope><biblScope type="contents">commentary</biblScope><note>archaeological context</note></bibl>
<bibl><xref from="b737">Wilcke 1970a</xref><biblScope type="page">67-69</biblScope><biblScope type="contents">commentary</biblScope></bibl>
<bibl><xref from="b800">Civil 2000</xref><biblScope type="page">107-109, 118-118</biblScope><biblScope type="contents">composite text, translation, commentary, score translation</biblScope></bibl>
</listBibl>
<listBibl type="tablets">
<bibl><biblScope type="museumNumber">Ash 1922-258 (OECT 5 25) A 1-14</biblScope><biblScope type="composLines">1-12</biblScope></bibl>
<bibl><biblScope type="museumNumber">CBS 15079</biblScope><biblScope type="provenance">Nippur</biblScope><biblScope type="composLines">1-11</biblScope></bibl>
<bibl><biblScope type="museumNumber">Ni 9706 (ISET 2 111-112 = OrNS 22 pls. 38-39 = UMB 17/2 fig. 4) rev. ii' l'-12'</biblScope><biblScope type="provenance">Nippur</biblScope><biblScope type="composLines">2-12</biblScope></bibl>
<bibl><biblScope type="museumNumber">Ni 9701 (ISET 2 114) + N 3264 + N 3266 + N 3294 + N 3301 + N 3303 + N 3308 + N 3310 + UM 29-16-139 (Ali, SL pls. 24-25)</biblScope><biblScope type="provenance">Nippur</biblScope><biblScope type="composLines">UM 29-16-139 rev. iv 8'-18' = 1-12</biblScope><note>cf. Civil, Farmer's 177</note></bibl>
<bibl><biblScope type="museumNumber">3N-T917, 362 (Ali, SL pl. 42 = SLFN 26)</biblScope><biblScope type="provenance">Nippur</biblScope><biblScope type="composLines">1-7, 12</biblScope></bibl>
<bibl><biblScope type="museumNumber">3N-T904, 169 (SLFN 22)</biblScope><biblScope type="provenance">Nippur</biblScope><biblScope type="composLines">5-12</biblScope></bibl>
</listBibl>
</sourceDesc>
</fileDesc>
<profileDesc>
<textClass>
<classCode scheme="LCB"/>
</textClass>
</profileDesc>
<revisionDesc>
<change><date>10.x.2005-21.x.2005</date><respStmt><name>GC</name><resp>senior editor</resp></respStmt>
<item>standardisation</item></change>
<change><date>24.x.2005-28.x.2005</date><respStmt><name>GC</name><resp>senior editor</resp></respStmt>
<item>lemmatisation</item></change>
<change><date>31.x.2005-11.xi.2005</date><respStmt><name>GC</name><resp>senior editor</resp></respStmt>
<item>XML/TEI conversion</item></change>
<change><date>16.i.2006-27.i.2006</date><respStmt><name>ER/GZ</name><resp>project associate/project associate</resp></respStmt>
<item>proofreading</item></change>
<change><date>28.ii.2006</date><respStmt><name>JE</name><resp>technical developer</resp></respStmt>
<item>XML/TEI validation</item></change>
<change><date>01.iii.2006</date><respStmt><name>JE</name><resp>technical developer</resp></respStmt>
<item>web publication</item></change>
</revisionDesc>
</teiHeader>
<text lang="sux">
<body>
<l n="1" id="c3312.1" corresp="t3312.p1">
<w form="&m;lugal-ibila" lemma="lugal-ibila" pos="N" type="PN" label="Lugal-ibila" det="&m;">&m;lugal-ibila</w>
<w form="u3-na-dug4" lemma="dug4" pos="V" label="to say">u3-na-dug4</w>
</l>
<l n="2" id="c3312.2" corresp="t3312.p1">
<w form="&m;inim-&d;inana-ke4" lemma="inim-inana" pos="N" type="PN" label="Inim-Inana" npart="DN:Inana" det="&m; &d;">&m;inim-&d;inana-ke4</w>
<w form="na-ab-be2-a" lemma="dug4" pos="V" label="to say" form-type="ppli">na-ab-be2-a</w>
</l>
<l n="3" id="c3312.3" corresp="t3312.p2">
<w form="eme-gir15-ce3" lemma="eme-gir15" pos="N" label="Sumerian language">eme-gir15-ce3</w>
<w form="gu2-zu" lemma="gu2" pos="N" label="neck">gu2-zu</w>
<w form="na-ab-cub-be2-en" lemma="cub" pos="V" label="to fall">na-ab-cub-be2-en</w>
</l>
<l n="4" id="c3312.4" corresp="t3312.p2">
<w form="2-kam-ma-ce3" lemma="2-kam-ma" pos="NU" type="ordinal" label="2nd">2(MAN)-kam-ma-ce3</w>
<w form="eme" lemma="eme" pos="N" label="tongue">eme</w>
<phr type="VP" lemma="si sa2" label="to make straight">
<w form="si" lemma="si" pos="N" label="horn">si</w>
<w form="sa2-bi-ce3" lemma="sa2" pos="V" label="to equal">sa2-bi-ce3</w>
</phr>
<w form="lu2" lemma="lu2" pos="N" label="person">lu2</w>
<w form="mu-e-ci-in-gi4-gi4" lemma="gi4" pos="V" label="to return" form-type="rr">mu-e-ci-in-gi4-gi4</w>
</l>
<addSpan to="c3312.v1" type="additional"/>
<note id="c3312.n1" lang="eng" target="c3312.v1">1 ms. adds the line:</note>
<l n="4A" id="c3312.4A" corresp="t3312.p2">
<supplied/>
<w form="&X;" lemma="&X;" label="&X;">&X;</w>
<suppliedEnd/>
<w form="he2-jal2" lemma="jal2" pos="V" label="to be (located)">he2-jal2</w>
</l>
<anchor id="c3312.v1"/>
<l n="5" id="c3312.5" corresp="t3312.p2">
<w form="lu2-tur" lemma="lu2-tur" pos="N" label="child">lu2-tur</w>
<w form="igi-zu-ce3" lemma="igi" pos="N" label="eye">igi-zu-ce3</w>
<w form="al-durun-na" lemma="tuc" pos="V" label="to sit" form-type="pl">al-<term id="c3312.t1">durun</term><gloss lang="sux" target="c3312.t1">un</gloss>-na</w>
</l>
<l n="6" id="c3312.6" corresp="t3312.p2">
<w form="e2-dub-ba-a-ta" lemma="e2-dub-ba-a" pos="N" label="scribal school">e2-dub-ba-a-ta</w>
<w form="na-ab-ta-ed2-en" lemma="e3" pos="V" label="to go out or in">na-ab-ta-ed2-en</w>
</l>
<l n="7" id="c3312.7" corresp="t3312.p2">
<w form="na-an-ga-ma" lemma="na-an-ga-ma" pos="AV" label="be that as it may">na-an-ga-ma</w>
<w form="lu2" lemma="lu2" pos="N" label="person">lu2</w>
<w form="na-me" lemma="na-me" pos="PD" type="indefinite" label="any">na-me</w>
<w form="lul" lemma="lul" pos="V" label="to be false">lul</w>
<w form="i-ri-ib-sig10-ge5" lemma="sig10" pos="V" label="to place">i-ri-ib-sig10-ge5</w>
</l>
<l n="8" id="c3312.8" corresp="t3312.p2">
<w form="ugu" lemma="ugu" pos="N" label="skull">ugu</w>
<w form="ad-da-na-ce3" lemma="ad-da" pos="N" label="father">ad-da-na-ce3</w>
<w form="ga-am3-jen" lemma="jen" pos="V" label="to go">ga-am3-jen</w>
<w form="a-ra-ab-be2" lemma="dug4" pos="V" label="to say" form-type="ppli">a-ra-ab-be2</w>
</l>
<l n="9" id="c3312.9" corresp="t3312.p2">
<w form="en-na" lemma="en-na" pos="C" label="as long as">en-na</w>
<w form="jickim" lemma="jickim" pos="N" label="sign">jickim</w>
<w form="je26-e" lemma="je26" pos="PD" type="personal" label="I">je26-e</w>
<w form="u3" lemma="u3" pos="C" label="and">u3</w>
<w form="za-e" lemma="za" pos="PD" type="personal" label="you (sg.)">za-e</w>
<w form="inim" lemma="inim" pos="N" label="word">inim</w>
<w form="i3-bal-en-da-na" lemma="bal" pos="V" label="to turn over">i3-bal-en-da-na</w>
</l>
<l n="10" id="c3312.10" corresp="t3312.p2">
<w form="lu2-u3" lemma="lu2" pos="N" label="person">lu2-u3</w>
<w form="mu-e-ci-in-gi4-gi4-a" lemma="gi4" pos="V" label="to return" form-type="rr">mu-e-ci-in-gi4-gi4-a</w>
</l>
<l n="11" id="c3312.11" corresp="t3312.p2">
<w form="lu2-tur" lemma="lu2-tur" pos="N" label="child">lu2-tur</w>
<w form="cu" lemma="cu" pos="N" label="hand">cu</w>
<w form="nam-bi2-bar-re-en" lemma="bar" pos="V" label="to set aside">nam-bi2-bar-re-en</w>
</l>
<l n="12" id="c3312.12" corresp="t3312.p2">
<addSpan to="c3312.v2" type="primary"/>
<supplied/>
<w form="X" lemma="X" label="X">X</w>
<suppliedEnd/>
<damage/>
<w form="MA" lemma="MA" label="MA"><unclear cert="qry">MA</unclear></w>
<damageEnd/>
<w form="bi2-tuku" lemma="tuku" pos="V" label="to have">bi2-tuku</w>
<anchor id="c3312.v2"/>
<addSpan to="c3312.v3" type="secondary"/>
<note id="c3312.n2" lang="eng" target="c3312.v2">the ms. which adds l. 4A has instead:</note>
<damage/>
<w form="lu2-tur" lemma="lu2-tur" pos="N" label="child">lu2<damageEnd/>-tur</w>
<w form="silim-ma-ni" lemma="silim" pos="V" label="to be healthy">silim-ma-ni</w>
<w form="ad-da-X" lemma="ad-da" pos="N" label="father">ad-da-<supplied/>X</w>
<suppliedEnd/>
<w form="KA-za" lemma="KA" label="KA">KA-za</w>
<w form="in-tuku" lemma="tuku" pos="V" label="to have">in-tuku</w>
<anchor id="c3312.v3"/>
<w form="a-ma-ru-kam" lemma="a-ma-ru" pos="N" label="flood">a-ma-ru-kam</w>
</l>
<altGrp><alt targType="addSpan" targets="c3312.v2 c3312.v3"/></altGrp>
</body>
</text>
</TEI.2>
