<TEI.2 id="c.3.1.02">
<teiHeader lang="eng">
<fileDesc>
<titleStmt>
<title>Letter from &C;ulgi to Arad&g;u about Apilla&c;a -- a composite transliteration</title>
<respStmt><name>Jeremy Black</name><resp>Project Director and Editor</resp></respStmt>
<respStmt><name>G&aacute;bor Z&oacute;lyomi</name><resp>Editor</resp></respStmt>
<respStmt><name>Graham Cunningham</name><resp>Editor</resp></respStmt>
<respStmt><name>Esther Fl&uuml;ckiger-Hawker</name></respStmt>
<respStmt><name>Eleanor Robson</name><resp>Technical Developer</resp></respStmt>
<respStmt><name>Jarle Ebeling</name><resp>Technical Developer</resp></respStmt>
</titleStmt>
<publicationStmt>
<distributor>The Electronic Text Corpus of Sumerian Literature
</distributor><address><addrLine>The Oriental Institute, University of Oxford, Pusey Lane, Oxford OX1 2LE, UK, email etcsl&commat;orinst.ox.ac.uk, http://etcsl.orinst.ox.ac.uk</addrLine></address>
<date>2001</date>
</publicationStmt>
<seriesStmt><p>The Electronic Text Corpus of Sumerian Literature aims to make accessible over 400 literary works composed in the Sumerian language in ancient Mesopotamia during the late third and early second millennia BC. The works are in Sumerian composite transliteration and English prose translation with bibliographical information on each composition.</p></seriesStmt>
<sourceDesc>
<listBibl type="secondary">
<bibl><xref from="b729">Michalowski 1976</xref><biblScope type="page">147-159, 85-86</biblScope><biblScope type="contents">composite text, score transliteration, translation, commentary</biblScope></bibl>
<bibl><xref from="b739">Michalowski 1993a</xref><biblScope type="page">64-66</biblScope><biblScope type="contents">composite text, translation</biblScope><note>no. 97</note></bibl>
<bibl><xref from="b194">Ali 1964</xref><biblScope type="page">34-41</biblScope><biblScope type="contents">composite text, score transliteration, translation, handcopy, commentary</biblScope></bibl>
<bibl><xref from="b738">Ali 1970</xref><biblScope type="page">152-159</biblScope><biblScope type="plate">pls. I, II, VI, VII</biblScope><biblScope type="contents">composite text, translation, handcopy, commentary, photograph</biblScope><note>photo of 3N-T311 after p. 178</note></bibl>
<bibl><xref from="b737">Wilcke 1970a</xref><biblScope type="page">62-64</biblScope><biblScope type="contents">composite text, translation, commentary</biblScope><note>ll. 14-35</note></bibl>
<bibl><xref from="b740">Wilcke 1993</xref><biblScope type="page">65-66</biblScope><biblScope type="contents">translation, commentary</biblScope><note>ll. 6-26</note></bibl>
<bibl><xref from="b732">Huber 1998</xref><biblScope type="page">8-9, 17-18 (ll. 24-26), 21-22, 24, 33, 37 (l. 25), 39 (l. 17), 40 (ll. 10, 32), 41 (ll. 18, 22-23, 25), 42 (l. 30), 43 (ll. 14, 18), 43 (l. 14), 46-47, 48 (l. 25), 50, 54, 80, 88, 91</biblScope><biblScope type="contents">commentary, translation, composite text</biblScope></bibl>
<bibl><xref from="b733">Michalowski 1980-83</xref><biblScope type="page">53 (section 3.2)</biblScope><biblScope type="contents">commentary</biblScope></bibl>
<bibl><xref from="b237">Kramer 1963a</xref><biblScope type="page">332-333</biblScope><biblScope type="contents">translation</biblScope><note>no. 3</note></bibl>
<bibl><xref from="b309">Krecher 1996b</xref><biblScope type="contents">composite text, translation</biblScope><note>electronic source</note></bibl>
<bibl><xref from="b788">Attinger 2000</xref><biblScope type="contents">score transliteration, translation</biblScope></bibl>
<bibl><xref from="b939">Robson 2001</xref><biblScope type="page">57-59</biblScope><biblScope type="contents">commentary</biblScope><note>archaeological context</note></bibl>
</listBibl>
<listBibl type="tablets">
<bibl><biblScope type="museumNumber">3N-T311 = IM 58418 (Sumer 26 171-172, pls. I-II, photo after p. 178 = Ali, SL pls. xxii-xxiii) ii 2-35</biblScope><biblScope type="composLines">2-35</biblScope></bibl>
<bibl><biblScope type="museumNumber">U 17900V (UET 6/2 181)</biblScope><biblScope type="composLines">1-17?, 21-34</biblScope></bibl>
<bibl><biblScope type="museumNumber">Ni 9709 (ISET 1 180 = UMB 17/2 fg. 5)</biblScope><biblScope type="composLines">1-5</biblScope></bibl>
<bibl><biblScope type="museumNumber">U 16853 (UET 6/2 174) b 16'-20'</biblScope><biblScope type="composLines">1-5</biblScope></bibl>
<bibl><biblScope type="museumNumber">Ni 2317 (SLTN 126)</biblScope><biblScope type="composLines">4-7, 32-35</biblScope></bibl>
<bibl><biblScope type="museumNumber">Ni 2723 (SLTN 136)</biblScope><biblScope type="composLines">18-23, 26-27</biblScope></bibl>
<bibl><biblScope type="museumNumber">UM 29-13-330 (Sumer 26 176, pl. VI = Ali, SL pl. xxxiv)</biblScope><biblScope type="composLines">22-35</biblScope></bibl>
<bibl><biblScope type="museumNumber">CBS 6513+N 3096 (Sumer 26 177, pl. VII + Ali, SL pl. xxxiv)</biblScope><biblScope type="composLines">22-30, 32-35</biblScope></bibl>
<bibl><biblScope type="museumNumber">3N-T903, 102 (Sumer 26 176, pl. VI = Ali, SL pl. xxxiv = SLFN 22)</biblScope><biblScope type="composLines">24-31</biblScope></bibl>
<bibl><biblScope type="museumNumber">Ni 9706 (ISET 2 111-112 = Orientalia 22 pls. 38-39 = UMB 17/2 fg. 4) rev. iii' 1'-13'</biblScope><biblScope type="composLines">23-35</biblScope></bibl>
<bibl><biblScope type="museumNumber">MDP 27 87</biblScope><biblScope type="composLines">1-2</biblScope></bibl>
<bibl><biblScope type="museumNumber">MDP 27 88</biblScope><biblScope type="composLines">1-2</biblScope></bibl>
<bibl><biblScope type="museumNumber">YBC 4596</biblScope></bibl>
<bibl><biblScope type="museumNumber">YBC 4185</biblScope></bibl>
<bibl><biblScope type="museumNumber">LB 2543 (TLB 3 172, pl. LXVI) 1-5</biblScope><biblScope type="composLines">26-27, 29-30</biblScope></bibl>
<bibl><biblScope type="museumNumber">Ni 9854 (ISET 1 189)</biblScope><biblScope type="composLines">15?-22</biblScope></bibl>
<bibl><biblScope type="museumNumber">Ni 4389 (ISET 1 144)</biblScope><biblScope type="composLines">24-31</biblScope></bibl>
<bibl><biblScope type="museumNumber">A w/n</biblScope></bibl>
<bibl><biblScope type="museumNumber">BM 54327 iii 1-12</biblScope><biblScope type="composLines">17?-29</biblScope><note>collated by EFH</note></bibl>
<bibl><biblScope type="museumNumber">Ni 4149 (ISET 2 122) rev.! ii' 6-10</biblScope><biblScope type="composLines">1-4</biblScope></bibl>
<bibl><biblScope type="museumNumber">UCLM 9-1820 (JCS 28 103, no. 103)</biblScope><biblScope type="composLines">6-11, 21-34</biblScope></bibl>
</listBibl>
</sourceDesc>
</fileDesc>
<revisionDesc>
<change><date>22.iii.2001-26.iii.2001</date><respStmt><name>EFH</name><resp>editor</resp></respStmt>
<item>standardisation</item></change>
<change><date>29.vi.2001</date><respStmt><name>EFH</name><resp>editor</resp></respStmt>
<item>collation</item></change>
<change><date>18.v.2001</date><respStmt><name>JAB</name><resp>editor</resp></respStmt>
<item>proofreading</item></change>
<change><date>03.viii.2001</date><respStmt><name>GZ</name><resp>editor</resp></respStmt>
<item>SGML tagging</item></change>
<change><date>24.viii.2001</date><respStmt><name>ER</name><resp>editor</resp></respStmt>
<item>proofreading SGML</item></change>
<change><date>24.viii.2001</date><respStmt><name>ER</name><resp>editor</resp></respStmt>
<item>web publication</item></change>
<change><date>01.vi.2003</date><respStmt><name>GC/JE</name><resp>editor/technical developer</resp></respStmt>
<item>XML/TEI conversion</item></change>
<change><date>30.iii.2005</date><respStmt><name>GC/JE</name><resp>senior editor/technical developer</resp></respStmt>
<item>lemmatised version published</item></change>
</revisionDesc>
</teiHeader>
<text lang="sux">
<body>
<l n="1" id="c3102.1" corresp="t3102.p1">
<w form="&m;arad2-ju10-ra" lemma="arad-ju10" pos="N" type="PN" label="Arad&g;u" det="&m;">&m;arad2-ju10-ra</w>
<w form="u3-na-a-dug4" lemma="dug4" pos="V" label="to say">u3-na-a-dug4</w>
</l>
<l n="2" id="c3102.2" corresp="t3102.p1">
<w form="&m;&d;cul-gi" lemma="cul-gi" pos="N" type="RN" label="&C;ulgi" det="&m; &d;"><supplied/>&m;<suppliedEnd/>&d;cul-gi</w>
<w form="lugal-zu" lemma="lugal" pos="N" label="king">lugal-zu</w>
<w form="na-ab-be2-a" lemma="dug4" pos="V" label="to say" form-type="ppli">na-ab-be2-a</w>
</l>
<l n="3" id="c3102.3" corresp="t3102.p2">
<w form="lu2" lemma="lu2" pos="N" label="person">lu2</w>
<w form="in-ci-gi4-in-na-zu" lemma="gi4" pos="V" label="to return">in-ci-gi4-in-na-zu</w>
<w form="lu2" lemma="lu2" pos="N" label="person">lu2</w>
<w form="cul-a-zu" lemma="cul" pos="N" label="young man">cul-a-zu</w>
<w form="in-nu-u3" lemma="me" pos="V" label="to be">in-nu-u3</w>
</l>
<l n="4" id="c3102.4" corresp="t3102.p2">
<w form="cu-zu-ta-am3" lemma="cu" pos="N" label="hand">cu-zu-ta-am3</w>
<w form="a2" lemma="a2" pos="N" label="arm">a2</w>
<w form="aj2-ja2" lemma="aj2" pos="V" label="to measure">aj2-ja2</w>
<w form="cu" lemma="cu" pos="N" label="hand">cu</w>
<addSpan to="c3102.v1" type="primary"/>
<w form="la-ba-ra-ab-tej3-je26-e" lemma="te" pos="V" label="to approach">la-ba-ra-ab-tej3-je26-e</w>
<anchor id="c3102.v1"/>
<addSpan to="c3102.v2" type="secondary"/>
<note id="c3102.n1" lang="eng" target="c3102.v1">1 ms. has instead:</note>
<damage/>
<w form="la-ba-ra-ab-bal" lemma="bal" pos="V" label="to turn over">la<damageEnd/>-ba-ra-ab-bal</w>
<anchor id="c3102.v2"/>
</l>
<altGrp><alt targType="addSpan" targets="c3102.v1 c3102.v2"/></altGrp>
<l n="5" id="c3102.5" corresp="t3102.p2">
<w form="a-na-ac-am3" lemma="a-na-ac" pos="AV" label="why">a-na-ac-am3</w>
<w form="nij2" lemma="nij2" pos="N" label="thing">nij2</w>
<w form="a-na" lemma="a-na" pos="PD" type="nominal-relative" label="what(ever)">a-na</w>
<w form="an-ga-am3" lemma="an-ga-am3" pos="AV" label="likewise">an-ga-am3</w>
<w form="bi2-in-ak-a-ni" lemma="ak" pos="V" label="to do">bi2-in-ak-a-ni</w>
<w form="ur5" lemma="ur5" pos="PD" type="demonstrative" label="that">ur5</w>
<w form="i3-me-a" lemma="me" pos="V" label="to be">i3-me-a</w>
<w form="nu-e-zu" lemma="zu" pos="V" label="to know">nu-e-zu</w>
</l>
<l n="6" id="c3102.6" corresp="t3102.p3">
<w form="je26-e" lemma="je26" pos="PD" type="personal" label="I">je26-e</w>
<w form="nij2" lemma="nij2" pos="N" label="thing">nij2</w>
<w form="je26-e-gin7-nam" lemma="je26" pos="PD" type="personal" label="I">je26-e-gin7-nam</w>
<w form="ma-da" lemma="ma-da" pos="N" label="land">ma-da</w>
<w form="gen6-ne2-de3" lemma="gen6" pos="V" label="to be firm">gen6-ne2-de3</w>
</l>
<l n="7" id="c3102.7" corresp="t3102.p3">
<w form="uj3" lemma="uj3" pos="N" label="people">uj3</w>
<phr type="VP" lemma="si sa2" label="to make straight">
<w form="si" lemma="si" pos="N" label="horn">si</w>
<w form="sa2-sa2-e-de3" lemma="sa2" pos="V" label="to equal" form-type="RR">sa2-sa2-e-de3</w>
</phr>
<addSpan to="c3102.v3" type="primary"/>
<w form="gu3" lemma="gu3" pos="N" label="voice">gu3</w>
<w form="tec2-a" lemma="tec2" pos="N" label="unity">tec2-a</w>
<w form="sig10-ge5-de3" lemma="sig10" pos="V" label="to place">sig10-ge5-de3</w>
<anchor id="c3102.v3"/>
<addSpan to="c3102.v4" type="secondary"/>
<note id="c3102.n2" lang="eng" target="c3102.v3">2 mss. have instead:</note>
<w form="suhuc" lemma="suhuc" pos="N" label="foundation">suhuc</w>
<w form="ma-da" lemma="ma-da" pos="N" label="land">ma-da</w>
<w form="ge-en-gen6-ne2-de3" lemma="gen6" pos="V" label="to be firm" form-type="RR">ge-en-gen6-ne2-de3</w>
<anchor id="c3102.v4"/>
</l>
<altGrp><alt targType="addSpan" targets="c3102.v3 c3102.v4"/></altGrp>
<l n="8" id="c3102.8" corresp="t3102.p3">
<w form="iri&ki;" lemma="iri" pos="N" label="town" det="&ki;">iri&ki;</w>
<w form="ma-da" lemma="ma-da" pos="N" label="land">ma-da</w>
<w form="ud" lemma="ud" pos="N" label="day(light)">ud</w>
<w form="tej3-je26-de3-en-na-zu" lemma="te" pos="V" label="to approach">tej3-je26-de3-en-na-zu</w>
<w form="umuc-bi" lemma="umuc" pos="N" label="(fore)thought">umuc-bi</w>
<w form="zu-zu-a" lemma="zu" pos="V" label="to know" form-type="RR">zu-zu-a</w>
</l>
<l n="9" id="c3102.9" corresp="t3102.p3">
<w form="lu2" lemma="lu2" pos="N" label="person">lu2</w>
<w form="gal-gal-be2-ne" lemma="gal" pos="V" label="to be big" form-type="RR">gal-gal-be2-ne</w>
<w form="inim-bi" lemma="inim" pos="N" label="word">inim-bi</w>
<w form="zu-a" lemma="zu" pos="V" label="to know">zu-a</w>
</l>
<l n="10" id="c3102.10" corresp="t3102.p3">
<w form="za-pa-aj2-ju10" lemma="za-pa-aj2" pos="N" label="noise">za-pa-aj2-ju10</w>
<addSpan to="c3102.v5" type="primary"/>
<w form="kur-kur-ra" lemma="kur" pos="N" label="(mountain) land" form-type="RR">kur-kur-ra</w>
<w form="he2-ri" lemma="ri" pos="V" label="to direct">he2-ri</w>
<anchor id="c3102.v5"/>
<addSpan to="c3102.v6" type="secondary"/>
<note id="c3102.n3" lang="eng" target="c3102.v5">1 ms. has instead:</note>
<w form="kur-kur" lemma="kur" pos="N" label="(mountain) land" form-type="RR">kur-kur</w>
<w form="he2-eb-si" lemma="si" pos="V" label="to fill">he2-eb-si</w>
<anchor id="c3102.v6"/>
<addSpan to="c3102.v21" type="secondary"/>
<note id="c3102.n11" lang="eng" target="c3102.v5">1 ms. has instead:</note>
<w form="kur-kur-ra" lemma="kur" pos="N" label="(mountain) land" form-type="RR">kur-kur-ra</w>
<w form="he2-en-dul" lemma="dul" pos="V" label="to cover (together)">he2-en-dul</w>
<anchor id="c3102.v21"/>
</l>
<altGrp><alt targType="addSpan" targets="c3102.v5 c3102.v6 c3102.v21"/></altGrp>
<l n="11" id="c3102.11" corresp="t3102.p3">
<w form="a2" lemma="a2" pos="N" label="arm">a2</w>
<w form="kalag-ga" lemma="kalag" pos="V" label="to be strong">kalag-ga</w>
<w form="a2" lemma="a2" pos="N" label="arm"><unclear cert="cor">a2</unclear></w>
<w form="nam-ur-saj-ja2-ju10" lemma="nam-ur-saj" pos="N" label="heroism">nam-ur-saj-ja2-ju10</w>
<w form="kur-kur-ra" lemma="kur" pos="N" label="(mountain) land" form-type="RR">kur-kur-ra</w>
<w form="he2-en-cub-cub" lemma="cub" pos="V" label="to fall" form-type="RR">he2-en-cub-cub</w>
</l>
<l n="12" id="c3102.12" corresp="t3102.p3">
<w form="u18-lu-ju10" lemma="ulu3" pos="N" label="south wind (storm)">u18-lu-ju10</w>
<w form="kalam-ma" lemma="kalam" pos="N" label="the Land">kalam-ma</w>
<addSpan to="c3102.v7" type="primary"/>
<w form="he2-eb-dul" lemma="dul" pos="V" label="to cover (together)">he2-eb-dul</w>
<anchor id="c3102.v7"/>
<addSpan to="c3102.v8" type="secondary"/>
<note id="c3102.n4" lang="eng" target="c3102.v7">1 ms. has instead:</note>
<w form="he2-en-ri" lemma="ri" pos="V" label="to direct">he2-en-ri</w>
<anchor id="c3102.v8"/>
</l>
<altGrp><alt targType="addSpan" targets="c3102.v7 c3102.v8"/></altGrp>
<l n="13" id="c3102.13" corresp="t3102.p3">
<w form="PA-PA" lemma="PA" label="PA" form-type="RR">PA-PA</w>
<w form="edin-na" lemma="edin" pos="N" label="open country">edin-na</w>
<w form="lib4-lib4" lemma="lib4-lib4" pos="N" label="plunderer" form-type="RR">lib4-lib4</w>
<w form="a-cag4-ga" lemma="a-cag4" pos="N" label="field">a-cag4-ga</w>
<phr type="VP" lemma="u2-gu de2" label="to lose">
<w form="u2-gu" lemma="u2-gu" pos="N" label="noun part of multiword verb">u2-gu</w>
<w form="de2-ni-ib" lemma="de2" pos="V" label="to pour">de2-ni-ib</w>
</phr>
</l>
<l n="14" id="c3102.14" corresp="t3102.p3">
<w form="en-na" lemma="en-na" pos="C" label="as long as">en-na</w>
<w form="a-pi-il-la-ca" lemma="a-pi-il-la-ca" pos="N" type="PN" label="Apilla&c;a">a-pi-il-la-ca</w>
<w form="gal-zu" lemma="gal-zu" pos="AJ" label="skilful">gal-zu</w>
<w form="unken-na-ju10" lemma="unken" pos="N" label="assembly">unken-na-ju10</w>
<w form="sa2" lemma="sa2" pos="V" label="to equal">sa2</w>
<w form="an-ne-en" lemma="dug4" pos="V" label="to say" form-type="ppli">an-ne-en</w>
</l>
<l n="15" id="c3102.15" corresp="t3102.p3">
<w form="igi-zu" lemma="igi" pos="N" label="eye">igi-zu</w>
<w form="e3-ni-ib" lemma="e3" pos="V" label="to go out or in">e3-ni-ib</w>
<w form="igi-zu" lemma="igi" pos="N" label="eye">igi-zu</w>
<addSpan to="c3102.v9" type="primary"/>
<w form="he2-en-ci-kur9" lemma="kur9" pos="V" label="to enter">he2-en-ci-kur9</w>
<anchor id="c3102.v9"/>
<addSpan to="c3102.v10" type="secondary"/>
<note id="c3102.n5" lang="eng" target="c3102.v9">2 mss. have instead:</note>
<w form="he2-en-ci-UD" lemma="UD" pos="V" label="UD">he2-en-ci-UD</w>
<anchor id="c3102.v10"/>
</l>
<altGrp><alt targType="addSpan" targets="c3102.v9 c3102.v10"/></altGrp>
<l n="16" id="c3102.16" corresp="t3102.p4">
<w form="a2-ce3" lemma="a2" pos="N" label="arm">a2-ce3</w>
<w form="mu-e-da-a-aj2" lemma="aj2" pos="V" label="to measure">mu-e-da-a-aj2</w>
</l>
<l n="17" id="c3102.17" corresp="t3102.p4">
<w form="a-na-ac-am3" lemma="a-na-ac" pos="AV" label="why">a-na-ac-am3</w>
<w form="ja2-a-gin7-nam" lemma="je26" pos="PD" type="personal" label="I">ja2-a-gin7-nam</w>
<w form="nu-un-ak" lemma="ak" pos="V" label="to do">nu-un-ak</w>
</l>
<l n="18" id="c3102.18" corresp="t3102.p5">
<w form="tukum-bi" lemma="tukum-bi" pos="C" label="if">tukum-bi</w>
<w form="gal-zu" lemma="gal-zu" pos="AJ" label="skilful">gal-zu</w>
<w form="unken-na-ju10" lemma="unken" pos="N" label="assembly">unken-na-ju10</w>
<w form="ja2-a-gin7-nam" lemma="je26" pos="PD" type="personal" label="I">ja2-a-gin7-nam</w>
<w form="nu-ub-gur4-re" lemma="gur4" pos="V" label="to be thick">nu-ub-gur4-re</w>
</l>
<l n="19" id="c3102.19" corresp="t3102.p5">
<w form="&jic;gu-za" lemma="gu-za" pos="N" label="chair" det="&jic;">&jic;gu-za</w>
<w form="barag" lemma="barag" pos="N" label="dais">barag</w>
<w form="&tug2;cutur-e" lemma="cutur" pos="N" label="type of garment" bound="L,e" det="&tug2;">&tug2;cutur-e</w>
<w form="ri-a" lemma="ri" pos="V" label="to direct">ri-a</w>
<w form="nu-ub-tuc" lemma="tuc" pos="V" label="to sit">nu-ub-tuc</w>
</l>
<l n="20" id="c3102.20" corresp="t3102.p5">
<w form="&jic;jiri3-gub" lemma="jiri3-gub" pos="N" label="footrest" det="&jic;">&jic;jiri3-gub</w>
<w form="kug-sig17-ka" lemma="kug-sig17" pos="N" label="gold">kug-sig17-ka</w>
<w form="jiri3-ni" lemma="jiri3" pos="N" label="foot">jiri3-ni</w>
<w form="nu-ub-jar" lemma="jar" pos="V" label="to place">nu-ub-jar</w>
</l>
<l n="21" id="c3102.21" corresp="t3102.p5">
<w form="ensi2" lemma="ensi2" pos="N" label="(city) ruler">ensi2</w>
<w form="nam-ensi2-ta" lemma="nam-ensi2" pos="N" label="rulership">nam-ensi2-ta</w>
</l>
<l n="22" id="c3102.22" corresp="t3102.p5">
<w form="lu2-jarza2" lemma="lu2-jarza2" pos="N" label="type of official">lu2-jarza2</w>
<addSpan to="c3102.v11" type="primary"/>
<w form="jarza2-ta" lemma="jarza" pos="N" label="rite">jarza2-ta</w>
<anchor id="c3102.v11"/>
<addSpan to="c3102.v12" type="secondary"/>
<note id="c3102.n6" lang="eng" target="c3102.v11">some mss. have instead:</note>
<w form="nam-jarza2-ta" lemma="nam-jarza2" pos="N" label="ritual function">nam-jarza2-ta</w>
<anchor id="c3102.v12"/>
<addSpan to="c3102.v22" type="secondary"/>
<note id="c3102.n12" lang="eng" target="c3102.v11">1 ms. has instead:</note>
<w form="lu2-jarza2-ta" lemma="lu2-jarza2" pos="N" label="type of official">lu2-jarza2-ta</w>
<anchor id="c3102.v22"/>
</l>
<altGrp><alt targType="addSpan" targets="c3102.v11 c3102.v12 c3102.v22"/></altGrp>
<l n="23" id="c3102.23" corresp="t3102.p5">
<w form="ni2-te-ni2-te-a" lemma="ni2-te-a-ni" pos="PD" type="reflexive" label="himself, herself" form-type="RR">ni2-te-ni2-te-a</w>
<w form="li-bi2-in-jar" lemma="jar" pos="V" label="to place">li-bi2-in-jar</w>
<w form="u3" lemma="u3" pos="C" label="and">u3</w>
<w form="nu-ub-ta-gub-bu" lemma="gub" pos="V" label="to stand">nu-ub-ta-gub-bu</w>
</l>
<l n="24" id="c3102.24" corresp="t3102.p5">
<w form="lu2" lemma="lu2" pos="N" label="person">lu2</w>
<w form="nu-un-gaz" lemma="gaz" pos="V" label="to strike (dead)">nu-un-gaz</w>
<w form="igi" lemma="igi" pos="N" label="eye">igi</w>
<w form="nu-un-hul" lemma="hul" pos="V" label="to be bad">nu-un-hul</w>
</l>
<l n="25" id="c3102.25" corresp="t3102.p5">
<w form="lu2" lemma="lu2" pos="N" label="person">lu2</w>
<w form="igi" lemma="igi" pos="N" label="eye">igi</w>
<w form="bar-ra-ka-ni" lemma="bar" pos="V" label="to set aside">bar-ra-ka-ni</w>
<w form="lu2-al" lemma="lu2" pos="N" label="person">lu2-al</w>
<w form="li-bi2-dirig" lemma="dirig" pos="V" label="to be superior">li-bi2-dirig</w>
</l>
<l n="26" id="c3102.26" corresp="t3102.p5">
<w form="a-na-gin7-nam" lemma="a-na-gin7" pos="AV" label="how">a-na-gin7-nam</w>
<w form="ma-da" lemma="ma-da" pos="N" label="land">ma-da</w>
<w form="ib2-gen6-ne2" lemma="gen6" pos="V" label="to be firm">ib2-gen6-ne2</w>
</l>
<l n="27" id="c3102.27" corresp="t3102.p6">
<w form="tukum-bi" lemma="tukum-bi" pos="C" label="if">tukum-bi</w>
<w form="ki" lemma="ki" pos="N" label="place">ki</w>
<w form="um-mu-e-a-aj2" lemma="aj2" pos="V" label="to measure">um-mu-e-a-aj2</w>
</l>
<l n="28" id="c3102.28" corresp="t3102.p6">
<w form="cag4-zu" lemma="cag4" pos="N" label="heart">cag4-zu</w>
<w form="cag4" lemma="cag4" pos="N" label="heart">cag4</w>
<w form="zu2" lemma="zu2" pos="N" label="tooth">zu2</w>
<w form="kece2" lemma="kece2" pos="V" label="to bind">kece2</w>
<w form="ba-ra-na-ja2-ja2" lemma="jar" pos="V" label="to place" form-type="rr">ba-ra-na-ja2-ja2</w>
</l>
<l n="29" id="c3102.29" corresp="t3102.p7">
<w form="i3-gur4-re-en" lemma="gur4" pos="V" label="to be thick">i3-gur4-re-en</w>
<addSpan to="c3102.v13" type="primary"/>
<w form="aga-us2-zu" lemma="aga-us2" pos="N" label="type of soldier">aga-us2-zu</w>
<w form="nu-e-zu" lemma="zu" pos="V" label="to know">nu-e-zu</w>
<anchor id="c3102.v13"/>
<addSpan to="c3102.v14" type="secondary"/>
<note id="c3102.n7" lang="eng" target="c3102.v13">1 ms. has instead:</note>
<w form="aga-us2" lemma="aga-us2" pos="N" label="type of soldier">aga-us2</w>
<w form="saj" lemma="saj" pos="N" label="head">saj</w>
<w form="us2-ni" lemma="us2" pos="V" label="to be adjacent"><unclear cert="qry">us2</unclear>-ni</w>
<w form="i3-zu" lemma="zu" pos="V" label="to know">i3-zu</w>
<anchor id="c3102.v14"/>
</l>
<altGrp><alt targType="addSpan" targets="c3102.v13 c3102.v14"/></altGrp>
<l n="30" id="c3102.30" corresp="t3102.p7">
<addSpan to="c3102.v15" type="primary"/>
<w form="nam-lu2-u18-lu-bi" lemma="nam-lu2-ulu3" pos="N" label="humanity">nam-lu2-u18-lu-bi</w>
<anchor id="c3102.v15"/>
<addSpan to="c3102.v16" type="secondary"/>
<note id="c3102.n8" lang="eng" target="c3102.v15">some mss. have instead:</note>
<w form="nam-lu2-u18-lu-ni" lemma="nam-lu2-ulu3" pos="N" label="humanity">nam-lu2-u18-lu-ni</w>
<anchor id="c3102.v16"/>
<w form="u3" lemma="u3" pos="C" label="and">u3</w>
<addSpan to="c3102.v17" type="primary"/>
<w form="nam-ur-saj-ni" lemma="nam-ur-saj" pos="N" label="heroism">nam-ur-saj-ni</w>
<anchor id="c3102.v17"/>
<addSpan to="c3102.v18" type="secondary"/>
<note id="c3102.n9" lang="eng" target="c3102.v17">1 ms. has instead:</note>
<w form="nam-ur-saj-ja2-ju10" lemma="nam-ur-saj" pos="N" label="heroism">nam-ur-saj-ja2-ju10</w>
<anchor id="c3102.v18"/>
<w form="igi-zu" lemma="igi" pos="N" label="eye">igi-zu</w>
<w form="bi2-in-zu" lemma="zu" pos="V" label="to know">bi2-in-zu</w>
</l>
<altGrp><alt targType="addSpan" targets="c3102.v15 c3102.v16"/>
<alt targType="addSpan" targets="c3102.v17 c3102.v18"/></altGrp>
<l n="31" id="c3102.31" corresp="t3102.p8">
<w form="tukum-bi" lemma="tukum-bi" pos="C" label="if">tukum-bi</w>
<w form="ama-a-tud-ju10" lemma="ama-a-tud" pos="N" label="house-born slave">ama-a-tud-ju10</w>
<addSpan to="c3102.v19" type="primary"/>
<w form="za-e-me-en" lemma="za" pos="PD" type="personal" label="you (sg.)">za-e-me-en</w>
<anchor id="c3102.v19"/>
<addSpan to="c3102.v20" type="secondary"/>
<note id="c3102.n10" lang="eng" target="c3102.v19">some mss. have instead:</note>
<w form="me-en-ze2-en" lemma="me-en-ze2-en" pos="PD" type="personal" label="you (pl.)">me-en-ze2-en</w>
<anchor id="c3102.v20"/>
</l>
<altGrp><alt targType="addSpan" targets="c3102.v19 c3102.v20"/></altGrp>
<l n="32" id="c3102.32" corresp="t3102.p8">
<w form="igi" lemma="igi" pos="N" label="eye">igi</w>
<w form="2-na-zu-ne-ne" lemma="2" pos="NU" type="cardinal" label="2">2(MIN)-na-zu-ne-ne</w>
<w form="im" lemma="im" pos="N" label="clay">im</w>
<w form="sar-ra" lemma="sar" pos="V" label="to write">sar-ra</w>
<w form="gu3" lemma="gu3" pos="N" label="voice">gu3</w>
<w form="he2-em-ta-de2-de2-e" lemma="de2" pos="V" label="to pour" form-type="RR">he2-em-ta-de2-de2-e</w>
</l>
<l n="33" id="c3102.33" corresp="t3102.p8">
<w form="gu3" lemma="gu3" pos="N" label="voice">gu3</w>
<w form="tec2-a" lemma="tec2" pos="N" label="unity">tec2-a</w>
<w form="sig10-ge5-NE-en-ze2-en" lemma="sig10" pos="V" label="to place">sig10-ge5-NE-en-ze2-en</w>
</l>
<l n="34" id="c3102.34" corresp="t3102.p8">
<w form="suhuc" lemma="suhuc" pos="N" label="foundation">suhuc</w>
<w form="ma-da" lemma="ma-da" pos="N" label="land">ma-da</w>
<w form="gen6-ne2-eb-ze2-en" lemma="gen6" pos="V" label="to be firm">gen6-ne2-eb-ze2-en</w>
</l>
<l n="35" id="c3102.35" corresp="t3102.p8">
<w form="a-ma-ru-kam" lemma="a-ma-ru" pos="N" label="flood">a-ma-ru-kam</w>
</l>
</body>
</text>
</TEI.2>
