<TEI.2 id="c.3.3.11">
<teiHeader lang="eng">
<fileDesc>
<titleStmt>
<title>Letter from Inim-Inana to Enlil-massu -- a composite transliteration</title>
<respStmt><name>John Baines</name><resp>Project Director</resp></respStmt>
<respStmt><name>Graham Cunningham</name><resp>Senior Editor</resp></respStmt>
<respStmt><name>Jarle Ebeling</name><resp>Technical Developer</resp></respStmt>
<respStmt><name>Eleanor Robson</name><resp>Project Associate</resp></respStmt>
<respStmt><name>Jon Taylor</name><resp>Project Associate</resp></respStmt>
<respStmt><name>G&aacute;bor Z&oacute;lyomi</name><resp>Project Associate</resp></respStmt>
</titleStmt>
<publicationStmt>
<distributor>The Electronic Text Corpus of Sumerian Literature
</distributor><address><addrLine>The Oriental Institute, University of Oxford, Pusey Lane, Oxford OX1 2LE, UK, email etcsl&commat;orinst.ox.ac.uk, http://etcsl.orinst.ox.ac.uk</addrLine></address>
<date>2005</date>
</publicationStmt>
<seriesStmt><p>The Electronic Text Corpus of Sumerian Literature aims to make accessible over 400 literary works composed in the Sumerian language in ancient Mesopotamia during the late third and early second millennia BCE. The works are in Sumerian composite transliteration and English prose translation with bibliographical information on each composition.</p></seriesStmt>
<sourceDesc>
<listBibl type="secondary">
<bibl><xref from="b309">Krecher 1996b</xref><biblScope type="contents">composite text, translation</biblScope><note>electronic source</note></bibl>
<bibl><xref from="b194">Ali 1964</xref><biblScope type="page">149-152</biblScope><biblScope type="contents">composite text, score transliteration, translation, handcopy, commentary</biblScope><note>hand copies in pls.</note></bibl>
<bibl><xref from="b854">Michalowski 2001a</xref><biblScope type="contents">composite text</biblScope><note>electronic source</note></bibl>
<bibl><xref from="b939">Robson 2001</xref><biblScope type="page">57-59</biblScope><biblScope type="contents">commentary</biblScope><note>archaeological context</note></bibl>
<bibl><xref from="b737">Wilcke 1970a</xref><biblScope type="page">67-69</biblScope><biblScope type="contents">commentary</biblScope></bibl>
</listBibl>
<listBibl type="tablets">
<bibl><biblScope type="museumNumber">CBS 14000 (PBS 1/2 91)</biblScope><biblScope type="provenance">Nippur</biblScope><biblScope type="composLines">1-15</biblScope></bibl>
<bibl><biblScope type="museumNumber">CBS 13986</biblScope><biblScope type="provenance">Nippur</biblScope></bibl>
<bibl><biblScope type="museumNumber">Ni 9701 (ISET 2 114) + N 3264 + N 3266 + N 3294 + N 3301 + N 3303 + N 3308 + N 3310 + UM 29-16-139 (Ali, SL pls. 24-25)</biblScope><biblScope type="provenance">Nippur</biblScope><biblScope type="composLines">UM 29-16-139 rev. iv 1'-7' = 6-15</biblScope><note>cf. Civil, Farmer's 177</note></bibl>
<bibl><biblScope type="museumNumber">3N-T902, 67 (SLFN 24)</biblScope><biblScope type="provenance">Nippur</biblScope><biblScope type="composLines">1-4</biblScope></bibl>
<bibl><biblScope type="museumNumber">3N-T292 (Ali, SL pl. 32 = ArOr 34 [1966] p.292f.) rev. 3'</biblScope><biblScope type="provenance">Nippur</biblScope><biblScope type="composLines">1</biblScope></bibl>
</listBibl>
</sourceDesc>
</fileDesc>
<profileDesc>
<textClass>
<classCode scheme="LCB"/>
</textClass>
</profileDesc>
<revisionDesc>
<change><date>10.x.2005-21.x.2005</date><respStmt><name>GC</name><resp>senior editor</resp></respStmt>
<item>standardisation</item></change>
<change><date>24.x.2005-28.x.2005</date><respStmt><name>GC</name><resp>senior editor</resp></respStmt>
<item>lemmatisation</item></change>
<change><date>31.x.2005-11.xi.2005</date><respStmt><name>GC</name><resp>senior editor</resp></respStmt>
<item>XML/TEI conversion</item></change>
<change><date>16.i.2006-27.i.2006</date><respStmt><name>ER/GZ</name><resp>project associate/project associate</resp></respStmt>
<item>proofreading</item></change>
<change><date>28.ii.2006</date><respStmt><name>JE</name><resp>technical developer</resp></respStmt>
<item>XML/TEI validation</item></change>
<change><date>01.iii.2006</date><respStmt><name>JE</name><resp>technical developer</resp></respStmt>
<item>web publication</item></change>
</revisionDesc>
</teiHeader>
<text lang="sux">
<body>
<l n="1" id="c3311.1" corresp="t3311.p1">
<w form="&m;&d;en-lil2-mas-su" lemma="en-lil2-mas-su" pos="N" type="PN" label="Enlil-massu" npart="DN:Enlil" det="&m; &d;">&m;&d;en-lil2-mas-su</w>
<w form="u3-na-a-dug4" lemma="dug4" pos="V" label="to say">u3-na-a-dug4</w>
</l>
<l n="2" id="c3311.2" corresp="t3311.p1">
<w form="&m;inim-&d;inana-ke4" lemma="inim-inana" pos="N" type="PN" label="Inim-Inana" npart="DN:Inana" det="&m; &d;">&m;inim-&d;inana-ke4</w>
<w form="na-ab-be2-a" lemma="dug4" pos="V" label="to say" form-type="ppli">na-ab-be2-a</w>
</l>
<l n="3" id="c3311.3" corresp="t3311.p2">
<w form="inim" lemma="inim" pos="N" label="word">inim</w>
<w form="na-me" lemma="na-me" pos="PD" type="indefinite" label="any">na-me</w>
<w form="ma-an-ne-ec-ma" lemma="dug4" pos="V" label="to say" form-type="ppli">ma-an-ne-ec-ma</w>
<w form="lul-ac" lemma="lul" pos="V" label="to be false">lul-ac</w>
<w form="ba-hul2-le" lemma="hul2" pos="V" label="to be happy">ba-hul2-le</w>
</l>
<l n="4" id="c3311.4" corresp="t3311.p2">
<w form="&d;lamma" lemma="lamma" pos="N" label="guardian deity" det="&d;">&d;lamma</w>
<w form="ud" lemma="ud" pos="N" label="day(light)">ud</w>
<w form="til3-la-a" lemma="til3" pos="V" label="to live">til3-la-a</w>
<w form="kal-le" lemma="kal" pos="V" label="to be rare">kal-le</w>
<w form="lugal-cu2" lemma="lugal-cu2" pos="N" type="PN" label="Lugal-&c;u">lugal-cu2</w>
</l>
<l n="5" id="c3311.5" corresp="t3311.p2">
<w form="&m;na-bi-&d;en-lil2" lemma="na-bi-en-lil2" pos="N" type="PN" label="Nabi-Enlil" npart="DN:Enlil" det="&m; &d;">&m;na-<corr resp="scrOm"/>bi<corrEnd/>-&d;en-lil2</w>
<w form="u3" lemma="u3" pos="C" label="and">u3</w>
<w form="&d;en-lil2-al-sag9" lemma="en-lil2-al-sag9" pos="N" type="PN" label="Enlil-alsag" npart="DN:Enlil" det="&d;">&d;en-lil2-al-sag9</w>
</l>
<l n="6" id="c3311.6" corresp="t3311.p2">
<w form="um-mi-a" lemma="um-mi-a" pos="N" label="scholar">um-mi-a</w>
<w form="cu" lemma="cu" pos="N" label="hand">cu</w>
<w form="igi" lemma="igi" pos="N" label="eye">igi</w>
<damage/>
<w form="du-zu-ne" lemma="jen" pos="V" label="to go" form-type="isg">du<damageEnd/>-zu-ne</w>
</l>
<l n="7" id="c3311.7" corresp="t3311.p2">
<w form="&d;nin-imma3" lemma="nin-imma3" pos="N" type="DN" label="Ninimma" det="&d;">&d;nin-imma3</w>
<w form="dijir-zu" lemma="dijir" pos="N" label="deity">dijir-zu</w>
</l>
<l n="8" id="c3311.8" corresp="t3311.p2">
<w form="u3" lemma="u3" pos="C" label="and">u3</w>
<w form="&d;nisaba" lemma="nisaba" pos="N" type="DN" label="Nisaba" det="&d;">&d;nisaba</w>
<w form="nin" lemma="nin" pos="N" label="lady">nin</w>
<w form="jectug2" lemma="jectug2" pos="N" label="ear">jectug2</w>
<w form="dajal-la-ke4" lemma="dajal" pos="V" label="to be wide">dajal-la-ke4</w>
</l>
<l n="9" id="c3311.9" corresp="t3311.p2">
<w form="jectug2" lemma="jectug2" pos="N" label="ear">jectug2</w>
<w form="ha-ra-ab-cum2-mu-ne" lemma="cum2" pos="V" label="to give">ha-ra-ab-cum2-mu-ne</w>
</l>
<l n="10" id="c3311.10" corresp="t3311.p2">
<w form="nij2" lemma="nij2" pos="N" label="thing">nij2</w>
<w form="im-ma" lemma="im" pos="N" label="clay">im-ma</w>
<w form="im-sar-re-a" lemma="sar" pos="V" label="to write">im-sar-re-a</w>
</l>
<l n="11" id="c3311.11" corresp="t3311.p2">
<w form="iri" lemma="iri" pos="N" label="town">iri</w>
<w form="cu-bi" lemma="cu" pos="N" label="hand">cu-bi</w>
<w form="nu-gi4" lemma="gi4" pos="V" label="to return">nu-gi4</w>
<w form="al-me-a" lemma="me" pos="V" label="to be">al-me-a</w>
<w form="nu-e-zu-u3" lemma="zu" pos="V" label="to know">nu-e-zu-u3</w>
</l>
<l n="12" id="c3311.12" corresp="t3311.p2">
<w form="2" lemma="2" pos="NU" type="cardinal" label="2">2(MIN)</w>
<w form="gij4" lemma="gij4" pos="N" label="weight measure">gij4</w>
<w form="kug-babbar" lemma="kug-babbar" pos="N" label="silver">kug-babbar</w>
<w form="1" lemma="1" pos="NU" type="cardinal" label="1">1(DIC)</w>
<w form="tug2" lemma="tug2" pos="N" label="garment">tug2</w>
<w form="2" lemma="2" pos="NU" type="cardinal" label="2">2(MIN)</w>
<w form="&tug2;bar-sig9" lemma="bar-sig9" pos="N" label="sash" det="&tug2;">&tug2;bar-sig9</w>
</l>
<l n="13" id="c3311.13" corresp="t3311.p2">
<w form="lu2-gen6-na" lemma="lu2-gen6-na" pos="N" type="PN" label="Lu-gena">lu2-gen6-na</w>
<w form="cu" lemma="cu" pos="N" label="hand">cu</w>
<w form="mu-ra-da13-da13" lemma="taka4" pos="V" label="to leave behind" form-type="rr">mu-ra-da13-<damage/>da13</w>
<damageEnd/>
<w form="cu" lemma="cu" pos="N" label="hand">cu</w>
<w form="ti-ba-ab" lemma="te" pos="V" label="to approach">ti-ba-ab</w>
</l>
<l n="14" id="c3311.14" corresp="t3311.p2">
<w form="ha-la" lemma="ha-la" pos="N" label="share">ha-la</w>
<addSpan to="c3311.v1" type="primary"/>
<w form="da13-da13" lemma="taka4" pos="V" label="to leave behind" form-type="rr">da13-<damage/>da13</w>
<damageEnd/>
<anchor id="c3311.v1"/>
<addSpan to="c3311.v2" type="secondary"/>
<note id="c3311.n1" lang="eng" target="c3311.v1">1 ms. has instead:</note>
<w form="da-da" lemma="taka4" pos="V" label="to leave behind" form-type="rr">da-da</w>
<anchor id="c3311.v2"/>
<w form="ama-zu" lemma="ama" pos="N" label="mother">ama-zu</w>
<w form="cu" lemma="cu" pos="N" label="hand">cu</w>
<w form="nam-bi2-te-en-tej3" lemma="te" pos="V" label="to approach" form-type="RR">nam-bi2-te-en-tej3</w>
</l>
<altGrp><alt targType="addSpan" targets="c3311.v1 c3311.v2"/></altGrp>
<l n="15" id="c3311.15" corresp="t3311.p2">
<w form="a-ma-ru-kam" lemma="a-ma-ru" pos="N" label="flood">a-ma-ru-kam</w>
</l>
</body>
</text>
</TEI.2>
