<TEI.2 id="c.3.2.01">
<teiHeader lang="eng">
<fileDesc>
<titleStmt>
<title>Letter from S&icirc;n-illat to Iddin-Dagan about confronting the Martu -- a composite transliteration</title>
<respStmt><name>Jeremy Black</name><resp>Project Director and Editor</resp></respStmt>
<respStmt><name>G&aacute;bor Z&oacute;lyomi</name><resp>Editor</resp></respStmt>
<respStmt><name>Graham Cunningham</name><resp>Senior Editor</resp></respStmt>
<respStmt><name>Esther Fl&uuml;ckiger-Hawker</name><resp>Editor</resp></respStmt>
<respStmt><name>Eleanor Robson</name><resp>Technical Developer</resp></respStmt>
<respStmt><name>Jarle Ebeling</name><resp>Technical Developer</resp></respStmt>
</titleStmt>
<publicationStmt>
<distributor>The Electronic Text Corpus of Sumerian Literature
</distributor><address><addrLine>The Oriental Institute, University of Oxford, Pusey Lane, Oxford OX1 2LE, UK, email etcsl&commat;orinst.ox.ac.uk, http://etcsl.orinst.ox.ac.uk</addrLine></address>
<date>2001</date>
</publicationStmt>
<seriesStmt><p>The Electronic Text Corpus of Sumerian Literature aims to make accessible over 400 literary works composed in the Sumerian language in ancient Mesopotamia during the late third and early second millennia BC. The works are in Sumerian composite transliteration and English prose translation with bibliographical information on each composition.</p></seriesStmt>
<sourceDesc>
<listBibl type="secondary">
<bibl><xref from="b309">Krecher 1996b</xref><biblScope type="contents">composite text, translation</biblScope><note>electronic source</note></bibl>
<bibl><xref from="b194">Ali 1964</xref><biblScope type="page">63-66</biblScope><biblScope type="plate">pls. xxiv-xxv, xxxi, xxxviii, liii</biblScope><biblScope type="contents">commentary, handcopy, translation, score transliteration, composite text</biblScope><note>handcopies in pls.</note></bibl>
<bibl><xref from="b733">Michalowski 1980-83</xref><biblScope type="page">55 (section 4.1)</biblScope><biblScope type="contents">commentary</biblScope></bibl>
<bibl><xref from="b163">R&ouml;mer 1996</xref><biblScope type="page">527-528</biblScope><biblScope type="contents">commentary</biblScope></bibl>
<bibl><xref from="b732">Huber 1998</xref><biblScope type="page">15</biblScope><biblScope type="contents">commentary</biblScope></bibl>
<bibl><xref from="b737">Wilcke 1970a</xref><biblScope type="page">67-69</biblScope><biblScope type="contents">commentary</biblScope></bibl>
<bibl><xref from="b939">Robson 2001</xref><biblScope type="page">57-59</biblScope><biblScope type="contents">commentary</biblScope><note>archaeological context</note></bibl>
<bibl><xref from="b854">Michalowski 2001a</xref><biblScope type="contents">composite text</biblScope><note>electronic source</note></bibl>
</listBibl>
<listBibl type="tablets">
<bibl><biblScope type="museumNumber">N 3210 + N 3264 + N 3266 + N 3294 + N 3303 + N 3308 + Ni 9701 (ISET 2 114) + UM 29-16-139 (Ali, SL pls. xxiv-xxv) i 7'-18'</biblScope><biblScope type="composLines">1-11</biblScope></bibl>
<bibl><biblScope type="museumNumber">CBS 7848 (PBS 13 46, Ali, SL pl. xxxviii) + CBS 7856 (Ali, SL pl. xxxviii) + CBS 7849 (+) Ni 4574 (ISET 1 149) a</biblScope><biblScope type="composLines">1-11</biblScope></bibl>
<bibl><biblScope type="museumNumber">3N-T80 = A 30135 (Ali, SL pl. xxxi) rev. 1'-6'</biblScope><biblScope type="composLines">5-11</biblScope></bibl>
<bibl><biblScope type="museumNumber">CBS 2231 (PBS 5 65) i 1'-8'</biblScope><biblScope type="provenance">Nippur</biblScope><biblScope type="composLines">7-11</biblScope></bibl>
<bibl><biblScope type="museumNumber">UM 29-13-20 + UM 29-13-24 (Ali, SL pl. liii) ii' 1'-4'</biblScope><biblScope type="composLines">10?-11</biblScope></bibl>
<bibl><biblScope type="museumNumber">3N-T309 (Ali, SL liii) rev. last line</biblScope><biblScope type="composLines">1</biblScope></bibl>
<bibl><biblScope type="museumNumber">3N-T516 (Ali, SL pl. xxviii) a 1'</biblScope><biblScope type="composLines">11</biblScope></bibl>
<bibl><biblScope type="museumNumber">Crozer 206</biblScope></bibl>
<bibl><biblScope type="museumNumber">N 1203</biblScope></bibl>
<bibl><biblScope type="museumNumber">NBC 11452</biblScope></bibl>
</listBibl>
</sourceDesc>
</fileDesc>
<profileDesc>
<textClass>
<classCode scheme="LCB"/>
</textClass>
</profileDesc>
<revisionDesc>
<change><date>25.vi.2001-27.vi.2001</date><respStmt><name>EFH</name><resp>editor</resp></respStmt>
<item>standardisation</item></change>
<change><date>13.xi.2001</date><respStmt><name>JAB</name><resp>editor</resp></respStmt>
<item>proofreading</item></change>
<change><date>15.xi.2001</date><respStmt><name>GC</name><resp>editor</resp></respStmt>
<item>SGML tagging</item></change>
<change><date>16.xi.2001</date><respStmt><name>ER</name><resp>editor</resp></respStmt>
<item>proofreading SGML</item></change>
<change><date>16.xi.2001</date><respStmt><name>ER</name><resp>editor</resp></respStmt>
<item>web publication</item></change>
<change><date>01.vi.2003</date><respStmt><name>GC/JE</name><resp>editor/technical developer</resp></respStmt>
<item>XML/TEI conversion</item></change>
<change><date>30.iii.2005</date><respStmt><name>GC/JE</name><resp>senior editor/technical developer</resp></respStmt>
<item>lemmatised version published</item></change>
</revisionDesc>
</teiHeader>
<text lang="sux">
<body>
<l n="1" id="c3201.1" corresp="t3201.p1">
<w form="lugal-ja2" lemma="lugal" pos="N" label="king">lugal-ja2</w>
<w form="u3-na-dug4" lemma="dug4" pos="V" label="to say">u3-na-dug4</w>
</l>
<l n="2" id="c3201.2" corresp="t3201.p1">
<w form="&m;&d;suen-illat" lemma="suen-illat" pos="N" type="PN" label="S&icirc;n-illat" npart="DN:Suen" det="&m; &d;">&m;&d;suen-illat</w>
<w form="ra-bi-si2-ka3-tum-ma" lemma="ra-bi-si2-ka3-tum-ma" pos="N" label="general">ra-bi-si2-ka3-tum-ma</w>
</l>
<l n="3" id="c3201.3" corresp="t3201.p1">
<w form="arad-zu" lemma="arad" pos="N" label="slave">arad-zu</w>
<w form="na-ab-be2-a" lemma="dug4" pos="V" label="to say" form-type="ppli">na-ab-be2-a</w>
</l>
<l n="4" id="c3201.4" corresp="t3201.p2">
<w form="ka-ku-la-tum&ki;" lemma="ka-ku-la-tum" pos="N" type="SN" label="Kakkulatum" det="&ki;">ka-ku-la-tum<damage/><unclear cert="qry">&ki;</unclear><damageEnd/></w>
<w form="gaba-ri" lemma="gaba-ri" pos="N" label="equal">gaba-ri</w>
<w form="gid2-da-ju10-ne" lemma="gid2" pos="V" label="to be long">gid2-da-ju10-ne</w>
</l>
<l n="5" id="c3201.5" corresp="t3201.p2">
<w form="mar-tu" lemma="mar-tu" pos="N" type="EN" label="Martu"><unclear cert="qry">mar</unclear>-tu</w>
<w form="&jic;tukul-ta" lemma="tukul" pos="N" label="weapon" bound="L,ta" det="&jic;">&jic;<damage/><unclear cert="qry">tukul</unclear><damageEnd/>-ta</w>
<w form="cubtum6-ta" lemma="cubtum6" pos="N" label="dwelling">cubtum6-ta</w>
<w form="im-zig3" lemma="zig3" pos="V" label="to rise">im-zig3</w>
</l>
<l n="6" id="c3201.6" corresp="t3201.p2">
<w form="je26-e" lemma="je26" pos="PD" type="personal" label="I">je26-e</w>
<w form="X" lemma="X" label="X">X</w>
<supplied/>
<w form="&X;-ga-ju10-ne" lemma="&X;" label="&X;">&X;<suppliedEnd/>-ga-ju10-ne</w>
<supplied/>
<w form="&X;" lemma="&X;" label="&X;">&X;</w>
<suppliedEnd/>
<w form="X" lemma="X" label="X">X</w>
<w form="70" lemma="70" pos="NU" type="cardinal" label="70"><unclear cert="qry">70</unclear></w>
<w form="i3-dab5" lemma="dab5" pos="V" label="to seize">i3-dab5</w>
</l>
<l n="7" id="c3201.7" corresp="t3201.p2">
<w form="ka-ku-la-tum&ki;-ce3" lemma="ka-ku-la-tum" pos="N" type="SN" label="Kakkulatum" det="&ki;">ka-ku-la-tum<damage/>&ki;<damageEnd/>-ce3</w>
<w form="ba-ni-in-kur9" lemma="kur9" pos="V" label="to enter">ba-ni-in-kur9</w>
</l>
<l n="8" id="c3201.8" corresp="t3201.p3">
<w form="tukum-bi" lemma="tukum-bi" pos="C" label="if">tukum-bi</w>
<w form="lugal-ju10" lemma="lugal" pos="N" label="king">lugal-ju10</w>
<w form="ugnim-ma" lemma="ugnim" pos="N" label="troops">ugnim-ma</w>
<w form="tuc-u3-bi" lemma="tuc" pos="V" label="to sit">tuc-u3-bi</w>
<w form="ab-be2" lemma="dug4" pos="V" label="to say" form-type="ppli">ab-be2</w>
</l>
<l n="9" id="c3201.9" corresp="t3201.p3">
<w form="&kuc;a-ja2-la2" lemma="a-ja2-la2" pos="N" label="sack" det="&kuc;">&kuc;a-ja2-la2</w>
<w form="kece2-da-bi" lemma="kece2" pos="V" label="to bind">kece2-da-bi</w>
<w form="cu" lemma="cu" pos="N" label="hand">cu</w>
<w form="he2-mi-ib-da13-da13" lemma="taka4" pos="V" label="to leave behind" form-type="rr">he2-mi-ib-da13-da13</w>
</l>
<l n="10" id="c3201.10" corresp="t3201.p3">
<w form="tukum-bi" lemma="tukum-bi" pos="C" label="if">tukum-bi</w>
<w form="lugal-ju10" lemma="lugal" pos="N" label="king">lugal-ju10</w>
<w form="ugnim-ma" lemma="ugnim" pos="N" label="troops">ugnim-ma</w>
<w form="nu-tuc-u3-bi" lemma="tuc" pos="V" label="to sit">nu-tuc-u3-bi</w>
<w form="ab-be2" lemma="dug4" pos="V" label="to say" form-type="ppli">ab-be2</w>
</l>
<l n="11" id="c3201.11" corresp="t3201.p3">
<addSpan to="c3201.v1" type="primary"/>
<w form="he2-em-ma-sug2-ge-ec" lemma="gub" pos="V" label="to stand" form-type="pl">he2-em-ma-sug2-ge-ec</w>
<anchor id="c3201.v1"/>
<addSpan to="c3201.v2" type="secondary"/>
<note id="c3201.n1" lang="eng" target="c3201.v1">2 mss. have instead:</note>
<w form="he2-em-ma-sub2-be2-ec" lemma="jen" pos="V" label="to go" form-type="ipl">he2-em-ma-sub2-be2-ec</w>
<anchor id="c3201.v2"/>
<addSpan to="c3201.v3" type="primary"/>
<w form="lugal-ju10" lemma="lugal" pos="N" label="king">lugal-ju10</w>
<w form="he2-en-zu" lemma="zu" pos="V" label="to know">he2-en-zu</w>
<anchor id="c3201.v3"/>
<addSpan to="c3201.v4" type="secondary"/>
<note id="c3201.n2" lang="eng" target="c3201.v3">1 ms. has instead:</note>
<w form="a-ma-ru-kam" lemma="a-ma-ru" pos="N" label="flood">a-ma-<supplied/>ru<suppliedEnd/>-kam</w>
<anchor id="c3201.v4"/>
</l>
<altGrp><alt targType="addSpan" targets="c3201.v1 c3201.v2"/>
<alt targType="addSpan" targets="c3201.v3 c3201.v4"/></altGrp></body>
</text>
</TEI.2>
