<TEI.2 id="c.3.1.07">
<teiHeader lang="eng">
<fileDesc>
<titleStmt>
<title>Letter from Puzur-&C;ulgi to &C;ulgi about the advance of the enemy -- a composite transliteration</title>
<respStmt><name>Jeremy Black</name><resp>Project Director and Editor</resp></respStmt>
<respStmt><name>G&aacute;bor Z&oacute;lyomi</name><resp>Editor</resp></respStmt>
<respStmt><name>Graham Cunningham</name><resp>Senior Editor</resp></respStmt>
<respStmt><name>Esther Fl&uuml;ckiger-Hawker</name><resp>Editor</resp></respStmt>
<respStmt><name>Eleanor Robson</name><resp>Technical Developer</resp></respStmt>
<respStmt><name>Jarle Ebeling</name><resp>Technical Developer</resp></respStmt>
</titleStmt>
<publicationStmt>
<distributor>The Electronic Text Corpus of Sumerian Literature
</distributor><address><addrLine>The Oriental Institute, University of Oxford, Pusey Lane, Oxford OX1 2LE, UK, email etcsl&commat;orinst.ox.ac.uk, http://etcsl.orinst.ox.ac.uk</addrLine></address>
<date>2001</date>
</publicationStmt>
<seriesStmt><p>The Electronic Text Corpus of Sumerian Literature aims to make accessible over 400 literary works composed in the Sumerian language in ancient Mesopotamia during the late third and early second millennia BC. The works are in Sumerian composite transliteration and English prose translation with bibliographical information on each composition.</p></seriesStmt>
<sourceDesc>
<listBibl type="secondary">
<bibl><xref from="b729">Michalowski 1976</xref><biblScope type="page">200-213, 84-85</biblScope><biblScope type="contents">composite text, score transliteration, translation, commentary</biblScope></bibl>
<bibl><xref from="b730">Wilcke 1969b</xref><biblScope type="page">3-6</biblScope><biblScope type="contents">composite text, score transliteration, translation, commentary</biblScope><note>transliteration of sources A, B, C and D</note></bibl>
<bibl><xref from="b732">Huber 1998</xref><biblScope type="page">6, fn. 23, 9, 11, 18-20 (ll. 26-27), 33 (ll. 4, 9, 26), 37 (ll. 11, 18, 23, 29), 39 (ll. 4, 8, 26), 40 (ll. 18, 23, 25), 44 (ll. 15-22), 45 (ll. 15-22), 46, 50, 56ff., 63ff., 66-67, 70ff. (ll. 2-3), 77-78 (fn. 262), 88-89, 91-92</biblScope><biblScope type="contents">composite text, translation, commentary</biblScope></bibl>
<bibl><xref from="b745">Frayne 1992</xref><biblScope type="page">18-22</biblScope><biblScope type="contents">commentary</biblScope></bibl>
<bibl><xref from="b733">Michalowski 1980-83</xref><biblScope type="page">53 (section 3.3)</biblScope><biblScope type="contents">commentary</biblScope></bibl>
<bibl><xref from="b309">Krecher 1996b</xref><biblScope type="contents">composite text, translation</biblScope><note>electronic source</note></bibl>
</listBibl>
<listBibl type="tablets">
<bibl><biblScope type="museumNumber">HS 1438 (TMH NF 4 42)</biblScope><biblScope type="composLines">1-14, 30-34</biblScope><note>collations in C. Wilcke, Kollationen zu den sumerischen Texten aus Nippur in der Hilprecht-Sammlung Jena, ASAW 65/4, Berlin (1976) 73</note></bibl>
<bibl><biblScope type="museumNumber">AO 10819 (PRAK II D 60)</biblScope><biblScope type="composLines">1-34</biblScope></bibl>
<bibl><biblScope type="museumNumber">Ni 9706 (ISET 2 111-112 = Orientalia 22 pls. 38-39 = UMB 17/2 fg. 4) rev. iv' 1'-23'</biblScope><biblScope type="composLines">10(?)-28(?)</biblScope></bibl>
<bibl><biblScope type="museumNumber">Ni 3083 (ISET 2 115 = Orientalia 22 pl. 40) iv 1'-9'</biblScope><biblScope type="composLines">25(?)-34</biblScope></bibl>
<bibl><biblScope type="museumNumber">YBC 4654</biblScope><note>W.W. Hallo, JCS 34 (1982) 91, fn. 48. Civil, Catalogue sub 3.17 and Michalowski, RCU (1976) 200 have YBC 4645.</note></bibl>
<bibl><biblScope type="museumNumber">YBC 4606</biblScope></bibl>
<bibl><biblScope type="museumNumber">N 3773</biblScope></bibl>
<bibl><biblScope type="museumNumber">A w/n</biblScope></bibl>
<bibl><biblScope type="museumNumber">Ni 9854 (ISET 1 189) iii</biblScope><biblScope type="composLines">?, 21, 24-25, ?, ?</biblScope></bibl>
<bibl><biblScope type="museumNumber">BM 54894 obv. 1'-11'</biblScope><biblScope type="composLines">4-16(?)</biblScope><note>cf. E. Leichty, Catalogue of the Babylonian Tablets in the British Museum Vol. VI: Tablets from Sippar (1986) 159; collated by EFH</note></bibl>
</listBibl>
</sourceDesc>
</fileDesc>
<revisionDesc>
<change><date>09.iv.2001-17.iv.2001</date><respStmt><name>EFH</name><resp>editor</resp></respStmt>
<item>standardisation</item></change>
<change><date>13.vi.2001</date><respStmt><name>EFH</name><resp>editor</resp></respStmt>
<item>collation</item></change>
<change><date>16.x.2001</date><respStmt><name>JAB</name><resp>editor</resp></respStmt>
<item>proofreading</item></change>
<change><date>18.x.2001</date><respStmt><name>GC</name><resp>editor</resp></respStmt>
<item>SGML tagging</item></change>
<change><date>26.x.2001</date><respStmt><name>ER</name><resp>editor</resp></respStmt>
<item>proofreading SGML</item></change>
<change><date>26.x.2001</date><respStmt><name>ER</name><resp>editor</resp></respStmt>
<item>web publication</item></change>
<change><date>01.vi.2003</date><respStmt><name>GC/JE</name><resp>editor/technical developer</resp></respStmt>
<item>XML/TEI conversion</item></change>
<change><date>30.iii.2005</date><respStmt><name>GC/JE</name><resp>senior editor/technical developer</resp></respStmt>
<item>lemmatised version published</item></change>
</revisionDesc>
</teiHeader>
<text lang="sux">
<body>
<l n="1" id="c3107.1" corresp="t3107.p1">
<w form="lugal-ju10-ra" lemma="lugal" pos="N" label="king">lugal-ju10-ra</w>
<w form="u3-na-a-dug4" lemma="dug4" pos="V" label="to say">u3-na-a-dug4</w>
</l>
<l n="2" id="c3107.2" corresp="t3107.p1">
<addSpan to="c3107.v1" type="primary"/>
<w form="puzur4-&d;cul-gi" lemma="puzur4-cul-gi" pos="N" type="PN" label="Puzur-&C;ulgi" npart="RN:&C;ulgi" det="&d;">puzur4-&d;cul-gi</w>
<anchor id="c3107.v1"/>
<addSpan to="c3107.v2" type="secondary"/>
<note id="c3107.n1" lang="eng" target="c3107.v1">1 ms. has instead:</note>
<w form="puzur4-&d;marduk" lemma="puzur4-marduk" pos="N" type="PN" label="Puzur-Marduk" npart="DN:Marduk" det="&d;">puzur4-&d;marduk</w>
<anchor id="c3107.v2"/>
<addSpan to="c3107.v3" type="secondary"/>
<note id="c3107.n2" lang="eng" target="c3107.v1">1 other ms. has instead:</note>
<w form="puzur4-&d;nu-muc-da" lemma="puzur4-nu-muc-da" pos="N" type="PN" label="Puzur-Numu&c;da" npart="DN:Numu&c;da" det="&d;">puzur4-&d;nu-<damage/>muc<damageEnd/>-<supplied/>da<suppliedEnd/></w>
<anchor id="c3107.v3"/>
<w form="cagina" lemma="cagina" pos="N" label="general">cagina</w>
<w form="bad3" lemma="bad3" pos="N" label="wall">bad3</w>
<w form="igi-hur-saj-ja2" lemma="igi-hur-saj-ja2" pos="N" type="GN" label="Igi-&h;ursa&g;a">igi-hur-saj-ja2</w>
</l>
<altGrp><alt targType="addSpan" targets="c3107.v1 c3107.v2 c3107.v3"/></altGrp>
<l n="3" id="c3107.3" corresp="t3107.p1">
<w form="arad-zu" lemma="arad" pos="N" label="slave">arad-zu</w>
<w form="na-ab-be2-a" lemma="dug4" pos="V" label="to say" form-type="ppli">na-ab-be2-a</w>
</l>
<l n="4" id="c3107.4" corresp="t3107.p2">
<w form="lugal-ju10" lemma="lugal" pos="N" label="king">lugal-ju10</w>
<addSpan to="c3107.v4" type="primary"/>
<w form="kug-sig17" lemma="kug-sig17" pos="N" label="gold">kug-sig17</w>
<w form="kug-babbar" lemma="kug-babbar" pos="N" label="silver">kug-babbar</w>
<anchor id="c3107.v4"/>
<addSpan to="c3107.v5" type="secondary"/>
<note id="c3107.n3" lang="eng" target="c3107.v4">1 ms. has instead:</note>
<w form="kug-sig17" lemma="kug-sig17" pos="N" label="gold">kug-sig17</w>
<w form="&na4;za-gin3" lemma="za-gin3" pos="N" label="lapis lazuli" det="&na4;">&na4;za-gin3</w>
<anchor id="c3107.v5"/>
<addSpan to="c3107.v6" type="secondary"/>
<note id="c3107.n4" lang="eng" target="c3107.v4">1 other ms. has instead:</note>
<w form="kug-babbar" lemma="kug-babbar" pos="N" label="silver">kug-babbar</w>
<w form="kug-sig17" lemma="kug-sig17" pos="N" label="gold">kug-<damage/>sig17</w>
<damageEnd/>
<anchor id="c3107.v6"/>
<addSpan to="c3107.v7" type="primary"/>
<w form="dijir-re-e-ne" lemma="dijir" pos="N" label="deity">dijir-re-e-ne</w>
<anchor id="c3107.v7"/>
<addSpan to="c3107.v8" type="secondary"/>
<note id="c3107.n5" lang="eng" target="c3107.v7">1 ms. has instead:</note>
<w form="dijir" lemma="dijir" pos="N" label="deity">dijir</w>
<w form="gal-gal" lemma="gal" pos="V" label="to be big" form-type="RR">gal-gal</w>
<anchor id="c3107.v8"/>
<w form="in-ne-dim2-dim2-ma" lemma="dim2" pos="V" label="to create" form-type="RR">in-ne-dim2-dim2-ma</w>
</l>
<altGrp><alt targType="addSpan" targets="c3107.v4 c3107.v5 c3107.v6"/>
<alt targType="addSpan" targets="c3107.v7 c3107.v8"/></altGrp>
<l n="5" id="c3107.5" corresp="t3107.p2">
<w form="zi-ni-ce3-am3" lemma="zi" pos="N" label="life (breath)">zi-ni-ce3-am3</w>
<w form="in-nu-u3" lemma="me" pos="V" label="to be">in-nu-u3</w>
</l>
<l n="6" id="c3107.6" corresp="t3107.p2">
<w form="lugal-ju10" lemma="lugal" pos="N" label="king">lugal-ju10</w>
<addSpan to="c3107.v9" type="primary"/>
<w form="zi" lemma="zi" pos="N" label="life (breath)">zi</w>
<anchor id="c3107.v9"/>
<addSpan to="c3107.v10" type="secondary"/>
<note id="c3107.n6" lang="eng" target="c3107.v9">1 ms. has instead:</note>
<w form="silim-ma" lemma="silim" pos="V" label="to be healthy">silim-ma</w>
<anchor id="c3107.v10"/>
<w form="ugnim" lemma="ugnim" pos="N" label="troops">ugnim</w>
<w form="u3" lemma="u3" pos="C" label="and">u3</w>
<w form="kalam-ma-ni-ce3" lemma="kalam" pos="N" label="the Land">kalam-ma-ni-ce3</w>
</l>
<altGrp><alt targType="addSpan" targets="c3107.v9 c3107.v10"/></altGrp>
<l n="7" id="c3107.7" corresp="t3107.p2">
<w form="bad3" lemma="bad3" pos="N" label="wall">bad3</w>
<w form="gal" lemma="gal" pos="V" label="to be big">gal</w>
<w form="igi-hur-saj-ja2" lemma="igi-hur-saj-ja2" pos="N" type="GN" label="Igi-&h;ursa&g;a">igi-hur-saj-ja2</w>
<w form="mu" lemma="mu" pos="N" label="name">mu</w>
<w form="lu2-kur2" lemma="lu2-kur2-ra" pos="N" label="stranger">lu2-kur2</w>
<w form="hul-jal2-ce3" lemma="hul-jal2" pos="AJ" label="evil">hul-jal2-ce3</w>
</l>
<l n="8" id="c3107.8" corresp="t3107.p2">
<w form="uj3" lemma="uj3" pos="N" label="people">uj3</w>
<w form="kalam-ma-ni-ce3" lemma="kalam" pos="N" label="the Land">kalam-ma-ni-ce3</w>
<w form="mu-un-du3" lemma="du3" pos="V" label="to erect">mu-un-du3</w>
</l>
<l n="9" id="c3107.9" corresp="t3107.p3">
<w form="i3-ne-ec" lemma="i3-ne-ec2" pos="AV" label="now">i3-ne-ec</w>
<w form="ugnim" lemma="ugnim" pos="N" label="troops">ugnim</w>
<w form="lu2-kur2-ra" lemma="lu2-kur2-ra" pos="N" label="stranger">lu2-kur2-ra</w>
<w form="im-ma-an-zig3" lemma="zig3" pos="V" label="to rise">im-ma-an-zig3</w>
</l>
<l n="10" id="c3107.10" corresp="t3107.p3">
<addSpan to="c3107.v11" type="primary"/>
<w form="1-am3" lemma="1" pos="NU" type="cardinal" label="1">1-am3</w>
<anchor id="c3107.v11"/>
<addSpan to="c3107.v12" type="secondary"/>
<note id="c3107.n7" lang="eng" target="c3107.v11">1 ms. has instead:</note>
<supplied/>
<w form="X-ni-am3" lemma="X" label="X">X<suppliedEnd/>-<damage/>ni<damageEnd/>-am3</w>
<anchor id="c3107.v12"/>
<w form="lu2" lemma="lu2" pos="N" label="person">lu2</w>
<w form="igi-ja2" lemma="igi" pos="N" label="eye">igi-ja2</w>
<w form="sah6-bi" lemma="sah6" pos="V" label="to withdraw">sah6-bi</w>
<w form="i-im-tum2-ma" lemma="de6" pos="V" label="to carry" form-type="isg">i-im-tum2-ma</w>
<w form="dab5-dab5-be2" lemma="dab5" pos="V" label="to seize" form-type="RR">dab5-dab5-be2</w>
</l>
<altGrp><alt targType="addSpan" targets="c3107.v11 c3107.v12"/></altGrp>
<l n="11" id="c3107.11" corresp="t3107.p3">
<w form="inim" lemma="inim" pos="N" label="word">inim</w>
<w form="ma-an-dug4-ma" lemma="dug4" pos="V" label="to say">ma-an-dug4-ma</w>
<addSpan to="c3107.v13" type="primary"/>
<w form="igi-ce3" lemma="igi" pos="N" label="eye">igi-<unclear cert="cor">ce3</unclear></w>
<w form="ib-DU" lemma="DU" pos="V" label="DU">ib-DU</w>
<anchor id="c3107.v13"/>
<addSpan to="c3107.v14" type="secondary"/>
<note id="c3107.n8" lang="eng" target="c3107.v13">1 ms. has instead:</note>
<supplied/>
<w form="&X;-jen-na-ab" lemma="jen" pos="V" label="to go">&X;<suppliedEnd/>-jen-na-ab</w>
<w form="ba-jen" lemma="jen" pos="V" label="to go">ba-jen</w>
<anchor id="c3107.v14"/>
</l>
<altGrp><alt targType="addSpan" targets="c3107.v13 c3107.v14"/></altGrp>
<l n="12" id="c3107.12" corresp="t3107.p4">
<w form="jickim" lemma="jickim" pos="N" label="sign">jickim</w>
<w form="lu2-kur2-ra" lemma="lu2-kur2-ra" pos="N" label="stranger">lu2-kur2-ra</w>
<w form="je26-e" lemma="je26" pos="PD" type="personal" label="I">je26-e</w>
<w form="i3-zu" lemma="zu" pos="V" label="to know">i3-zu</w>
</l>
<l n="13" id="c3107.13" corresp="t3107.p4">
<w form="lu2-kur2" lemma="lu2-kur2-ra" pos="N" label="stranger">lu2-kur2</w>
<w form="me3-ce3" lemma="me3" pos="N" label="battle"><unclear cert="cor">me3</unclear>-ce3</w>
<w form="usu-ni" lemma="usu" pos="N" label="strength">usu-ni</w>
<w form="im-ma-til" lemma="til" pos="V" label="to complete">im-ma-til</w>
<w form="usu-ju10" lemma="usu" pos="N" label="strength">usu-ju10</w>
<w form="i3-tur" lemma="tur" pos="V" label="to be small">i3-tur</w>
</l>
<l n="14" id="c3107.14" corresp="t3107.p4">
<w form="bad3" lemma="bad3" pos="N" label="wall">bad3</w>
<w form="nu-mu-un-da-kal-la-ge" lemma="kalag" pos="V" label="to be strong">nu-mu-un-da-kal-la-ge</w>
<addSpan to="c3107.v15" type="primary"/>
<w form="en-nu" lemma="en-nu-uj3" pos="N" label="guard">en-nu</w>
<w form="nu-mu-da-ak-e" lemma="ak" pos="V" label="to do">nu-mu-da-ak-e</w>
<anchor id="c3107.v15"/>
<addSpan to="c3107.v16" type="secondary"/>
<note id="c3107.n9" lang="eng" target="c3107.v15">1 ms. has instead:</note>
<damage/>
<w form="iri" lemma="iri" pos="N" label="town"><unclear cert="qry">iri</unclear></w>
<damageEnd/>
<w form="en-nu" lemma="en-nu-uj3" pos="N" label="guard">en-<corr resp="scrOm"/>nu</w>
<corrEnd/>
<w form="nu-un-da-ja2-ja2" lemma="jar" pos="V" label="to place" form-type="rr">nu-un-da-ja2-ja2</w>
<anchor id="c3107.v16"/>
</l>
<altGrp><alt targType="addSpan" targets="c3107.v15 c3107.v16"/></altGrp>
<l n="15" id="c3107.15" corresp="t3107.p5">
<w form="nam" lemma="nam" pos="N" label="destiny">nam</w>
<addSpan to="c3107.v17" type="primary"/>
<w form="&m;cu-&d;nu-muc-da" lemma="cu-nu-muc-da" pos="N" type="PN" label="&C;u-Numu&c;da" npart="DN:Numu&c;da" det="&m; &d;">&m;cu-&d;nu-muc-da</w>
<anchor id="c3107.v17"/>
<addSpan to="c3107.v18" type="secondary"/>
<note id="c3107.n10" lang="eng" target="c3107.v17">1 ms. has instead:</note>
<w form="&m;cu-&d;marduk" lemma="cu-marduk" pos="N" type="PN" label="&C;u-Marduk" npart="DN:Marduk" det="&m; &d;">&m;cu-&d;marduk</w>
<anchor id="c3107.v18"/>
<addSpan to="c3107.v19" type="secondary"/>
<note id="c3107.n11" lang="eng" target="c3107.v17">1 other ms. has instead:</note>
<w form="puzur4-&d;nu-muc-da" lemma="puzur4-nu-muc-da" pos="N" type="PN" label="Puzur-Numu&c;da" npart="DN:Numu&c;da" det="&d;">puzur4-&d;nu-muc-da</w>
<anchor id="c3107.v19"/>
<w form="ensi2" lemma="ensi2" pos="N" label="(city) ruler">ensi2</w>
<w form="JIR2-lum-tur-ra&ki;" lemma="JIR2-lum-tur-ra" pos="N" type="SN" label="&G;IR-lumtura" det="&ki;">JIR2-lum-tur-ra&ki;</w>
</l>
<altGrp><alt targType="addSpan" targets="c3107.v17 c3107.v18 c3107.v19"/></altGrp>
<l n="16" id="c3107.16" corresp="t3107.p5">
<w form="5" lemma="5" pos="NU" type="cardinal" label="5">5</w>
<w form="nindan" lemma="nindan" pos="N" label="length measure">nindan</w>
<w form="he2-ni-dar-dar" lemma="dar" pos="V" label="to split" form-type="RR">he2-ni-dar-dar</w>
</l>
<l n="17" id="c3107.17" corresp="t3107.p5">
<w form="nam" lemma="nam" pos="N" label="destiny">nam</w>
<w form="&m;lugal-me-lem4" lemma="lugal-me-lem4" pos="N" type="PN" label="Lugal-melem" det="&m;">&m;lugal-me-lem4</w>
<w form="cabra" lemma="cabra" pos="N" label="type of administrator">cabra</w>
<addSpan to="c3107.v20" type="primary"/>
<w form="&id2;ceg5-ceg5" lemma="ceg5-ceg5" pos="N" type="WN" label="&C;eg&c;eg" det="&id2;">&id2;ceg5-<unclear cert="qry">ceg5</unclear></w>
<anchor id="c3107.v20"/>
<addSpan to="c3107.v21" type="secondary"/>
<note id="c3107.n12" lang="eng" target="c3107.v20">1 ms. has instead:</note>
<w form="NI.CIM.X&ki;" lemma="NI.CIM.X" pos="N" type="SN" label="NI.&C;IM.X" det="&ki;">NI.CIM.X&ki;</w>
<anchor id="c3107.v21"/>
</l>
<altGrp><alt targType="addSpan" targets="c3107.v20 c3107.v21"/></altGrp>
<l n="18" id="c3107.18" corresp="t3107.p5">
<addSpan to="c3107.v22" type="primary"/>
<w form="40" lemma="40" pos="NU" type="cardinal" label="40">40</w>
<anchor id="c3107.v22"/>
<addSpan to="c3107.v23" type="secondary"/>
<note id="c3107.n13" lang="eng" target="c3107.v22">1 ms. has instead:</note>
<w form="25" lemma="25" pos="NU" type="cardinal" label="25">25</w>
<anchor id="c3107.v23"/>
<addSpan to="c3107.v24" type="secondary"/>
<note id="c3107.n14" lang="eng" target="c3107.v22">1 other ms. has instead:</note>
<w form="30" lemma="30" pos="NU" type="cardinal" label="30">30</w>
<anchor id="c3107.v24"/>
<addSpan to="c3107.v25" type="secondary"/>
<note id="c3107.n15" lang="eng" target="c3107.v22">1 further ms. has instead:</note>
<damage/>
<w form="45" lemma="45" pos="NU" type="cardinal" label="45">45</w>
<damageEnd/>
<anchor id="c3107.v25"/>
<w form="nindan" lemma="nindan" pos="N" label="length measure">nindan</w>
<w form="GAM" lemma="GAM" label="GAM">GAM</w>
<w form="ugu-ba" lemma="ugu" pos="N" label="skull">ugu-ba</w>
<w form="nu-ub-jar" lemma="jar" pos="V" label="to place">nu-ub-jar</w>
</l>
<altGrp><alt targType="addSpan" targets="c3107.v22 c3107.v23 c3107.v24 c3107.v25"/></altGrp>
<l n="19" id="c3107.19" corresp="t3107.p5">
<w form="nam" lemma="nam" pos="N" label="destiny">nam</w>
<w form="&m;KA-kug-ga-ni" lemma="KA-kug-ga-ni" pos="N" type="PN" label="KA-kugani" det="&m;">&m;KA-kug-ga-ni</w>
<w form="ensi2" lemma="ensi2" pos="N" label="(city) ruler">ensi2</w>
<w form="ma-da" lemma="ma-da" pos="N" label="land">ma-da</w>
<w form="MURUB4&ki;" lemma="MURUB4" pos="N" type="GN" label="MURUB" det="&ki;">MURUB4&ki;</w>
</l>
<l n="20" id="c3107.20" corresp="t3107.p5">
<w form="45" lemma="45" pos="NU" type="cardinal" label="45">45</w>
<w form="nindan" lemma="nindan" pos="N" label="length measure">nindan</w>
<w form="gaba" lemma="gaba" pos="N" label="chest">gaba</w>
<w form="dab5-ba-bi" lemma="dab5" pos="V" label="to seize">dab5-ba-bi</w>
<w form="ba-gul-gul" lemma="gul" pos="V" label="to destroy" form-type="RR">ba-gul-gul</w>
</l>
<l n="21" id="c3107.21" corresp="t3107.p5">
<w form="nam" lemma="nam" pos="N" label="destiny">nam</w>
<w form="&m;ta-ki-il-i3-li2-cu" lemma="ta-ki-il-i3-li2-cu" pos="N" type="PN" label="Takil-ili&c;u" det="&m;">&m;ta-ki-il-i3-li2-cu</w>
<addSpan to="c3107.v26" type="primary"/>
<w form="gu2-gal" lemma="ku3-jal2" pos="N" label="canal inspector"><unclear cert="cor">gu2</unclear>-gal</w>
<anchor id="c3107.v26"/>
<addSpan to="c3107.v27" type="secondary"/>
<note id="c3107.n16" lang="eng" target="c3107.v26">1 ms. has instead:</note>
<w form="ensi2" lemma="ensi2" pos="N" label="(city) ruler">ensi2</w>
<anchor id="c3107.v27"/>
<w form="&id2;ab2-gal" lemma="ab2-gal" pos="N" type="WN" label="Ab-gal" det="&id2;">&id2;ab2-gal</w>
<w form="u3" lemma="u3" pos="C" label="and">u3</w>
<w form="&id2;me-&d;en-lil2-la2" lemma="me-en-lil2-la2" pos="N" type="WN" label="Me-Enlila" npart="DN:Enlil" det="&id2; &d;">&id2;me-&d;en-lil2-la2</w>
</l>
<altGrp><alt targType="addSpan" targets="c3107.v26 c3107.v27"/></altGrp>
<l n="22" id="c3107.22" corresp="t3107.p5">
<w form="50" lemma="50" pos="NU" type="cardinal" label="50">50</w>
<w form="nindan" lemma="nindan" pos="N" label="length measure">nindan</w>
<w form="saj" lemma="saj" pos="N" label="head">saj</w>
<w form="ba-sud4" lemma="sud" pos="V" label="to be distant">ba-sud4</w>
<w form="murub4-ba" lemma="murub4" pos="N" label="middle">murub4-ba</w>
<w form="im-da-an-ri" lemma="ri" pos="V" label="to direct">im-da-an-ri</w>
</l>
<l n="23" id="c3107.23" corresp="t3107.p6">
<w form="ud" lemma="ud" pos="N" label="day(light)">ud</w>
<w form="lu2-kur2" lemma="lu2-kur2-ra" pos="N" label="stranger">lu2-kur2</w>
<w form="im-durunx-na-a" lemma="tuc" pos="V" label="to sit" form-type="pl">im-durunx(KU.KU)-na-a</w>
<w form="ugu-bi-ce3" lemma="ugu" pos="N" label="skull">ugu-bi-ce3</w>
<addSpan to="c3107.v28" type="primary"/>
<w form="nu-ub-jar" lemma="jar" pos="V" label="to place">nu-ub-jar</w>
<anchor id="c3107.v28"/>
<addSpan to="c3107.v29" type="secondary"/>
<note id="c3107.n17" lang="eng" target="c3107.v28">1 ms. has instead:</note>
<w form="nu-ub-dug4" lemma="dug4" pos="V" label="to say">nu-ub-dug4</w>
<anchor id="c3107.v29"/>
<addSpan to="c3107.v30" type="secondary"/>
<note id="c3107.n18" lang="eng" target="c3107.v28">1 other ms. has instead:</note>
<w form="u3-nu-ub-zu" lemma="zu" pos="V" label="to know">u3-nu-ub-zu</w>
<anchor id="c3107.v30"/>
</l>
<altGrp><alt targType="addSpan" targets="c3107.v28 c3107.v29 c3107.v30"/></altGrp>
<l n="24" id="c3107.24" corresp="t3107.p6">
<addSpan to="c3107.v31" type="primary"/>
<w form="lu2-kur2" lemma="lu2-kur2-ra" pos="N" label="stranger">lu2-kur2</w>
<w form="i3-durun-na-a" lemma="tuc" pos="V" label="to sit" form-type="pl">i3-durun-na-a</w>
<w form="usu-ju10" lemma="usu" pos="N" label="strength">usu-ju10</w>
<w form="im-til" lemma="til" pos="V" label="to complete">im-til</w>
<anchor id="c3107.v31"/>
<addSpan to="c3107.v32" type="secondary"/>
<note id="c3107.n19" lang="eng" target="c3107.v31">1 ms. has instead:</note>
<w form="lu2-kur2" lemma="lu2-kur2-ra" pos="N" label="stranger">lu2-kur2</w>
<w form="me3-ce3" lemma="me3" pos="N" label="battle">me3-ce3</w>
<w form="a2-a-ni" lemma="a2" pos="N" label="arm">a2-a-ni</w>
<w form="im-til" lemma="til" pos="V" label="to complete">im-til</w>
<anchor id="c3107.v32"/>
</l>
<altGrp><alt targType="addSpan" targets="c3107.v31 c3107.v32"/></altGrp>
<addSpan to="c3107.v33" type="additional"/>
<note id="c3107.n20" lang="eng" target="c3107.v33">1 ms. adds 1 line:</note>
<l n="24A" id="c3107.24A" corresp="t3107.p6">
<supplied/>
<w form="&X;-kal-la-ge" lemma="kalag" pos="V" label="to be strong">&X;<suppliedEnd/>-<damage/>kal<damageEnd/>-la-ge</w>
<supplied/>
<w form="&X;-da-ak-e" lemma="ak" pos="V" label="to do">&X;<suppliedEnd/>-da-ak-e</w>
</l>
<anchor id="c3107.v33"/>
<l n="25" id="c3107.25" corresp="t3107.p7">
<w form="ugnim-bi" lemma="ugnim" pos="N" label="troops">ugnim-bi</w>
<w form="cag4" lemma="cag4" pos="N" label="heart">cag4</w>
<w form="hur-saj-ja2-ka" lemma="hur-saj" pos="N" label="mountain (range)">hur-saj-ja2-ka</w>
<w form="i3-tuc" lemma="tuc" pos="V" label="to sit">i3-tuc</w>
</l>
<l n="26" id="c3107.26" corresp="t3107.p7">
<w form="tukum-bi" lemma="tukum-bi" pos="C" label="if">tukum-bi</w>
<w form="lugal-ja2" lemma="lugal" pos="N" label="king">lugal-ja2</w>
<w form="an-na-kam" lemma="an-na" pos="N" label="approval">an-na-kam</w>
</l>
<l n="27" id="c3107.27" corresp="t3107.p7">
<w form="7200" lemma="7200" pos="NU" type="cardinal" label="7200">7200</w>
<w form="erin2" lemma="erin2" pos="N" label="group of people">erin2</w>
<w form="lu2" lemma="lu2" pos="N" label="person">lu2</w>
<w form="kij2" lemma="kij2" pos="N" label="work">kij2</w>
<w form="ak-ne" lemma="ak" pos="V" label="to do">ak-ne</w>
<w form="&jic;dusu-a" lemma="dusu" pos="N" label="earth-carrying basket" bound="L,ak" det="&jic;">&jic;dusu-a</w>
<w form="ma-ab-il2-e" lemma="il2" pos="V" label="to raise">ma-ab-il2-e</w>
<addSpan to="c3107.v34" type="primary"/>
<w form="ul4-la-bi" lemma="ul4" pos="V" label="to hasten">ul4-la-bi</w>
<w form="hu-mu-ci-in-gi4-gi4" lemma="gi4" pos="V" label="to return" form-type="RR">hu-mu-ci-<supplied/>in<suppliedEnd/>-gi4-gi4</w>
<anchor id="c3107.v34"/>
<addSpan to="c3107.v35" type="secondary"/>
<note id="c3107.n21" lang="eng" target="c3107.v34">1 ms. has instead:</note>
<w form="KIJ2-KIJ2-bi" lemma="KIJ2" label="KI&G;&s2;" form-type="RR">KIJ2-KIJ2-bi</w>
<w form="X" lemma="X" label="X">X</w>
<supplied/>
<w form="&X;" lemma="&X;" label="&X;">&X;</w>
<suppliedEnd/>
<damage/>
<w form="he2-em-sug2-ge-ec" lemma="gub" pos="V" label="to stand" form-type="pl">he2<damageEnd/>-em-sug2-ge-ec</w>
<anchor id="c3107.v35"/>
</l>
<altGrp><alt targType="addSpan" targets="c3107.v34 c3107.v35"/></altGrp>
<l n="28" id="c3107.28" corresp="t3107.p7">
<w form="70" lemma="70" pos="NU" type="cardinal" label="70">70</w>
<w form="aga-us2" lemma="aga-us2" pos="N" label="type of soldier">aga-us2</w>
<addSpan to="c3107.v36" type="primary"/>
<w form="cimacki" lemma="cimacki" pos="N" type="GN" label="&C;ima&c;ki">cimacki</w>
<w form="RI" lemma="RI" label="RI">RI</w>
<w form="ib2-SU-a" lemma="SU" pos="V" label="SU">ib2-<damage/><unclear cert="qry">SU</unclear><damageEnd/>-a</w>
<anchor id="c3107.v36"/>
<addSpan to="c3107.v37" type="secondary"/>
<note id="c3107.n22" lang="eng" target="c3107.v36">1 ms. has instead:</note>
<w form="LU2.DA" lemma="LU2.DA" pos="N" type="GN" label="LU.DA">LU2.<unclear cert="cor">DA</unclear></w>
<w form="JIC" lemma="JIC" label="&G;I&C;"><unclear cert="cor">JIC</unclear></w>
<w form="nu-um-KU-a" lemma="KU" pos="V" label="KU">nu-um-KU-a</w>
<anchor id="c3107.v37"/>
<addSpan to="c3107.v38" type="secondary"/>
<note id="c3107.n23" lang="eng" target="c3107.v36">1 other ms. has instead:</note>
<damage/>
<w form="LU2.&X;" lemma="LU2.&X;" pos="N" type="GN" label="LU.&X;">LU2<damageEnd/>.<supplied/>&X;</w>
<suppliedEnd/>
<w form="X" lemma="X" label="X">X</w>
<w form="ib-til" lemma="til" pos="V" label="to complete"><unclear cert="qry">ib</unclear>-til</w>
<damage/>
<w form="ib2-&X;" lemma="&X;" label="&X;">ib2<damageEnd/>-<supplied/>&X;</w>
<suppliedEnd/>
<anchor id="c3107.v38"/>
</l>
<altGrp><alt targType="addSpan" targets="c3107.v36 c3107.v37 c3107.v38"/></altGrp>
<l n="29" id="c3107.29" corresp="t3107.p7">
<addSpan to="c3107.v39" type="primary"/>
<supplied/>
<w form="ul4-la-bi" lemma="ul4" pos="V" label="to hasten">ul4<suppliedEnd/>-la-bi</w>
<w form="hu-mu-ci-in-gi4-gi4" lemma="gi4" pos="V" label="to return" form-type="RR">hu-mu-ci-in-gi4-gi4</w>
<anchor id="c3107.v39"/>
<addSpan to="c3107.v40" type="secondary"/>
<note id="c3107.n24" lang="eng" target="c3107.v39">1 ms. has instead:</note>
<w form="ugu-ju10-ce3" lemma="ugu" pos="N" label="skull">ugu-ju10-ce3</w>
<w form="he2-em-sub2-be2-ec" lemma="jen" pos="V" label="to go" form-type="ipl">he2-em-sub2-be2-ec</w>
<anchor id="c3107.v40"/>
</l>
<altGrp><alt targType="addSpan" targets="c3107.v39 c3107.v40"/></altGrp>
<l n="30" id="c3107.30" corresp="t3107.p8">
<addSpan to="c3107.v41" type="primary"/>
<w form="dim2-ma-bi" lemma="dim2-ma" pos="N" label="reasoning">dim2-ma-bi</w>
<w form="in-dab5" lemma="dab5" pos="V" label="to seize">in-dab5</w>
<w form="ki-tuc-bi" lemma="ki-tuc" pos="N" label="dwelling place">ki-tuc-bi</w>
<w form="ga-ba-ni-kur2" lemma="kur2" pos="V" label="to be different">ga-ba-ni-kur2</w>
<anchor id="c3107.v41"/>
<addSpan to="c3107.v42" type="secondary"/>
<note id="c3107.n25" lang="eng" target="c3107.v41">1 ms. has instead:</note>
<w form="dim2-ma-ni" lemma="dim2-ma" pos="N" label="reasoning">dim2-ma-ni</w>
<w form="in-dab5" lemma="dab5" pos="V" label="to seize">in-dab5</w>
<w form="ki-tuc-bi" lemma="ki-tuc" pos="N" label="dwelling place">ki-tuc-bi</w>
<w form="in-kur2" lemma="kur2" pos="V" label="to be different">in-kur2</w>
<anchor id="c3107.v42"/>
<addSpan to="c3107.v43" type="secondary"/>
<note id="c3107.n26" lang="eng" target="c3107.v41">1 other ms. has instead:</note>
<w form="dim2-ma-ju10" lemma="dim2-ma" pos="N" label="reasoning">dim2-ma-ju10</w>
<w form="ib2-dab5" lemma="dab5" pos="V" label="to seize">ib2-<unclear cert="cor">dab5</unclear></w>
<w form="ki-tuc-bi" lemma="ki-tuc" pos="N" label="dwelling place">ki-<unclear cert="cor">tuc</unclear>-bi</w>
<w form="ga-ba-ni-kur2" lemma="kur2" pos="V" label="to be different">ga-ba-ni-kur2</w>
<anchor id="c3107.v43"/>
</l>
<altGrp><alt targType="addSpan" targets="c3107.v41 c3107.v42 c3107.v43"/></altGrp>
<l n="31" id="c3107.31" corresp="t3107.p8">
<w form="he2-zu" lemma="zu" pos="V" label="to know">he2-zu</w>
<w form="ji6-ta" lemma="ji6" pos="N" label="night">ji6-ta</w>
<w form="ud" lemma="ud" pos="N" label="day(light)">ud</w>
<w form="ul-le2-a-ac" lemma="ul-le2-a" pos="N" label="distant time">ul-le2-a-ac</w>
<w form="nam-tag-ni" lemma="nam-tag" pos="N" label="sin">nam-tag-ni</w>
<w form="dugud" lemma="dugud" pos="V" label="to be heavy">dugud</w>
</l>
<l n="32" id="c3107.32" corresp="t3107.p9">
<w form="arad" lemma="arad" pos="N" label="slave">arad</w>
<w form="&d;cul-gi" lemma="cul-gi" pos="N" type="RN" label="&C;ulgi" det="&d;">&d;cul-gi</w>
<w form="lugal-ja2" lemma="lugal" pos="N" label="king">lugal-ja2</w>
<w form="gen6-na-me-en" lemma="gen6" pos="V" label="to be firm">gen6-na-me-en</w>
</l>
<addSpan to="c3107.v44" type="additional"/>
<note id="c3107.n27" lang="eng" target="c3107.v44">1 ms. adds 1 line:</note>
<l n="32A" id="c3107.32A" corresp="t3107.p9">
<supplied/>
<w form="&X;-a" lemma="&X;" label="&X;">&X;<suppliedEnd/>-a</w>
<w form="KA-ju10" lemma="KA" label="KA">KA-ju10</w>
<w form="nij2" lemma="nij2" pos="N" label="thing">nij2</w>
<w form="gu2" lemma="gu2" pos="N" label="neck">gu2</w>
<w form="cub-bu-bi" lemma="cub" pos="V" label="to fall">cub-bu-bi</w>
<w form="in-nu-u3" lemma="me" pos="V" label="to be">in-nu-u3</w>
</l>
<anchor id="c3107.v44"/>
<l n="33" id="c3107.33" corresp="t3107.p9">
<w form="nam-ba-da-ug5-en" lemma="uc2" pos="V" label="to die" form-type="plisg">nam-ba-da-ug5-en</w>
</l>
<l n="34" id="c3107.34" corresp="t3107.p9">
<w form="lugal-ju10" lemma="lugal" pos="N" label="king">lugal-ju10</w>
<w form="he2-en-zu" lemma="zu" pos="V" label="to know">he2-en-zu</w>
<addSpan to="c3107.v45" type="additional"/>
<note id="c3107.n28" lang="eng" target="c3107.v45">1 ms. adds:</note>
<w form="a-ma-ru-kam" lemma="a-ma-ru" pos="N" label="flood">a-ma-ru-<supplied/>kam</w>
<suppliedEnd/>
<anchor id="c3107.v45"/>
</l>
</body>
</text>
</TEI.2>
