<TEI.2 id="c.4.14.3">
<teiHeader lang="eng">
<fileDesc>
<titleStmt>
<title>Nan&c;e and the birds (Nan&c;e C) -- a composite transliteration</title>
<respStmt><name>Jeremy Black</name><resp>Project Director and Editor</resp></respStmt>
<respStmt><name>G&aacute;bor Z&oacute;lyomi</name><resp>Editor</resp></respStmt>
<respStmt><name>Graham Cunningham</name><resp>Editor</resp></respStmt>
<respStmt><name>Eleanor Robson</name><resp>Technical Developer</resp></respStmt>
<respStmt><name>Jarle Ebeling</name><resp>Technical Developer</resp></respStmt>
</titleStmt>
<publicationStmt>
<distributor>The Electronic Text Corpus of Sumerian Literature
</distributor><address><addrLine>The Oriental Institute, University of Oxford, Pusey Lane, Oxford OX1 2LE, UK, email etcsl&commat;orinst.ox.ac.uk, http://etcsl.orinst.ox.ac.uk</addrLine></address>
<date>2000</date>
</publicationStmt>
<seriesStmt><p>The Electronic Text Corpus of Sumerian Literature aims to make accessible over 400 literary works composed in the Sumerian language in ancient Mesopotamia during the late third and early second millennia BC. The works are in Sumerian composite transliteration and English prose translation with bibliographical information on each composition.</p></seriesStmt>
<sourceDesc>
<listBibl type="secondary">
<bibl><xref from="b664">Veldhuis 2000</xref><biblScope type="contents">composite text, translation, commentary, score transliteration</biblScope><note>electronic source</note></bibl>
<bibl><xref from="b496">Thomsen 1975</xref><biblScope type="page">200</biblScope><biblScope type="contents">commentary</biblScope></bibl>
<bibl><xref from="b665">Civil 1987</xref><biblScope type="contents">commentary</biblScope></bibl>
<bibl><xref from="b666">Civil 1982</xref><biblScope type="page">17-22</biblScope><biblScope type="contents">commentary</biblScope><note>ED Bird list 130-40: syllabic version</note></bibl>
<bibl><xref from="b667">Heimpel 1998</xref><biblScope type="contents">commentary</biblScope></bibl>
<bibl><xref from="b668">Steinkeller 1994</xref><biblScope type="page">3-4</biblScope><biblScope type="contents">commentary, translation</biblScope><note>includes translation of ll. 1-22</note></bibl>
</listBibl>
<listBibl type="tablets">
<bibl><biblScope type="museumNumber">CBS 12602 (HAV 22)</biblScope></bibl>
<bibl><biblScope type="museumNumber">N 3300 + UM 29-16-213 + Ni 9837 (ISET 1 139/179) + CBS 13300 (STVC 95) + Ni 9728 (ISET 2 76) + Ni 9638 (ISET 1 120)</biblScope></bibl>
<bibl><biblScope type="museumNumber">CBS 11554</biblScope></bibl>
<bibl><biblScope type="museumNumber">Ni 2474 (ISET 1 14)</biblScope></bibl>
<bibl><biblScope type="museumNumber">CBS 15153 (PBS 5 14)</biblScope></bibl>
<bibl><biblScope type="museumNumber">UCLM 9-2981 (JCS 24 177)</biblScope></bibl>
</listBibl>
</sourceDesc>
</fileDesc>
<revisionDesc>
<change><date>16.v.2000-25.vii.2000</date><respStmt><name>JAB</name><resp>editor</resp></respStmt>
<item>standardisation</item></change>
<change><date>08.viii.2000</date><respStmt><name>GZ</name><resp>editor</resp></respStmt>
<item>proofreading</item></change>
<change><date>11.viii.2000</date><respStmt><name>GC</name><resp>editor</resp></respStmt>
<item>SGML tagging</item></change>
<change><date>26.x.2000</date><respStmt><name>ER</name><resp>editor</resp></respStmt>
<item>web publication</item></change>
<change><date>01.vi.2003</date><respStmt><name>GC/JE</name><resp>editor/technical developer</resp></respStmt>
<item>XML/TEI conversion</item></change>
<change><date>30.iii.2005</date><respStmt><name>GC/JE</name><resp>senior editor/technical developer</resp></respStmt>
<item>lemmatised version published</item></change>
</revisionDesc>
</teiHeader>
<text lang="sux">
<body>
<div1 type="segment" n="A">
<l n="1" id="c4143.A.1" corresp="t4143.p1">
<w form="u5&mucen;" lemma="u5" pos="N" label="pelican?" det="&mucen;">u5&mucen;</w>
<w form="jic-gi" lemma="jic-gi" pos="N" label="reedbed">jic-gi</w>
<w form="kug-ta" lemma="kug" pos="AJ" label="shining">kug-ta</w>
<w form="nam-ta-e3" lemma="e3" pos="V" label="to go out or in">nam-<damage/>ta<damageEnd/>-<supplied/>e3</w>
<suppliedEnd/>
<note lang="eng">Cited in <xref doc="c.0.2.01" from="c0201.31">OB catalogue from Nibru, at Philadelphia, 0.2.01, line 31</xref>; <xref doc="c.0.2.02" from="c0202.49">OB catalogue in the Louvre, 0.2.02, line 49</xref></note>
</l>
<l n="2" id="c4143.A.2" corresp="t4143.p1">
<w form="jic-gi" lemma="jic-gi" pos="N" label="reedbed">jic-gi</w>
<w form="kug-ga-ta" lemma="kug" pos="AJ" label="shining">kug-ga-ta</w>
<w form="nam-ta-e3" lemma="e3" pos="V" label="to go out or in">nam-<damage/>ta<damageEnd/>-<supplied/>e3</w>
<suppliedEnd/>
</l>
<l n="3" id="c4143.A.3" corresp="t4143.p1">
<w form="u5&mucen;" lemma="u5" pos="N" label="pelican?" det="&mucen;">u5&mucen;</w>
<w form="kug-zu" lemma="kug-zu" pos="AJ" label="wise">kug-zu</w>
<w form="ud" lemma="ud" pos="N" label="day(light)">ud</w>
<w form="an-cag4-ge" lemma="an-cag4" pos="N" label="interior of heaven">an-cag4-ge</w>
<w form="mu-un-zal" lemma="zal" pos="V" label="to pass">mu-un-<unclear cert="qry">zal</unclear></w>
</l>
<l n="4" id="c4143.A.4" corresp="t4143.p1">
<w form="u5&mucen;-e" lemma="u5" pos="N" label="pelican?" bound="L,e" det="&mucen;">u5&mucen;-e</w>
<w form="an-na" lemma="an" pos="N" label="heaven">an-na</w>
<w form="KA&times;X" lemma="KA&times;X" label="KA&times;X">KA&times;X</w>
<w form="mu-ni-ib2-gi4" lemma="gi4" pos="V" label="to return">mu-ni-ib2-<damage/>gi4</w>
<damageEnd/>
</l>
<l n="5" id="c4143.A.5" corresp="t4143.p1">
<w form="KA&times;X-KA&times;X-bi" lemma="KA&times;X" label="KA&times;X" form-type="RR">KA&times;X-KA&times;X-bi</w>
<w form="dug3-ga-am3" lemma="dug3" pos="V" label="to be good">dug3-ga-am3</w>
<w form="gu3-bi" lemma="gu3" pos="N" label="voice">gu3-bi</w>
<w form="ab-sag9-&X;" lemma="sag9" pos="V" label="to be good">ab-<damage/><unclear cert="qry">sag9</unclear><damageEnd/>-<supplied/>&X;</w>
<suppliedEnd/>
</l>
<l n="6" id="c4143.A.6" corresp="t4143.p1">
<w form="nin-ju10" lemma="nin" pos="N" label="lady">nin-ju10</w>
<w form="u5&mucen;-a-ni" lemma="u5" pos="N" label="pelican?" bound="L,ani" det="&mucen;">u5&mucen;-a-ni</w>
<w form="hi-li" lemma="hi-li" pos="N" label="attractiveness">hi-li</w>
<supplied/>
<w form="na-an-&X;" lemma="&X;" label="&X;">na-an-&X;</w>
<suppliedEnd/>
</l>
<l n="7" id="c4143.A.7" corresp="t4143.p1">
<w form="in-nin9" lemma="in-nin" pos="N" label="mistress">in-nin9</w>
<w form="ama" lemma="ama" pos="N" label="mother">ama</w>
<w form="&d;nance" lemma="nance" pos="N" type="DN" label="Nan&c;e" det="&d;">&d;nance</w>
<w form="u5&mucen;-a-ni" lemma="u5" pos="N" label="pelican?" bound="L,ani" det="&mucen;">u5&mucen;-a-ni</w>
<w form="hi-li" lemma="hi-li" pos="N" label="attractiveness">hi-li</w>
<w form="na-an-X" lemma="X" label="X">na-an-<supplied/>X</w>
<w form="X" lemma="X" label="X">X</w>
<suppliedEnd/>
</l>
<l n="8" id="c4143.A.8" corresp="t4143.p2">
<w form="in-nin9-me-en" lemma="in-nin" pos="N" label="mistress">in-nin9-me-en</w>
<w form="u5&mucen;-ju10" lemma="u5" pos="N" label="pelican?" bound="L,ju" det="&mucen;">u5&mucen;-ju10</w>
<w form="a-gin7" lemma="a-gin7" pos="AV" label="type of manner adverbial">a-gin7</w>
<w form="X" lemma="X" label="X">X</w>
<supplied/>
<w form="&X;" lemma="&X;" label="&X;">&X;</w>
<suppliedEnd/>
<w form="je26-e" lemma="je26" pos="PD" type="personal" label="I">je26-e</w>
<w form="a-gin7" lemma="a-gin7" pos="AV" label="type of manner adverbial">a-gin7</w>
<w form="sag9" lemma="sag9" pos="V" label="to be good"><unclear cert="qry">sag9</unclear></w>
<supplied/>
<w form="&X;" lemma="&X;" label="&X;">&X;</w>
<suppliedEnd/>
</l>
<l n="9" id="c4143.A.9" corresp="t4143.p2">
<w form="&d;nance-me-en" lemma="nance" pos="N" type="DN" label="Nan&c;e" det="&d;">&d;nance-me-en</w>
<w form="u5&mucen;-ju10" lemma="u5" pos="N" label="pelican?" bound="L,ju" det="&mucen;">u5&mucen;-ju10</w>
<w form="a-gin7" lemma="a-gin7" pos="AV" label="type of manner adverbial">a-gin7</w>
<w form="JIR2" lemma="JIR2" label="&G;IR&s2;"><unclear cert="qry">JIR2</unclear></w>
<w form="kug-e" lemma="kug" pos="AJ" label="shining">kug-e</w>
<w form="a-gin7" lemma="a-gin7" pos="AV" label="type of manner adverbial">a-gin7</w>
<w form="sag9" lemma="sag9" pos="V" label="to be good"><unclear cert="qry">sag9</unclear></w>
<supplied/>
<w form="&X;" lemma="&X;" label="&X;">&X;</w>
<suppliedEnd/>
</l>
<l n="10" id="c4143.A.10" corresp="t4143.p3">
<w form="ni2-te-a-ni" lemma="ni2-te-a-ni" pos="PD" type="reflexive" label="himself, herself">ni2-te-a-ni</w>
<w form="u5&mucen;" lemma="u5" pos="N" label="pelican?" det="&mucen;">u5&mucen;</w>
<w form="gal-gin7" lemma="gal" pos="V" label="to be big">gal-gin7</w>
<w form="a-a" lemma="a-a" pos="N" label="father">a-a</w>
<w form="nam-mi-X" lemma="X" label="X">nam-mi-<supplied/>X</w>
<w form="X" lemma="X" label="X">X</w>
<suppliedEnd/>
</l>
<l n="11" id="c4143.A.11" corresp="t4143.p3">
<w form="e-ne" lemma="e-ne" pos="PD" type="personal" label="he, she">e-ne</w>
<w form="an-ta" lemma="an" pos="N" label="heaven">an-ta</w>
<w form="ki-a" lemma="ki" pos="N" label="place">ki-a</w>
<w form="gub-ba-am3" lemma="gub" pos="V" label="to stand">gub-ba-<supplied/>am3</w>
<suppliedEnd/>
</l>
<l n="12" id="c4143.A.12" corresp="t4143.p3">
<w form="cilam" lemma="cilam" pos="N" label="cow">cilam</w>
<w form="kug-gin7" lemma="kug" pos="AJ" label="shining">kug-gin7</w>
<w form="a-a" lemma="a-a" pos="N" label="father">a-a</w>
<w form="mu-un-&X;" lemma="&X;" label="&X;">mu-un-<supplied/>&X;</w>
<suppliedEnd/>
</l>
<l n="13" id="c4143.A.13" corresp="t4143.p3">
<w form="u5&mucen;" lemma="u5" pos="N" label="pelican?" det="&mucen;">u5&mucen;</w>
<w form="kug" lemma="kug" pos="AJ" label="shining">kug</w>
<w form="cilam" lemma="cilam" pos="N" label="cow">cilam</w>
<w form="babbar" lemma="babbar" pos="AJ" label="white">babbar</w>
<w form="a" lemma="a" pos="N" label="water">a</w>
<w form="bar-ra" lemma="bar" pos="N" label="outside">bar-ra</w>
<w form="a" lemma="a" pos="N" label="water">a</w>
<w form="bi2-in-naj" lemma="naj" pos="V" label="to drink">bi2-<damage/>in<damageEnd/>-<supplied/>naj</w>
<suppliedEnd/>
</l>
<l n="14" id="c4143.A.14" corresp="t4143.p3">
<w form="a-ji6" lemma="a-ji6" pos="N" label="flooding">a-ji6</w>
<w form="uru16-da" lemma="uru16" pos="V" label="to be towering">uru16-da</w>
<w form="zag" lemma="zag" pos="N" label="side">zag</w>
<w form="am3-da-X" lemma="X" label="X">am3-da-X</w>
<supplied/>
<w form="&X;" lemma="&X;" label="&X;">&X;</w>
<suppliedEnd/>
</l>
<l n="15" id="c4143.A.15" corresp="t4143.p3">
<w form="&d;nance" lemma="nance" pos="N" type="DN" label="Nan&c;e" det="&d;">&d;nance</w>
<w form="su3-ra2-aj2-je26-e" lemma="sud-aj2" pos="N" label="brilliance">su3-ra2-aj2-je26-e</w>
<w form="A" lemma="A" label="A">A</w>
<supplied/>
<w form="&X;" lemma="&X;" label="&X;">&X;</w>
<suppliedEnd/>
</l>
<l n="16" id="c4143.A.16" corresp="t4143.p3">
<w form="&d;a-nun-na" lemma="a-nun-na" pos="N" type="DN" label="Anuna" det="&d;">&d;a-nun-na</w>
<w form="dijir" lemma="dijir" pos="N" label="deity">dijir</w>
<w form="gal-gal-e-ne-ke4" lemma="gal" pos="V" label="to be big" form-type="RR">gal-<supplied/>gal-e-ne-ke4</w>
<suppliedEnd/>
</l>
<l n="17" id="c4143.A.17" corresp="t4143.p3">
<w form="in-nin9" lemma="in-nin" pos="N" label="mistress">in-nin9</w>
<w form="ama" lemma="ama" pos="N" label="mother">ama</w>
<w form="&d;nance" lemma="nance" pos="N" type="DN" label="Nan&c;e" det="&d;">&d;nance</w>
<w form="munus" lemma="munus" pos="N" label="woman">munus</w>
<damage/>
<w form="zid" lemma="zid" pos="AJ" label="right">zid</w>
<damageEnd/>
<supplied/>
<w form="&X;" lemma="&X;" label="&X;">&X;</w>
<suppliedEnd/>
</l>
<l n="18" id="c4143.A.18" corresp="t4143.p3">
<w form="&d;nance" lemma="nance" pos="N" type="DN" label="Nan&c;e" det="&d;">&d;nance</w>
<w form="nin9" lemma="nin9" pos="N" label="sister">nin9</w>
<w form="za3-mi2" lemma="za3-mi2" pos="N" label="praise">za3-mi2</w>
<supplied/>
<w form="dug4-ga" lemma="dug4" pos="V" label="to say">dug4-ga</w>
<suppliedEnd/>
<w form="&d;a-nun-na-ke4-ne" lemma="a-nun-na" pos="N" type="DN" label="Anuna" det="&d;">&d;a-nun-na-<supplied/>ke4-ne<suppliedEnd/></w>
</l>
<l n="19" id="c4143.A.19" corresp="t4143.p3">
<w form="ama" lemma="ama" pos="N" label="mother">ama</w>
<w form="um-ma" lemma="um-ma" pos="N" label="experienced woman">um-ma</w>
<w form="sag9-ga" lemma="sag9" pos="V" label="to be good">sag9-ga</w>
<w form="&d;en-lil2-la2" lemma="en-lil2" pos="N" type="DN" label="Enlil" det="&d;">&d;en-lil2-la2</w>
</l>
<l n="20" id="c4143.A.20" corresp="t4143.p3">
<addSpan to="c4143.v1" type="primary"/>
<w form="&d;nance" lemma="nance" pos="N" type="DN" label="Nan&c;e" det="&d;">&d;nance</w>
<anchor id="c4143.v1"/>
<addSpan to="c4143.v2" type="secondary"/>
<note id="c4143.n1" lang="eng" target="c4143.v1">1 ms. has instead:</note>
<w form="nin-ju10" lemma="nin" pos="N" label="lady">nin-ju10</w>
<anchor id="c4143.v2"/>
<w form="u5&mucen;-a-ni" lemma="u5" pos="N" label="pelican?" bound="L,ani" det="&mucen;">u5&mucen;-a-ni</w>
<w form="hul2-la-e" lemma="hul2" pos="V" label="to be happy">hul2-la-e</w>
</l>
<altGrp><alt targType="addSpan" targets="c4143.v1 c4143.v2"/></altGrp>
<l n="21" id="c4143.A.21" corresp="t4143.p3">
<w form="ec3" lemma="ec3" pos="N" label="shrine">ec3</w>
<w form="za-gin3-na" lemma="za-gin3" pos="N" label="lapis lazuli">za-gin3-na</w>
<w form="ba-an-jar" lemma="jar" pos="V" label="to place">ba-an-jar</w>
</l>
<l n="22" id="c4143.A.22" corresp="t4143.p3">
<w form="u5&mucen;" lemma="u5" pos="N" label="pelican?" det="&mucen;">u5&mucen;</w>
<w form="kug-ga" lemma="kug" pos="AJ" label="shining">kug-ga</w>
<w form="jiri3-ni" lemma="jiri3" pos="N" label="foot">jiri3-ni</w>
<w form="ba-an-dur2-ru" lemma="tuc" pos="V" label="to sit" form-type="isg">ba-an-dur2-ru</w>
</l>
<l n="23" id="c4143.A.23" corresp="t4143.p4">
<w form="in-nin9-me-en" lemma="in-nin" pos="N" label="mistress">in-nin9-me-en</w>
<w form="mucen-ju10" lemma="mucen" pos="N" label="bird">mucen-ju10</w>
<w form="zar" lemma="zar" pos="N" label="sheaf">zar</w>
<w form="ab-du8-ce3" lemma="du8" pos="V" label="to spread">ab-du8-ce3</w>
<w form="gu2" lemma="gu2" pos="N" label="neck">gu2</w>
<w form="ha-ma-ab-si-si" lemma="si" pos="V" label="to fill" form-type="RR">ha-ma-ab-si-si</w>
</l>
<l n="24" id="c4143.A.24" corresp="t4143.p4">
<w form="&d;nance-me-en" lemma="nance" pos="N" type="DN" label="Nan&c;e" det="&d;">&d;nance-me-en</w>
<w form="mucen-ju10" lemma="mucen" pos="N" label="bird">mucen-ju10</w>
<w form="zar" lemma="zar" pos="N" label="sheaf">zar</w>
<w form="ab-du8-ce3" lemma="du8" pos="V" label="to spread">ab-du8-ce3</w>
<w form="gu2" lemma="gu2" pos="N" label="neck">gu2</w>
<w form="ha-ma-ab-si-si" lemma="si" pos="V" label="to fill" form-type="RR">ha-ma-ab-si-si</w>
</l>
<l n="25" id="c4143.A.25" corresp="t4143.p4">
<w form="mucen" lemma="mucen" pos="N" label="bird">mucen</w>
<w form="an" lemma="an" pos="N" label="heaven">an</w>
<supplied/>
<w form="ki-a" lemma="ki" pos="N" label="place">ki<suppliedEnd/>-a</w>
<w form="he2-em-gub" lemma="gub" pos="V" label="to stand">he2-em-gub</w>
</l>
<l n="26" id="c4143.A.26" corresp="t4143.p4">
<w form="mucen" lemma="mucen" pos="N" label="bird">mucen</w>
<w form="mu" lemma="mu" pos="N" label="name">mu</w>
<w form="nu-zu" lemma="zu" pos="V" label="to know">nu-zu</w>
<damage/>
<w form="sizkur" lemma="sizkur2" pos="N" label="prayer"><unclear cert="qry">sizkur</unclear></w>
<damageEnd/>
<w form="he2-em-tum2" lemma="de6" pos="V" label="to carry" form-type="isg">he2-em-tum2</w>
</l>
<l n="27" id="c4143.A.27" corresp="t4143.p4">
<w form="mucen" lemma="mucen" pos="N" label="bird">mucen</w>
<w form="sa" lemma="sa" pos="N" label="net">sa</w>
<w form="nu-zu" lemma="zu" pos="V" label="to know">nu-zu</w>
<w form="X" lemma="X" label="X">X</w>
<w form="he2-em-DU" lemma="DU" pos="V" label="DU">he2-em-DU</w>
</l>
<l n="28" id="c4143.A.28" corresp="t4143.p5">
<w form="mucen" lemma="mucen" pos="N" label="bird">mucen</w>
<w form="su-din" lemma="su-din" pos="N" label="bat"><unclear cert="qry">su</unclear>-din</w>
<w form="gu3" lemma="gu3" pos="N" label="voice">gu3</w>
<damage/>
<w form="nu-e" lemma="dug4" pos="V" label="to say" form-type="ppli"><unclear cert="qry">nu</unclear><damageEnd/>-e</w>
<damage/>
<w form="cu" lemma="cu" pos="N" label="hand"><unclear cert="qry">cu</unclear></w>
<damageEnd/>
<w form="kece2-ra2-&X;" lemma="kece2" pos="V" label="to bind">kece2-ra2-<supplied/>&X;</w>
<suppliedEnd/>
</l>
<l n="29" id="c4143.A.29" corresp="t4143.p5">
<w form="mucen-e" lemma="mucen" pos="N" label="bird">mucen-e</w>
<w form="an-na" lemma="an" pos="N" label="heaven">an-na</w>
<w form="dub3" lemma="dub3" pos="N" label="knee">dub3</w>
<w form="mu-un-bad-bad-de3" lemma="bad" pos="V" label="to open" form-type="RR">mu-un-bad-bad-<damage/><unclear cert="qry">de3</unclear></w>
<damageEnd/>
</l>
<l n="30" id="c4143.A.30" corresp="t4143.p5">
<w form="anzud&mucen;-de3" lemma="anzud" pos="N" type="DN" label="Anzud" det="&mucen;">anzud&mucen;-de3</w>
<w form="&d;a-nun-na-ke4-ne-bi" lemma="a-nun-na" pos="N" type="DN" label="Anuna" det="&d;">&d;a-nun-na-ke4-ne-<damage/><unclear cert="qry">bi</unclear><damageEnd/></w>
<w form="nam" lemma="nam" pos="N" label="destiny">nam</w>
<w form="mu-un-di-ni-ib2-tar-re" lemma="tar" pos="V" label="to cut">mu-un-di-ni-ib2-tar-re</w>
</l>
<l n="31" id="c4143.A.31" corresp="t4143.p6">
<w form="zu2-sis&mucen;-e" lemma="zu2-sis" pos="N" label="sharp-toothed bird" det="&mucen;">zu2-sis&mucen;-e</w>
<w form="a" lemma="a" pos="N" label="water">a</w>
<w form="jectug-ga" lemma="jectug2" pos="N" label="ear">jectug-<damage/>ga</w>
<damageEnd/>
<w form="X" lemma="X" label="X">X</w>
<w form="X" lemma="X" label="X">X</w>
<w form="im-ta-ra-e3" lemma="e3" pos="V" label="to go out or in">im-ta-ra-e3</w>
</l>
<l n="32" id="c4143.A.32" corresp="t4143.p6">
<w form="in-nin-ju10" lemma="in-nin" pos="N" label="mistress">in-nin-ju10</w>
<w form="ur2" lemma="ur2" pos="N" label="root">ur2</w>
<supplied/>
<w form="&X;" lemma="&X;" label="&X;">&X;</w>
<suppliedEnd/>
<w form="X" lemma="X" label="X">X</w>
</l>
<l n="33" id="c4143.A.33" corresp="t4143.p6">
<w form="mucen" lemma="mucen" pos="N" label="bird">mucen</w>
<w form="zu2-sis&mucen;-me-en" lemma="zu2-sis" pos="N" label="sharp-toothed bird" det="&mucen;">zu2-sis&mucen;-me-en</w>
<w form="ni2-ja2" lemma="ni2-ju10" pos="PD" type="reflexive" label="myself">ni2-ja2</w>
<w form="X" lemma="X" label="X">X</w>
<supplied/>
<w form="&X;" lemma="&X;" label="&X;">&X;</w>
<suppliedEnd/>
<w form="DU" lemma="DU" label="DU">DU</w>
</l>
<l n="34" id="c4143.A.34" corresp="t4143.p6">
<w form="&d;nance-ju10" lemma="nance" pos="N" type="DN" label="Nan&c;e" det="&d;">&d;nance-ju10</w>
<damage/>
<w form="ur2" lemma="ur2" pos="N" label="root">ur2</w>
<damageEnd/>
<supplied/>
<w form="&X;" lemma="&X;" label="&X;">&X;</w>
<suppliedEnd/>
</l>
<l n="35" id="c4143.A.35" corresp="t4143.p6">
<w form="mucen" lemma="mucen" pos="N" label="bird">mucen</w>
<w form="zu2-sis&mucen;-me-en" lemma="zu2-sis" pos="N" label="sharp-toothed bird" det="&mucen;">zu2-sis&mucen;-me-en</w>
<supplied/>
<w form="ni2-ja2" lemma="ni2-ju10" pos="PD" type="reflexive" label="myself">ni2<suppliedEnd/>-ja2</w>
<supplied/>
<w form="&X;" lemma="&X;" label="&X;">&X;</w>
<suppliedEnd/>
</l>
<l n="36" id="c4143.A.36" corresp="t4143.p6">
<supplied/>
<w form="&X;" lemma="&X;" label="&X;">&X;</w>
<suppliedEnd/>
<w form="an-ta" lemma="an" pos="N" label="heaven">an-ta</w>
<w form="gi4" lemma="gi4" pos="V" label="to return"><unclear cert="qry">gi4</unclear></w>
<supplied/>
<w form="&X;" lemma="&X;" label="&X;">&X;</w>
<suppliedEnd/>
<w form="MU" lemma="MU" label="MU">MU</w>
<supplied/>
<w form="&X;" lemma="&X;" label="&X;">&X;</w>
<suppliedEnd/>
</l>
<l n="37" id="c4143.A.37" corresp="t4143.p6">
<damage/>
<w form="BA" lemma="BA" label="BA"><unclear cert="qry">BA</unclear></w>
<damageEnd/>
<w form="X" lemma="X" label="X">X</w>
<damage/>
<w form="DI" lemma="DI" label="DI"><unclear cert="qry">DI</unclear></w>
<damageEnd/>
<supplied/>
<w form="X" lemma="X" label="X">X</w>
<suppliedEnd/>
<w form="X" lemma="X" label="X">X</w>
<supplied/>
<w form="&X;" lemma="&X;" label="&X;">&X;</w>
<suppliedEnd/>
</l>
<l n="38" id="c4143.A.38" corresp="t4143.p6">
<w form="na-&X;" lemma="&X;" label="&X;">na-<supplied/>&X;</w>
<suppliedEnd/>
</l>
<l n="39" id="c4143.A.39" corresp="t4143.p6">
<w form="hu-ri2-in&mucen;" lemma="hu-ri2-in" pos="N" label="eagle" det="&mucen;">hu-ri2-<damage/>in<damageEnd/><supplied/>&mucen;</w>
<w form="&X;" lemma="&X;" label="&X;">&X;</w>
<suppliedEnd/>
</l>
<l n="40" id="c4143.A.40" corresp="t4143.p6">
<supplied/>
<w form="&X;" lemma="&X;" label="&X;">&X;</w>
<suppliedEnd/>
<w form="hu-ri2-in&mucen;" lemma="hu-ri2-in" pos="N" label="eagle" det="&mucen;">hu-ri2-<supplied/>in&mucen;</w>
<suppliedEnd/>
</l>
<l n="41" id="c4143.A.41" corresp="t4143.p6">
<damage/>
<w form="am-e" lemma="am" pos="N" label="wild bull">am-e</w>
<damageEnd/>
<w form="kur-ur2-ra" lemma="kur-ur2" pos="N" label="foot(hill) of mountain">kur-ur2-ra</w>
<w form="jic" lemma="jic" pos="N" label="tree">jic</w>
<w form="ba-ni-ib-ra-am3" lemma="ra" pos="V" label="to beat">ba-ni-ib-ra-<supplied/>am3</w>
<suppliedEnd/>
</l>
<l n="42" id="c4143.A.42" corresp="t4143.p6">
<w form="tarah-e" lemma="tarah" pos="N" label="wild goat">tarah-e</w>
<w form="kur-bad3-da" lemma="kur-bad3" pos="N" label="mountain peak">kur-bad3-da</w>
<w form="jic" lemma="jic" pos="N" label="tree">jic</w>
<w form="ba-ni-ib-ra-am3" lemma="ra" pos="V" label="to beat">ba-ni-ib-ra-<supplied/>am3</w>
<suppliedEnd/>
</l>
<l n="43" id="c4143.A.43" corresp="t4143.p7">
<w form="a12-ra2-bu&mucen;" lemma="a12-ra2-bu" pos="N" label="type of bird" det="&mucen;">a12-ra2-bu&mucen;</w>
<w form="a12-ra2-bu&mucen;" lemma="a12-ra2-bu" pos="N" label="type of bird" det="&mucen;">a12-ra2-bu&mucen;</w>
<w form="nunuz-zu" lemma="nunuz" pos="N" label="egg">nunuz-zu</w>
<w form="dadag-ga-am3" lemma="dadag" pos="V" label="to be bright" form-type="RR">dadag-ga-am3</w>
</l>
<l n="44" id="c4143.A.44" corresp="t4143.p7">
<w form="mucen" lemma="mucen" pos="N" label="bird">mucen</w>
<w form="a12-ra2-bu&mucen;" lemma="a12-ra2-bu" pos="N" label="type of bird" det="&mucen;">a12-ra2-bu&mucen;</w>
<w form="nunuz-zu" lemma="nunuz" pos="N" label="egg">nunuz-zu</w>
<w form="dadag-ga-am3" lemma="dadag" pos="V" label="to be bright" form-type="RR">dadag-ga-am3</w>
</l>
<l n="45" id="c4143.A.45" corresp="t4143.p7">
<w form="nunuz-zu" lemma="nunuz" pos="N" label="egg">nunuz-zu</w>
<w form="kug-ga-am3" lemma="kug" pos="AJ" label="shining">kug-ga-am3</w>
<w form="nunuz-zu" lemma="nunuz" pos="N" label="egg">nunuz-zu</w>
<supplied/>
<w form="X" lemma="X" label="X">X</w>
<w form="Xbr-ra-am3" lemma="Xbr" label="Xbr">(X)<suppliedEnd/>-ra-am3</w>
<w form="lu2" lemma="lu2" pos="N" label="person">lu2</w>
<w form="me-a" lemma="me-a" pos="AV" label="where">me-a</w>
<w form="ba-an-tum3" lemma="de6" pos="V" label="to carry" form-type="isg">ba-an-tum3</w>
</l>
<l n="46" id="c4143.A.46" corresp="t4143.p8">
<w form="ga-nu11&mucen;" lemma="ga-nu11" pos="N" label="ostrich" det="&mucen;">ga-nu11&mucen;</w>
<w form="hur-saj-ja2" lemma="hur-saj" pos="N" label="mountain (range)">hur-saj-ja2</w>
<w form="nunuz" lemma="nunuz" pos="N" label="egg">nunuz</w>
<w form="nam-ma-ab-X" lemma="X" label="X">nam-ma-ab-X</w>
<w form="X" lemma="X" label="X">X</w>
</l>
<l n="47" id="c4143.A.47" corresp="t4143.p8">
<w form="nunuz-bi" lemma="nunuz" pos="N" label="egg">nunuz-bi</w>
<w form="nij2" lemma="nij2" pos="N" label="thing">nij2</w>
<w form="il2-la" lemma="il2" pos="V" label="to raise">il2-la</w>
<w form="cu" lemma="cu" pos="N" label="hand">cu</w>
<w form="nam-ma-an-ti" lemma="te" pos="V" label="to approach">nam-ma-an-ti</w>
</l>
<l n="48" id="c4143.A.48" corresp="t4143.p8">
<w form="mucen-e" lemma="mucen" pos="N" label="bird">mucen-e</w>
<w form="ji6-a" lemma="ji6" pos="N" label="night">ji6-a</w>
<w form="en-nu-uj3" lemma="en-nu-uj3" pos="N" label="guard">en-nu-uj3</w>
<w form="im-mi-in-zu" lemma="zu" pos="V" label="to know">im-mi-in-zu</w>
</l>
<l n="49" id="c4143.A.49" corresp="t4143.p9">
<w form="&d;ha-ia3&mucen;" lemma="ha-ia3" pos="N" label="peacock" det="&mucen; &d;">&d;ha-ia3&mucen;</w>
<w form="en-nu-uj3-ja2" lemma="en-nu-uj3" pos="N" label="guard">en-nu-uj3-ja2</w>
<w form="ud" lemma="ud" pos="N" label="day(light)">ud</w>
<w form="mi-ni-ib2-zal-zal-e" lemma="zal" pos="V" label="to pass" form-type="RR">mi-ni-ib2-zal-zal-e</w>
</l>
<l n="50" id="c4143.A.50" corresp="t4143.p9">
<w form="mucen" lemma="mucen" pos="N" label="bird">mucen</w>
<w form="kug" lemma="kug" pos="AJ" label="shining">kug</w>
<w form="&d;ha-ia3&mucen;" lemma="ha-ia3" pos="N" label="peacock" det="&mucen; &d;">&d;ha-ia3&mucen;</w>
<w form="&d;ha-ia3&mucen;" lemma="ha-ia3" pos="I" label="bird-cry" det="&d; &mucen;">&d;ha-ia3&mucen;</w>
<w form="ud" lemma="ud" pos="N" label="day(light)">ud</w>
<w form="mi-ni-ib2-zal-zal-e" lemma="zal" pos="V" label="to pass" form-type="RR">mi-ni-ib2-zal-zal-e</w>
</l>
<l n="51" id="c4143.A.51" corresp="t4143.p9">
<w form="mucen" lemma="mucen" pos="N" label="bird">mucen</w>
<w form="&na4;gug-ta" lemma="gug" pos="N" label="cornelian" bound="L,ta" det="&na4;">&na4;gug-ta</w>
<w form="gug" lemma="gug" pos="N" label="cornelian">gug</w>
<w form="&na4;za-gin3-ta" lemma="za-gin3" pos="N" label="lapis lazuli" bound="L,ta" det="&na4;">&na4;za-gin3-ta</w>
<w form="za-gin3" lemma="za-gin3" pos="N" label="lapis lazuli">za-gin3</w>
</l>
<l n="52" id="c4143.A.52" corresp="t4143.p9">
<w form="&na4;nir2-ta" lemma="nir2" pos="N" label="type of stone" bound="L,ta" det="&na4;">&na4;nir2-ta</w>
<w form="nir2" lemma="nir2" pos="N" label="type of stone">nir2</w>
<w form="kug-sig17" lemma="kug-sig17" pos="N" label="gold">kug-sig17</w>
<w form="na-me-a" lemma="na-me" pos="PD" type="indefinite" label="any">na-me-a</w>
<w form="kuc" lemma="kuc" pos="N" label="skin">kuc</w>
<w form="kug-sig17" lemma="kug-sig17" pos="N" label="gold">kug-sig17</w>
<w form="jar-ra" lemma="jar" pos="V" label="to place">jar-ra</w>
</l>
<l n="53" id="c4143.A.53" corresp="t4143.p9">
<w form="&d;ha-ia3&mucen;" lemma="ha-ia3" pos="N" label="peacock" det="&mucen; &d;">&d;ha-ia3&mucen;</w>
<w form="tibira-e" lemma="tibira" pos="N" label="coppersmith">tibira-e</w>
<damage/>
<w form="hu-mu-ri-ib-sig10-ge" lemma="sig10" pos="V" label="to place"><unclear cert="qry">hu</unclear><damageEnd/>-mu-ri-ib-sig10-ge</w>
</l>
<l n="54" id="c4143.A.54" corresp="t4143.p10">
<damage/>
<w form="mucen-e" lemma="mucen" pos="N" label="bird">mucen<damageEnd/>-e</w>
<w form="an-na" lemma="an" pos="N" label="heaven">an-na</w>
<w form="te8&mucen;" lemma="te8" pos="N" label="bird of prey" det="&mucen;">te8&mucen;</w>
<w form="uc-bar" lemma="uc-bar" pos="N" label="weaver">uc-bar</w>
<w form="te8&mucen;" lemma="te8" pos="N" label="bird of prey" det="&mucen;">te8&mucen;</w>
<w form="uc-bar" lemma="uc-bar" pos="N" label="weaver">uc-bar</w>
</l>
<l n="55" id="c4143.A.55" corresp="t4143.p10">
<damage/>
<w form="te8-uz&mucen;-e" lemma="te8-uz" pos="N" label="bird of prey" det="&mucen;">te8<damageEnd/>-uz&mucen;-e</w>
<w form="an-na" lemma="an" pos="N" label="heaven">an-na</w>
<w form="te8&mucen;" lemma="te8" pos="N" label="bird of prey" det="&mucen;">te8&mucen;</w>
<w form="uc-bar" lemma="uc-bar" pos="N" label="weaver">uc-bar</w>
<w form="te8&mucen;" lemma="te8" pos="N" label="bird of prey" det="&mucen;">te8&mucen;</w>
<w form="uc-bar" lemma="uc-bar" pos="N" label="weaver">uc-bar</w>
</l>
<l n="56" id="c4143.A.56" corresp="t4143.p10">
<supplied/>
<w form="a2-bi" lemma="a2" pos="N" label="arm">a2<suppliedEnd/>-bi</w>
<w form="tec2-am3" lemma="tec2" pos="N" label="unity">tec2-am3</w>
<w form="jiri3-bi" lemma="jiri3" pos="N" label="foot">jiri3-bi</w>
<w form="tec2-am3" lemma="tec2" pos="N" label="unity">tec2-am3</w>
</l>
<l n="57" id="c4143.A.57" corresp="t4143.p10">
<w form="X" lemma="X" label="X">X</w>
<w form="X-ja2" lemma="X" label="X">X-ja2</w>
<w form="cu" lemma="cu" pos="N" label="hand">cu</w>
<w form="gal" lemma="gal" pos="V" label="to be big">gal</w>
<supplied/>
<w form="X" lemma="X" label="X">X</w>
<w form="X" lemma="X" label="X">X</w>
<suppliedEnd/>
</l>
<l n="58" id="c4143.A.58" corresp="t4143.p10">
<w form="akkil-bi" lemma="akkil" pos="N" label="cry">akkil-bi</w>
<w form="jectug-e" lemma="jectug2" pos="N" label="ear">jectug-<unclear cert="qry">e</unclear></w>
<w form="KA" lemma="KA" label="KA">KA</w>
<supplied/>
<w form="&X;" lemma="&X;" label="&X;">&X;</w>
<suppliedEnd/>
</l>
<l n="59" id="c4143.A.59" corresp="t4143.p10">
<w form="gambix&mucen;" lemma="gambix" pos="N" label="crane?" det="&mucen;">gambix(<supplied/>MUNUS.US2.SA2<suppliedEnd/>.KID)&mucen;</w>
<w form="akkil-bi" lemma="akkil" pos="N" label="cry"><unclear cert="cor">akkil</unclear>-bi</w>
<w form="pa" lemma="pa" pos="N" label="branch">pa</w>
<w form="X" lemma="X" label="X">X</w>
<supplied/>
<w form="&X;" lemma="&X;" label="&X;">&X;</w>
<suppliedEnd/>
</l>
<l n="60" id="c4143.A.60" corresp="t4143.p10">
<supplied/>
<w form="&X;" lemma="&X;" label="&X;">&X;</w>
<suppliedEnd/>
<w form="luh" lemma="luh" pos="V" label="to clean">luh</w>
<w form="cu" lemma="cu" pos="N" label="hand">cu</w>
<w form="gu2-sur&mucen;" lemma="gu2-sur-ra" pos="N" label="type of bird" det="&mucen;">gu2-<unclear cert="qry">sur</unclear>&mucen;</w>
<w form="A" lemma="A" label="A">A</w>
<w form="X" lemma="X" label="X">X</w>
<supplied/>
<w form="&X;" lemma="&X;" label="&X;">&X;</w>
<suppliedEnd/>
</l>
<l n="61" id="c4143.A.61" corresp="t4143.p10">
<supplied/>
<w form="&X;" lemma="&X;" label="&X;">&X;</w>
<suppliedEnd/>
<w form="dumu" lemma="dumu" pos="N" label="child">dumu</w>
<w form="nun-na" lemma="nun" pos="N" label="prince">nun-na</w>
<w form="HAR" lemma="HAR" label="&H;AR">HAR</w>
<supplied/>
<w form="&X;" lemma="&X;" label="&X;">&X;</w>
<suppliedEnd/>
</l>
<l n="62" id="c4143.A.62" corresp="t4143.p10">
<supplied/>
<w form="&X;" lemma="&X;" label="&X;">&X;</w>
<suppliedEnd/>
<damage/>
<w form="id2-da" lemma="id2" pos="N" label="watercourse">id2<damageEnd/>-da</w>
<w form="jic-gi" lemma="jic-gi" pos="N" label="reedbed">jic-gi</w>
<supplied/>
<w form="&X;" lemma="&X;" label="&X;">&X;</w>
<suppliedEnd/>
</l>
<l n="63" id="c4143.A.63" corresp="t4143.p10">
<supplied/>
<w form="&X;" lemma="&X;" label="&X;">&X;</w>
<suppliedEnd/>
<w form="A" lemma="A" label="A">A</w>
<w form="HA" lemma="HA" label="&H;A">HA</w>
<supplied/>
<w form="&X;" lemma="&X;" label="&X;">&X;</w>
<suppliedEnd/>
</l>
<gap extent="unknown no. of lines missing"/>
</div1>
<div1 type="segment" n="B">
<gap extent="2 lines fragmentary"/>
<l n="3" id="c4143.B.3" corresp="t4143.p11">
<supplied/>
<w form="&X;" lemma="&X;" label="&X;">&X;</w>
<suppliedEnd/>
<w form="na4" lemma="na4" pos="N" label="stone">na4</w>
<w form="GIR" lemma="GIR" label="GIR"><unclear cert="qry">GIR</unclear></w>
<w form="X" lemma="X" label="X">X</w>
<w form="X" lemma="X" label="X">X</w>
<supplied/>
<w form="&X;" lemma="&X;" label="&X;">&X;</w>
<suppliedEnd/>
<damage/>
<w form="cu" lemma="cu" pos="N" label="hand">cu</w>
<damageEnd/>
<w form="im-ta-du7-du7" lemma="du7" pos="V" label="to be perfect" form-type="RR">im-ta-du7-du7</w>
</l>
<l n="4" id="c4143.B.4" corresp="t4143.p11">
<damage/>
<w form="mi-sa-az&mucen;" lemma="mi-sa-az" pos="N" label="type of bird" det="&mucen;">mi<damageEnd/>-<supplied/>sa<suppliedEnd/>-az&mucen;</w>
<w form="KA" lemma="KA" label="KA">KA</w>
<supplied/>
<w form="&X;" lemma="&X;" label="&X;">&X;</w>
<suppliedEnd/>
<w form="X-am3" lemma="X" label="X">X-am3</w>
<w form="mur" lemma="mur" pos="N" label="growl">mur</w>
<w form="ca4" lemma="ca4" pos="V" label="verb part of multiword verb">ca4</w>
</l>
<l n="5" id="c4143.B.5" corresp="t4143.p11">
<w form="mucen" lemma="mucen" pos="N" label="bird"><unclear cert="qry">mucen</unclear></w>
<w form="BAD" lemma="BAD" label="BAD">BAD</w>
<w form="gig" lemma="gig" pos="V" label="to be ill">gig</w>
<w form="X" lemma="X" label="X">X</w>
<w form="X" lemma="X" label="X">X</w>
<w form="X" lemma="X" label="X">X</w>
<w form="A" lemma="A" label="A">A</w>
</l>
<l n="6" id="c4143.B.6" corresp="t4143.p11">
<w form="muc-gu7&mucen;" lemma="muc-gu7" pos="N" label="type of bird" det="&mucen;">muc-gu7&mucen;</w>
<w form="sig7-ga-am3" lemma="sig7" pos="V" label="to be green">sig7-ga-am3</w>
<w form="X" lemma="X" label="X">X</w>
<w form="im-X-an-sig9-ga" lemma="sig9" pos="V" label="to put">im-X-an-sig9-<damage/><unclear cert="qry">ga</unclear></w>
<damageEnd/>
</l>
<l n="7" id="c4143.B.7" corresp="t4143.p11">
<w form="a2-bi" lemma="a2" pos="N" label="arm">a2-bi</w>
<w form="ma2-gur8" lemma="ma2-gur8" pos="N" label="processional boat">ma2-gur8</w>
<supplied/>
<w form="&X;" lemma="&X;" label="&X;">&X;</w>
<suppliedEnd/>
</l>
<l n="8" id="c4143.B.8" corresp="t4143.p11">
<w form="um&mucen;-e" lemma="um" pos="N" label="diving water bird" bound="L,e" det="&mucen;"><unclear cert="qry">um</unclear>&mucen;-e</w>
<w form="KU" lemma="KU" label="KU">KU</w>
<w form="en" lemma="en" pos="N" label="lord">en</w>
<w form="zid" lemma="zid" pos="AJ" label="right">zid</w>
<w form="KA" lemma="KA" label="KA">KA</w>
<damage/>
<w form="kug" lemma="kug" pos="AJ" label="shining"><unclear cert="qry">kug</unclear></w>
<damageEnd/>
<w form="X" lemma="X" label="X">X</w>
<damage/>
<w form="ib2-jal2" lemma="jal2" pos="V" label="to be (located)">ib2<damageEnd/>-jal2</w>
</l>
<l n="9" id="c4143.B.9" corresp="t4143.p11">
<term id="c4143.t1">
<supplied/>
<w form="gu2-bi2&mucen;" lemma="gu2-bi2" pos="N" label="type of bird" det="&mucen;">gu2<suppliedEnd/>-bi2&mucen;</w>
</term>
<gloss lang="akk" target="c4143.t1">
<supplied/>
ku<suppliedEnd/>-pu-u2
</gloss>
<w form="KIJ2" lemma="KIJ2" label="KI&G;&s2;">KIJ2</w>
<w form="X" lemma="X" label="X">X</w>
<w form="tal2-tal2-le" lemma="tal2" pos="V" label="to be broad" form-type="RR">tal2-tal2-le</w>
</l>
<l n="10" id="c4143.B.10" corresp="t4143.p11">
<supplied/>
<w form="X" lemma="X" label="X">X</w>
<suppliedEnd/>
<w form="te8&mucen;" lemma="te8" pos="N" label="bird of prey" det="&mucen;">te8<unclear cert="qry">&mucen;</unclear></w>
<supplied/>
<w form="&X;" lemma="&X;" label="&X;">&X;</w>
<suppliedEnd/>
<w form="X-na" lemma="X" label="X">X-na</w>
<w form="ib-ci-ku4-ku4" lemma="kur9" pos="V" label="to enter" form-type="rr"><unclear cert="qry">ib</unclear>-ci-ku4-ku4</w>
</l>
<l n="11" id="c4143.B.11" corresp="t4143.p11">
<supplied/>
<w form="&X;" lemma="&X;" label="&X;">&X;</w>
<suppliedEnd/>
<w form="mucen" lemma="mucen" pos="N" label="bird">mucen</w>
<w form="LU" lemma="LU" label="LU">LU</w>
<w form="KA" lemma="KA" label="KA">KA</w>
<w form="im-X" lemma="X" pos="V" label="X">im-X</w>
</l>
<l n="12" id="c4143.B.12" corresp="t4143.p11">
<supplied/>
<w form="&X;" lemma="&X;" label="&X;">&X;</w>
<suppliedEnd/>
<w form="X-na" lemma="X" label="X">X-na</w>
<w form="X-si-ic" lemma="X" label="X">X-<unclear cert="qry">si</unclear>-ic</w>
<w form="mu-na-ja2-ja2" lemma="jar" pos="V" label="to place" form-type="rr">mu-na-ja2-ja2</w>
</l>
<l n="13" id="c4143.B.13" corresp="t4143.p11">
<supplied/>
<w form="&X;" lemma="&X;" label="&X;">&X;</w>
<suppliedEnd/>
<w form="na-ja2-ja2" lemma="jar" pos="V" label="to place" form-type="rr">na-ja2-<damage/>ja2</w>
<damageEnd/>
<supplied/>
<w form="&X;" lemma="&X;" label="&X;">&X;</w>
<suppliedEnd/>
</l>
<l n="14" id="c4143.B.14" corresp="t4143.p11">
<supplied/>
<w form="&X;" lemma="&X;" label="&X;">&X;</w>
<suppliedEnd/>
<w form="X" lemma="X" label="X">X</w>
<supplied/>
<w form="&X;" lemma="&X;" label="&X;">&X;</w>
<suppliedEnd/>
</l>
<gap extent="unknown no. of lines missing"/>
</div1>
<div1 type="segment" n="C">
<l n="1" id="c4143.C.1" corresp="t4143.p12">
<supplied/>
<w form="&X;" lemma="&X;" label="&X;">&X;</w>
<suppliedEnd/>
<w form="gi4-X&mucen;" lemma="gi4-X" pos="N" label="type of bird" det="&mucen;">gi4-X&mucen;</w>
<supplied/>
<w form="&X;" lemma="&X;" label="&X;">&X;</w>
<suppliedEnd/>
</l>
<l n="2" id="c4143.C.2" corresp="t4143.p12">
<supplied/>
<w form="X" lemma="X" label="X">X</w>
<suppliedEnd/>
<w form="&d;nin-hur-saj-ka" lemma="nin-hur-saj-ja2" pos="N" type="DN" label="Nin&h;ursa&g;a" det="&d;"><supplied/>&d;<suppliedEnd/><damage/>nin<damageEnd/>-hur-saj-ka</w>
<w form="nij2-gur11-ra-ni-ce3" lemma="nij2-gur11" pos="N" label="possessions">nij2-gur11-ra-ni-ce3</w>
<w form="kur-re" lemma="kur" pos="N" label="(mountain) land">kur-re</w>
<w form="ba-ab-de6" lemma="de6" pos="V" label="to carry">ba-ab-<damage/>de6</w>
<damageEnd/>
</l>
<l n="3" id="c4143.C.3" corresp="t4143.p12">
<supplied/>
<w form="nij2-gur11-ra-ni-ce3" lemma="nij2-gur11" pos="N" label="possessions">nij2<suppliedEnd/>-gur11-ra-ni-ce3</w>
<w form="ki" lemma="ki" pos="N" label="place">ki</w>
<w form="kij2-kij2-da-ni-ce3" lemma="kij2" pos="V" label="to seek" form-type="RR">kij2-kij2-da-ni-ce3</w>
</l>
<l n="4" id="c4143.C.4" corresp="t4143.p12">
<w form="mucen-e" lemma="mucen" pos="N" label="bird">mucen-e</w>
<w form="nij2-gur11-mu-du-um&mucen;" lemma="nij2-gur11-mu-du-um" pos="N" label="magpie?" det="&mucen;">nij2-gur11-mu-du-um&mucen;</w>
<w form="mu-ce3" lemma="mu" pos="N" label="name">mu-ce3</w>
<w form="ba-an-sa4-&X;br" lemma="sa4" pos="V" label="to call">ba-an-sa4-<supplied/>(&X;)</w>
<suppliedEnd/>
</l>
<l n="5" id="c4143.C.5" corresp="t4143.p12">
<w form="nij2-gur11-mu-du-um&mucen;" lemma="nij2-gur11-mu-du-um" pos="N" label="magpie?" det="&mucen;">nij2-gur11-mu-du-um&mucen;</w>
<w form="gu3" lemma="gu3" pos="N" label="voice">gu3</w>
<w form="im-de2" lemma="de2" pos="V" label="to pour">im-<supplied/>de2</w>
<suppliedEnd/>
</l>
<l n="6" id="c4143.C.6" corresp="t4143.p12">
<w form="edin" lemma="edin" pos="N" label="open country">edin</w>
<w form="kec3&ki;-a-ka" lemma="kec3" pos="N" type="SN" label="Ke&c;" det="&ki;">kec3&ki;-a-ka</w>
<w form="i-si-ic" lemma="i-si-ic" pos="N" label="tears (of joy)">i-si-ic</w>
<w form="mu-un-ja2-ja2-ja2" lemma="jar" pos="V" label="to place" form-type="rR">mu-un-ja2-ja2-ja2</w>
</l>
<l n="7" id="c4143.C.7" corresp="t4143.p13">
<w form="mucen" lemma="mucen" pos="N" label="bird">mucen</w>
<w form="KA" lemma="KA" label="KA">KA</w>
<w form="bal-bal" lemma="bal" pos="V" label="to turn over" form-type="RR">bal-bal</w>
<w form="e2-gal-la" lemma="e2-gal" pos="N" label="palace">e2-gal-la</w>
<w form="lug-lug-ga" lemma="til3" pos="V" label="to live" form-type="RR">lug-<damage/>lug<damageEnd/>-<supplied/>ga</w>
<suppliedEnd/>
</l>
<l n="8" id="c4143.C.8" corresp="t4143.p13">
<w form="MUNUS-MUNUS&mucen;-e" lemma="MUNUS-MUNUS" pos="N" label="type of bird" det="&mucen;">MUNUS-MUNUS&mucen;-e</w>
<w form="ni2-bi-ce3" lemma="ni2-bi" pos="PD" type="reflexive" label="itself, themselves">ni2-bi-ce3</w>
<w form="er2" lemma="er2" pos="N" label="tear">er2</w>
<w form="im-ci-ce8-ce8" lemma="cec2" pos="V" label="to weep" form-type="rr">im-ci-ce8-ce8</w>
</l>
<l n="9" id="c4143.C.9" corresp="t4143.p13">
<w form="kici6-bar&mucen;" lemma="kici6-bar" pos="N" label="egret?" det="&mucen;">kici6-bar&mucen;</w>
<w form="gada" lemma="gada" pos="N" label="linen (fibre)">gada</w>
<w form="ha-ad-e" lemma="ha-ad" pos="V" label="to shine">ha-ad-e</w>
<w form="du7-a" lemma="du7" pos="V" label="to be perfect">du7-a</w>
<w form="kar-ra" lemma="kar" pos="N" label="quay">kar-ra</w>
<w form="jal2-la-am3" lemma="jal2" pos="V" label="to be (located)">jal2-la-am3</w>
</l>
<l n="10" id="c4143.C.10" corresp="t4143.p13">
<w form="kici6-bar&mucen;-gu-ru-ug&mucen;" lemma="kici6-bar-gu-ru-ug" pos="N" label="type of heron?" det="&mucen;">kici6-bar&mucen;-gu-ru-ug&mucen;</w>
<w form="su4-a" lemma="su4" pos="V" label="to be red">su4-a</w>
<w form="tug2-gun4-na" lemma="tug2-gun4" pos="N" label="type of garment">tug2-gun4-na</w>
<w form="jic-gi-a" lemma="jic-gi" pos="N" label="reedbed">jic-gi-a</w>
<w form="la2-a" lemma="la2" pos="V" label="to hang">la2-a</w>
</l>
<l n="11" id="c4143.C.11" corresp="t4143.p13">
<w form="UD-ca4&mucen;-e" lemma="UD-ca4" pos="N" label="type of bird" det="&mucen;">UD-ca4&mucen;-e</w>
<w form="a-zag-gur11&ku6;" lemma="a-zag-gur11" pos="N" label="type of fish" det="&ku6;">a-zag-gur11&ku6;</w>
<supplied/>
<w form="mi-ni-ib-dab5-dab5-be2" lemma="dab5" pos="V" label="to seize" form-type="RR">mi<suppliedEnd/>-ni-ib-dab5-dab5-be2</w>
</l>
<l n="12" id="c4143.C.12" corresp="t4143.p13">
<w form="giri16-i-lu&mucen;" lemma="giri16-i-lu" pos="N" label="type of gull?" det="&mucen;">giri16-i-lu&mucen;</w>
<w form="ni2" lemma="ni2" pos="N" label="fear(someness)">ni2</w>
<w form="uj3-ja2" lemma="uj3" pos="N" label="people">uj3-ja2</w>
<w form="giri16-i-lu-bi" lemma="giri16-i-lu" pos="N" label="bird-cry">giri16-i-lu-bi</w>
<w form="X" lemma="X" label="X">X</w>
<w form="X" lemma="X" label="X">X</w>
</l>
<l n="13" id="c4143.C.13" corresp="t4143.p13">
<w form="li-li-bi-sig&mucen;-e" lemma="li-li-bi-sig" pos="N" label="stork" det="&mucen;">li-li-bi-sig&mucen;-e</w>
<w form="bar" lemma="bar" pos="N" label="outside">bar</w>
<damage/>
<w form="DA" lemma="DA" label="DA"><unclear cert="qry">DA</unclear></w>
<damageEnd/>
<supplied/>
<w form="&X;" lemma="&X;" label="&X;">&X;</w>
<suppliedEnd/>
<w form="u2-gin7" lemma="u2" pos="N" label="plant">u2-gin7</w>
<w form="im-de5-de5" lemma="de5" pos="V" label="to collect" form-type="RR">im-de5-<damage/>de5</w>
<damageEnd/>
</l>
<l n="14" id="c4143.C.14" corresp="t4143.p13">
<w form="sa4&mucen;" lemma="sa4" pos="N" label="type of bird" det="&mucen;">sa4&mucen;</w>
<w form="gud3" lemma="gud3" pos="N" label="nest">gud3</w>
<w form="amar-bi" lemma="amar" pos="N" label="calf">amar-bi</w>
<supplied/>
<w form="&X;" lemma="&X;" label="&X;">&X;</w>
<suppliedEnd/>
<w form="bar-ba" lemma="bar" pos="N" label="outside">bar-ba</w>
<w form="nam-mi-ib2-sa4" lemma="sa4" pos="V" label="to call">nam-mi-ib2-<damage/><unclear cert="qry">sa4</unclear></w>
<damageEnd/>
</l>
<l n="15" id="c4143.C.15" corresp="t4143.p13">
<w form="dub2-dub2-bu&mucen;-e" lemma="dub2-dub2-bu" pos="N" label="type of bird" det="&mucen;">dub2-dub2-bu&mucen;-e</w>
<w form="IC" lemma="IC" label="I&C;">IC</w>
<damage/>
<w form="IM" lemma="IM" label="IM">IM</w>
<damageEnd/>
<supplied/>
<w form="&X;" lemma="&X;" label="&X;">&X;</w>
<suppliedEnd/>
<w form="ni2-bi" lemma="ni2-bi" pos="PD" type="reflexive" label="itself, themselves">ni2-bi</w>
<w form="nam-ma-ab-&X;" lemma="&X;" label="&X;">nam-ma-ab-<supplied/>&X;</w>
<suppliedEnd/>
</l>
<l n="16" id="c4143.C.16" corresp="t4143.p13">
<w form="ceg5-ceg5&mucen;-e" lemma="ceg5-ceg5" pos="N" label="type of bird" det="&mucen;">ceg5-ceg5&mucen;-e</w>
<w form="lu2-tur" lemma="lu2-tur" pos="N" label="child">lu2-tur</w>
<w form="er2" lemma="er2" pos="N" label="tear">er2</w>
<damage/>
<w form="pad3-da-gin7" lemma="pad3" pos="V" label="to find">pad3<damageEnd/>-<supplied/>da-gin7</w>
<suppliedEnd/>
<w form="cex" lemma="cex" pos="N" label="weeping"><corr sic="IG">cex(SIG7)</corr></w>
<w form="na-ja2-ja2" lemma="jar" pos="V" label="to place" form-type="rr">na-ja2-ja2</w>
<supplied/>
<w form="&X;" lemma="&X;" label="&X;">&X;</w>
<suppliedEnd/>
</l>
<l n="17" id="c4143.C.17" corresp="t4143.p13">
<w form="gu2-bi-gu2-zag-ga&mucen;" lemma="gu2-bi-gu2-zag-ga" pos="N" label="type of bird" det="&mucen;">gu2-bi-gu2-zag-ga&mucen;</w>
<supplied/>
<w form="&X;" lemma="&X;" label="&X;">&X;</w>
<suppliedEnd/>
<w form="lu2" lemma="lu2" pos="N" label="person">lu2</w>
<w form="cag4" lemma="cag4" pos="N" label="heart">cag4</w>
<w form="dab5-ba-gin7" lemma="dab5" pos="V" label="to seize">dab5-ba-<supplied/>gin7</w>
<suppliedEnd/>
</l>
<gap extent="unknown no. of lines missing"/>
</div1>
<div1 type="segment" id="c4143.seg1" n="D">
<note id="c4143.n2" lang="eng" target="c4143.seg1">it is possible that Segment D belongs to a different version</note>
<l n="1" id="c4143.D.1" corresp="t4143.p14">
<supplied/>
<w form="&X;" lemma="&X;" label="&X;">&X;</w>
<suppliedEnd/>
<w form="X" lemma="X" label="X">X</w>
<supplied/>
<w form="&X;" lemma="&X;" label="&X;">&X;</w>
<suppliedEnd/>
</l>
<l n="2" id="c4143.D.2" corresp="t4143.p14">
<supplied/>
<w form="&X;" lemma="&X;" label="&X;">&X;</w>
<suppliedEnd/>
<w form="X" lemma="X" label="X">X</w>
<w form="X" lemma="X" label="X">X</w>
<supplied/>
<w form="&X;" lemma="&X;" label="&X;">&X;</w>
<suppliedEnd/>
</l>
<l n="3" id="c4143.D.3" corresp="t4143.p14">
<supplied/>
<w form="&X;" lemma="&X;" label="&X;">&X;</w>
<suppliedEnd/>
<damage/>
<w form="sig7-ga" lemma="sig7" pos="V" label="to be green">sig7<damageEnd/>-ga</w>
<w form="ba-tur" lemma="tur" pos="V" label="to be small">ba-tur</w>
<supplied/>
<w form="&X;" lemma="&X;" label="&X;">&X;</w>
<suppliedEnd/>
</l>
<l n="4" id="c4143.D.4" corresp="t4143.p14">
<term id="c4143.t2">
<supplied/>
<w form="&X;&mucen;-e" lemma="X" pos="N" label="type of bird" det="&mucen;">&X;<suppliedEnd/>&mucen;-e</w>
</term>
<gloss lang="akk" target="c4143.t2">
<damage/>
<unclear cert="qry">u2</unclear><damageEnd/>-si2-gum
</gloss>
<w form="kici6" lemma="kici6" pos="N" label="ant">kici6</w>
<w form="ki-in-dar-ra-gin7" lemma="ki-in-dar" pos="N" label="crevice">ki-in-dar-<damage/>ra<damageEnd/>-<supplied/>gin7</w>
<w form="&X;" lemma="&X;" label="&X;">&X;</w>
<suppliedEnd/>
</l>
<l n="5" id="c4143.D.5" corresp="t4143.p14">
<supplied/>
<w form="&X;-ta" lemma="&X;" label="&X;">&X;<suppliedEnd/>-<damage/>ta</w>
<damageEnd/>
<w form="&d;ba-u2" lemma="ba-u2" pos="N" type="DN" label="Bau" det="&d;">&d;ba-u2</w>
<w form="a" lemma="a" pos="N" label="water">a</w>
<w form="nam-tu5-tu5" lemma="tu5" pos="V" label="to wash" form-type="RR">nam-tu5-<damage/>tu5</w>
<damageEnd/>
<supplied/>
<w form="&X;" lemma="&X;" label="&X;">&X;</w>
<suppliedEnd/>
<w form="me" lemma="me" pos="N" label="essence">me</w>
<w form="cu" lemma="cu" pos="N" label="hand">cu</w>
<w form="mu-un-na-kece2" lemma="kece2" pos="V" label="to bind">mu-un-na-<damage/><unclear cert="qry">kece2</unclear></w>
<damageEnd/>
</l>
<l n="6" id="c4143.D.6" corresp="t4143.p14">
<damage/>
<w form="ti-gi4-lu&mucen;" lemma="ti-gid2-lu2" pos="N" label="type of bird" det="&mucen;">ti<damageEnd/>-gi4-lu&mucen;</w>
<w form="suhuc" lemma="suhuc" pos="N" label="foundation">suhuc</w>
<w form="dar-ra" lemma="dar" pos="V" label="to split">dar-ra</w>
<w form="zu2" lemma="zu2" pos="N" label="tooth">zu2</w>
<w form="kece2" lemma="kece2" pos="V" label="to bind">kece2</w>
<supplied/>
<w form="&X;" lemma="&X;" label="&X;">&X;</w>
<suppliedEnd/>
</l>
<l n="7" id="c4143.D.7" corresp="t4143.p14">
<damage/>
<w form="tum12&mucen;-e" lemma="tum12" pos="N" label="pigeon" bound="L,e" det="&mucen;">tum12<damageEnd/>&mucen;-e</w>
<w form="gana2" lemma="gana2" pos="N" label="field">gana2</w>
<w form="dajal-la" lemma="dajal" pos="V" label="to be wide">dajal-la</w>
<w form="mi2" lemma="mi2" pos="N" label="(loving) care">mi2</w>
<w form="bi2-ib2-X" lemma="X" label="X">bi2-ib2-<supplied/>X</w>
<suppliedEnd/>
</l>
<l n="8" id="c4143.D.8" corresp="t4143.p14">
<w form="tum12-gur4&mucen;-e" lemma="tum12-gur4" pos="N" label="type of pigeon" bound="L,e" det="&mucen;">tum12-gur4&mucen;-e</w>
<w form="kislah" lemma="kislah" pos="N" label="uncultivated land">kislah</w>
<w form="lugal-la" lemma="lugal" pos="N" label="king">lugal-<damage/>la</w>
<damageEnd/>
<w form="gig-bi" lemma="gig" pos="V" label="to be ill">gig-bi</w>
<w form="bi2-ib2-&X;" lemma="&X;" label="&X;">bi2-ib2-<supplied/>&X;</w>
<suppliedEnd/>
</l>
<l n="9" id="c4143.D.9" corresp="t4143.p14">
<w form="u5-bi&mucen;" lemma="u5-bi2" pos="N" label="swan?" det="&mucen;">u5-bi&mucen;</w>
<w form="u5-dar&mucen;-e" lemma="u5-dar" pos="N" label="mallard?" det="&mucen;">u5-dar&mucen;-e</w>
<w form="kici6" lemma="kici6" pos="N" label="ant">kici6</w>
<supplied/>
<w form="&X;" lemma="&X;" label="&X;">&X;</w>
<suppliedEnd/>
</l>
<l n="10" id="c4143.D.10" corresp="t4143.p14">
<w form="mucen-e" lemma="mucen" pos="N" label="bird">mucen-e</w>
<w form="ki" lemma="ki" label="ki">ki</w>
<w form="X-ma" lemma="X-ma" label="X-ma">X-ma</w>
<w form="ki" lemma="ki" pos="N" label="place">ki</w>
<w form="bi2-ib2-&X;" lemma="&X;" label="&X;">bi2-ib2-<supplied/>&X;</w>
<suppliedEnd/>
</l>
<l n="11" id="c4143.D.11" corresp="t4143.p14">
<w form="X" lemma="X" label="X">X</w>
<w form="cita3-na" lemma="cita3" pos="N" label="water channel">cita3-na</w>
<w form="mac2-ance-gin7" lemma="mac2-ance" pos="N" label="animals">mac2-ance-gin7</w>
<w form="e-ne" lemma="e-ne" pos="PD" type="personal" label="he, she">e-ne</w>
<w form="nam" lemma="nam" pos="N" label="destiny">nam</w>
<w form="X" lemma="X" label="X">X</w>
<supplied/>
<w form="&X;" lemma="&X;" label="&X;">&X;</w>
<suppliedEnd/>
</l>
<l n="12" id="c4143.D.12" corresp="t4143.p14">
<damage/>
<w form="KA" lemma="KA" label="KA">KA</w>
<damageEnd/>
<w form="kug" lemma="kug" pos="AJ" label="shining">kug</w>
<w form="KA-zu" lemma="KA" label="KA">KA-zu</w>
<w form="sikil" lemma="sikil" pos="V" label="to be pure">sikil</w>
<damage/>
<w form="KA" lemma="KA" label="KA">KA</w>
<damageEnd/>
<w form="KA&times;X" lemma="KA&times;X" label="KA&times;X">KA&times;X</w>
<w form="nam" lemma="nam" pos="N" label="destiny">nam</w>
<w form="X" lemma="X" label="X">X</w>
<supplied/>
<w form="&X;" lemma="&X;" label="&X;">&X;</w>
<suppliedEnd/>
</l>
<l n="13" id="c4143.D.13" corresp="t4143.p14">
<supplied/>
<w form="&X;" lemma="&X;" label="&X;">&X;</w>
<suppliedEnd/>
<w form="A" lemma="A" label="A">A</w>
<w form="sun5-bi" lemma="sun5" pos="V" label="to be humble">sun5-bi</w>
<w form="dumu" lemma="dumu" pos="N" label="child">dumu</w>
<w form="nu-siki-gin7" lemma="nu-siki" pos="N" label="orphan">nu-siki-gin7</w>
<w form="ki" lemma="ki" pos="N" label="place">ki</w>
<w form="a-ba-&X;" lemma="&X;" label="&X;">a-ba-<supplied/>&X;</w>
<suppliedEnd/>
</l>
<l n="14" id="c4143.D.14" corresp="t4143.p14">
<damage/>
<w form="ha-mun&mucen;-e" lemma="ha-mun" pos="N" label="type of bird" bound="L,e" det="&mucen;">ha<damageEnd/>-mun&mucen;-e</w>
<w form="ha-mun-e" lemma="ha-mun" pos="N" label="harmony">ha-mun-e</w>
<supplied/>
<w form="&X;" lemma="&X;" label="&X;">&X;</w>
<suppliedEnd/>
<w form="cag4" lemma="cag4" pos="N" label="heart">cag4</w>
<w form="gada" lemma="gada" pos="N" label="linen (fibre)">gada</w>
<w form="mu-ni-ib-la2" lemma="la2" pos="V" label="to hang">mu-ni-<damage/>ib<damageEnd/>-<supplied/>la2</w>
<suppliedEnd/>
</l>
<l n="15" id="c4143.D.15" corresp="t4143.p14">
<supplied/>
<w form="&X;" lemma="&X;" label="&X;">&X;</w>
<suppliedEnd/>
<w form="jectin-na" lemma="jectin" pos="N" label="grape (wine)">jectin-na</w>
<w form="jectin-na-gin7" lemma="jectin" pos="N" label="grape (wine)">jectin-na-gin7</w>
<w form="X" lemma="X" label="X">X</w>
<supplied/>
<w form="&X;" lemma="&X;" label="&X;">&X;</w>
<suppliedEnd/>
</l>
<gap extent="unknown no. of lines missing"/>
</div1>
<div1 type="segment" n="E">
<l n="1" id="c4143.E.1" corresp="t4143.p15">
<w form="igira2&mucen;" lemma="igira2" pos="N" label="heron" det="&mucen;">igira2(<damage/>KI<damageEnd/>.<supplied/>SAJ.MUNUS<suppliedEnd/>)<supplied/>&mucen;</w>
<w form="&X;" lemma="&X;" label="&X;">&X;</w>
<suppliedEnd/>
</l>
<l n="2" id="c4143.E.2" corresp="t4143.p15">
<w form="gir-gid2&mucen;" lemma="gir-gid2" pos="N" label="type of bird" det="&mucen;">gir-gid2&mucen;</w>
<supplied/>
<w form="&X;" lemma="&X;" label="&X;">&X;</w>
<suppliedEnd/>
</l>
<l n="3" id="c4143.E.3" corresp="t4143.p15">
<w form="dur&mucen;" lemma="dur" pos="N" label="type of bird" det="&mucen;">dur&mucen;</w>
<damage/>
<w form="dur" lemma="dur" pos="N" label="bond">dur</w>
<damageEnd/>
<supplied/>
<w form="&X;" lemma="&X;" label="&X;">&X;</w>
<suppliedEnd/>
</l>
<l n="4" id="c4143.E.4" corresp="t4143.p15">
<w form="igi" lemma="igi" pos="N" label="eye">igi</w>
<w form="jectin-na" lemma="jectin" pos="N" label="grape (wine)"><corr sic="GU2">jectin</corr>-na</w>
<w form="gu2" lemma="gu2" pos="N" label="neck">gu2</w>
<w form="A" lemma="A" label="A">A</w>
<supplied/>
<w form="&X;" lemma="&X;" label="&X;">&X;</w>
<suppliedEnd/>
</l>
<l n="5" id="c4143.E.5" corresp="t4143.p15">
<w form="dar&mucen;-e" lemma="dar" pos="N" label="francolin?" bound="L,e" det="&mucen;">dar&mucen;-<damage/>e</w>
<damageEnd/>
<w form="en-nu-uj3" lemma="en-nu-uj3" pos="N" label="guard">en-nu-<damage/>uj3</w>
<damageEnd/>
<supplied/>
<w form="&X;" lemma="&X;" label="&X;">&X;</w>
<suppliedEnd/>
</l>
<l n="6" id="c4143.E.6" corresp="t4143.p15">
<w form="dar&mucen;" lemma="dar" pos="N" label="francolin?" det="&mucen;">dar&mucen;</w>
<w form="ti-ku-ti-ku-ma-e" lemma="ti-ku-ti-ku-ma-e" pos="I" label="bird-cry">ti-ku-ti-ku-<damage/><unclear cert="qry">ma</unclear>-<unclear cert="qry">e</unclear></w>
<w form="HU" lemma="HU" label="&H;U">HU</w>
<damageEnd/>
<supplied/>
<w form="&X;" lemma="&X;" label="&X;">&X;</w>
<suppliedEnd/>
</l>
<l n="7" id="c4143.E.7" corresp="t4143.p15">
<distinct type="emesal">
<w form="du7-uc2&mucen;-e" lemma="he2-uc2" pos="N" label="type of bird" emesal="du7-uc2" det="&mucen;">du7-uc2&mucen;-e</w>
</distinct>
<w form="ambar-re" lemma="ambar" pos="N" label="marsh">ambar-re</w>
<supplied/>
<w form="&X;" lemma="&X;" label="&X;">&X;</w>
<suppliedEnd/>
</l>
<l n="8" id="c4143.E.8" corresp="t4143.p15">
<w form="a-dar-dar-ra&mucen;-ke4" lemma="a-dar-dar-ra" pos="N" label="type of bird" det="&mucen;">a-dar-dar-ra&mucen;-ke4</w>
<w form="tug2" lemma="tug2" pos="N" label="garment">tug2</w>
<w form="sim&mucen;" lemma="sim" pos="N" label="swallow" det="&mucen;">sim<damage/>&mucen;</w>
<damageEnd/>
<supplied/>
<w form="&X;" lemma="&X;" label="&X;">&X;</w>
<suppliedEnd/>
</l>
<l n="9" id="c4143.E.9" corresp="t4143.p15">
<w form="TUM-kece2&mucen;-de3" lemma="TUM-kece2" pos="N" label="type of bird" det="&mucen;">TUM-kece2&mucen;-de3</w>
<w form="gu" lemma="gu" pos="N" label="(flax) thread">gu</w>
<w form="la2-a-ta" lemma="la2" pos="V" label="to hang">la2-a-ta</w>
<w form="X" lemma="X" label="X">X</w>
<supplied/>
<w form="&X;" lemma="&X;" label="&X;">&X;</w>
<suppliedEnd/>
<w form="ni2-bi" lemma="ni2-bi" pos="PD" type="reflexive" label="itself, themselves">ni2-bi</w>
</l>
<l n="10" id="c4143.E.10" corresp="t4143.p15">
<w form="zu2-kece2&mucen;-de3" lemma="zu2-kece2" pos="N" label="type of bird" det="&mucen;">zu2-kece2&mucen;-de3</w>
<w form="ambar" lemma="ambar" pos="N" label="marsh">ambar</w>
<w form="zu2" lemma="zu2" pos="N" label="tooth">zu2</w>
<w form="kece2-de3" lemma="kece2" pos="V" label="to bind">kece2-de3</w>
<supplied/>
<w form="&X;" lemma="&X;" label="&X;">&X;</w>
<suppliedEnd/>
</l>
<l n="11" id="c4143.E.11" corresp="t4143.p15">
<w form="cu-ur3&mucen;-e" lemma="cu-ur3-ra" pos="N" label="clipped goose" bound="L,e" det="&mucen;">cu-ur3&mucen;-e</w>
<w form="a2" lemma="a2" pos="N" label="arm">a2</w>
<w form="tal2-bi" lemma="tal2" pos="V" label="to be broad">tal2-bi</w>
<w form="saj-bi" lemma="saj" pos="N" label="head">saj-bi</w>
<supplied/>
<w form="&X;" lemma="&X;" label="&X;">&X;</w>
<suppliedEnd/>
<w form="ba-ni-ib2-&X;" lemma="&X;" label="&X;">ba-ni-<damage/>ib2<damageEnd/>-<supplied/>&X;</w>
<suppliedEnd/>
</l>
<l n="12" id="c4143.E.12" corresp="t4143.p15">
<w form="u3-ku-ku&mucen;-e" lemma="u3-ku-ku" pos="N" label="type of bird" bound="L,e" det="&mucen;">u3-ku-ku&mucen;-e</w>
<w form="di-li-bi-pi-la" lemma="di-li-bi-pi-la" pos="I" label="bird-cry">di-li-bi-pi-la</w>
<w form="ud" lemma="ud" pos="N" label="day(light)">ud</w>
<w form="mi-ni-ib2-zal-zal-e" lemma="zal" pos="V" label="to pass" form-type="RR">mi-ni-ib2-zal-zal-e</w>
</l>
<l n="13" id="c4143.E.13" corresp="t4143.p15">
<w form="sipad&mucen;" lemma="sipad" pos="N" label="hoopoe?" det="&mucen;">sipad&mucen;</w>
<w form="ulu3-di-ig" lemma="ulu3-di-ig" pos="I" label="bird-cry">ulu3-di-ig</w>
<w form="ulu3-di-ig" lemma="ulu3-di-ig" pos="I" label="bird-cry">ulu3-di-ig</w>
<w form="gu3" lemma="gu3" pos="N" label="voice">gu3</w>
<w form="i3-de2-de2-e" lemma="de2" pos="V" label="to pour" form-type="RR">i3-de2-de2-e</w>
</l>
<l n="14" id="c4143.E.14" corresp="t4143.p15">
<w form="sipad&mucen;" lemma="sipad" pos="N" label="hoopoe?" det="&mucen;">sipad&mucen;</w>
<w form="dur-dar&mucen;-gin7" lemma="dur-dar" pos="N" label="type of bird" det="&mucen;">dur-dar&mucen;-gin7</w>
<w form="gun3-a" lemma="gun3" pos="V" label="to be multicoloured">gun3-a</w>
<w form="suh10" lemma="suh10" pos="N" label="crown">suh10</w>
<w form="saj-ja2" lemma="saj" pos="N" label="head">saj-ja2</w>
<w form="mi-ni-ib2-jal2" lemma="jal2" pos="V" label="to be (located)">mi-ni-ib2-jal2</w>
</l>
<l n="15" id="c4143.E.15" corresp="t4143.p15">
<term id="c4143.t3">
<w form="nu-erim2-la2&mucen;" lemma="nu-erim2-la2" pos="N" label="type of bird" det="&mucen;">nu-erim2-la2&mucen;</w>
</term>
<gloss lang="akk" target="c4143.t3">
<unclear cert="qry">cu</unclear>-ur
</gloss>
<w form="ab-ta" lemma="ab" pos="N" label="(window) opening">ab-ta</w>
<w form="gi-du3-a" lemma="gi-du3" pos="N" label="type of enclosure">gi-du3-a</w>
<w form="ba-ra-am3-da-lug-ga-am3" lemma="til3" pos="V" label="to live">ba-ra-am3-da-lug-ga-am3</w>
</l>
<l n="16" id="c4143.E.16" corresp="t4143.p15">
<w form="ti-ri2-da&mucen;" lemma="ti-ri2-da" pos="N" label="type of bird" det="&mucen;">ti-ri2-da&mucen;</w>
<w form="jic-gi-a" lemma="jic-gi" pos="N" label="reedbed">jic-gi-a</w>
<w form="ti-ri2-da" lemma="ti-ri2-da" pos="I" label="bird-cry">ti-ri2-da</w>
<w form="ba-e-sa4" lemma="sa4" pos="V" label="to call">ba-e-sa4</w>
</l>
<l n="17" id="c4143.E.17" corresp="t4143.p16">
<supplied/>
<w form="X" lemma="X" label="X">X</w>
<w form="X" lemma="X" label="X">X</w>
<suppliedEnd/>
<w form="ku6" lemma="ku6" pos="N" label="fish">ku6</w>
<w form="mucen-e" lemma="mucen" pos="N" label="bird">mucen-e</w>
<w form="ki" lemma="ki" pos="N" label="place">ki</w>
<w form="aj2-me-en" lemma="aj2" pos="V" label="to measure">aj2-me-en</w>
</l>
<l n="18" id="c4143.E.18" corresp="t4143.p16">
<supplied/>
<w form="&X;-ba-ja2" lemma="&X;" label="&X;">&X;<suppliedEnd/>-<unclear cert="qry">ba</unclear>-ja2</w>
<w form="sag2" lemma="sag2" pos="V" label="to scatter">sag2</w>
<w form="nu-di-me-en" lemma="dug4" pos="V" label="to say" form-type="ppli">nu-di-me-en</w>
</l>
<l n="19" id="c4143.E.19" corresp="t4143.p16">
<supplied/>
<w form="&X;" lemma="&X;" label="&X;">&X;</w>
<suppliedEnd/>
<w form="X-ga-a" lemma="X" label="X">X-ga-a</w>
<w form="nu-tur-re-me-en" lemma="tur" pos="V" label="to be small">nu-tur-re-me-en</w>
</l>
<l n="20" id="c4143.E.20" corresp="t4143.p16">
<supplied/>
<w form="in-nin9" lemma="in-nin" pos="N" label="mistress">in-nin9</w>
<suppliedEnd/>
<w form="ama" lemma="ama" pos="N" label="mother">ama</w>
<w form="&d;nance" lemma="nance" pos="N" type="DN" label="Nan&c;e" det="&d;">&d;nance</w>
<supplied/>
<w form="za3-mi2-zu" lemma="za3-mi2" pos="N" label="praise">za3<suppliedEnd/>-mi2-<corr resp="scrOm"/>zu</w>
<corrEnd/>
<w form="dug3-ga-am3" lemma="dug3" pos="V" label="to be good">dug3-ga-am3</w>
</l>
</div1>
</body>
</text>
</TEI.2>
