<TEI.2 id="c.4.19.3">
<teiHeader lang="eng">
<fileDesc>
<titleStmt>
<title>A hymn to Nin&g;i&c;zida (Nin&g;i&c;zida C) -- a composite transliteration</title>
<respStmt><name>Jeremy Black</name><resp>Project Director and Editor</resp></respStmt>
<respStmt><name>G&aacute;bor Z&oacute;lyomi</name><resp>Editor</resp></respStmt>
<respStmt><name>Graham Cunningham</name><resp>Editor</resp></respStmt>
<respStmt><name>Eleanor Robson</name><resp>Technical Developer</resp></respStmt>
<respStmt><name>Jarle Ebeling</name><resp>Technical Developer</resp></respStmt>
</titleStmt>
<publicationStmt>
<distributor>The Electronic Text Corpus of Sumerian Literature
</distributor><address><addrLine>The Oriental Institute, University of Oxford, Pusey Lane, Oxford OX1 2LE, UK, email etcsl&commat;orinst.ox.ac.uk, http://etcsl.orinst.ox.ac.uk</addrLine></address>
<date>1999</date>
</publicationStmt>
<seriesStmt><p>The Electronic Text Corpus of Sumerian Literature aims to make accessible over 400 literary works composed in the Sumerian language in ancient Mesopotamia during the late third and early second millennia BC. The works are in Sumerian composite transliteration and English prose translation with bibliographical information on each composition.</p></seriesStmt>
<sourceDesc>
<listBibl type="secondary">
<bibl><xref from="b563">Sj&ouml;berg 1975a</xref><biblScope type="page">305-308, 321</biblScope><biblScope type="contents">score transliteration, translation, photograph, commentary</biblScope></bibl>
</listBibl>
<listBibl type="tablets">
<bibl><biblScope type="museumNumber">CBS 7908 (photo StOr 46 321)</biblScope></bibl>
</listBibl>
</sourceDesc>
</fileDesc>
<revisionDesc>
<change><date>28.vii.1999-13.viii.1999</date><respStmt><name>JAB</name><resp>editor</resp></respStmt>
<item>standardisation</item></change>
<change><date>22.x.1999</date><respStmt><name>GZ</name><resp>editor</resp></respStmt>
<item>minor corrections</item></change>
<change><date>22.x.1999</date><respStmt><name>GZ</name><resp>editor</resp></respStmt>
<item>proofreading</item></change>
<change><date>22.x.1999</date><respStmt><name>GZ</name><resp>editor</resp></respStmt>
<item>SGML tagging</item></change>
<change><date>11.ii.2000</date><respStmt><name>ER</name><resp>editor</resp></respStmt>
<item>proofreading SGML</item></change>
<change><date>11.ii.2000</date><respStmt><name>ER</name><resp>editor</resp></respStmt>
<item>web publication</item></change>
<change><date>01.vi.2003</date><respStmt><name>GC/JE</name><resp>editor/technical developer</resp></respStmt>
<item>XML/TEI conversion</item></change>
<change><date>30.iii.2005</date><respStmt><name>GC/JE</name><resp>senior editor/technical developer</resp></respStmt>
<item>lemmatised version published</item></change>
</revisionDesc>
</teiHeader>
<text lang="sux">
<body>
<lg n="A" type="kirugu">
<gap extent="at least 15 lines missing"/>
<l n="1" id="c4193.A.1" corresp="t4193.p1">
<w form="X" lemma="X" label="X">X</w>
<w form="X" lemma="X" label="X">X</w>
<w form="X" lemma="X" label="X">X</w>
<w form="X" lemma="X" label="X">X</w>
<w form="X" lemma="X" label="X">X</w>
<w form="ma-ra-X" lemma="X" label="X">ma-ra-X</w>
<supplied/>
<w form="&X;" lemma="&X;" label="&X;">&X;</w>
<suppliedEnd/>
</l>
<l n="2" id="c4193.A.2" corresp="t4193.p1">
<supplied/>
<w form="X" lemma="X" label="X">X</w>
<suppliedEnd/>
<w form="X-da" lemma="X" label="X">X-da</w>
<w form="a-ji6" lemma="a-ji6" pos="N" label="flooding">a-ji6</w>
<w form="id2-da" lemma="id2" pos="N" label="watercourse">id2-da</w>
<w form="kuc7" lemma="kuc7" pos="N" label="devastation">kuc7</w>
<w form="su-gin7" lemma="su" pos="V" label="to sink">su-gin7</w>
<supplied/>
<w form="su-su" lemma="su" pos="V" label="to sink" form-type="RR">su-su</w>
<suppliedEnd/>
</l>
<l n="3" id="c4193.A.3" corresp="t4193.p1">
<w form="lugal-ju10" lemma="lugal" pos="N" label="king">lugal-ju10</w>
<w form="CID-zu-ta" lemma="CID" label="&C;ID">CID-zu-ta</w>
<w form="im-mi-ni-DU" lemma="DU" pos="V" label="DU">im-mi-ni-DU</w>
<supplied/>
<w form="&X;" lemma="&X;" label="&X;">&X;</w>
<suppliedEnd/>
</l>
<l n="4" id="c4193.A.4" corresp="t4193.p1">
<w form="lugal" lemma="lugal" pos="N" label="king">lugal</w>
<w form="u3-tud-zu-ta" lemma="tud" pos="V" label="to give birth">u3-tud-zu-ta</w>
<w form="he2-jal2-la" lemma="he2-jal2" pos="N" label="plenty">he2-jal2-la</w>
<damage/>
<w form="saj" lemma="saj" pos="N" label="head">saj</w>
<damageEnd/>
<supplied/>
<w form="&X;" lemma="&X;" label="&X;">&X;</w>
<suppliedEnd/>
</l>
<l n="5" id="c4193.A.5" corresp="t4193.p1">
<w form="&d;nin-jic-zid-da" lemma="nin-jic-zid-da" pos="N" type="DN" label="Nin&g;i&c;zida" det="&d;">&d;nin-jic-zid-da</w>
<w form="za3-mi2-zu" lemma="za3-mi2" pos="N" label="praise">za3-mi2-zu</w>
<w form="dug3-ga-am3" lemma="dug3" pos="V" label="to be good">dug3-ga-am3</w>
<supplied/>
<w form="X" lemma="X" label="X">X</w>
<w form="X" lemma="X" label="X">X</w>
<suppliedEnd/>
</l>
<trailer place="rubric" type="kirugu">
<l n="6" id="c4193.A.6" corresp="t4193.p2">
<w form="ki-ru-gu2" lemma="ki-ru-gu2" pos="N" label="composition-division">ki-ru-gu2</w>
<supplied/>
<w form="1-kam-ma-am3" lemma="1-kam-ma" pos="NU" type="ordinal" label="1st">1-kam-ma-am3</w>
<suppliedEnd/>
</l>
</trailer>
</lg>
<lg n="B" type="kirugu">
<l n="7" id="c4193.B.7" corresp="t4193.p3">
<w form="en" lemma="en" pos="N" label="lord">en</w>
<w form="&d;nin-jic-zid-da" lemma="nin-jic-zid-da" pos="N" type="DN" label="Nin&g;i&c;zida" det="&d;">&d;nin-<supplied/>jic<suppliedEnd/>-zid-da</w>
<w form="X" lemma="X" label="X">X</w>
<w form="X" lemma="X" label="X">X</w>
<supplied/>
<w form="&X;" lemma="&X;" label="&X;">&X;</w>
<suppliedEnd/>
</l>
<l n="8" id="c4193.B.8" corresp="t4193.p3">
<w form="X" lemma="X" label="X">X</w>
<supplied/>
<w form="&X;" lemma="&X;" label="&X;">&X;</w>
<suppliedEnd/>
<w form="X" lemma="X" label="X">X</w>
<supplied/>
<w form="&X;" lemma="&X;" label="&X;">&X;</w>
<suppliedEnd/>
<w form="X" lemma="X" label="X">X</w>
<supplied/>
<w form="&X;" lemma="&X;" label="&X;">&X;</w>
<suppliedEnd/>
</l>
<l n="9" id="c4193.B.9" corresp="t4193.p3">
<w form="ur-saj" lemma="ur-saj" pos="N" label="hero">ur-saj</w>
<w form="X" lemma="X" label="X">X</w>
<supplied/>
<w form="ki" lemma="ki" pos="N" label="place">ki</w>
<suppliedEnd/>
<damage/>
<w form="aj2" lemma="aj2" pos="V" label="to measure">aj2</w>
<damageEnd/>
<w form="an" lemma="an" pos="N" type="DN" label="An">an</w>
<w form="kug-ga" lemma="kug" pos="AJ" label="shining">kug-ga</w>
</l>
<l n="10" id="c4193.B.10" corresp="t4193.p3">
<w form="AN" lemma="AN" label="AN"><unclear cert="qry">AN</unclear></w>
<w form="en" lemma="en" pos="N" label="lord">en</w>
<w form="X" lemma="X" label="X">X</w>
<supplied/>
<w form="&X;-da" lemma="&X;" label="&X;">&X;<suppliedEnd/>-da</w>
<w form="kur" lemma="kur" pos="N" label="(mountain) land">kur</w>
<w form="cuba4" lemma="cuba" pos="AJ" label="shining">cuba4</w>
<w form="gal" lemma="gal" pos="V" label="to be big">gal</w>
<w form="u3-tud-da" lemma="tud" pos="V" label="to give birth">u3-tud-<supplied/>da</w>
<suppliedEnd/>
</l>
<l n="11" id="c4193.B.11" corresp="t4193.p3">
<w form="en" lemma="en" pos="N" label="lord">en</w>
<w form="X" lemma="X" label="X">X</w>
<supplied/>
<w form="X" lemma="X" label="X">X</w>
<w form="X" lemma="X" label="X">X</w>
<suppliedEnd/>
<w form="igi" lemma="igi" pos="N" label="eye">igi</w>
<w form="gun3-nu" lemma="gun3" pos="V" label="to be multicoloured">gun3-nu</w>
<w form="hi-li" lemma="hi-li" pos="N" label="attractiveness">hi-li</w>
<w form="nam-juruc-a" lemma="nam-juruc" pos="N" label="manliness">nam-juruc-a</w>
</l>
<l n="12" id="c4193.B.12" corresp="t4193.p3">
<w form="ur-saj" lemma="ur-saj" pos="N" label="hero">ur-saj</w>
<w form="gal" lemma="gal" pos="V" label="to be big">gal</w>
<damage/>
<w form="me3" lemma="me3" pos="N" label="battle">me3</w>
<damageEnd/>
<w form="sahar-ra-ka" lemma="sahar" pos="N" label="earth">sahar-ra-ka</w>
<w form="a2" lemma="a2" pos="N" label="arm">a2</w>
<w form="zid-da" lemma="zid" pos="AJ" label="right">zid-da</w>
<w form="lugal-la" lemma="lugal" pos="N" label="king">lugal-la</w>
</l>
<l n="13" id="c4193.B.13" corresp="t4193.p3">
<w form="en" lemma="en" pos="N" label="lord">en</w>
<w form="&d;nin-jic-zid-da" lemma="nin-jic-zid-da" pos="N" type="DN" label="Nin&g;i&c;zida" det="&d;">&d;nin-jic-zid-da</w>
<w form="za3-mi2-zu" lemma="za3-mi2" pos="N" label="praise">za3-mi2-zu</w>
<w form="dug3-ga" lemma="dug3" pos="V" label="to be good">dug3-ga</w>
<w form="cir3-re-ec" lemma="cir3" pos="N" label="song">cir3-re-ec</w>
<w form="am3-mi-ni-in-ne" lemma="dug4" pos="V" label="to say" form-type="ppli">am3-mi-ni-in-ne</w>
</l>
<trailer place="rubric" type="kirugu">
<l n="14" id="c4193.B.14" corresp="t4193.p4">
<w form="ki-ru-gu2" lemma="ki-ru-gu2" pos="N" label="composition-division">ki-ru-gu2</w>
<w form="2-kam-ma" lemma="2-kam-ma" pos="NU" type="ordinal" label="2nd">2-kam-ma</w>
</l>
</trailer>
</lg>
<lg n="C" type="kirugu">
<l n="15" id="c4193.C.15" corresp="t4193.p5">
<w form="ur-saj" lemma="ur-saj" pos="N" label="hero">ur-<damage/>saj</w>
<w form="ki-a" lemma="ki" pos="N" label="place"><unclear cert="qry">ki</unclear><damageEnd/>-a</w>
<w form="kul-lu-de3" lemma="kul" pos="V" label="to hasten">kul-lu-de3</w>
</l>
<l n="16" id="c4193.C.16" corresp="t4193.p5">
<w form="&d;nin-jic-zid-da" lemma="nin-jic-zid-da" pos="N" type="DN" label="Nin&g;i&c;zida" det="&d;">&d;<damage/>nin<damageEnd/>-<supplied/>jic-zid<suppliedEnd/>-da</w>
<w form="ki" lemma="ki" pos="N" label="place">ki</w>
<w form="aj2" lemma="aj2" pos="V" label="to measure">aj2</w>
<w form="an" lemma="an" pos="N" type="DN" label="An">an</w>
<w form="kug-ga" lemma="kug" pos="AJ" label="shining">kug-ga</w>
</l>
<l n="17" id="c4193.C.17" corresp="t4193.p5">
<supplied/>
<w form="id2-da" lemma="id2" pos="N" label="watercourse">id2-da</w>
<w form="a-ectub" lemma="a-ectub" pos="N" label="carp(-filled) water">a<suppliedEnd/>-<damage/>ectub</w>
<damageEnd/>
<w form="he2-e-da-jal2" lemma="jal2" pos="V" label="to be (located)">he2-e-da-jal2</w>
<w form="&d;en-ki" lemma="en-ki" pos="N" type="DN" label="Enki" det="&d;">&d;en-ki</w>
<w form="he2-e-da-hul2" lemma="hul2" pos="V" label="to be happy">he2-e-da-hul2</w>
</l>
<l n="18" id="c4193.C.18" corresp="t4193.p5">
<supplied/>
<w form="a-cag4-ga" lemma="a-cag4" pos="N" label="field">a-cag4-ga</w>
<suppliedEnd/>
<damage/>
<w form="ce" lemma="ce" pos="N" label="barley">ce</w>
<damageEnd/>
<w form="gu-nu" lemma="gu-nu" pos="N" label="flax">gu-nu</w>
<w form="he2-e-da-jal2" lemma="jal2" pos="V" label="to be (located)">he2-e-da-jal2</w>
<w form="X" lemma="X" label="X">X</w>
<supplied/>
<w form="X" lemma="X" label="X">X</w>
<w form="X" lemma="X" label="X">X</w>
<w form="he2-e-da-hul2" lemma="hul2" pos="V" label="to be happy">he2-e<suppliedEnd/>-da-hul2</w>
</l>
<l n="19" id="c4193.C.19" corresp="t4193.p5">
<supplied/>
<w form="X" lemma="X" label="X">X</w>
<w form="X" lemma="X" label="X">X</w>
<suppliedEnd/>
<w form="an-ce3" lemma="an" pos="N" label="heaven">an-ce3</w>
<w form="saj" lemma="saj" pos="N" label="head">saj</w>
<w form="il2-la" lemma="il2" pos="V" label="to raise">il2-la</w>
<w form="en" lemma="en" pos="N" label="lord">en</w>
<w form="&d;nin-jic-zid-da" lemma="nin-jic-zid-da" pos="N" type="DN" label="Nin&g;i&c;zida" det="&d;">&d;<damage/>nin-jic-zid<damageEnd/>-da</w>
</l>
<l n="20" id="c4193.C.20" corresp="t4193.p5">
<supplied/>
<w form="X" lemma="X" label="X">X</w>
<w form="X" lemma="X" label="X">X</w>
<w form="he2-e-da-de2" lemma="de2" pos="V" label="to pour">he2<suppliedEnd/>-e-da-de2</w>
<w form="en" lemma="en" pos="N" label="lord">en</w>
<w form="&d;nin-jic-zid-da" lemma="nin-jic-zid-da" pos="N" type="DN" label="Nin&g;i&c;zida" det="&d;">&d;nin-jic-zid-da</w>
</l>
<l n="21" id="c4193.C.21" corresp="t4193.p5">
<supplied/>
<w form="&X;" lemma="&X;" label="&X;">&X;</w>
<w form="he2-e-da-su3-ud-de3" lemma="sud" pos="V" label="to be distant">he2<suppliedEnd/>-e-da-su3-ud-<unclear cert="cor">de3</unclear></w>
<w form="umbin" lemma="umbin" pos="N" label="horny outgrowth">umbin</w>
<w form="he2-e-da-gid2-de3" lemma="gid2" pos="V" label="to be long">he2-e-da-gid2-de3</w>
</l>
<l n="22" id="c4193.C.22" corresp="t4193.p5">
<supplied/>
<w form="en" lemma="en" pos="N" label="lord">en</w>
<suppliedEnd/>
<w form="&d;nin-jic-zid-da" lemma="nin-jic-zid-da" pos="N" type="DN" label="Nin&g;i&c;zida" det="&d;"><supplied/>&d;nin-jic<suppliedEnd/>-<damage/>zid<damageEnd/>-da</w>
<w form="za3-mi2-zu" lemma="za3-mi2" pos="N" label="praise">za3-mi2-zu</w>
<w form="dug3-ga-am3" lemma="dug3" pos="V" label="to be good">dug3-ga-am3</w>
<w form="X" lemma="X" label="X">X</w>
<w form="X" lemma="X" label="X">X</w>
</l>
<trailer place="rubric" type="kirugu">
<l n="23" id="c4193.C.23" corresp="t4193.p6">
<w form="ki-ru-gu2" lemma="ki-ru-gu2" pos="N" label="composition-division">ki-ru-gu2</w>
<w form="3-kam-ma-am3" lemma="3-kam-ma" pos="NU" type="ordinal" label="3rd">3-kam-ma-am3</w>
</l>
</trailer>
</lg>
<lg n="D" type="kirugu">
<l n="24" id="c4193.D.24" corresp="t4193.p7">
<supplied/>
<w form="X" lemma="X" label="X">X</w>
<suppliedEnd/>
<w form="X" lemma="X" label="X">X</w>
<w form="a" lemma="a" pos="N" label="water">a</w>
<w form="zid" lemma="zid" pos="AJ" label="right">zid</w>
<w form="mu-ri-in-ri" lemma="ri" pos="V" label="to direct">mu-ri-in-ri</w>
</l>
<l n="25" id="c4193.D.25" corresp="t4193.p7">
<w form="&d;nin-jic-zid-da-ra" lemma="nin-jic-zid-da" pos="N" type="DN" label="Nin&g;i&c;zida" det="&d;"><supplied/>&d;<suppliedEnd/><damage/>nin<damageEnd/>-jic-zid-da-ra</w>
<w form="&d;en-lil2-le" lemma="en-lil2" pos="N" type="DN" label="Enlil" det="&d;">&d;en-lil2-le</w>
<w form="silim-ma" lemma="silim" pos="V" label="to be healthy">silim-ma</w>
<w form="mu-na-ab-be2" lemma="dug4" pos="V" label="to say" form-type="ppli">mu-na-ab-be2</w>
</l>
<l n="26" id="c4193.D.26" corresp="t4193.p7">
<supplied/>
<w form="X" lemma="X" label="X">X</w>
<suppliedEnd/>
<w form="X-ga-ke4" lemma="X" label="X">X-<unclear cert="qry">ga</unclear>-ke4</w>
<w form="mu-un-zu-zu" lemma="zu" pos="V" label="to know" form-type="RR">mu-un-zu-zu</w>
<w form="kalam-ma" lemma="kalam" pos="N" label="the Land">kalam-ma</w>
<w form="mu-e-ci-u3-tud" lemma="tud" pos="V" label="to give birth">mu-e-ci-u3-tud</w>
</l>
<l n="27" id="c4193.D.27" corresp="t4193.p7">
<supplied/>
<w form="X" lemma="X" label="X">X</w>
<w form="X" lemma="X" label="X">X</w>
<suppliedEnd/>
<w form="X" lemma="X" label="X">X</w>
<w form="SAR-gin7" lemma="SAR" label="SAR">SAR-gin7</w>
<w form="u3-tud-da" lemma="tud" pos="V" label="to give birth">u3-tud-da</w>
</l>
<l n="28" id="c4193.D.28" corresp="t4193.p7">
<supplied/>
<w form="X" lemma="X" label="X">X</w>
<w form="X" lemma="X" label="X">X</w>
<suppliedEnd/>
<w form="X" lemma="X" label="X">X</w>
<w form="X" lemma="X" label="X">X</w>
<w form="hul2-la-zu" lemma="hul2" pos="V" label="to be happy"><unclear cert="qry">hul2</unclear>-la-zu</w>
<w form="mu-un-ci-bar-bar-re" lemma="bar" pos="V" label="to set aside" form-type="RR">mu-un-ci-bar-bar-re</w>
</l>
<l n="29" id="c4193.D.29" corresp="t4193.p7">
<damage/>
<w form="en" lemma="en" pos="N" label="lord">en</w>
<damageEnd/>
<w form="&d;nin-jic-zid-da" lemma="nin-jic-zid-da" pos="N" type="DN" label="Nin&g;i&c;zida" det="&d;"><supplied/>&d;<suppliedEnd/>nin-jic-zid-da</w>
<w form="za3-mi2-zu" lemma="za3-mi2" pos="N" label="praise">za3-mi2-zu</w>
<w form="dug3-ga" lemma="dug3" pos="V" label="to be good">dug3-ga</w>
<w form="cir3-re-ec" lemma="cir3" pos="N" label="song">cir3-re-ec</w>
</l>
<note id="c4193.n1" lang="eng" target="c4193.D.30">lines 30 and 31 are written as one line in source</note>
<l n="30" id="c4193.D.30" corresp="t4193.p7">
<w form="am3-mi-ni-in-ne" lemma="dug4" pos="V" label="to say" form-type="ppli">am3-mi-<corr resp="scrOm"/>ni<corrEnd/>-in-ne</w>
</l>
<trailer place="rubric" type="kirugu">
<l n="31" id="c4193.D.31" corresp="t4193.p8">
<w form="ki-ru-gu2" lemma="ki-ru-gu2" pos="N" label="composition-division">ki-ru-<supplied/>gu2</w>
<w form="4-kam-ma" lemma="4-kam-ma" pos="NU" type="ordinal" label="4th">4<suppliedEnd/>-kam-ma</w>
</l>
</trailer>
</lg>
<lg n="E" type="kirugu">
<l n="32" id="c4193.E.32" corresp="t4193.p9">
<w form="ur-saj" lemma="ur-saj" pos="N" label="hero">ur-saj</w>
<w form="u3-ma" lemma="u3-ma" pos="N" label="triumph">u3-<supplied/>ma</w>
<w form="sa2-sa2" lemma="sa2" pos="V" label="to equal" form-type="RR">sa2-sa2</w>
<suppliedEnd/>
<w form="X" lemma="X" label="X">X</w>
<w form="nam-nun-na" lemma="nam-nun" pos="N" label="princeliness">nam-nun-na</w>
<w form="X" lemma="X" label="X">X</w>
<supplied/>
<w form="X" lemma="X" label="X">X</w>
<suppliedEnd/>
</l>
<l n="33" id="c4193.E.33" corresp="t4193.p9">
<w form="X" lemma="X" label="X">X</w>
<supplied/>
<w form="X" lemma="X" label="X">X</w>
<suppliedEnd/>
<w form="X" lemma="X" label="X">X</w>
<damage/>
<w form="NAM" lemma="NAM" label="NAM">NAM</w>
<damageEnd/>
<supplied/>
<w form="&X;" lemma="&X;" label="&X;">&X;</w>
<suppliedEnd/>
<w form="X" lemma="X" label="X">X</w>
<w form="X" lemma="X" label="X">X</w>
<w form="X" lemma="X" label="X">X</w>
<w form="kug" lemma="kug" pos="AJ" label="shining">kug</w>
<w form="AN" lemma="AN" label="AN">AN</w>
<w form="X" lemma="X" label="X">X</w>
<supplied/>
<w form="&X;" lemma="&X;" label="&X;">&X;</w>
<suppliedEnd/>
</l>
<l n="34" id="c4193.E.34" corresp="t4193.p9">
<supplied/>
<w form="X" lemma="X" label="X">X</w>
<w form="X" lemma="X" label="X">X</w>
<suppliedEnd/>
<w form="X" lemma="X" label="X">X</w>
<supplied/>
<w form="X" lemma="X" label="X">X</w>
<w form="Xbr" lemma="Xbr" label="Xbr">(X)</w>
<suppliedEnd/>
<w form="X" lemma="X" label="X">X</w>
<w form="JA2" lemma="JA2" label="&G;A&s2;">JA2</w>
<w form="E" lemma="E" label="E">E</w>
<w form="pad3" lemma="pad3" pos="V" label="to find">pad3</w>
<w form="lugal-ju10" lemma="lugal" pos="N" label="king">lugal-ju10</w>
<w form="X" lemma="X" label="X">X</w>
<supplied/>
<w form="&X;" lemma="&X;" label="&X;">&X;</w>
<suppliedEnd/>
</l>
<l n="35" id="c4193.E.35" corresp="t4193.p9">
<supplied/>
<w form="X" lemma="X" label="X">X</w>
<suppliedEnd/>
<w form="ZI" lemma="ZI" label="ZI">ZI</w>
<supplied/>
<w form="&X;" lemma="&X;" label="&X;">&X;</w>
<suppliedEnd/>
<w form="mu-un-ci-&X;" lemma="&X;" pos="V" label="&X;">mu-un-ci-<supplied/>&X;</w>
<suppliedEnd/>
</l>
<l n="36" id="c4193.E.36" corresp="t4193.p9">
<supplied/>
<w form="X" lemma="X" label="X">X</w>
<suppliedEnd/>
<w form="X" lemma="X" label="X">X</w>
<w form="X" lemma="X" label="X">X</w>
<supplied/>
<w form="&X;" lemma="&X;" label="&X;">&X;</w>
<suppliedEnd/>
<w form="igi-nim" lemma="igi-nim" pos="N" label="upper land">igi-nim</w>
<supplied/>
<w form="&X;" lemma="&X;" label="&X;">&X;</w>
<suppliedEnd/>
</l>
<l n="37" id="c4193.E.37" corresp="t4193.p9">
<supplied/>
<w form="&X;" lemma="&X;" label="&X;">&X;</w>
<suppliedEnd/>
<w form="X" lemma="X" label="X">X</w>
<w form="X" lemma="X" label="X">X</w>
<w form="X" lemma="X" label="X">X</w>
<w form="X" lemma="X" label="X">X</w>
<supplied/>
<w form="&X;" lemma="&X;" label="&X;">&X;</w>
<suppliedEnd/>
</l>
<l n="38" id="c4193.E.38" corresp="t4193.p9">
<w form="en" lemma="en" pos="N" label="lord">en</w>
<w form="&d;nin-jic-zid-da" lemma="nin-jic-zid-da" pos="N" type="DN" label="Nin&g;i&c;zida" det="&d;">&d;nin-jic-zid-da</w>
<w form="za3-mi2-zu" lemma="za3-mi2" pos="N" label="praise">za3-mi2-zu</w>
<w form="dug3-ga" lemma="dug3" pos="V" label="to be good">dug3-ga</w>
<damage/>
<w form="cir3-re-ec" lemma="cir3" pos="N" label="song">cir3<damageEnd/>-<supplied/>re-ec</w>
<suppliedEnd/>
</l>
<note id="c4193.n2" lang="eng" target="c4193.E.39">lines 39 and 40 are written as one line in source</note>
<l n="39" id="c4193.E.39" corresp="t4193.p9">
<supplied/>
<w form="am3-mi-ni-in-ne" lemma="dug4" pos="V" label="to say" form-type="ppli">am3-mi-ni-in-ne</w>
<suppliedEnd/>
</l>
<trailer place="rubric" type="kirugu">
<l n="40" id="c4193.E.40" corresp="t4193.p10">
<w form="ki-ru-gu2" lemma="ki-ru-gu2" pos="N" label="composition-division">ki-ru-gu2</w>
<w form="5-kam-ma" lemma="5-kam-ma" pos="NU" type="ordinal" label="5th">5-<supplied/>kam-ma</w>
<suppliedEnd/>
</l>
</trailer>
</lg>
<lg n="F" type="unknown">
<l n="41" id="c4193.F.41" corresp="t4193.p11">
<supplied/>
<w form="X" lemma="X" label="X">X</w>
<suppliedEnd/>
<w form="X" lemma="X" label="X">X</w>
<w form="X" lemma="X" label="X">X</w>
<w form="RA-RA" lemma="RA" label="RA" form-type="RR">RA-RA</w>
<w form="DA" lemma="DA" label="DA"><unclear cert="qry">DA</unclear></w>
<w form="MA" lemma="MA" label="MA">MA</w>
<supplied/>
<w form="&X;" lemma="&X;" label="&X;">&X;</w>
<suppliedEnd/>
</l>
<l n="42" id="c4193.F.42" corresp="t4193.p11">
<supplied/>
<w form="X" lemma="X" label="X">X</w>
<w form="Xbr" lemma="Xbr" label="Xbr">(X)</w>
<w form="e2" lemma="e2" pos="N" label="house(hold)">e2</w>
<suppliedEnd/>
<w form="AN-za-ka" lemma="AN" label="AN">AN-za-ka</w>
<w form="nam-til3" lemma="nam-til3" pos="N" label="life">nam-til3</w>
<supplied/>
<w form="&X;" lemma="&X;" label="&X;">&X;</w>
<suppliedEnd/>
</l>
<l n="43" id="c4193.F.43" corresp="t4193.p11">
<w form="&d;nin-jic-zid-da" lemma="nin-jic-zid-da" pos="N" type="DN" label="Nin&g;i&c;zida" det="&d;"><supplied/>&d;nin-jic-zid<suppliedEnd/>-da</w>
<w form="e2" lemma="e2" pos="N" label="house(hold)">e2</w>
<w form="AN-za-ka" lemma="AN" label="AN">AN-za-<damage/>ka</w>
<damageEnd/>
<supplied/>
<w form="&X;" lemma="&X;" label="&X;">&X;</w>
<suppliedEnd/>
</l>
<l n="44" id="c4193.F.44" corresp="t4193.p11">
<supplied/>
<w form="&X;" lemma="&X;" label="&X;">&X;</w>
<suppliedEnd/>
<w form="X" lemma="X" label="X">X</w>
<w form="X" lemma="X" label="X">X</w>
<w form="ki" lemma="ki" pos="N" label="place">ki</w>
<w form="gal-ta" lemma="gal" pos="V" label="to be big">gal-ta</w>
<supplied/>
<w form="&X;" lemma="&X;" label="&X;">&X;</w>
<suppliedEnd/>
</l>
<l n="45" id="c4193.F.45" corresp="t4193.p11">
<supplied/>
<w form="&X;" lemma="&X;" label="&X;">&X;</w>
<suppliedEnd/>
<w form="X" lemma="X" label="X">X</w>
<w form="barag" lemma="barag" pos="N" label="dais">barag</w>
<w form="X" lemma="X" label="X">X</w>
<supplied/>
<w form="&X;" lemma="&X;" label="&X;">&X;</w>
<suppliedEnd/>
</l>
<gap extent="unknown no. of lines missing"/>
</lg>
</body>
</text>
</TEI.2>
