<TEI.2 id="c.4.15.3">
<teiHeader lang="eng">
<fileDesc>
<titleStmt>
<title>A <foreign lang="sux">tigi</foreign> to Nergal (Nergal C) -- a composite transliteration</title>
<respStmt><name>Jeremy Black</name><resp>Project Director and Editor</resp></respStmt>
<respStmt><name>G&aacute;bor Z&oacute;lyomi</name><resp>Editor</resp></respStmt>
<respStmt><name>Graham Cunningham</name><resp>Editor</resp></respStmt>
<respStmt><name>Eleanor Robson</name><resp>Technical Developer</resp></respStmt>
<respStmt><name>Jarle Ebeling</name><resp>Technical Developer</resp></respStmt>
</titleStmt>
<publicationStmt>
<distributor>The Electronic Text Corpus of Sumerian Literature
</distributor><address><addrLine>The Oriental Institute, University of Oxford, Pusey Lane, Oxford OX1 2LE, UK, email etcsl&commat;orinst.ox.ac.uk, http://etcsl.orinst.ox.ac.uk</addrLine></address>
<date>1999</date>
</publicationStmt>
<seriesStmt><p>The Electronic Text Corpus of Sumerian Literature aims to make accessible over 400 literary works composed in the Sumerian language in ancient Mesopotamia during the late third and early second millennia BC. The works are in Sumerian composite transliteration and English prose translation with bibliographical information on each composition.</p></seriesStmt>
<sourceDesc>
<listBibl type="secondary">
<bibl><xref from="b309">Krecher 1996b</xref><biblScope type="contents">composite text, translation</biblScope><note>electronic source</note></bibl>
<bibl><xref from="b562">van Dijk 1960</xref><biblScope type="page">7-34</biblScope><biblScope type="contents">composite text, translation, commentary</biblScope></bibl>
</listBibl>
<listBibl type="tablets">
<bibl><biblScope type="museumNumber">AO 5388 (TCL 15 23)</biblScope></bibl>
</listBibl>
</sourceDesc>
</fileDesc>
<revisionDesc>
<change><date>22.vii.1999-29.vii.1999</date><respStmt><name>GC</name><resp>editor</resp></respStmt>
<item>standardisation</item></change>
<change><date>06.xii.1999</date><respStmt><name>JAB</name><resp>editor</resp></respStmt>
<item>proofreading</item></change>
<change><date>13.xii.1999</date><respStmt><name>GC</name><resp>editor</resp></respStmt>
<item>SGML tagging</item></change>
<change><date>25.ii.2000</date><respStmt><name>ER</name><resp>editor</resp></respStmt>
<item>proofreading SGML</item></change>
<change><date>25.ii.2000</date><respStmt><name>ER</name><resp>editor</resp></respStmt>
<item>web publication</item></change>
<change><date>01.vi.2003</date><respStmt><name>GC/JE</name><resp>editor/technical developer</resp></respStmt>
<item>XML/TEI conversion</item></change>
<change><date>30.iii.2005</date><respStmt><name>GC/JE</name><resp>senior editor/technical developer</resp></respStmt>
<item>lemmatised version published</item></change>
</revisionDesc>
</teiHeader>
<text lang="sux">
<body>
<lg n="A" type="sa-gida">
<l n="1" id="c4153.A.1" corresp="t4153.p1">
<w form="en" lemma="en" pos="N" label="lord">en</w>
<w form="ni2" lemma="ni2" pos="N" label="fear(someness)">ni2</w>
<w form="guru6" lemma="guru3" pos="V" label="to bear">guru6</w>
<damage/>
<w form="an" lemma="an" pos="N" label="heaven">an</w>
<damageEnd/>
<supplied/>
<w form="ki" lemma="ki" pos="N" label="place">ki</w>
<w form="kalam-ma" lemma="kalam" pos="N" label="the Land">kalam-ma</w>
<w form="pa" lemma="pa" pos="N" label="branch">pa</w>
<w form="e3-a" lemma="e3" pos="V" label="to go out or in">e3-a</w>
<suppliedEnd/>
</l>
<l n="2" id="c4153.A.2" corresp="t4153.p1">
<w form="nam-lugal-ce3" lemma="nam-lugal" pos="N" label="kingship">nam-lugal-ce3</w>
<supplied/>
<w form="a-a-zu" lemma="a-a" pos="N" label="father">a<suppliedEnd/>-a-<damage/>zu</w>
<damageEnd/>
<supplied/>
<w form="tud-da" lemma="tud" pos="V" label="to give birth">tud-da</w>
<suppliedEnd/>
</l>
<l n="3" id="c4153.A.3" corresp="t4153.p1">
<w form="saj" lemma="saj" pos="N" label="head">saj</w>
<w form="gig2-ga" lemma="gig2" pos="V" label="to be black">gig2-ga</w>
<w form="ni2-zu" lemma="ni2" pos="N" label="fear(someness)">ni2-zu</w>
<w form="mi-ni-ri" lemma="ri" pos="V" label="to direct">mi-ni-<supplied/>ri</w>
<suppliedEnd/>
</l>
<l n="4" id="c4153.A.4" corresp="t4153.p1">
<w form="&d;a-nun-na" lemma="a-nun-na" pos="N" type="DN" label="Anuna" det="&d;">&d;a-nun-na</w>
<w form="dijir" lemma="dijir" pos="N" label="deity">dijir</w>
<w form="gal-gal-e-ne" lemma="gal" pos="V" label="to be big" form-type="RR">gal-gal-<supplied/>e-ne</w>
<suppliedEnd/>
</l>
<l n="5" id="c4153.A.5" corresp="t4153.p1">
<damage/>
<w form="ni2" lemma="ni2" pos="N" label="fear(someness)">ni2</w>
<w form="me-lem4-zu-de3" lemma="me-lem4" pos="N" label="(awesome) radiance">me<damageEnd/>-lem4-zu-de3</w>
<w form="tec2" lemma="tec2" pos="N" label="unity">tec2</w>
<w form="ci-im-da-car2-re-ne" lemma="car2" pos="V" label="to mix">ci-im-da-<damage/>car2<damageEnd/>-<supplied/>re-ne</w>
<suppliedEnd/>
</l>
<l n="6" id="c4153.A.6" corresp="t4153.p1">
<w form="&d;nergal" lemma="nergal" pos="N" type="DN" label="Nergal" det="&d;">&d;nergal</w>
<w form="en" lemma="en" pos="N" label="lord">en</w>
<w form="ni2" lemma="ni2" pos="N" label="fear(someness)">ni2</w>
<w form="guru6" lemma="guru3" pos="V" label="to bear">guru6</w>
<w form="an" lemma="an" pos="N" label="heaven">an</w>
<w form="ki" lemma="ki" pos="N" label="place">ki</w>
<w form="kalam-ma" lemma="kalam" pos="N" label="the Land">kalam-ma</w>
<w form="pa" lemma="pa" pos="N" label="branch">pa</w>
<w form="e3-a" lemma="e3" pos="V" label="to go out or in">e3-a</w>
</l>
<l n="7" id="c4153.A.7" corresp="t4153.p1">
<damage/>
<w form="nam-lugal-ce3" lemma="nam-lugal" pos="N" label="kingship">nam-lugal<damageEnd/>-ce3</w>
<w form="a-a-zu" lemma="a-a" pos="N" label="father">a-a-zu</w>
<w form="tud-da" lemma="tud" pos="V" label="to give birth">tud-da</w>
</l>
<l n="8" id="c4153.A.8" corresp="t4153.p1">
<damage/>
<w form="saj" lemma="saj" pos="N" label="head">saj</w>
<damageEnd/>
<supplied/>
<w form="gig2-ga" lemma="gig2" pos="V" label="to be black">gig2<suppliedEnd/>-<damage/>ga</w>
<damageEnd/>
<w form="ni2-zu" lemma="ni2" pos="N" label="fear(someness)">ni2-zu</w>
<w form="mi-ni-ri" lemma="ri" pos="V" label="to direct">mi-ni-ri</w>
</l>
<l n="9" id="c4153.A.9" corresp="t4153.p1">
<w form="&d;a-nun-na" lemma="a-nun-na" pos="N" type="DN" label="Anuna" det="&d;">&d;<supplied/>a<suppliedEnd/>-<damage/>nun<damageEnd/>-na</w>
<w form="dijir" lemma="dijir" pos="N" label="deity">dijir</w>
<w form="gal-gal-e-ne" lemma="gal" pos="V" label="to be big" form-type="RR">gal-gal-e-ne</w>
</l>
<l n="10" id="c4153.A.10" corresp="t4153.p1">
<supplied/>
<w form="ni2" lemma="ni2" pos="N" label="fear(someness)">ni2</w>
<w form="me-lem4-zu-ta" lemma="me-lem4" pos="N" label="(awesome) radiance">me<suppliedEnd/>-lem4-zu-ta</w>
<w form="tec2" lemma="tec2" pos="N" label="unity">tec2</w>
<w form="ci-im-da-car2-re-ne" lemma="car2" pos="V" label="to mix">ci-im-da-car2-re-ne</w>
</l>
<l n="11" id="c4153.A.11" corresp="t4153.p2">
<supplied/>
<w form="ur-saj" lemma="ur-saj" pos="N" label="hero">ur-saj</w>
<suppliedEnd/>
<w form="ud" lemma="ud" pos="N" label="day(light)">ud</w>
<w form="a-a-zu" lemma="a-a" pos="N" label="father">a-a-zu</w>
<w form="in-tud-de3-en-na-ta" lemma="tud" pos="V" label="to give birth">in-tud-de3-en-na-ta</w>
</l>
<l n="12" id="c4153.A.12" corresp="t4153.p2">
<damage/>
<w form="hur-saj" lemma="hur-saj" pos="N" label="mountain (range)">hur-saj</w>
<damageEnd/>
<w form="ki-a" lemma="ki" pos="N" label="place">ki-a</w>
<w form="uj3" lemma="uj3" pos="N" label="people">uj3</w>
<w form="gu2" lemma="gu2" pos="N" label="neck">gu2</w>
<w form="si-a" lemma="si" pos="V" label="to fill">si-a</w>
</l>
<l n="13" id="c4153.A.13" corresp="t4153.p2">
<supplied/>
<w form="a-a-zu" lemma="a-a" pos="N" label="father">a-a-zu</w>
<suppliedEnd/>
<w form="&d;en-lil2-le" lemma="en-lil2" pos="N" type="DN" label="Enlil" det="&d;">&d;en-lil2-le</w>
<w form="saj-e-ec" lemma="saj" pos="N" label="head">saj-e-ec</w>
<w form="mu-ri-in-rig7" lemma="rig7" pos="V" label="to bestow">mu-ri-in-rig7</w>
</l>
<l n="14" id="c4153.A.14" corresp="t4153.p2">
<w form="nam" lemma="nam" pos="N" label="destiny">nam</w>
<w form="tar-re-de3" lemma="tar" pos="V" label="to cut">tar-re-de3</w>
<w form="cu-za" lemma="cu" pos="N" label="hand">cu-za</w>
<w form="ma-ra-ni-in-ge-en" lemma="gen6" pos="V" label="to be firm">ma-ra-ni-in-ge-en</w>
</l>
<l n="15" id="c4153.A.15" corresp="t4153.p2">
<supplied/>
<w form="ur-saj" lemma="ur-saj" pos="N" label="hero">ur<suppliedEnd/>-saj</w>
<w form="&d;nergal" lemma="nergal" pos="N" type="DN" label="Nergal" det="&d;">&d;nergal</w>
<w form="lugal-bi" lemma="lugal" pos="N" label="king">lugal-bi</w>
<w form="za-e-me-en" lemma="za" pos="PD" type="personal" label="you (sg.)">za-<supplied/>e-me-en</w>
<suppliedEnd/>
</l>
<l n="16" id="c4153.A.16" corresp="t4153.p2">
<w form="&d;nergal" lemma="nergal" pos="N" type="DN" label="Nergal" det="&d;">&d;nergal</w>
<w form="ur-saj" lemma="ur-saj" pos="N" label="hero">ur-saj</w>
<w form="ud" lemma="ud" pos="N" label="day(light)">ud</w>
<w form="a-a-zu" lemma="a-a" pos="N" label="father">a-a-zu</w>
<w form="in-tu-ud-de3-en-na-ta" lemma="tud" pos="V" label="to give birth">in-tu-ud-<supplied/>de3-en<suppliedEnd/>-<damage/>na<damageEnd/>-ta</w>
</l>
<l n="17" id="c4153.A.17" corresp="t4153.p2">
<damage/>
<w form="hur-saj" lemma="hur-saj" pos="N" label="mountain (range)">hur-saj</w>
<damageEnd/>
<w form="ki-a" lemma="ki" pos="N" label="place">ki-a</w>
<w form="uj3" lemma="uj3" pos="N" label="people">uj3</w>
<w form="gu2" lemma="gu2" pos="N" label="neck">gu2</w>
<w form="si-a" lemma="si" pos="V" label="to fill">si-a</w>
</l>
<l n="18" id="c4153.A.18" corresp="t4153.p2">
<w form="a-a-zu" lemma="a-a" pos="N" label="father">a-<supplied/>a<suppliedEnd/>-zu</w>
<w form="&d;en-lil2-le" lemma="en-lil2" pos="N" type="DN" label="Enlil" det="&d;">&d;en-lil2-le</w>
<w form="saj-e-ec" lemma="saj" pos="N" label="head">saj-e-ec</w>
<w form="mu-ri-in-rig7" lemma="rig7" pos="V" label="to bestow">mu-ri-in-<damage/>rig7</w>
<damageEnd/>
</l>
<l n="19" id="c4153.A.19" corresp="t4153.p2">
<w form="nam" lemma="nam" pos="N" label="destiny">nam</w>
<w form="tar-re-de3" lemma="tar" pos="V" label="to cut">tar-re-de3</w>
<w form="cu-za" lemma="cu" pos="N" label="hand">cu-za</w>
<w form="ma-ra-ni-in-ge-en" lemma="gen6" pos="V" label="to be firm">ma-ra-ni-<supplied/>in-ge<suppliedEnd/>-en</w>
</l>
<l n="20" id="c4153.A.20" corresp="t4153.p2">
<supplied/>
<w form="ur-saj" lemma="ur-saj" pos="N" label="hero">ur-saj</w>
<suppliedEnd/>
<w form="&d;nergal" lemma="nergal" pos="N" type="DN" label="Nergal" det="&d;">&d;nergal</w>
<w form="lugal-bi" lemma="lugal" pos="N" label="king">lugal-bi</w>
<supplied/>
<w form="za-e-me-en" lemma="za" pos="PD" type="personal" label="you (sg.)">za-e-me<suppliedEnd/>-<damage/>en</w>
<damageEnd/>
</l>
<l n="21" id="c4153.A.21" corresp="t4153.p3">
<supplied/>
<w form="en" lemma="en" pos="N" label="lord">en</w>
<w form="nij2-me-jar" lemma="nij2-me-jar" pos="N" label="silence">nij2-me<suppliedEnd/>-<damage/>jar</w>
<damageEnd/>
<w form="dumu" lemma="dumu" pos="N" label="child">dumu</w>
<w form="&d;en-lil2-la2" lemma="en-lil2" pos="N" type="DN" label="Enlil" det="&d;">&d;en-lil2-<supplied/>la2<suppliedEnd/></w>
</l>
<l n="22" id="c4153.A.22" corresp="t4153.p3">
<supplied/>
<w form="nam-ur-saj-ja2-na" lemma="nam-ur-saj" pos="N" label="heroism">nam<suppliedEnd/>-<damage/>ur<damageEnd/>-saj-ja2-na</w>
<w form="uru2-gin7" lemma="uru2" pos="N" label="flood">uru2-gin7</w>
<w form="cudu3" lemma="cudu3" pos="N" label="prayer"><unclear cert="qry">cudu3</unclear></w>
<w form="dug4-dug4" lemma="dug4" pos="V" label="to say" form-type="RR">dug4-<supplied/>dug4</w>
<suppliedEnd/>
</l>
<l n="23" id="c4153.A.23" corresp="t4153.p3">
<supplied/>
<w form="nij2-nam-zu" lemma="nij2-nam" pos="PD" type="indefinite" label="anything">nij2<suppliedEnd/>-nam-zu</w>
<damage/>
<w form="&jic;bancur" lemma="bancur" pos="N" label="(offering) table" det="&jic;">&jic;<damageEnd/><supplied/>bancur</w>
<w form="sikil-la-za" lemma="sikil" pos="V" label="to be pure">sikil-la-za</w>
<suppliedEnd/>
</l>
<l n="24" id="c4153.A.24" corresp="t4153.p3">
<damage/>
<w form="uj3" lemma="uj3" pos="N" label="people">uj3</w>
<damageEnd/>
<w form="lagac&ki;-ke4" lemma="lagac" pos="N" type="SN" label="Laga&c;" det="&ki;">lagac&ki;-ke4</w>
<w form="cu" lemma="cu" pos="N" label="hand">cu</w>
<damage/>
<w form="he2-em-ma-an-pec-e" lemma="pec" pos="V" label="to be thick">he2<damageEnd/>-<supplied/>em-ma-an<suppliedEnd/>-pec-e</w>
</l>
<l n="25" id="c4153.A.25" corresp="t4153.p3">
<w form="&d;nergal" lemma="nergal" pos="N" type="DN" label="Nergal" det="&d;"><supplied/>&d;<suppliedEnd/><damage/>nergal<damageEnd/></w>
<w form="ki" lemma="ki" pos="N" label="place">ki</w>
<w form="lagac&ki;" lemma="lagac" pos="N" type="SN" label="Laga&c;" det="&ki;">lagac&ki;</w>
<w form="a2" lemma="a2" pos="N" label="arm">a2</w>
<supplied/>
<w form="bad" lemma="bad" pos="V" label="to open">bad</w>
<w form="hu-mu-un-tum2" lemma="de6" pos="V" label="to carry" form-type="isg">hu-mu-un<suppliedEnd/>-tum2</w>
</l>
<l n="26" id="c4153.A.26" corresp="t4153.p3">
<w form="&d;nergal" lemma="nergal" pos="N" type="DN" label="Nergal" det="&d;"><supplied/>&d;<suppliedEnd/><damage/>nergal<damageEnd/></w>
<w form="en" lemma="en" pos="N" label="lord">en</w>
<w form="nij2-me-jar" lemma="nij2-me-jar" pos="N" label="silence">nij2-me-jar</w>
<w form="dumu" lemma="dumu" pos="N" label="child">dumu</w>
<w form="&d;en-lil2-la2" lemma="en-lil2" pos="N" type="DN" label="Enlil" det="&d;">&d;en-lil2-la2</w>
</l>
<l n="27" id="c4153.A.27" corresp="t4153.p3">
<supplied/>
<w form="nam-ur-saj-ja2-na" lemma="nam-ur-saj" pos="N" label="heroism">nam-ur<suppliedEnd/>-<damage/>saj<damageEnd/>-ja2-na</w>
<w form="uru2-gin7" lemma="uru2" pos="N" label="flood">uru2-gin7</w>
<w form="cudu3" lemma="cudu3" pos="N" label="prayer"><unclear cert="qry">cudu3</unclear></w>
<damage/>
<w form="dug4-dug4" lemma="dug4" pos="V" label="to say" form-type="RR">dug4<damageEnd/>-dug4</w>
</l>
<l n="28" id="c4153.A.28" corresp="t4153.p3">
<supplied/>
<w form="nij2-nam-zu" lemma="nij2-nam" pos="PD" type="indefinite" label="anything">nij2<suppliedEnd/>-<damage/>nam<damageEnd/>-zu</w>
<w form="&jic;bancur" lemma="bancur" pos="N" label="(offering) table" det="&jic;">&jic;bancur</w>
<w form="sikil-la-za" lemma="sikil" pos="V" label="to be pure">sikil-la-za</w>
</l>
<l n="29" id="c4153.A.29" corresp="t4153.p3">
<supplied/>
<w form="uj3" lemma="uj3" pos="N" label="people">uj3</w>
<suppliedEnd/>
<w form="lagac&ki;-ke4" lemma="lagac" pos="N" type="SN" label="Laga&c;" det="&ki;">lagac&ki;-<supplied/>ke4<suppliedEnd/></w>
<damage/>
<w form="cu" lemma="cu" pos="N" label="hand">cu</w>
<damageEnd/>
<w form="he2-em-ma-an-pec-e" lemma="pec" pos="V" label="to be thick">he2-em-ma-an-pec-<supplied/>e</w>
<suppliedEnd/>
</l>
<l n="30" id="c4153.A.30" corresp="t4153.p3">
<w form="&d;nergal" lemma="nergal" pos="N" type="DN" label="Nergal" det="&d;"><supplied/>&d;<suppliedEnd/><damage/>nergal<damageEnd/></w>
<w form="ki" lemma="ki" pos="N" label="place">ki</w>
<w form="lagac&ki;" lemma="lagac" pos="N" type="SN" label="Laga&c;" det="&ki;"><damage/>lagac<damageEnd/>&ki;</w>
<w form="a2" lemma="a2" pos="N" label="arm">a2</w>
<w form="bad" lemma="bad" pos="V" label="to open">bad</w>
<w form="hu-mu-un-tum2" lemma="de6" pos="V" label="to carry" form-type="isg">hu-mu-un-<supplied/>tum2</w>
<suppliedEnd/>
</l>
<trailer place="rubric" type="sa-gida">
<l n="31" id="c4153.A.31" corresp="t4153.p4">
<supplied/>
<w form="sa-gid2-da-am3" lemma="sa-gid2-da" pos="N" label="composition-division">sa<suppliedEnd/>-<damage/>gid2-da<damageEnd/>-<supplied/>am3</w>
<suppliedEnd/>
</l>
</trailer>
</lg>
<lg n="B" type="sa-jara">
<l n="32" id="c4153.B.32" corresp="t4153.p5">
<supplied/>
<w form="&X;" lemma="&X;" label="&X;">&X;</w>
<suppliedEnd/>
<w form="X" lemma="X" label="X">X</w>
<w form="X" lemma="X" label="X">X</w>
<w form="X" lemma="X" label="X">X</w>
<supplied/>
<w form="&X;" lemma="&X;" label="&X;">&X;</w>
<suppliedEnd/>
</l>
<gap extent="2 lines missing"/>
<l n="35" id="c4153.B.35" corresp="t4153.p5">
<supplied/>
<w form="&X;" lemma="&X;" label="&X;">&X;</w>
<suppliedEnd/>
<w form="X" lemma="X" label="X">X</w>
<w form="X" lemma="X" label="X">X</w>
<supplied/>
<w form="&X;" lemma="&X;" label="&X;">&X;</w>
<suppliedEnd/>
</l>
<l n="36" id="c4153.B.36" corresp="t4153.p5">
<supplied/>
<w form="&X;" lemma="&X;" label="&X;">&X;</w>
<suppliedEnd/>
<w form="X" lemma="X" label="X">X</w>
<w form="nam-ur-saj" lemma="nam-ur-saj" pos="N" label="heroism">nam-ur-saj</w>
<damage/>
<w form="mi-ni-&X;" lemma="&X;" label="&X;">mi<damageEnd/>-<supplied/>ni-&X;</w>
<suppliedEnd/>
</l>
<l n="37" id="c4153.B.37" corresp="t4153.p5">
<w form="X" lemma="X" label="X">X</w>
<w form="u2-zar-para3&ki;" lemma="u2-zar-para3" pos="N" type="SN" label="Uzarpara" det="&ki;"><supplied/>u2-zar<suppliedEnd/>-para3&ki;</w>
<w form="ec3" lemma="ec3" pos="N" label="shrine">ec3</w>
<w form="X" lemma="X" label="X">X</w>
<supplied/>
<w form="&X;" lemma="&X;" label="&X;">&X;</w>
<suppliedEnd/>
</l>
<l n="38" id="c4153.B.38" corresp="t4153.p5">
<w form="&d;mec3-lam-ta-e3-a-me-en" lemma="mec3-lam-ta-e3-a" pos="N" type="DN" label="Me&c;lamta-ea" det="&d;">&d;mec3-lam-ta-e3-a-me-<damage/>en<damageEnd/></w>
<supplied/>
<w form="&X;" lemma="&X;" label="&X;">&X;</w>
<suppliedEnd/>
</l>
<l n="39" id="c4153.B.39" corresp="t4153.p5">
<w form="&d;nergal" lemma="nergal" pos="N" type="DN" label="Nergal" det="&d;">&d;<damage/>nergal<damageEnd/></w>
<w form="en" lemma="en" pos="N" label="lord">en</w>
<w form="&d;en-lil2" lemma="en-lil2" pos="N" type="DN" label="Enlil" det="&d;">&d;en-lil2</w>
<w form="kalam-ma-na-me-en" lemma="kalam" pos="N" label="the Land">kalam-<damage/>ma<damageEnd/>-<supplied/>na-me-en</w>
<suppliedEnd/>
</l>
<l n="40" id="c4153.B.40" corresp="t4153.p5">
<w form="&d;al-la-gin7" lemma="al-la" pos="N" type="DN" label="Alla" det="&d;">&d;<damage/><unclear cert="qry">al</unclear>-<unclear cert="qry">la</unclear>-<unclear cert="qry">gin7</unclear><damageEnd/></w>
<w form="gaba-ri" lemma="gaba-ri" pos="N" label="equal">gaba-ri</w>
<damage/>
<w form="nu-tuku-me-en" lemma="tuku" pos="V" label="to have">nu<damageEnd/>-<supplied/>tuku-me-en</w>
<suppliedEnd/>
</l>
<l n="41" id="c4153.B.41" corresp="t4153.p5">
<w form="&d;ictaran-gin7" lemma="ictaran" pos="N" type="DN" label="I&c;taran" det="&d;">&d;<damage/>ictaran-gin7<damageEnd/></w>
<phr type="VP" lemma="di kud" label="to judge">
<w form="di" lemma="di" pos="N" label="(law)suit">di</w>
<damage/>
<phr type="VP" lemma="si sa2" label="to make straight">
<w form="si" lemma="si" pos="N" label="horn">si</w>
<damageEnd/>
<supplied/>
<w form="sa2" lemma="sa2" pos="V" label="to equal">sa2</w>
</phr>
<w form="kud-kud" lemma="kud" pos="V" label="to cut" form-type="RR">kud<suppliedEnd/>-<damage/>kud</w>
</phr>
<w form="mu-e-da-jal2" lemma="jal2" pos="V" label="to be (located)">mu<damageEnd/>-<supplied/>e-da-jal2</w>
<suppliedEnd/>
</l>
<l n="42" id="c4153.B.42" corresp="t4153.p6">
<w form="en" lemma="en" pos="N" label="lord">en</w>
<w form="gu2" lemma="gu2" pos="N" label="neck">gu2</w>
<damage/>
<w form="du3-a" lemma="du3" pos="V" label="to erect">du3<damageEnd/>-<supplied/>a</w>
<suppliedEnd/>
<w form="&d;en-lil2-la2" lemma="en-lil2" pos="N" type="DN" label="Enlil" det="&d;"><supplied/>&d;en<suppliedEnd/>-lil2-la2</w>
<damage/>
<w form="lah6-lah6" lemma="de6" pos="V" label="to carry" form-type="RR-pl">lah6<damageEnd/>-<supplied/>lah6</w>
<w form="cu" lemma="cu" pos="N" label="hand">cu</w>
<w form="jar" lemma="jar" pos="V" label="to place">jar</w>
<suppliedEnd/>
<w form="gi4" lemma="gi4" pos="V" label="to return">gi4</w>
<supplied/>
<w form="a-a-na" lemma="a-a" pos="N" label="father">a-a-na</w>
<suppliedEnd/>
</l>
<l n="43" id="c4153.B.43" corresp="t4153.p6">
<w form="ur-saj" lemma="ur-saj" pos="N" label="hero">ur-saj</w>
<supplied/>
<w form="kalag-ga" lemma="kalag" pos="V" label="to be strong">kalag-ga</w>
<w form="mu-zu-ce3" lemma="mu" pos="N" label="name">mu<suppliedEnd/>-zu-ce3</w>
</l>
<l n="44" id="c4153.B.44" corresp="t4153.p6">
<w form="&d;en-lil2" lemma="en-lil2" pos="N" type="DN" label="Enlil" det="&d;">&d;en-lil2</w>
<supplied/>
<w form="sipad" lemma="sipad" pos="N" label="shepherd">sipad</w>
<suppliedEnd/>
<w form="saj" lemma="saj" pos="N" label="head">saj</w>
<w form="gig2-ga-ke4" lemma="gig2" pos="V" label="to be black">gig2-<supplied/>ga-ke4</w>
<w form="mu-ra-ni-in-sa4" lemma="sa4" pos="V" label="to call">mu<suppliedEnd/>-<damage/>ra<damageEnd/>-ni-in-sa4</w>
</l>
<l n="45" id="c4153.B.45" corresp="t4153.p6">
<w form="dijir-re-e-ne" lemma="dijir" pos="N" label="deity">dijir-re-e-ne</w>
<supplied/>
<w form="nam-zu" lemma="nam" pos="N" label="destiny">nam-zu</w>
<w form="in-tar-re-ec" lemma="tar" pos="V" label="to cut">in-tar-re-ec</w>
<suppliedEnd/>
</l>
<l n="46" id="c4153.B.46" corresp="t4153.p6">
<supplied/>
<w form="&X;" lemma="&X;" label="&X;">&X;</w>
<w form="mu-ra-an-cum2-mu-uc" lemma="cum2" pos="V" label="to give">mu-ra<suppliedEnd/>-<damage/>an<damageEnd/>-cum2-mu-uc</w>
</l>
<l n="47" id="c4153.B.47" corresp="t4153.p6">
<damage/>
<w form="ki-a" lemma="ki" pos="N" label="place">ki<damageEnd/>-a</w>
<supplied/>
<w form="&X;-me-en" lemma="&X;" label="&X;">&X;<suppliedEnd/>-<damage/>me<damageEnd/>-en</w>
</l>
<l n="48" id="c4153.B.48" corresp="t4153.p6">
<w form="an-na" lemma="an" pos="N" label="heaven">an-na</w>
<supplied/>
<w form="&X;-bi-me-en" lemma="&X;" label="&X;">&X;<suppliedEnd/>-bi-me-en</w>
</l>
<l n="49" id="c4153.B.49" corresp="t4153.p6">
<w form="za-pa-aj2-zu" lemma="za-pa-aj2" pos="N" label="noise">za-pa-aj2-zu</w>
<damage/>
<w form="dijir" lemma="dijir" pos="N" label="deity">dijir</w>
<damageEnd/>
<supplied/>
<w form="na-me" lemma="na-me" pos="PD" type="indefinite" label="any">na-me</w>
<suppliedEnd/>
<damage/>
<w form="saj" lemma="saj" pos="N" label="head">saj</w>
<damageEnd/>
<supplied/>
<w form="nu-mu-un-de3-ja2-ja2" lemma="jar" pos="V" label="to place" form-type="rr">nu<suppliedEnd/>-mu-un-de3-ja2-ja2</w>
</l>
<l n="50" id="c4153.B.50" corresp="t4153.p6">
<w form="cul" lemma="cul" pos="N" label="young man">cul</w>
<w form="zid" lemma="zid" pos="AJ" label="right">zid</w>
<w form="nam-uc2" lemma="nam-uc2" pos="N" label="death">nam-uc2</w>
<supplied/>
<w form="&X;-e" lemma="&X;" label="&X;">&X;<suppliedEnd/>-e</w>
<w form="u2-a" lemma="u2-a" pos="N" label="provisioner">u2-<supplied/>a</w>
<w form="ki" lemma="ki" pos="N" label="place">ki</w>
<suppliedEnd/>
<w form="lagac&ki;-ke4" lemma="lagac" pos="N" type="SN" label="Laga&c;" det="&ki;"><damage/>lagac<damageEnd/>&ki;-ke4</w>
</l>
<l n="51" id="c4153.B.51" corresp="t4153.p6">
<w form="&d;mec3-lam-ta-e3-a" lemma="mec3-lam-ta-e3-a" pos="N" type="DN" label="Me&c;lamta-ea" det="&d;">&d;mec3-lam-<supplied/>ta-e3-a<suppliedEnd/></w>
<damage/>
<w form="cir3-re-ec2" lemma="cir3" pos="N" label="song">cir3-re-ec2</w>
<damageEnd/>
<w form="he2-i-i" lemma="i" pos="V" label="to bring out" form-type="RR">he2-i-i</w>
</l>
<l n="52" id="c4153.B.52" corresp="t4153.p7">
<w form="en" lemma="en" pos="N" label="lord">en</w>
<w form="dug4-ga" lemma="dug4" pos="V" label="to say">dug4-<damage/>ga</w>
<damageEnd/>
<supplied/>
<w form="zid-da" lemma="zid" pos="AJ" label="right">zid-da</w>
<w form="en" lemma="en" pos="N" label="lord">en</w>
<suppliedEnd/>
<w form="he2-jal2-la" lemma="he2-jal2" pos="N" label="plenty">he2-jal2-la</w>
</l>
<l n="53" id="c4153.B.53" corresp="t4153.p7">
<w form="ur-saj" lemma="ur-saj" pos="N" label="hero">ur-saj</w>
<w form="mu-zu-ce3" lemma="mu" pos="N" label="name">mu-<supplied/>zu-ce3</w>
<w form="cu-kin" lemma="cu-kin" pos="N" label="obeisance">cu-kin</w>
<w form="mu-ra-an-dab-dab-be2" lemma="dab5" pos="V" label="to seize" form-type="RR">mu-ra<suppliedEnd/>-<damage/>an<damageEnd/>-dab-dab-be2</w>
</l>
<l n="54" id="c4153.B.54" corresp="t4153.p7">
<w form="ab" lemma="ab" pos="N" label="sea">ab</w>
<w form="hu-luh-ha" lemma="huluh" pos="V" label="to be frightened">hu-luh-<supplied/>ha</w>
<w form="&X;" lemma="&X;" label="&X;">&X;</w>
<suppliedEnd/>
<damage/>
<w form="zig3-ga-gin7" lemma="zig3" pos="V" label="to rise">zig3<damageEnd/>-ga-gin7</w>
</l>
<l n="55" id="c4153.B.55" corresp="t4153.p7">
<w form="nam-lugal-zu-da" lemma="nam-lugal" pos="N" label="kingship">nam-lugal-<supplied/>zu-da</w>
<w form="ni2" lemma="ni2" pos="N" label="fear(someness)">ni2</w>
<w form="huc" lemma="huc" pos="V" label="to be reddish">huc</w>
<w form="im-da-ri" lemma="ri" pos="V" label="to direct">im<suppliedEnd/>-da-ri</w>
</l>
<l n="56" id="c4153.B.56" corresp="t4153.p7">
<w form="ur-saj" lemma="ur-saj" pos="N" label="hero">ur-saj</w>
<w form="a2" lemma="a2" pos="N" label="arm">a2</w>
<damage/>
<w form="mah" lemma="mah" pos="V" label="to be majestic">mah</w>
<damageEnd/>
<supplied/>
<w form="X" lemma="X" label="X">X</w>
<w form="X" lemma="X" label="X">X</w>
<suppliedEnd/>
<damage/>
<w form="ki-bal-X" lemma="ki-bal" pos="N" label="rebel land">ki-bal<damageEnd/>-X</w>
<supplied/>
<w form="zar-re-ec" lemma="zar" pos="N" label="sheaf">zar<suppliedEnd/>-re-ec</w>
<w form="mu-e-dub" lemma="dub" pos="V" label="to heap up">mu-e-dub</w>
</l>
<l n="57" id="c4153.B.57" corresp="t4153.p7">
<w form="&d;nergal" lemma="nergal" pos="N" type="DN" label="Nergal" det="&d;">&d;nergal</w>
<damage/>
<w form="mu-zu" lemma="mu" pos="N" label="name">mu-zu</w>
<damageEnd/>
<w form="cir3-re" lemma="cir3" pos="N" label="song"><unclear cert="qry">cir3</unclear>-<damage/>re</w>
<w form="mu-ra-an-jal2" lemma="jal2" pos="V" label="to be (located)">mu<damageEnd/>-ra-an-jal2</w>
</l>
<l n="58" id="c4153.B.58" corresp="t4153.p7">
<w form="nin" lemma="nin" pos="N" label="lady">nin</w>
<w form="dumu" lemma="dumu" pos="N" label="child">dumu</w>
<w form="an-na" lemma="an" pos="N" type="DN" label="An">an-na</w>
<damage/>
<w form="nin" lemma="nin" pos="N" label="lady"><unclear cert="qry">nin</unclear></w>
<w form="iri-ni" lemma="iri" pos="N" label="town"><unclear cert="qry">iri</unclear><damageEnd/>-ni</w>
<w form="ki" lemma="ki" pos="N" label="place">ki</w>
<w form="aj2" lemma="aj2" pos="V" label="to measure">aj2</w>
</l>
<l n="59" id="c4153.B.59" corresp="t4153.p7">
<w form="&d;ba-u2" lemma="ba-u2" pos="N" type="DN" label="Bau" det="&d;">&d;ba-u2</w>
<w form="mu-un-da-kuc2-u3-de3" lemma="kuc2" pos="V" label="to be tired">mu-un-da-kuc2-u3-de3</w>
</l>
<l n="60" id="c4153.B.60" corresp="t4153.p7">
<w form="iri-kug&ki;-e" lemma="iri-kug" pos="N" type="SN" label="Iri-kug" det="&ki;">iri-kug&ki;-e</w>
<w form="iri" lemma="iri" pos="N" label="town">iri</w>
<w form="nam-nin-a-ka-na" lemma="nam-nin" pos="N" label="ladyship">nam-nin-a-ka-na</w>
</l>
<l n="61" id="c4153.B.61" corresp="t4153.p7">
<w form="bal" lemma="bal" pos="N" label="term (in office)">bal</w>
<w form="ud" lemma="ud" pos="N" label="day(light)">ud</w>
<w form="su3-ra2" lemma="sud" pos="V" label="to be distant">su3-ra2</w>
<supplied/>
<w form="&X;" lemma="&X;" label="&X;">&X;</w>
<suppliedEnd/>
<w form="gub-bu-zu" lemma="gub" pos="V" label="to stand">gub-bu-zu</w>
<damage/>
<w form="pa" lemma="pa" pos="N" label="branch">pa</w>
<damageEnd/>
<w form="he2-em-ma-ni-in-e3" lemma="e3" pos="V" label="to go out or in">he2-em-ma-ni-in-e3</w>
</l>
<trailer place="rubric" type="sa-jara">
<l n="62" id="c4153.B.62" corresp="t4153.p8">
<w form="sa-jar-ra" lemma="sa-jar-ra" pos="N" label="composition-division">sa-<supplied/>jar<suppliedEnd/>-<damage/>ra</w>
<damageEnd/>
</l>
</trailer>
</lg>
<trailer place="subscript" type="tigi">
<l n="63" id="c4153.B.63" corresp="t4153.p9">
<w form="tigi" lemma="tigi" pos="N" label="type of instrument and composition">tigi</w>
<w form="&d;nergal-kam" lemma="nergal" pos="N" type="DN" label="Nergal" det="&d;">&d;nergal-kam</w>
</l>
</trailer>
</body>
</text>
</TEI.2>
