<TEI.2 id="c.4.08.10">
<teiHeader lang="eng">
<fileDesc>
<titleStmt>
<title>A song of Inana and Dumuzid (Dumuzid-Inana J) -- a composite transliteration</title>
<respStmt><name>Jeremy Black</name><resp>Project Director and Editor</resp></respStmt>
<respStmt><name>G&aacute;bor Z&oacute;lyomi</name><resp>Editor</resp></respStmt>
<respStmt><name>Graham Cunningham</name><resp>Editor</resp></respStmt>
<respStmt><name>Eleanor Robson</name><resp>Technical Developer</resp></respStmt>
<respStmt><name>Jarle Ebeling</name><resp>Technical Developer</resp></respStmt>
</titleStmt>
<publicationStmt>
<distributor>The Electronic Text Corpus of Sumerian Literature
</distributor><address><addrLine>The Oriental Institute, University of Oxford, Pusey Lane, Oxford OX1 2LE, UK, email etcsl&commat;orinst.ox.ac.uk, http://etcsl.orinst.ox.ac.uk</addrLine></address>
<date>1999</date>
</publicationStmt>
<seriesStmt><p>The Electronic Text Corpus of Sumerian Literature aims to make accessible over 400 literary works composed in the Sumerian language in ancient Mesopotamia during the late third and early second millennia BC. The works are in Sumerian composite transliteration and English prose translation with bibliographical information on each composition.</p></seriesStmt>
<sourceDesc>
<listBibl type="secondary">
<bibl><xref from="b309">Krecher 1996b</xref><biblScope type="contents">composite text, translation</biblScope><note>electronic source</note></bibl>
<bibl><xref from="b597">Alster 1985a</xref><biblScope type="contents">translation, score transliteration, commentary</biblScope></bibl>
</listBibl>
<listBibl type="tablets">
<bibl><biblScope type="museumNumber">UET 6/1 22</biblScope></bibl>
</listBibl>
</sourceDesc>
</fileDesc>
<revisionDesc>
<change><date>28.i.1999-13.ii.1999</date><respStmt><name>JAB</name><resp>editor</resp></respStmt>
<item>standardisation</item></change>
<change><date>05.viii.1999</date><respStmt><name>GC</name><resp>editor</resp></respStmt>
<item>proofreading</item></change>
<change><date>18.x.1999</date><respStmt><name>GZ</name><resp>editor</resp></respStmt>
<item>SGML tagging</item></change>
<change><date>29.x.1999</date><respStmt><name>ER</name><resp>editor</resp></respStmt>
<item>proofreading SGML</item></change>
<change><date>29.x.1999</date><respStmt><name>ER</name><resp>editor</resp></respStmt>
<item>web publication</item></change>
<change><date>01.vi.2003</date><respStmt><name>GC/JE</name><resp>editor/technical developer</resp></respStmt>
<item>XML/TEI conversion</item></change>
<change><date>30.iii.2005</date><respStmt><name>GC/JE</name><resp>senior editor/technical developer</resp></respStmt>
<item>lemmatised version published</item></change>
</revisionDesc>
</teiHeader>
<text lang="sux">
<body>
<l n="1" id="c40810.1" corresp="t40810.p1">
<supplied/>
<w form="X" lemma="X" label="X">X</w>
<suppliedEnd/>
<w form="nin9" lemma="nin9" pos="N" label="sister">nin9</w>
<w form="ki" lemma="ki" pos="N" label="place">ki</w>
<w form="aj2" lemma="aj2" pos="V" label="to measure">aj2</w>
<w form="&d;dumu-zid-de3" lemma="dumu-zid" pos="N" type="DN" label="Dumuzid" det="&d;">&d;dumu-zid-de3</w>
</l>
<l n="2" id="c40810.2" corresp="t40810.p1">
<supplied/>
<w form="X" lemma="X" label="X">X</w>
<suppliedEnd/>
<damage/>
<w form="GADA&times;KID2" lemma="GADA&times;KID2" label="GADA&times;KID&s2;">GADA&times;KID2</w>
<damageEnd/>
<w form="ki" lemma="ki" pos="N" label="place">ki</w>
<w form="aj2" lemma="aj2" pos="V" label="to measure">aj2</w>
<w form="&d;dur7-tur8-e" lemma="dur7-tur" pos="N" type="DN" label="Durtur" det="&d;">&d;dur7-tur8-e</w>
</l>
<l n="3" id="c40810.3" corresp="t40810.p1">
<w form="a" lemma="a" pos="N" label="water">a</w>
<w form="X" lemma="X" label="X">X</w>
<w form="am" lemma="am" pos="N" label="wild bull">am</w>
<w form="zid-de3" lemma="zid" pos="AJ" label="right">zid-de3</w>
<w form="cag4-ga" lemma="cag4" pos="N" label="heart">cag4-ga</w>
<w form="ri-a" lemma="ri" pos="V" label="to direct">ri-a</w>
</l>
<l n="4" id="c40810.4" corresp="t40810.p1">
<w form="nin-ju10" lemma="nin" pos="N" label="lady">nin-ju10</w>
<w form="nam-nin-e" lemma="nam-nin" pos="N" label="ladyship">nam-nin-e</w>
<w form="tud-da" lemma="tud" pos="V" label="to give birth">tud-da</w>
</l>
<l n="5" id="c40810.5" corresp="t40810.p1">
<w form="&e2;tur3-e" lemma="tur3" pos="N" label="animal stall" det="&e2;">&e2;tur3-e</w>
<w form="i3" lemma="i3" pos="N" label="fatty substance">i3</w>
<w form="gara2" lemma="gara2" pos="N" label="cream">gara2</w>
<w form="mu-un-da-ab-si" lemma="si" pos="V" label="to fill">mu-un-da-ab-si</w>
</l>
<l n="6" id="c40810.6" corresp="t40810.p1">
<w form="amac-e" lemma="amac" pos="N" label="sheepfold">amac-e</w>
<w form="ga" lemma="ga" pos="N" label="milk">ga</w>
<supplied/>
<w form="mu-un-da-an-gid2-e" lemma="gid2" pos="V" label="to be long">mu<suppliedEnd/>-un-da-an-gid2-e</w>
</l>
<l n="7" id="c40810.7" corresp="t40810.p1">
<w form="an-edin-ne2" lemma="an-edin" pos="N" label="high plain">an-edin-ne2</w>
<supplied/>
<w form="Xbr" lemma="Xbr" label="Xbr">(X)</w>
<suppliedEnd/>
<w form="X-ju10" lemma="X" label="X">X-ju10</w>
<w form="&d;jectin-an-na-me-en" lemma="jectin-an-na" pos="N" type="DN" label="&G;e&c;tin-ana" det="&d;">&d;jectin-an-na-me-en</w>
</l>
<l n="8" id="c40810.8" corresp="t40810.p1">
<w form="a" lemma="a" pos="I" label="soothing expression">a</w>
<w form="ki-sikil" lemma="ki-sikil" pos="N" label="young woman">ki-sikil</w>
<w form="X" lemma="X" label="X">X</w>
<supplied/>
<w form="&X;" lemma="&X;" label="&X;">&X;</w>
<w form="na-nam" lemma="me" pos="V" label="to be">na<suppliedEnd/>-nam</w>
</l>
<l n="9" id="c40810.9" corresp="t40810.p1">
<w form="tur-tur-zu" lemma="tur" pos="V" label="to be small" form-type="RR">tur-tur-zu</w>
<supplied/>
<w form="&X;" lemma="&X;" label="&X;">&X;</w>
<suppliedEnd/>
<damage/>
<w form="na-nam" lemma="me" pos="V" label="to be">na<damageEnd/>-nam</w>
</l>
<l n="10" id="c40810.10" corresp="t40810.p1">
<w form="unug&ki;-ga" lemma="unug" pos="N" type="SN" label="Unug" det="&ki;">unug&ki;-ga</w>
<supplied/>
<w form="&X;-bi" lemma="&X;" label="&X;">&X;<suppliedEnd/>-<damage/>bi</w>
<damageEnd/>
<w form="na-nam" lemma="me" pos="V" label="to be">na-nam</w>
</l>
<l n="11" id="c40810.11" corresp="t40810.p1">
<w form="kul-aba4&ki;" lemma="kul-aba" pos="N" type="SN" label="Kulaba" det="&ki;">kul-aba4&ki;</w>
<supplied/>
<w form="&X;" lemma="&X;" label="&X;">&X;</w>
<suppliedEnd/>
<w form="X-bi" lemma="X" label="X">X-bi</w>
<w form="na-nam" lemma="me" pos="V" label="to be">na-nam</w>
</l>
<l n="12" id="c40810.12" corresp="t40810.p1">
<w form="mu" lemma="mu" pos="N" label="name">mu</w>
<w form="ud" lemma="ud" pos="N" label="day(light)">ud</w>
<w form="X" lemma="X" label="X">X</w>
<w form="X-me-en" lemma="X" label="X">X-me-en</w>
<w form="RU-RU-a-na" lemma="RU" label="RU" form-type="RR">RU-RU-a-na</w>
<w form="X" lemma="X" label="X">X</w>
<supplied/>
<w form="Xbr" lemma="Xbr" label="Xbr">(X)</w>
<suppliedEnd/>
</l>
<l n="13" id="c40810.13" corresp="t40810.p2">
<w form="ki-sikil-e" lemma="ki-sikil" pos="N" label="young woman">ki-sikil-<supplied/>e</w>
<w form="bar" lemma="bar" pos="N" label="outside">bar</w>
<suppliedEnd/>
<w form="cec-a-na-ka" lemma="cec" pos="N" label="brother">cec-a-na-<supplied/>ka</w>
<suppliedEnd/>
</l>
<l n="14" id="c40810.14" corresp="t40810.p2">
<w form="igi" lemma="igi" pos="N" label="eye">igi</w>
<w form="mu-un-na-hur" lemma="hur" pos="V" label="to scratch">mu-un-na-hur</w>
<w form="giri17" lemma="giri17" pos="N" label="nose">giri17</w>
<w form="mu-un-na-hur" lemma="hur" pos="V" label="to scratch">mu-un-<damage/>na<damageEnd/>-<supplied/>hur</w>
<suppliedEnd/>
</l>
<l n="15" id="c40810.15" corresp="t40810.p2">
<w form="ki" lemma="ki" pos="N" label="place">ki</w>
<w form="lu2-da" lemma="lu2" pos="N" label="person">lu2-da</w>
<w form="nu-u6-di" lemma="dug4" pos="V" label="to say" form-type="nfi">nu-u6-di</w>
<w form="hac2-gal" lemma="hac2-gal" pos="N" label="upper thigh">hac2-gal</w>
<w form="mu-un-na-hur" lemma="hur" pos="V" label="to scratch">mu-<damage/>un<damageEnd/>-<supplied/>na-hur</w>
<suppliedEnd/>
</l>
<l n="16" id="c40810.16" corresp="t40810.p2">
<w form="&e2;ec2-dam" lemma="ec2-dam" pos="N" label="tavern" det="&e2;">&e2;ec2-dam</w>
<w form="e2-gal-la" lemma="e2-gal" pos="N" label="palace">e2-gal-la</w>
<phr type="VP" lemma="si sa2" label="to make straight">
<w form="si" lemma="si" pos="N" label="horn">si</w>
<w form="ba-ni-in-sa2" lemma="sa2" pos="V" label="to equal">ba-ni-in-sa2</w>
</phr>
</l>
<l n="17" id="c40810.17" corresp="t40810.p2">
<w form="sukkal" lemma="sukkal" pos="N" label="minister">sukkal</w>
<w form="lu2" lemma="lu2" pos="N" label="person">lu2</w>
<w form="e2-gal-la-ta" lemma="e2-gal" pos="N" label="palace">e2-gal-la-ta</w>
<w form="e3-a" lemma="e3" pos="V" label="to go out or in">e3-a</w>
<w form="ki-sikil-e" lemma="ki-sikil" pos="N" label="young woman">ki-sikil-e</w>
<phr type="VP" lemma="en3 tar" label="to ask">
<w form="en3" lemma="en3" pos="N" label="noun part of multiword verb"><term id="c40810.t1">en3</term><gloss lang="sux" target="c40810.t1">en</gloss></w>
<w form="mu-un-tar-re" lemma="tar" pos="V" label="to cut">mu-un-tar-re-<corr resp="scrAdd"/>en<corrEnd/></w>
</phr>
</l>
<l n="18" id="c40810.18" corresp="t40810.p3">
<w form="sukkal" lemma="sukkal" pos="N" label="minister">sukkal</w>
<w form="lu2" lemma="lu2" pos="N" label="person">lu2</w>
<w form="e2-gal-la-ta" lemma="e2-gal" pos="N" label="palace">e2-gal-la-ta</w>
<w form="e3-a" lemma="e3" pos="V" label="to go out or in">e3-a</w>
<w form="ki-sikil-ra" lemma="ki-sikil" pos="N" label="young woman">ki-sikil-<supplied/>ra</w>
<suppliedEnd/>
<w form="mu-un-na-ab-gi4" lemma="gi4" pos="V" label="to return">mu-un-na-ab-gi4</w>
</l>
<l n="19" id="c40810.19" corresp="t40810.p3">
<w form="cec-zu" lemma="cec" pos="N" label="brother">cec-zu</w>
<w form="nam-en-ce3" lemma="nam-en" pos="N" label="high (priestly) office">nam-en-ce3</w>
<w form="cu" lemma="cu" pos="N" label="hand">cu</w>
<w form="mu-un-ja2-ja2-a" lemma="jar" pos="V" label="to place" form-type="rr">mu-<damage/>un-ja2<damageEnd/>-ja2-a</w>
</l>
<l n="20" id="c40810.20" corresp="t40810.p3">
<w form="nam-en" lemma="nam-en" pos="N" label="high (priestly) office">nam-en</w>
<w form="unug&ki;-ga" lemma="unug" pos="N" type="SN" label="Unug" det="&ki;">unug&ki;-ga</w>
<w form="nij2" lemma="nij2" pos="N" label="thing">nij2</w>
<w form="X" lemma="X" label="X">X</w>
<w form="X-e" lemma="X" label="X">X-e</w>
</l>
<l n="21" id="c40810.21" corresp="t40810.p3">
<w form="me" lemma="me" pos="N" label="essence">me</w>
<w form="hal-hal-ne" lemma="hal" pos="V" label="to divide out" form-type="RR">hal-hal-ne</w>
<w form="10" lemma="10" pos="NU" type="cardinal" label="10">10</w>
<w form="icib-ne" lemma="icib" pos="N" label="type of priest">icib-ne</w>
</l>
<l n="22" id="c40810.22" corresp="t40810.p3">
<w form="ki" lemma="ki" pos="N" label="place">ki</w>
<w form="za-za-a-ne" lemma="za" pos="V" label="to bow down" form-type="RR">za-za-a-ne</w>
<w form="a-tu5-a-tu5-a-ne" lemma="a-tu5-a-tu5" pos="N" label="type of priest" form-type="RR">a-tu5-a-tu5-a-ne</w>
<w form="susbu2-be-e-ne" lemma="susbu" pos="N" label="type of priest">susbu2-be-e-ne</w>
</l>
<l n="23" id="c40810.23" corresp="t40810.p3">
<w form="itid-da" lemma="itid" pos="N" label="moon(light)">itid-da</w>
<w form="ec3" lemma="ec3" pos="N" label="shrine">ec3</w>
<w form="gal-e" lemma="gal" pos="V" label="to be big">gal-e</w>
<w form="itid" lemma="itid" pos="N" label="moon(light)">itid</w>
<w form="du-de3" lemma="jen" pos="V" label="to go" form-type="isg">du-de3</w>
<phr type="VP" lemma="muc3 de6" label="to cease">
<w form="muc2" lemma="muc3" pos="N" label="face">muc2</w>
<w form="nu-tum2-mu-ne" lemma="de6" pos="V" label="to carry" form-type="isg">nu-tum2-mu-ne</w>
</phr>
</l>
<l n="24" id="c40810.24" corresp="t40810.p3">
<w form="cec-zu" lemma="cec" pos="N" label="brother">cec-zu</w>
<w form="nam-en-ce3" lemma="nam-en" pos="N" label="high (priestly) office">nam-en-ce3</w>
<w form="cu" lemma="cu" pos="N" label="hand">cu</w>
<w form="mu-un-ja2-ja2-a" lemma="jar" pos="V" label="to place" form-type="rr">mu-un-ja2-ja2-a</w>
</l>
<l n="25" id="c40810.25" corresp="t40810.p4">
<w form="ud-bi-a" lemma="ud" pos="N" label="day(light)">ud-bi-a</w>
<w form="7" lemma="7" pos="NU" type="cardinal" label="7">7</w>
<w form="he2-en-na-me-ec" lemma="me" pos="V" label="to be">he2-en-na-me-ec</w>
<w form="7" lemma="7" pos="NU" type="cardinal" label="7">7</w>
<w form="he2-en-na-me-ec" lemma="me" pos="V" label="to be">he2-en-na-me-ec</w>
</l>
<l n="26" id="c40810.26" corresp="t40810.p4">
<w form="cir3" lemma="cir3" pos="N" label="song">cir3</w>
<w form="dug4-dug4" lemma="dug4" pos="V" label="to say" form-type="RR">dug4-dug4</w>
<w form="unug&ki;-ga" lemma="unug" pos="N" type="SN" label="Unug" det="&ki;">unug&ki;-ga</w>
<w form="7-me-ec" lemma="7" pos="NU" type="cardinal" label="7">7-me-ec</w>
</l>
<l n="27" id="c40810.27" corresp="t40810.p4">
<w form="zabalam&ki;" lemma="zabalam" pos="N" type="SN" label="Zabalam" det="&ki;">zabalam&ki;</w>
<w form="ad" lemma="ad" pos="N" label="voice">ad</w>
<w form="ca4-ca4" lemma="ca4" pos="V" label="verb part of multiword verb" form-type="RR">ca4-ca4</w>
<w form="50-me-ec" lemma="50" pos="NU" type="cardinal" label="50">50-me-ec</w>
</l>
<l n="28" id="c40810.28" corresp="t40810.p4">
<w form="e-ne-ne" lemma="e-ne-ne" pos="PD" type="personal" label="they">e-ne-ne</w>
<w form="an-na" lemma="an" pos="N" label="heaven">an-na</w>
<w form="mul" lemma="mul" pos="N" label="star">mul</w>
<w form="zu-me-ec" lemma="zu" pos="V" label="to know">zu-me-ec</w>
<w form="ki" lemma="ki" pos="N" label="place">ki</w>
<w form="har-ra-an" lemma="har-ra-an" pos="N" label="route">har-ra-an</w>
<w form="zu-me-ec" lemma="zu" pos="V" label="to know">zu-me-ec</w>
</l>
<l n="29" id="c40810.29" corresp="t40810.p4">
<w form="an-na" lemma="an" pos="N" label="heaven">an-na</w>
<w form="dajal-ba" lemma="dajal" pos="V" label="to be wide">dajal-ba</w>
<w form="nesaj" lemma="nesaj" pos="N" label="(first-fruit) offering">nesaj</w>
<w form="il2-la-me-ec" lemma="il2" pos="V" label="to raise">il2-la-me-ec</w>
</l>
<l n="30" id="c40810.30" corresp="t40810.p4">
<w form="e-ne-ne" lemma="e-ne-ne" pos="PD" type="personal" label="they">e-ne-ne</w>
<w form="cir3" lemma="cir3" pos="N" label="song">cir3</w>
<w form="im-zi-zi-ne" lemma="zig3" pos="V" label="to rise" form-type="rr">im-zi-zi-ne</w>
<w form="cir3" lemma="cir3" pos="N" label="song">cir3</w>
<w form="im-ja2-ja2-ne" lemma="jar" pos="V" label="to place" form-type="rr">im-ja2-ja2-ne</w>
</l>
<l n="31" id="c40810.31" corresp="t40810.p4">
<w form="cir3-e" lemma="cir3" pos="N" label="song">cir3-e</w>
<w form="saj-bi" lemma="saj" pos="N" label="head">saj-bi</w>
<w form="nu-mu-un-ne-pad3-ne" lemma="pad3" pos="V" label="to find">nu-mu-un-ne-pad3-ne</w>
</l>
<l n="32" id="c40810.32" corresp="t40810.p4">
<w form="ad-da" lemma="ad-da" pos="N" label="father">ad-da</w>
<w form="ki-gub-ba" lemma="ki-gub" pos="N" label="location">ki-gub-ba</w>
<w form="nu-mu-un-ja2-ja2-me-ec" lemma="jar" pos="V" label="to place" form-type="rr">nu-mu-un-ja2-ja2-me-ec</w>
</l>
<l n="33" id="c40810.33" corresp="t40810.p5">
<w form="nin9" lemma="nin9" pos="N" label="sister">nin9</w>
<w form="ban3-da" lemma="ban3-da" pos="AJ" label="junior">ban3-da</w>
<w form="murub4-bi-a" lemma="murub4" pos="N" label="middle">murub4-bi-a</w>
<w form="til3-la" lemma="til3" pos="V" label="to live">til3-la</w>
<w form="gu3" lemma="gu3" pos="N" label="voice">gu3</w>
<w form="mu-un-na-de2-e" lemma="de2" pos="V" label="to pour">mu-un-na-de2-e</w>
</l>
<l n="34" id="c40810.34" corresp="t40810.p5">
<w form="gaba" lemma="gaba" pos="N" label="chest">gaba</w>
<w form="ba-da-ab-gu-la" lemma="gal" pos="V" label="to be big">ba-da-ab-gu-la</w>
<w form="gaba" lemma="gaba" pos="N" label="chest">gaba</w>
<w form="ba-da-ab-tur-ra" lemma="tur" pos="V" label="to be small">ba-da-ab-<supplied/>tur-ra</w>
<suppliedEnd/>
<w form="gu3" lemma="gu3" pos="N" label="voice">gu3</w>
<w form="mu-un-na-de2-e" lemma="de2" pos="V" label="to pour">mu-<damage/>un<damageEnd/>-<supplied/>na-de2-e</w>
<suppliedEnd/>
</l>
<l n="35" id="c40810.35" corresp="t40810.p5">
<w form="me-e-de3" lemma="me-en-de3-en" pos="PD" type="personal" label="we">me-e-de3</w>
<w form="cir3" lemma="cir3" pos="N" label="song">cir3</w>
<damage/>
<w form="im-zi-zi-de3" lemma="zig3" pos="V" label="to rise" form-type="rr">im-zi<damageEnd/>-zi-de3</w>
<w form="cir3" lemma="cir3" pos="N" label="song"><unclear cert="qry">cir3</unclear></w>
<supplied/>
<w form="im-ja2-ja2-ze2-en" lemma="jar" pos="V" label="to place" form-type="rr">im-ja2<suppliedEnd/>-<damage/>ja2<damageEnd/>-ze2-en</w>
</l>
<l n="36" id="c40810.36" corresp="t40810.p5">
<supplied/>
<w form="&X;" lemma="&X;" label="&X;">&X;</w>
<w form="murub4-bi-a" lemma="murub4" pos="N" label="middle">murub4<suppliedEnd/>-<damage/>bi<damageEnd/>-a</w>
<w form="nu-mu-un-til3" lemma="til3" pos="V" label="to live">nu-mu-un-til3</w>
</l>
<l n="37" id="c40810.37" corresp="t40810.p5">
<supplied/>
<w form="X" lemma="X" label="X">X</w>
<w form="X" lemma="X" label="X">X</w>
<w form="er2-cem3-ma-ka" lemma="er2-cem3" pos="N" label="type of song">er2<suppliedEnd/>-<damage/>cem3<damageEnd/>-ma-ka</w>
<w form="mu-un-til3" lemma="til3" pos="V" label="to live">mu-un-til3</w>
</l>
<l n="38" id="c40810.38" corresp="t40810.p5">
<supplied/>
<w form="er2-cem3-ma-kam" lemma="er2-cem3" pos="N" label="type of song">er2<suppliedEnd/>-<damage/>cem3<damageEnd/>-ma-kam</w>
<w form="kug" lemma="kug" pos="N" label="precious metal">kug</w>
<w form="za-gin3-a-ka" lemma="za-gin3" pos="N" label="lapis lazuli">za-gin3-a-ka</w>
<w form="gu3-dim-ma-ka" lemma="kug-dim2" pos="N" label="metalsmith">gu3-dim-ma-ka</w>
<w form="mu-un-til3" lemma="til3" pos="V" label="to live">mu-un-til3</w>
</l>
</body>
</text>
</TEI.2>
