<TEI.2 id="c.4.80.2">
<teiHeader lang="eng">
<fileDesc>
<titleStmt>
<title>The Ke&c; temple hymn -- a composite transliteration</title>
<respStmt><name>Jeremy Black</name><resp>Project Director and Editor</resp></respStmt>
<respStmt><name>G&aacute;bor Z&oacute;lyomi</name><resp>Editor</resp></respStmt>
<respStmt><name>Graham Cunningham</name><resp>Editor</resp></respStmt>
<respStmt><name>Eleanor Robson</name><resp>Technical Developer</resp></respStmt>
<respStmt><name>Jarle Ebeling</name><resp>Technical Developer</resp></respStmt>
</titleStmt>
<publicationStmt>
<distributor>The Electronic Text Corpus of Sumerian Literature
</distributor><address><addrLine>The Oriental Institute, University of Oxford, Pusey Lane, Oxford OX1 2LE, UK, email etcsl&commat;orinst.ox.ac.uk, http://etcsl.orinst.ox.ac.uk</addrLine></address>
<date>2000</date>
</publicationStmt>
<seriesStmt><p>The Electronic Text Corpus of Sumerian Literature aims to make accessible over 400 literary works composed in the Sumerian language in ancient Mesopotamia during the late third and early second millennia BC. The works are in Sumerian composite transliteration and English prose translation with bibliographical information on each composition.</p></seriesStmt>
<sourceDesc>
<listBibl type="secondary">
<bibl><xref from="b270">Civil 1989e</xref><biblScope type="contents">composite text</biblScope><note>electronic source</note></bibl>
<bibl><xref from="b308">Krecher 1996a</xref><biblScope type="contents">composite text, translation</biblScope><note>electronic source</note></bibl>
<bibl><xref from="b983">Civil 1992g</xref><biblScope type="contents">composite text</biblScope><note>electronic source</note></bibl>
<bibl><xref from="b485">Gragg 1969</xref><biblScope type="contents">composite text, score transliteration, translation, handcopy, commentary</biblScope></bibl>
<bibl><xref from="b512">Biggs 1971</xref><biblScope type="contents">commentary, translation, score transliteration</biblScope></bibl>
<bibl><xref from="b513">Wilcke 1987a</xref><biblScope type="page">85-89</biblScope><biblScope type="contents">score transliteration, commentary</biblScope><note>IB 1511 (Sammeltafel)</note></bibl>
<bibl><xref from="b514">Geller 1996</xref><biblScope type="page">68-79</biblScope><biblScope type="contents">score transliteration, photograph, handcopy, commentary</biblScope><note>BM 115798</note></bibl>
<bibl><xref from="b11">Jacobsen 1987</xref><biblScope type="page">377-385</biblScope><biblScope type="contents">translation, commentary</biblScope></bibl>
</listBibl>
<listBibl type="tablets">
<bibl><biblScope type="museumNumber">AO 6717 (TCL 16 55)</biblScope></bibl>
<bibl><biblScope type="museumNumber">Ash 1911-405 (BL 197; RA 16 208f.)</biblScope></bibl>
<bibl><biblScope type="museumNumber">Ash 1929-478 (OECT 5 7)</biblScope></bibl>
<bibl><biblScope type="museumNumber">BM 115798</biblScope></bibl>
<bibl><biblScope type="museumNumber">CBS 1756</biblScope></bibl>
<bibl><biblScope type="museumNumber">CBS 2195</biblScope></bibl>
<bibl><biblScope type="museumNumber">CBS 6520 (SLT 120)</biblScope></bibl>
<bibl><biblScope type="museumNumber">CBS 7802 + CBS 13625 (both SEM 108)</biblScope></bibl>
<bibl><biblScope type="museumNumber">CBS 7903</biblScope></bibl>
<bibl><biblScope type="museumNumber">CBS 8384 (MBI 11)</biblScope></bibl>
<bibl><biblScope type="museumNumber">CBS 10193</biblScope></bibl>
<bibl><biblScope type="museumNumber">CBS 10196! (not 96107)</biblScope></bibl>
<bibl><biblScope type="museumNumber">CBS 11876 (HAV 8)</biblScope></bibl>
<bibl><biblScope type="museumNumber">CBS 14031 (PBS 10/2 22)</biblScope></bibl>
<bibl><biblScope type="museumNumber">CBS 14153 (SEM 109)</biblScope></bibl>
<bibl><biblScope type="museumNumber">CBS 15037</biblScope></bibl>
<bibl><biblScope type="museumNumber">CBS 15093</biblScope></bibl>
<bibl><biblScope type="museumNumber">CBS 15108 (PBS 5 12)</biblScope></bibl>
<bibl><biblScope type="museumNumber">CBS 15131</biblScope></bibl>
<bibl><biblScope type="museumNumber">CBS 15149B</biblScope></bibl>
<bibl><biblScope type="museumNumber">GE 15238 (cf. OrNS 43 103)</biblScope></bibl>
<bibl><biblScope type="museumNumber">IB 425</biblScope></bibl>
<bibl><biblScope type="museumNumber">IB 1091a ***</biblScope></bibl>
<bibl><biblScope type="museumNumber">N 1387</biblScope></bibl>
<bibl><biblScope type="museumNumber">N 1401</biblScope></bibl>
<bibl><biblScope type="museumNumber">N 1445</biblScope></bibl>
<bibl><biblScope type="museumNumber">N 1751</biblScope></bibl>
<bibl><biblScope type="museumNumber">N 2201</biblScope></bibl>
<bibl><biblScope type="museumNumber">N 2721</biblScope></bibl>
<bibl><biblScope type="museumNumber">N 3099</biblScope></bibl>
<bibl><biblScope type="museumNumber">N 3120</biblScope></bibl>
<bibl><biblScope type="museumNumber">N 3442</biblScope></bibl>
<bibl><biblScope type="museumNumber">N 3530 + N 3534</biblScope></bibl>
<bibl><biblScope type="museumNumber">N 3588</biblScope></bibl>
<bibl><biblScope type="museumNumber">N 3611</biblScope></bibl>
<bibl><biblScope type="museumNumber">N 3726</biblScope></bibl>
<bibl><biblScope type="museumNumber">N 3727</biblScope></bibl>
<bibl><biblScope type="museumNumber">NBC 7799</biblScope></bibl>
<bibl><biblScope type="museumNumber">NBC 7914</biblScope></bibl>
<bibl><biblScope type="museumNumber">Ni 1992 (BE 31 23)</biblScope></bibl>
<bibl><biblScope type="museumNumber">Ni 2402 (SRT 16)</biblScope></bibl>
<bibl><biblScope type="museumNumber">Ni 2481</biblScope></bibl>
<bibl><biblScope type="museumNumber">Ni 4371 (ISET 1 89)</biblScope></bibl>
<bibl><biblScope type="museumNumber">Ni 4465 (ISET 1 54)</biblScope></bibl>
<bibl><biblScope type="museumNumber">Ni 4555 + Ni 9773 (ISET 1 156)</biblScope></bibl>
<bibl><biblScope type="museumNumber">Ni 4597 (ISET 1 106)</biblScope></bibl>
<bibl><biblScope type="museumNumber">Ni 9649 (ISET 1 118)</biblScope></bibl>
<bibl><biblScope type="museumNumber">Ni 9810 (ISET 1 120)</biblScope></bibl>
<bibl><biblScope type="museumNumber">Ni 9861 (ISET 1 132)</biblScope></bibl>
<bibl><biblScope type="museumNumber">Ni 9903 (ISET 1 187)</biblScope></bibl>
<bibl><biblScope type="museumNumber">PRAK B 150</biblScope></bibl>
<bibl><biblScope type="museumNumber">Susa w/n (RA 26 13)</biblScope></bibl>
<bibl><biblScope type="museumNumber">UET 6 114 = U 7802A</biblScope></bibl>
<bibl><biblScope type="museumNumber">UET 6 115 = U 16882</biblScope></bibl>
<bibl><biblScope type="museumNumber">UET 6 116 + UET 6 *11</biblScope></bibl>
<bibl><biblScope type="museumNumber">UET 6 *49</biblScope></bibl>
<bibl><biblScope type="museumNumber">UET 6 *103</biblScope></bibl>
<bibl><biblScope type="museumNumber">UET 6 *164</biblScope></bibl>
<bibl><biblScope type="museumNumber">UM 29-13-422</biblScope></bibl>
<bibl><biblScope type="museumNumber">UM 29-15-114</biblScope></bibl>
<bibl><biblScope type="museumNumber">UM 29-16-16! (="91-91-62")</biblScope></bibl>
<bibl><biblScope type="museumNumber">UM 29-16-245</biblScope></bibl>
<bibl><biblScope type="museumNumber">UM 29-16-747</biblScope></bibl>
<bibl><biblScope type="museumNumber">Walters Art Gallery 48.1802 (OECT 1 42ff., formerly "David prism")</biblScope></bibl>
<bibl><biblScope type="museumNumber">YBC 6715</biblScope></bibl>
<bibl><biblScope type="museumNumber">YBC 7610</biblScope></bibl>
<bibl><biblScope type="museumNumber">3N-T390 = IM 58457</biblScope></bibl>
<bibl><biblScope type="museumNumber">3N-T449 = IM 58487</biblScope></bibl>
<bibl><biblScope type="museumNumber">3N-T472 = IM 58503</biblScope></bibl>
<bibl><biblScope type="museumNumber">3N-T478 = IM 58508</biblScope></bibl>
<bibl><biblScope type="museumNumber">3N-T501 = IM 58524</biblScope></bibl>
<bibl><biblScope type="museumNumber">3N-T776 = IM 58699</biblScope></bibl>
<bibl><biblScope type="museumNumber">3N-T832 = IM 58745</biblScope></bibl>
<bibl><biblScope type="museumNumber">3N-T903,130</biblScope></bibl>
<bibl><biblScope type="museumNumber">3N-T904,156</biblScope></bibl>
<bibl><biblScope type="museumNumber">3N-T904,177</biblScope></bibl>
<bibl><biblScope type="museumNumber">3N-T906,253</biblScope></bibl>
<bibl><biblScope type="museumNumber">3N-T908,315</biblScope></bibl>
<bibl><biblScope type="museumNumber">3N-T915j = A 33467</biblScope></bibl>
<bibl><biblScope type="museumNumber">3N-T916,325</biblScope></bibl>
<bibl><biblScope type="museumNumber">3N-T916,340</biblScope></bibl>
<bibl><biblScope type="museumNumber">3N-T916,350</biblScope></bibl>
<bibl><biblScope type="museumNumber">3N-T916,360</biblScope></bibl>
<bibl><biblScope type="museumNumber">3N-T917,394</biblScope></bibl>
<bibl><biblScope type="museumNumber">3N-T918,441</biblScope></bibl>
<bibl><biblScope type="museumNumber">3N-T919,449</biblScope></bibl>
<bibl><biblScope type="museumNumber">3N-T919,468</biblScope></bibl>
<bibl><biblScope type="museumNumber">3N-T919,473</biblScope></bibl>
<bibl><biblScope type="museumNumber">3N-T927,531</biblScope></bibl>
<bibl><biblScope type="museumNumber">IB 1511</biblScope><biblScope type="provenance">Isin</biblScope><biblScope type="composLines">30-45, 88-98, extra strophe, 103-111 + traces</biblScope></bibl>
</listBibl>
</sourceDesc>
</fileDesc>
<profileDesc>
<textClass>
<classCode scheme="Decad"/>
</textClass>
</profileDesc>
<revisionDesc>
<change><date>27.ii.1999-15.iii.1999</date><respStmt><name>JAB</name><resp>editor</resp></respStmt>
<item>standardisation</item></change>
<change><date>08.iv.1999</date><respStmt><name>JAB</name><resp>editor</resp></respStmt>
<item>minor corrections</item></change>
<change><date>02.v.2000</date><respStmt><name>GZ</name><resp>editor</resp></respStmt>
<item>proofreading</item></change>
<change><date>02.v.2000</date><respStmt><name>GZ</name><resp>editor</resp></respStmt>
<item>SGML tagging</item></change>
<change><date>05.v.2000</date><respStmt><name>ER</name><resp>editor</resp></respStmt>
<item>proofreading SGML</item></change>
<change><date>05.v.2000</date><respStmt><name>ER</name><resp>editor</resp></respStmt>
<item>web publication</item></change>
<change><date>01.vi.2003</date><respStmt><name>GC/JE</name><resp>editor/technical developer</resp></respStmt>
<item>XML/TEI conversion</item></change>
<change><date>30.iii.2005</date><respStmt><name>GC/JE</name><resp>senior editor/technical developer</resp></respStmt>
<item>lemmatised version published</item></change>
</revisionDesc>
</teiHeader>
<text lang="sux">
<body>
<lg n="A" type="e">
<l n="1" id="c4802.A.1" corresp="t4802.p1">
<w form="nam2" lemma="nam2" pos="N" label="lord">nam2</w>
<w form="nun-e" lemma="nun" pos="N" label="prince">nun-e</w>
<w form="nam2" lemma="nam2" pos="N" label="lord">nam2</w>
<w form="nun-e" lemma="nun" pos="N" label="prince">nun-e</w>
<w form="e2-ta" lemma="e2" pos="N" label="house(hold)">e2-ta</w>
<w form="nam-ta-ab-e3" lemma="e3" pos="V" label="to go out or in">nam-ta-ab-e3</w>
<note lang="eng">Cited in <xref doc="c.0.2.01" from="c0201.6">OB catalogue from Nibru, at Philadelphia, 0.2.01, line 6</xref>, <xref doc="c.0.2.01" from="c0201.47">line 47</xref>; <xref doc="c.0.2.02" from="c0202.6">OB catalogue in the Louvre, 0.2.02, line 6</xref>; <xref doc="c.0.2.04" from="c0204.23">OB catalogue from Urim (U2), 0.2.04, line 23</xref></note>
</l>
<l n="2" id="c4802.A.2" corresp="t4802.p1">
<w form="&d;en-lil2" lemma="en-lil2" pos="N" type="DN" label="Enlil" det="&d;">&d;en-lil2</w>
<w form="nam2" lemma="nam2" pos="N" label="lord">nam2</w>
<w form="nun-e" lemma="nun" pos="N" label="prince">nun-e</w>
<w form="e2-ta" lemma="e2" pos="N" label="house(hold)">e2-ta</w>
<w form="nam-ta-ab-e3" lemma="e3" pos="V" label="to go out or in">nam-ta-ab-e3</w>
</l>
<l n="3" id="c4802.A.3" corresp="t4802.p1">
<w form="nam2" lemma="nam2" pos="N" label="lord">nam2</w>
<w form="nun-e" lemma="nun" pos="N" label="prince">nun-e</w>
<w form="nam-lugal-la" lemma="nam-lugal" pos="N" label="kingship">nam-lugal-la</w>
<w form="e2-ta" lemma="e2" pos="N" label="house(hold)">e2-ta</w>
<w form="nam-ta-ab-e3" lemma="e3" pos="V" label="to go out or in">nam-ta-ab-e3</w>
</l>
<l n="4" id="c4802.A.4" corresp="t4802.p1">
<w form="&d;en-lil2" lemma="en-lil2" pos="N" type="DN" label="Enlil" det="&d;">&d;en-lil2</w>
<w form="kur-kur-ra" lemma="kur" pos="N" label="(mountain) land" form-type="RR">kur-kur-ra</w>
<w form="igi" lemma="igi" pos="N" label="eye">igi</w>
<w form="mi-ni-in-il2-il2-i" lemma="il2" pos="V" label="to raise" form-type="RR">mi-ni-in-il2-il2-i</w>
</l>
<l n="5" id="c4802.A.5" corresp="t4802.p1">
<w form="&d;en-lil2-ra" lemma="en-lil2" pos="N" type="DN" label="Enlil" det="&d;">&d;en-lil2-ra</w>
<w form="kur" lemma="kur" pos="N" label="(mountain) land">kur</w>
<w form="ni2-ba" lemma="ni2-bi" pos="PD" type="reflexive" label="itself, themselves">ni2-ba</w>
<w form="mu-na-il2-il2-i" lemma="il2" pos="V" label="to raise" form-type="RR">mu-na-il2-il2-i</w>
</l>
<l n="6" id="c4802.A.6" corresp="t4802.p1">
<w form="an" lemma="an" pos="N" label="heaven">an</w>
<w form="ub-da" lemma="ub" pos="N" label="corner">ub-da</w>
<w form="4" lemma="4" pos="NU" type="cardinal" label="4">4</w>
<w form="&d;en-lil2-ra" lemma="en-lil2" pos="N" type="DN" label="Enlil" det="&d;">&d;en-lil2-ra</w>
<w form="&jic;kiri6-gin7" lemma="kiri6" pos="N" label="orchard" bound="L,gin" det="&jic;">&jic;kiri6-gin7</w>
<w form="mu-na-sig7" lemma="sig7" pos="V" label="to be green">mu-na-sig7</w>
</l>
<l n="7" id="c4802.A.7" corresp="t4802.p1">
<w form="kec3&ki;" lemma="kec3" pos="N" type="SN" label="Ke&c;" det="&ki;">kec3&ki;</w>
<w form="saj" lemma="saj" pos="N" label="head">saj</w>
<w form="il2" lemma="il2" pos="V" label="to raise">il2</w>
<w form="mu-na-ni-in-jal2" lemma="jal2" pos="V" label="to be (located)">mu-na-ni-in-jal2</w>
</l>
<l n="8" id="c4802.A.8" corresp="t4802.p1">
<w form="kec3&ki;" lemma="kec3" pos="N" type="SN" label="Ke&c;" det="&ki;">kec3&ki;</w>
<w form="kur-kur-ra" lemma="kur" pos="N" label="(mountain) land" form-type="RR">kur-kur-ra</w>
<w form="saj" lemma="saj" pos="N" label="head">saj</w>
<w form="il2-bi" lemma="il2" pos="V" label="to raise">il2-bi</w>
</l>
<l n="9" id="c4802.A.9" corresp="t4802.p1">
<w form="&d;en-lil2-le" lemma="en-lil2" pos="N" type="DN" label="Enlil" det="&d;">&d;en-lil2-le</w>
<w form="kec3&ki;" lemma="kec3" pos="N" type="SN" label="Ke&c;" det="&ki;">kec3&ki;</w>
<w form="za3-mi2" lemma="za3-mi2" pos="N" label="praise">za3-mi2</w>
<w form="am3-ma-ab-be2" lemma="dug4" pos="V" label="to say" form-type="ppli">am3-ma-ab-be2</w>
</l>
<l n="10" id="c4802.A.10" corresp="t4802.p2">
<w form="&d;nisaba" lemma="nisaba" pos="N" type="DN" label="Nisaba" det="&d;">&d;nisaba</w>
<w form="nu-ka-ac-bi-im" lemma="nu-ka-ac" pos="N" label="decision maker?">nu-ka-ac-bi-im</w>
</l>
<l n="11" id="c4802.A.11" corresp="t4802.p2">
<w form="inim-bi-ta" lemma="inim" pos="N" label="word">inim-bi-ta</w>
<w form="sa-gin7" lemma="sa" pos="N" label="net">sa-gin7</w>
<w form="im-da-an-sur" lemma="sur" pos="V" label="to drip">im-da-an-sur</w>
</l>
<l n="12" id="c4802.A.12" corresp="t4802.p2">
<w form="dub-ba" lemma="dub" pos="N" label="tablet">dub-ba</w>
<w form="sar-sar" lemma="sar" pos="V" label="to write" form-type="RR">sar-sar</w>
<w form="cu-ce3" lemma="cu" pos="N" label="hand">cu-ce3</w>
<w form="al-ja2-ja2" lemma="jar" pos="V" label="to place" form-type="rr">al-ja2-ja2</w>
</l>
<l n="13" id="c4802.A.13" corresp="t4802.p2">
<w form="e2" lemma="e2" pos="N" label="house(hold)">e2</w>
<w form="muc3" lemma="muc3" pos="N" label="flat space">muc3</w>
<w form="kalam-ma" lemma="kalam" pos="N" label="the Land">kalam-ma</w>
<w form="gud" lemma="gud" pos="N" label="bull">gud</w>
<w form="huc" lemma="huc" pos="V" label="to be reddish">huc</w>
<w form="aratta" lemma="aratta" pos="N" type="SN" label="Aratta">aratta</w>
</l>
<l n="14" id="c4802.A.14" corresp="t4802.p2">
<w form="e2" lemma="e2" pos="N" label="house(hold)">e2</w>
<w form="kec3&ki;" lemma="kec3" pos="N" type="SN" label="Ke&c;" det="&ki;">kec3&ki;</w>
<w form="muc3" lemma="muc3" pos="N" label="flat space">muc3</w>
<w form="kalam-ma" lemma="kalam" pos="N" label="the Land">kalam-ma</w>
<w form="gud" lemma="gud" pos="N" label="bull">gud</w>
<w form="huc" lemma="huc" pos="V" label="to be reddish">huc</w>
<w form="aratta" lemma="aratta" pos="N" type="SN" label="Aratta">aratta</w>
</l>
<l n="15" id="c4802.A.15" corresp="t4802.p2">
<w form="hur-saj-da" lemma="hur-saj" pos="N" label="mountain (range)">hur-saj-da</w>
<w form="mu2-a" lemma="mu2" pos="V" label="to grow">mu2-a</w>
<w form="an-da" lemma="an" pos="N" label="heaven">an-da</w>
<w form="gu2" lemma="gu2" pos="N" label="neck">gu2</w>
<w form="la2-a" lemma="la2" pos="V" label="to hang">la2-a</w>
</l>
<l n="16" id="c4802.A.16" corresp="t4802.p2">
<w form="e2-kur-da" lemma="e2-kur" pos="N" type="TN" label="E-kur">e2-kur-da</w>
<w form="mu2-a" lemma="mu2" pos="V" label="to grow">mu2-a</w>
<w form="kur-ra" lemma="kur" pos="N" label="(mountain) land">kur-ra</w>
<w form="saj" lemma="saj" pos="N" label="head">saj</w>
<w form="il2-bi" lemma="il2" pos="V" label="to raise">il2-bi</w>
</l>
<l n="17" id="c4802.A.17" corresp="t4802.p2">
<w form="abzu-gin7" lemma="abzu" pos="N" label="underground water">abzu-gin7</w>
<addSpan to="c4802.v1" type="primary"/>
<w form="ri-a" lemma="ri" pos="V" label="to direct">ri-a</w>
<anchor id="c4802.v1"/>
<addSpan to="c4802.v2" type="secondary"/>
<note id="c4802.n1" lang="eng" target="c4802.v1">2 mss. have instead:</note>
<w form="gun3-a" lemma="gun3" pos="V" label="to be multicoloured">gun3-a</w>
<anchor id="c4802.v2"/>
<w form="hur-saj-gin7" lemma="hur-saj" pos="N" label="mountain (range)">hur-saj-gin7</w>
<w form="sig7-sig7-ga" lemma="sig7" pos="V" label="to be green" form-type="RR">sig7-sig7-ga</w>
</l>
<altGrp><alt targType="addSpan" targets="c4802.v1 c4802.v2"/></altGrp>
<l n="18" id="c4802.A.18" corresp="t4802.p2">
<w form="kec3&ki;-gin7" lemma="kec3" pos="N" type="SN" label="Ke&c;" det="&ki;">kec3&ki;-gin7</w>
<w form="rib-ba" lemma="rib" pos="V" label="to be outstanding">rib-ba</w>
<w form="lu2" lemma="lu2" pos="N" label="person">lu2</w>
<w form="ci-in-ga-tum2-mu" lemma="de6" pos="V" label="to carry" form-type="isg">ci-in-ga-tum2-mu</w>
</l>
<l n="19" id="c4802.A.19" corresp="t4802.p2">
<w form="ur-saj-bi" lemma="ur-saj" pos="N" label="hero">ur-saj-bi</w>
<w form="&d;ac7-gi4-gin7" lemma="ac7-gi4" pos="N" type="DN" label="A&c;gi" det="&d;">&d;<gloss lang="sux" target="c4802.t1">ac</gloss><term id="c4802.t1">ac7</term>-gi4-gin7</w>
<w form="rib-ba" lemma="rib" pos="V" label="to be outstanding">rib-ba</w>
<w form="ama" lemma="ama" pos="N" label="mother">ama</w>
<w form="ci-in-ga-u3-tud" lemma="tud" pos="V" label="to give birth">ci-in-ga-u3-tud</w>
</l>
<l n="20" id="c4802.A.20" corresp="t4802.p2">
<w form="nin-bi" lemma="nin" pos="N" label="lady">nin-bi</w>
<w form="&d;nin-tur5-gin7" lemma="nin-tur5" pos="N" type="DN" label="Nintur" det="&d;">&d;nin-tur5-gin7</w>
<w form="rib-ba-ra" lemma="rib" pos="V" label="to be outstanding">rib-ba-ra</w>
<w form="a-ba-a" lemma="a-ba" pos="PD" type="interrogative" label="who">a-ba-a</w>
<w form="igi" lemma="igi" pos="N" label="eye">igi</w>
<w form="mu-ni-in-du8" lemma="du8" pos="V" label="to spread">mu-ni-in-du8</w>
</l>
<trailer place="rubric" type="e">
<l n="21" id="c4802.A.21" corresp="t4802.p3">
<w form="e2" lemma="e2" pos="N" label="house(hold)">e2</w>
<w form="1-kam-ma" lemma="1-kam-ma" pos="NU" type="ordinal" label="1st">1-kam-ma</w>
</l>
</trailer>
</lg>
<lg n="B" type="e">
<l n="22" id="c4802.B.22" corresp="t4802.p4">
<w form="e2" lemma="e2" pos="N" label="house(hold)">e2</w>
<w form="dug3" lemma="dug3" pos="V" label="to be good">dug3</w>
<w form="ki" lemma="ki" pos="N" label="place">ki</w>
<w form="dug3-ga" lemma="dug3" pos="V" label="to be good">dug3-ga</w>
<w form="du3-a" lemma="du3" pos="V" label="to erect">du3-a</w>
</l>
<l n="23" id="c4802.B.23" corresp="t4802.p4">
<w form="e2" lemma="e2" pos="N" label="house(hold)">e2</w>
<w form="kec3&ki;" lemma="kec3" pos="N" type="SN" label="Ke&c;" det="&ki;">kec3&ki;</w>
<addSpan to="c4802.v3" type="additional"/>
<note id="c4802.n2" lang="eng" target="c4802.v3">some mss. add:</note>
<w form="e2" lemma="e2" pos="N" label="house(hold)">e2</w>
<w form="dug3" lemma="dug3" pos="V" label="to be good">dug3</w>
<anchor id="c4802.v3"/>
<w form="ki" lemma="ki" pos="N" label="place">ki</w>
<w form="dug3-ga" lemma="dug3" pos="V" label="to be good">dug3-ga</w>
<w form="du3-a" lemma="du3" pos="V" label="to erect">du3-a</w>
</l>
<l n="24" id="c4802.B.24" corresp="t4802.p4">
<w form="ma2-gur8" lemma="ma2-gur8" pos="N" label="processional boat">ma2-gur8</w>
<w form="nun-gin7" lemma="nun" pos="N" label="prince">nun-gin7</w>
<w form="an-na" lemma="an" pos="N" label="heaven">an-na</w>
<w form="dirig-ga" lemma="dirig" pos="V" label="to be superior">dirig-ga</w>
</l>
<l n="25" id="c4802.B.25" corresp="t4802.p4">
<w form="ma2-gur8" lemma="ma2-gur8" pos="N" label="processional boat">ma2-gur8</w>
<w form="kug-gin7" lemma="kug" pos="AJ" label="shining">kug-gin7</w>
<w form="kan4" lemma="kan4" pos="N" label="gate">kan4</w>
<w form="si" lemma="si" pos="N" label="horn">si</w>
<w form="ri-a" lemma="ri" pos="V" label="to direct">ri-a</w>
</l>
<l n="26" id="c4802.B.26" corresp="t4802.p4">
<w form="ma2" lemma="ma2" pos="N" label="boat">ma2</w>
<w form="an-na-gin7" lemma="an" pos="N" label="heaven">an-na-gin7</w>
<w form="muc3" lemma="muc3" pos="N" label="flat space">muc3</w>
<w form="kur-kur-ra" lemma="kur" pos="N" label="(mountain) land" form-type="RR">kur-kur-ra</w>
</l>
<l n="27" id="c4802.B.27" corresp="t4802.p4">
<w form="u5" lemma="u5" pos="N" label="(boat) cabin">u5</w>
<w form="ma2" lemma="ma2" pos="N" label="boat">ma2</w>
<w form="ban3-da-gin7" lemma="ban3-da" pos="AJ" label="junior">ban3-da-gin7</w>
<w form="pec10-ta" lemma="pec10" pos="N" label="bank">pec10-ta</w>
<w form="sur-sur-ra" lemma="sur" pos="V" label="to drip" form-type="RR">sur-sur-ra</w>
</l>
<l n="28" id="c4802.B.28" corresp="t4802.p4">
<w form="e2" lemma="e2" pos="N" label="house(hold)">e2</w>
<w form="gud-gin7" lemma="gud" pos="N" label="bull">gud-gin7</w>
<w form="mur" lemma="mur" pos="N" label="growl">mur</w>
<w form="ca4" lemma="ca4" pos="V" label="verb part of multiword verb">ca4</w>
<w form="ninda2-gin7" lemma="ninda2" pos="N" label="breeding bull">ninda2-gin7</w>
<w form="gu3" lemma="gu3" pos="N" label="voice">gu3</w>
<w form="nun" lemma="nun" pos="N" label="prince">nun</w>
<w form="di" lemma="dug4" pos="V" label="to say" form-type="nfi">di</w>
</l>
<l n="29" id="c4802.B.29" corresp="t4802.p4">
<w form="e2" lemma="e2" pos="N" label="house(hold)">e2</w>
<w form="cag4-bi-ta" lemma="cag4" pos="N" label="heart">cag4-bi-ta</w>
<w form="lipic" lemma="lipic" pos="N" label="inner body">lipic</w>
<w form="kalam-ma" lemma="kalam" pos="N" label="the Land">kalam-ma</w>
</l>
<l n="30" id="c4802.B.30" corresp="t4802.p4">
<w form="a-ga-bi-ta" lemma="a-ga" pos="N" label="rear (chamber)">a-ga-bi-ta</w>
<w form="zi" lemma="zi" pos="N" label="life (breath)">zi</w>
<w form="ki-en-gi-ra" lemma="ki-en-gi" pos="N" type="GN" label="Sumer">ki-en-gi-ra</w>
</l>
<l n="31" id="c4802.B.31" corresp="t4802.p5">
<w form="e2" lemma="e2" pos="N" label="house(hold)">e2</w>
<w form="ib-gal" lemma="ib-gal" pos="N" label="temple oval">ib-gal</w>
<w form="an-ne2" lemma="an" pos="N" label="heaven">an-ne2</w>
<w form="us2-sa" lemma="us2" pos="V" label="to be adjacent">us2-sa</w>
</l>
<l n="32" id="c4802.B.32" corresp="t4802.p5">
<w form="e2" lemma="e2" pos="N" label="house(hold)">e2</w>
<w form="zid-da" lemma="zid" pos="AJ" label="right">zid-da</w>
<w form="gal" lemma="gal" pos="V" label="to be big">gal</w>
<w form="an-ne2" lemma="an" pos="N" label="heaven">an-ne2</w>
<w form="us2-sa" lemma="us2" pos="V" label="to be adjacent">us2-sa</w>
</l>
<l n="33" id="c4802.B.33" corresp="t4802.p5">
<w form="e2" lemma="e2" pos="N" label="house(hold)">e2</w>
<w form="men" lemma="men" pos="N" label="diadem">men</w>
<w form="gal" lemma="gal" pos="V" label="to be big">gal</w>
<w form="an-ne2" lemma="an" pos="N" label="heaven">an-ne2</w>
<w form="us2-sa" lemma="us2" pos="V" label="to be adjacent">us2-sa</w>
</l>
<l n="34" id="c4802.B.34" corresp="t4802.p5">
<w form="e2" lemma="e2" pos="N" label="house(hold)">e2</w>
<w form="&d;tir-an-na" lemma="tir-an-na" pos="N" label="rainbow" det="&d;">&d;tir-an-na</w>
<w form="an-ne2" lemma="an" pos="N" label="heaven">an-ne2</w>
<w form="us2-sa" lemma="us2" pos="V" label="to be adjacent">us2-sa</w>
</l>
<l n="35" id="c4802.B.35" corresp="t4802.p5">
<w form="e2" lemma="e2" pos="N" label="house(hold)">e2</w>
<w form="suh10-bi" lemma="suh10" pos="N" label="crown">suh10-bi</w>
<w form="an-cag4-ga" lemma="an-cag4" pos="N" label="interior of heaven">an-cag4-ga</w>
<w form="la2-a" lemma="la2" pos="V" label="to hang">la2-a</w>
</l>
<l n="36" id="c4802.B.36" corresp="t4802.p5">
<w form="te-me-bi" lemma="temen" pos="N" label="foundation">te-me-bi</w>
<w form="abzu-a" lemma="abzu" pos="N" label="underground water">abzu-a</w>
<w form="sig9-ga" lemma="sig9" pos="V" label="to put">sig9-ga</w>
</l>
<l n="37" id="c4802.B.37" corresp="t4802.p5">
<w form="jissu-bi" lemma="jissu" pos="N" label="(protective) shade">jissu-bi</w>
<w form="kur-kur-ra" lemma="kur" pos="N" label="(mountain) land" form-type="RR">kur-kur-ra</w>
<w form="dul-la" lemma="dul" pos="V" label="to cover (together)">dul-la</w>
</l>
<l n="38" id="c4802.B.38" corresp="t4802.p5">
<w form="e2" lemma="e2" pos="N" label="house(hold)">e2</w>
<w form="an-ne2" lemma="an" pos="N" type="DN" label="An">an-ne2</w>
<w form="ki" lemma="ki" pos="N" label="place">ki</w>
<w form="jar-ra" lemma="jar" pos="V" label="to place">jar-ra</w>
<w form="&d;en-lil2-le" lemma="en-lil2" pos="N" type="DN" label="Enlil" det="&d;">&d;en-lil2-le</w>
<w form="za3-mi2" lemma="za3-mi2" pos="N" label="praise">za3-mi2</w>
<w form="dug4-ga" lemma="dug4" pos="V" label="to say">dug4-ga</w>
</l>
<l n="39" id="c4802.B.39" corresp="t4802.p5">
<w form="ama" lemma="ama" pos="N" label="mother">ama</w>
<w form="&d;nin-tur5-ra" lemma="nin-tur5" pos="N" type="DN" label="Nintur" det="&d;">&d;nin-tur5-ra</w>
<w form="ec-bar" lemma="ec-bar" pos="N" label="decision">ec-bar</w>
<w form="kij2" lemma="kij2" pos="V" label="to seek">kij2</w>
<w form="dug4-ga" lemma="dug4" pos="V" label="to say">dug4-ga</w>
</l>
<l n="40" id="c4802.B.40" corresp="t4802.p5">
<w form="e2" lemma="e2" pos="N" label="house(hold)">e2</w>
<w form="kec3&ki;" lemma="kec3" pos="N" type="SN" label="Ke&c;" det="&ki;">kec3&ki;</w>
<w form="gurun-na" lemma="gurun" pos="N" label="fruit">gurun-na</w>
<w form="sig7-ga" lemma="sig7" pos="V" label="to be green">sig7-ga</w>
</l>
<l n="41" id="c4802.B.41" corresp="t4802.p5">
<w form="kec3&ki;-gin7" lemma="kec3" pos="N" type="SN" label="Ke&c;" det="&ki;">kec3&ki;-gin7</w>
<w form="rib-ba" lemma="rib" pos="V" label="to be outstanding">rib-ba</w>
<w form="lu2" lemma="lu2" pos="N" label="person">lu2</w>
<w form="ci-in-ga-tum2-mu" lemma="de6" pos="V" label="to carry" form-type="isg">ci-in-ga-tum2-mu</w>
</l>
<l n="42" id="c4802.B.42" corresp="t4802.p5">
<w form="ur-saj-bi" lemma="ur-saj" pos="N" label="hero">ur-saj-bi</w>
<w form="&d;ac7-gi4-gin7" lemma="ac7-gi4" pos="N" type="DN" label="A&c;gi" det="&d;">&d;<gloss lang="sux" target="c4802.t2">ac</gloss><term id="c4802.t2">ac7</term>-gi4-gin7</w>
<w form="rib-ba" lemma="rib" pos="V" label="to be outstanding">rib-ba</w>
<w form="ama" lemma="ama" pos="N" label="mother">ama</w>
<w form="ci-in-ga-u3-tud" lemma="tud" pos="V" label="to give birth">ci-in-ga-u3-tud</w>
</l>
<l n="43" id="c4802.B.43" corresp="t4802.p5">
<w form="nin-bi" lemma="nin" pos="N" label="lady">nin-bi</w>
<w form="&d;nin-tur5-gin7" lemma="nin-tur5" pos="N" type="DN" label="Nintur" det="&d;">&d;nin-tur5-gin7</w>
<w form="rib-ba-ra" lemma="rib" pos="V" label="to be outstanding">rib-ba-ra</w>
<w form="a-ba-a" lemma="a-ba" pos="PD" type="interrogative" label="who">a-ba-a</w>
<w form="igi" lemma="igi" pos="N" label="eye">igi</w>
<w form="mu-ni-in-du8" lemma="du8" pos="V" label="to spread">mu-ni-in-du8</w>
</l>
<trailer place="rubric" type="e">
<l n="44" id="c4802.B.44" corresp="t4802.p6">
<w form="e2" lemma="e2" pos="N" label="house(hold)">e2</w>
<w form="2-kam-ma" lemma="2-kam-ma" pos="NU" type="ordinal" label="2nd">2-kam-ma</w>
</l>
</trailer>
</lg>
<lg n="C" type="e">
<l n="45" id="c4802.C.45" corresp="t4802.p7">
<w form="e2" lemma="e2" pos="N" label="house(hold)">e2</w>
<w form="an-ce3" lemma="an" pos="N" label="heaven">an-ce3</w>
<w form="10" lemma="10" pos="NU" type="cardinal" label="10">10</w>
<w form="car2&iku;" lemma="car2" pos="N" label="area measure" det="&iku;">car2&iku;</w>
<w form="ki-ce3" lemma="ki" pos="N" label="place">ki-ce3</w>
<w form="5" lemma="5" pos="NU" type="cardinal" label="5">5</w>
<w form="car2&iku;" lemma="car2" pos="N" label="area measure" det="&iku;">car2&iku;</w>
</l>
<l n="46" id="c4802.C.46" corresp="t4802.p7">
<w form="e2" lemma="e2" pos="N" label="house(hold)">e2</w>
<w form="an-ce3" lemma="an" pos="N" label="heaven">an-ce3</w>
<w form="10" lemma="10" pos="NU" type="cardinal" label="10">10</w>
<w form="bur3&iku;" lemma="bur3" pos="N" label="area measure" det="&iku;">bur3&iku;</w>
<w form="ki-ce3" lemma="ki" pos="N" label="place">ki-ce3</w>
<w form="5" lemma="5" pos="NU" type="cardinal" label="5">5</w>
<w form="bur3&iku;" lemma="bur3" pos="N" label="area measure" det="&iku;">bur3&iku;</w>
</l>
<l n="47" id="c4802.C.47" corresp="t4802.p7">
<w form="e2" lemma="e2" pos="N" label="house(hold)">e2</w>
<w form="an-ce3" lemma="an" pos="N" label="heaven">an-ce3</w>
<w form="alim" lemma="alim" pos="N" label="bison">alim</w>
<w form="ki-ce3" lemma="ki" pos="N" label="place">ki-ce3</w>
<w form="lu-lim" lemma="lulim" pos="N" label="red deer?">lu-lim</w>
</l>
<l n="48" id="c4802.C.48" corresp="t4802.p7">
<w form="e2" lemma="e2" pos="N" label="house(hold)">e2</w>
<w form="an-ce3" lemma="an" pos="N" label="heaven">an-ce3</w>
<w form="ceg9-bar" lemma="ceg9-bar" pos="N" label="fallow deer?">ceg9-bar</w>
<w form="ki-ce3" lemma="ki" pos="N" label="place">ki-ce3</w>
<w form="tarah-mac" lemma="tarah-mac" pos="N" label="stag">tarah-mac</w>
</l>
<l n="49" id="c4802.C.49" corresp="t4802.p7">
<w form="e2" lemma="e2" pos="N" label="house(hold)">e2</w>
<w form="an-ce3" lemma="an" pos="N" label="heaven">an-ce3</w>
<w form="ceg9-bar" lemma="ceg9-bar" pos="N" label="fallow deer?">ceg9-bar</w>
<w form="gun3-a" lemma="gun3" pos="V" label="to be multicoloured">gun3-a</w>
<w form="ki-ce3" lemma="ki" pos="N" label="place">ki-ce3</w>
<w form="tarah-mac" lemma="tarah-mac" pos="N" label="stag">tarah-mac</w>
<w form="sig7-ga" lemma="sig7" pos="V" label="to be green">sig7-ga</w>
</l>
<l n="50" id="c4802.C.50" corresp="t4802.p7">
<w form="e2" lemma="e2" pos="N" label="house(hold)">e2</w>
<w form="an-ce3" lemma="an" pos="N" label="heaven">an-ce3</w>
<w form="muc-gu7&mucen;-gin7" lemma="muc-gu7" pos="N" label="type of bird" det="&mucen;">muc-gu7&mucen;-gin7</w>
<w form="sig7-ga" lemma="sig7" pos="V" label="to be green">sig7-ga</w>
<w form="ki-ce3" lemma="ki" pos="N" label="place">ki-ce3</w>
<w form="u5&mucen;-gin7" lemma="u5" pos="N" label="pelican?" bound="L,gin" det="&mucen;">u5&mucen;-gin7</w>
<w form="a-e" lemma="a" pos="N" label="water">a-e</w>
<w form="cu2-a" lemma="cu2" pos="V" label="to cover">cu2-a</w>
</l>
<l n="51" id="c4802.C.51" corresp="t4802.p7">
<w form="e2" lemma="e2" pos="N" label="house(hold)">e2</w>
<w form="an-ce3" lemma="an" pos="N" label="heaven">an-ce3</w>
<w form="ud-gin7" lemma="ud" pos="N" label="day(light)">ud-gin7</w>
<w form="e3-a" lemma="e3" pos="V" label="to go out or in">e3-a</w>
<w form="ki-ce3" lemma="ki" pos="N" label="place">ki-ce3</w>
<w form="iti6-gin7" lemma="itid" pos="N" label="moon(light)">iti6-gin7</w>
<w form="barag2-ga" lemma="barag2" pos="V" label="to spread out">barag2-ga</w>
</l>
<l n="52" id="c4802.C.52" corresp="t4802.p7">
<w form="e2" lemma="e2" pos="N" label="house(hold)">e2</w>
<w form="an-ce3" lemma="an" pos="N" label="heaven">an-ce3</w>
<w form="cita2" lemma="cita2" pos="N" label="type of weapon">cita2</w>
<w form="cul" lemma="cul" pos="N" label="young man">cul</w>
<w form="ki-ce3" lemma="ki" pos="N" label="place">ki-ce3</w>
<w form="&jic;tun3-am3" lemma="tun3" pos="N" label="type of axe" bound="L,am" det="&jic;">&jic;tun3-am3</w>
</l>
<l n="53" id="c4802.C.53" corresp="t4802.p7">
<w form="e2" lemma="e2" pos="N" label="house(hold)">e2</w>
<w form="an-ce3" lemma="an" pos="N" label="heaven">an-ce3</w>
<w form="kur-ra-am3" lemma="kur" pos="N" label="(mountain) land">kur-ra-am3</w>
<w form="ki-ce3" lemma="ki" pos="N" label="place">ki-ce3</w>
<w form="idim-ma-am3" lemma="idim" pos="N" label="underground water">idim-ma-am3</w>
</l>
<l n="54" id="c4802.C.54" corresp="t4802.p7">
<w form="e2" lemma="e2" pos="N" label="house(hold)">e2</w>
<w form="an-ce3" lemma="an" pos="N" label="heaven">an-ce3</w>
<w form="3-kam-bi" lemma="3-kam-ma" pos="NU" type="ordinal" label="3rd">3-kam-bi</w>
<w form="na-nam" lemma="me" pos="V" label="to be">na-nam</w>
</l>
<l n="55" id="c4802.C.55" corresp="t4802.p7">
<w form="kec3&ki;-gin7" lemma="kec3" pos="N" type="SN" label="Ke&c;" det="&ki;">kec3&ki;-gin7</w>
<w form="rib-ba" lemma="rib" pos="V" label="to be outstanding">rib-ba</w>
<w form="lu2" lemma="lu2" pos="N" label="person">lu2</w>
<w form="ci-in-ga-an-tum2-mu" lemma="de6" pos="V" label="to carry" form-type="isg">ci-in-ga-an-tum2-mu</w>
</l>
<l n="56" id="c4802.C.56" corresp="t4802.p7">
<w form="ur-saj-bi" lemma="ur-saj" pos="N" label="hero">ur-saj-bi</w>
<w form="&d;ac7-gi4-gin7" lemma="ac7-gi4" pos="N" type="DN" label="A&c;gi" det="&d;">&d;<gloss lang="sux" target="c4802.t3">ac</gloss><term id="c4802.t3">ac7</term>-gi4-gin7</w>
<w form="rib-ba" lemma="rib" pos="V" label="to be outstanding">rib-ba</w>
<w form="ama" lemma="ama" pos="N" label="mother">ama</w>
<w form="ci-in-ga-u3-tud" lemma="tud" pos="V" label="to give birth">ci-in-ga-u3-tud</w>
</l>
<l n="57" id="c4802.C.57" corresp="t4802.p7">
<w form="nin-bi" lemma="nin" pos="N" label="lady">nin-bi</w>
<w form="&d;nin-tur5-gin7" lemma="nin-tur5" pos="N" type="DN" label="Nintur" det="&d;">&d;nin-tur5-gin7</w>
<w form="rib-ba-ra" lemma="rib" pos="V" label="to be outstanding">rib-ba-ra</w>
<w form="a-ba-a" lemma="a-ba" pos="PD" type="interrogative" label="who">a-ba-a</w>
<w form="igi" lemma="igi" pos="N" label="eye">igi</w>
<w form="mu-ni-in-du8" lemma="du8" pos="V" label="to spread">mu-ni-in-du8</w>
</l>
<trailer place="rubric" type="e">
<l n="58" id="c4802.C.58" corresp="t4802.p8">
<w form="e2" lemma="e2" pos="N" label="house(hold)">e2</w>
<w form="3-kam-ma" lemma="3-kam-ma" pos="NU" type="ordinal" label="3rd">3-kam-ma</w>
</l>
</trailer>
</lg>
<lg n="D" type="e">
<addSpan to="c4802.v4" type="additional"/>
<note id="c4802.n3" lang="eng" target="c4802.v4">1 ms. adds the following lines:</note>
<l n="58A" id="c4802.D.58A" corresp="t4802.p9">
<supplied/>
<w form="e2" lemma="e2" pos="N" label="house(hold)">e2</w>
<w form="&X;" lemma="&X;" label="&X;">&X;</w>
<suppliedEnd/>
<w form="ni2" lemma="ni2" pos="N" label="fear(someness)">ni2</w>
<w form="gal" lemma="gal" pos="V" label="to be big">gal</w>
<w form="ci-ri" lemma="ri" pos="V" label="to direct">ci-ri</w>
<w form="an-ne2" lemma="an" pos="N" type="DN" label="An">an-ne2</w>
<w form="mu" lemma="mu" pos="N" label="name">mu</w>
<w form="mah" lemma="mah" pos="V" label="to be majestic">mah</w>
<w form="sa4" lemma="sa4" pos="V" label="to call">sa4</w>
</l>
<l n="58B" id="c4802.D.58B" corresp="t4802.p9">
<supplied/>
<w form="e2" lemma="e2" pos="N" label="house(hold)">e2</w>
<w form="&X;" lemma="&X;" label="&X;">&X;</w>
<suppliedEnd/>
<damage/>
<w form="kur" lemma="kur" pos="N" label="(mountain) land">kur</w>
<damageEnd/>
<w form="gal" lemma="gal" pos="V" label="to be big">gal</w>
<w form="&d;en-lil2-le" lemma="en-lil2" pos="N" type="DN" label="Enlil" det="&d;">&d;en-lil2-le</w>
<w form="nam-ma-ni" lemma="nam" pos="N" label="destiny">nam-ma-ni</w>
<w form="gal" lemma="gal" pos="V" label="to be big">gal</w>
<w form="tar-re" lemma="tar" pos="V" label="to cut">tar-re</w>
</l>
<l n="58C" id="c4802.D.58C" corresp="t4802.p9">
<supplied/>
<w form="e2" lemma="e2" pos="N" label="house(hold)">e2</w>
<suppliedEnd/>
<w form="a2-nun-jal2" lemma="a2-nun-jal2" pos="AJ" label="strong">a2-nun-jal2</w>
<w form="&d;a-nun-ke4-ne" lemma="a-nun-na" pos="N" type="DN" label="Anuna" det="&d;">&d;a-nun-ke4-ne</w>
<w form="uj3" lemma="uj3" pos="N" label="people">uj3</w>
<w form="jalga" lemma="jalga" pos="N" label="reason">jalga</w>
<w form="cum2-mu" lemma="cum2" pos="V" label="to give">cum2-mu</w>
</l>
<l n="58D" id="c4802.D.58D" corresp="t4802.p9">
<w form="e2" lemma="e2" pos="N" label="house(hold)">e2</w>
<w form="ki-tuc" lemma="ki-tuc" pos="N" label="dwelling place">ki-tuc</w>
<w form="ni2" lemma="ni2" pos="N" label="self">ni2</w>
<w form="dub2-bu" lemma="dub2" pos="V" label="to tremble">dub2-bu</w>
<w form="dijir" lemma="dijir" pos="N" label="deity">dijir</w>
<w form="gal-e-ne" lemma="gal" pos="V" label="to be big">gal-e-ne</w>
</l>
<l n="58E" id="c4802.D.58E" corresp="t4802.p9">
<w form="e2" lemma="e2" pos="N" label="house(hold)">e2</w>
<w form="an" lemma="an" pos="N" label="heaven">an</w>
<w form="ki-bi-da" lemma="ki" pos="N" label="place">ki-bi-da</w>
<w form="jic-hur-bi" lemma="jic-hur" pos="N" label="design">jic-hur-bi</w>
<w form="i3-hur" lemma="hur" pos="V" label="to scratch">i3-hur</w>
<w form="me" lemma="me" pos="N" label="essence">me</w>
<w form="sikil" lemma="sikil" pos="V" label="to be pure">sikil</w>
<w form="cu" lemma="cu" pos="N" label="hand">cu</w>
<w form="ba-e-X" lemma="X" label="X">ba-e-X</w>
</l>
<l n="58F" id="c4802.D.58F" corresp="t4802.p9">
<w form="e2" lemma="e2" pos="N" label="house(hold)">e2</w>
<w form="kalam" lemma="kalam" pos="N" label="the Land">kalam</w>
<w form="ki" lemma="ki" pos="N" label="place">ki</w>
<w form="jar-ra" lemma="jar" pos="V" label="to place">jar-ra</w>
<w form="zag-jar-ra" lemma="zag-jar-ra" pos="N" label="shrine">zag-jar-ra</w>
<w form="us2-sa" lemma="us2" pos="V" label="to be adjacent">us2-sa</w>
</l>
<l n="58G" id="c4802.D.58G" corresp="t4802.p9">
<w form="e2" lemma="e2" pos="N" label="house(hold)">e2</w>
<w form="kur" lemma="kur" pos="N" label="(mountain) land">kur</w>
<w form="he2-jal2" lemma="he2-jal2" pos="N" label="plenty">he2-jal2</w>
<w form="giri17-zal" lemma="giri17-zal" pos="N" label="joy">giri17-zal</w>
<w form="ud" lemma="ud" pos="N" label="day(light)">ud</w>
<w form="zal-zal-le" lemma="zal" pos="V" label="to pass" form-type="RR">zal-zal-le</w>
</l>
<l n="58H" id="c4802.D.58H" corresp="t4802.p9">
<w form="e2" lemma="e2" pos="N" label="house(hold)">e2</w>
<w form="&d;nin-hur-saj-ja2" lemma="nin-hur-saj-ja2" pos="N" type="DN" label="Nin&h;ursa&g;a" det="&d;">&d;nin-hur-saj-ja2</w>
<w form="zi" lemma="zi" pos="N" label="life (breath)">zi</w>
<w form="kalam-ma" lemma="kalam" pos="N" label="the Land">kalam-ma</w>
<w form="ki-bi-ce3" lemma="ki" pos="N" label="place">ki-bi-ce3</w>
<w form="jar" lemma="jar" pos="V" label="to place">jar</w>
</l>
<l n="58I" id="c4802.D.58I" corresp="t4802.p9">
<w form="e2" lemma="e2" pos="N" label="house(hold)">e2</w>
<w form="hur-saj" lemma="hur-saj" pos="N" label="mountain (range)">hur-saj</w>
<w form="gal" lemma="gal" pos="V" label="to be big">gal</w>
<w form="cu-luh-ha" lemma="cu-luh" pos="N" label="ritual cleansing">cu-luh-ha</w>
<w form="tum2-ma" lemma="tum2" pos="V" label="to be suitable">tum2-ma</w>
<w form="nij2-nam-ma-ni" lemma="nij2-nam" pos="PD" type="indefinite" label="anything">nij2-nam-ma-ni</w>
<w form="i3-kur2" lemma="kur2" pos="V" label="to be different">i3-kur2</w>
</l>
<l n="58J" id="c4802.D.58J" corresp="t4802.p9">
<w form="e2" lemma="e2" pos="N" label="house(hold)">e2</w>
<w form="e-ne-da" lemma="e-ne" pos="PD" type="personal" label="he, she">e-ne-da</w>
<w form="nu" lemma="nu" pos="NEG" label="not">nu</w>
<w form="ka-ac" lemma="ka-ac" pos="N" label="decision">ka-ac</w>
<w form="bar" lemma="bar" pos="V" label="to set aside">bar</w>
<w form="nu-ja2-ja2" lemma="jar" pos="V" label="to place" form-type="rr">nu-ja2-ja2</w>
</l>
<l n="58K" id="c4802.D.58K" corresp="t4802.p9">
<w form="e2" lemma="e2" pos="N" label="house(hold)">e2</w>
<supplied/>
<w form="&X;" lemma="&X;" label="&X;">&X;</w>
<suppliedEnd/>
<damage/>
<w form="dug3" lemma="dug3" pos="V" label="to be good">dug3</w>
<damageEnd/>
<w form="kalam" lemma="kalam" pos="N" label="the Land">kalam</w>
<w form="dajal" lemma="dajal" pos="V" label="to be wide">dajal</w>
<w form="cu" lemma="cu" pos="N" label="hand">cu</w>
<w form="la2-a" lemma="la2" pos="V" label="to hang">la2-a</w>
</l>
<l n="58L" id="c4802.D.58L" corresp="t4802.p9">
<supplied/>
<w form="e2" lemma="e2" pos="N" label="house(hold)">e2</w>
<suppliedEnd/>
<w form="uj3" lemma="uj3" pos="N" label="people">uj3</w>
<w form="car2" lemma="car2" pos="V" label="to be numerous">car2</w>
<w form="u3-tud" lemma="tud" pos="V" label="to give birth">u3-tud</w>
<w form="numun" lemma="numun" pos="N" label="seed">numun</w>
<w form="&jic;isimu2&sar;" lemma="isimu2" pos="N" label="(off)shoot" det="&jic; &sar;">&jic;isimu2&sar;</w>
<w form="tuku-tuku" lemma="tuku" pos="V" label="to have" form-type="RR">tuku-tuku</w>
</l>
<l n="58M" id="c4802.D.58M" corresp="t4802.p9">
<supplied/>
<w form="e2" lemma="e2" pos="N" label="house(hold)">e2</w>
<suppliedEnd/>
<w form="lugal" lemma="lugal" pos="N" label="king">lugal</w>
<w form="u3-tud" lemma="tud" pos="V" label="to give birth">u3-tud</w>
<w form="nam" lemma="nam" pos="N" label="destiny">nam</w>
<w form="kalam-ma" lemma="kalam" pos="N" label="the Land">kalam-ma</w>
<w form="tar-re" lemma="tar" pos="V" label="to cut">tar-re</w>
</l>
<l n="58N" id="c4802.D.58N" corresp="t4802.p9">
<supplied/>
<w form="e2" lemma="e2" pos="N" label="house(hold)">e2</w>
<suppliedEnd/>
<w form="barag-barag-bi" lemma="barag" pos="N" label="dais" form-type="RR">barag-barag-bi</w>
<w form="cu-kin" lemma="cu-kin" pos="N" label="obeisance">cu-kin</w>
<w form="dab5-be2" lemma="dab5" pos="V" label="to seize">dab5-be2</w>
<w form="ak-de3" lemma="ak" pos="V" label="to do">ak-de3</w>
</l>
<l n="58O" id="c4802.D.58O" corresp="t4802.p9">
<w form="kec3&ki;-gin7" lemma="kec3" pos="N" type="SN" label="Ke&c;" det="&ki;"><supplied/>kec3<suppliedEnd/><damage/>&ki;<damageEnd/>-gin7</w>
<w form="rib-ba" lemma="rib" pos="V" label="to be outstanding">rib-ba</w>
<w form="lu2" lemma="lu2" pos="N" label="person">lu2</w>
<w form="ci-in-ga-an-tum2-mu" lemma="de6" pos="V" label="to carry" form-type="isg">ci-in-ga-an-tum2-mu</w>
</l>
<l n="58P" id="c4802.D.58P" corresp="t4802.p9">
<supplied/>
<w form="ur-saj-bi" lemma="ur-saj" pos="N" label="hero">ur-saj<suppliedEnd/>-bi</w>
<w form="&d;ac7-gi4-gin7" lemma="ac7-gi4" pos="N" type="DN" label="A&c;gi" det="&d;">&d;<gloss lang="sux" target="c4802.t4">ac</gloss><term id="c4802.t4">ac7</term>-gi4-gin7</w>
<w form="rib-ba" lemma="rib" pos="V" label="to be outstanding">rib-ba</w>
<w form="ama" lemma="ama" pos="N" label="mother">ama</w>
<w form="ci-in-ga-a-an-u3-tud" lemma="tud" pos="V" label="to give birth">ci-in-ga-a-an-u3-tud</w>
</l>
<l n="58Q" id="c4802.D.58Q" corresp="t4802.p9">
<supplied/>
<w form="nin-bi" lemma="nin" pos="N" label="lady">nin-bi</w>
<suppliedEnd/>
<w form="&d;nin-tur5-gin7" lemma="nin-tur5" pos="N" type="DN" label="Nintur" det="&d;"><supplied/>&d;<suppliedEnd/>nin-tur5-gin7</w>
<w form="rib-ba-ra" lemma="rib" pos="V" label="to be outstanding">rib-ba-ra</w>
<w form="a-ba-a" lemma="a-ba" pos="PD" type="interrogative" label="who">a-ba-a</w>
<w form="igi" lemma="igi" pos="N" label="eye">igi</w>
<w form="mu-ni-in-du8" lemma="du8" pos="V" label="to spread">mu-ni-in-du8</w>
</l>
<trailer place="rubric" type="e">
<l n="58R" id="c4802.D.58R" corresp="t4802.p10">
<supplied/>
<w form="&X;-kam-ma-am3" lemma="&X;" label="&X;">&X;<suppliedEnd/>-kam-ma-am3</w>
</l>
</trailer>
<anchor id="c4802.v4"/>
</lg>
<lg n="E" type="e">
<l n="59" id="c4802.E.59" corresp="t4802.p11">
<w form="iri&ki;" lemma="iri" pos="N" label="town" det="&ki;">iri&ki;</w>
<w form="ga-am3" lemma="me" pos="V" label="to be">ga-am3</w>
<w form="iri&ki;" lemma="iri" pos="N" label="town" det="&ki;">iri&ki;</w>
<w form="ga-am3" lemma="me" pos="V" label="to be">ga-am3</w>
<w form="cag4-bi" lemma="cag4" pos="N" label="heart">cag4-bi</w>
<w form="a-ba" lemma="a-ba" pos="PD" type="interrogative" label="who">a-ba</w>
<w form="mu-zu" lemma="zu" pos="V" label="to know">mu-zu</w>
</l>
<l n="60" id="c4802.E.60" corresp="t4802.p11">
<w form="e2" lemma="e2" pos="N" label="house(hold)">e2</w>
<w form="kec3&ki;" lemma="kec3" pos="N" type="SN" label="Ke&c;" det="&ki;">kec3&ki;</w>
<w form="iri&ki;" lemma="iri" pos="N" label="town" det="&ki;">iri&ki;</w>
<w form="ga-am3" lemma="me" pos="V" label="to be">ga-am3</w>
<w form="cag4-bi" lemma="cag4" pos="N" label="heart">cag4-bi</w>
<w form="a-ba" lemma="a-ba" pos="PD" type="interrogative" label="who">a-ba</w>
<w form="mu-zu" lemma="zu" pos="V" label="to know">mu-zu</w>
</l>
<l n="61" id="c4802.E.61" corresp="t4802.p11">
<w form="cag4-bi" lemma="cag4" pos="N" label="heart">cag4-bi</w>
<w form="ur-saj-ur-saj-e-ne" lemma="ur-saj" pos="N" label="hero" form-type="RR">ur-saj-ur-saj-e-ne</w>
<phr type="VP" lemma="si sa2" label="to make straight">
<w form="si" lemma="si" pos="N" label="horn">si</w>
<w form="mu-un-si-sa2-e-ne" lemma="si-sa2" pos="V" label="to make straight">mu-un-si-sa2-e-ne</w>
</phr>
</l>
<l n="62" id="c4802.E.62" corresp="t4802.p11">
<w form="ec-bar" lemma="ec-bar" pos="N" label="decision">ec-bar</w>
<w form="kij2" lemma="kij2" pos="V" label="to seek">kij2</w>
<w form="dug4-ga" lemma="dug4" pos="V" label="to say">dug4-ga</w>
<w form="cu" lemma="cu" pos="N" label="hand">cu</w>
<w form="gal" lemma="gal" pos="V" label="to be big">gal</w>
<w form="mu-un-du7-du7" lemma="du7" pos="V" label="to be perfect" form-type="RR">mu-un-du7-du7</w>
</l>
<l n="63" id="c4802.E.63" corresp="t4802.p11">
<w form="e2" lemma="e2" pos="N" label="house(hold)">e2</w>
<w form="gud" lemma="gud" pos="N" label="bull">gud</w>
<w form="du7-du7-dam" lemma="du7" pos="V" label="to push" form-type="RR">du7-du7-dam</w>
<w form="gu2" lemma="gu2" pos="N" label="neck">gu2</w>
<w form="am3-ma-gur-re" lemma="gur" pos="V" label="to turn">am3-ma-gur-re</w>
</l>
<l n="64" id="c4802.E.64" corresp="t4802.p11">
<w form="e2" lemma="e2" pos="N" label="house(hold)">e2</w>
<w form="gud" lemma="gud" pos="N" label="bull">gud</w>
<w form="car2-a" lemma="car2" pos="V" label="to be numerous">car2-a</w>
<w form="al-gu7-e" lemma="gu7" pos="V" label="to eat">al-gu7-e</w>
</l>
<l n="65" id="c4802.E.65" corresp="t4802.p11">
<w form="e2" lemma="e2" pos="N" label="house(hold)">e2</w>
<w form="udu" lemma="udu" pos="N" label="sheep">udu</w>
<w form="car2-a-am3" lemma="car2" pos="V" label="to be numerous">car2-a-am3</w>
<w form="al-gu7-e" lemma="gu7" pos="V" label="to eat">al-gu7-e</w>
</l>
<l n="66" id="c4802.E.66" corresp="t4802.p11">
<addSpan to="c4802.v5" type="primary"/>
<w form="X" lemma="X" label="X">X</w>
<w form="X-ma-am3" lemma="X" label="X">X-ma-am3</w>
<w form="gu2-bi" lemma="gu2" pos="N" label="neck">gu2-bi</w>
<w form="luh-luh-ha" lemma="luh" pos="V" label="to clean" form-type="RR">luh-luh-ha</w>
<anchor id="c4802.v5"/>
<addSpan to="c4802.v6" type="secondary"/>
<note id="c4802.n4" lang="eng" target="c4802.v5">1 ms. has instead:</note>
<w form="udu" lemma="udu" pos="N" label="sheep">udu</w>
<w form="ceg11-e" lemma="ceg11" pos="N" label="loud noise">ceg11-e</w>
<w form="ib2" lemma="ib2" pos="N" label="hip">ib2</w>
<w form="am3-luh-luh-e" lemma="luh" pos="V" label="to clean" form-type="RR">am3-luh-luh-e</w>
<anchor id="c4802.v6"/>
</l>
<altGrp><alt targType="addSpan" targets="c4802.v5 c4802.v6"/></altGrp>
<l n="67" id="c4802.E.67" corresp="t4802.p11">
<w form="barag-barag-e-ne" lemma="barag" pos="N" label="dais" form-type="RR">barag-barag-e-ne</w>
<w form="gu2-ne" lemma="gu2" pos="N" label="neck">gu2-ne</w>
<w form="am3-ma-jal2-le-ne" lemma="jal2" pos="V" label="to be (located)">am3-ma-jal2-le-ne</w>
</l>
<l n="68" id="c4802.E.68" corresp="t4802.p11">
<w form="&jic;tackarin-da" lemma="tackarin" pos="N" label="box tree" bound="L,da" det="&jic;">&jic;tackarin-da</w>
<w form="men" lemma="men" pos="N" label="diadem">men</w>
<w form="an-da-gur3-ru" lemma="guru3" pos="V" label="to bear">an-da-gur3-ru</w>
</l>
<l n="69" id="c4802.E.69" corresp="t4802.p11">
<w form="&jic;asal2-gin7" lemma="asal2" pos="N" label="poplar" bound="L,gin" det="&jic;">&jic;asal2-gin7</w>
<w form="an-da-tal2-tal2" lemma="tal2" pos="V" label="to be broad" form-type="RR">an-da-tal2-tal2</w>
<w form="sal-la" lemma="sal" pos="V" label="to be thin">sal-la</w>
</l>
<l n="70" id="c4802.E.70" corresp="t4802.p11">
<w form="hur-saj-da" lemma="hur-saj" pos="N" label="mountain (range)">hur-saj-da</w>
<addSpan to="c4802.v7" type="additional"/>
<note id="c4802.n5" lang="eng" target="c4802.v7">1 ms. adds:</note>
<w form="mu2-a" lemma="mu2" pos="V" label="to grow">mu2-a</w>
<anchor id="c4802.v7"/>
<w form="an-da-sig7-sig7-ga" lemma="sig7" pos="V" label="to be green" form-type="RR">an-da-sig7-sig7-ga</w>
</l>
<l n="71" id="c4802.E.71" corresp="t4802.p11">
<w form="kec3&ki;-gin7" lemma="kec3" pos="N" type="SN" label="Ke&c;" det="&ki;">kec3&ki;-gin7</w>
<w form="rib-ba" lemma="rib" pos="V" label="to be outstanding">rib-ba</w>
<w form="lu2" lemma="lu2" pos="N" label="person">lu2</w>
<w form="ci-in-ga-an-tum2-mu" lemma="de6" pos="V" label="to carry" form-type="isg">ci-in-ga-an-tum2-mu</w>
</l>
<l n="72" id="c4802.E.72" corresp="t4802.p11">
<w form="ur-saj-bi" lemma="ur-saj" pos="N" label="hero">ur-saj-bi</w>
<w form="&d;ac7-gi4-gin7" lemma="ac7-gi4" pos="N" type="DN" label="A&c;gi" det="&d;">&d;<gloss lang="sux" target="c4802.t5">ac</gloss><term id="c4802.t5">ac7</term>-gi4-gin7</w>
<w form="rib-ba" lemma="rib" pos="V" label="to be outstanding">rib-ba</w>
<w form="ama" lemma="ama" pos="N" label="mother">ama</w>
<w form="ci-in-ga-u3-tud" lemma="tud" pos="V" label="to give birth">ci-in-ga-u3-tud</w>
</l>
<l n="73" id="c4802.E.73" corresp="t4802.p11">
<w form="nin-bi" lemma="nin" pos="N" label="lady">nin-bi</w>
<w form="&d;nin-tur5-gin7" lemma="nin-tur5" pos="N" type="DN" label="Nintur" det="&d;">&d;nin-tur5-gin7</w>
<w form="rib-ba-ra" lemma="rib" pos="V" label="to be outstanding">rib-ba-ra</w>
<w form="a-ba-a" lemma="a-ba" pos="PD" type="interrogative" label="who">a-ba-a</w>
<w form="igi" lemma="igi" pos="N" label="eye">igi</w>
<w form="mu-ni-in-du8" lemma="du8" pos="V" label="to spread">mu-ni-in-du8</w>
</l>
<trailer place="rubric" type="e">
<l n="74" id="c4802.E.74" corresp="t4802.p12">
<w form="e2" lemma="e2" pos="N" label="house(hold)">e2</w>
<w form="4-kam-ma" lemma="4-kam-ma" pos="NU" type="ordinal" label="4th">4-kam-ma</w>
</l>
</trailer>
</lg>
<lg n="F" type="e">
<l n="75" id="c4802.F.75" corresp="t4802.p13">
<w form="e2" lemma="e2" pos="N" label="house(hold)">e2</w>
<w form="pirij" lemma="pirij" pos="N" label="lion">pirij</w>
<w form="u3-tud" lemma="tud" pos="V" label="to give birth">u3-tud</w>
<w form="cag4-bi" lemma="cag4" pos="N" label="heart">cag4-bi</w>
<w form="ur-saj" lemma="ur-saj" pos="N" label="hero">ur-saj</w>
<w form="su3-ud" lemma="sud" pos="V" label="to be distant">su3-ud</w>
</l>
<l n="76" id="c4802.F.76" corresp="t4802.p13">
<w form="e2" lemma="e2" pos="N" label="house(hold)">e2</w>
<w form="kec3&ki;" lemma="kec3" pos="N" type="SN" label="Ke&c;" det="&ki;">kec3&ki;</w>
<w form="pirij" lemma="pirij" pos="N" label="lion">pirij</w>
<w form="u3-tud" lemma="tud" pos="V" label="to give birth">u3-tud</w>
<w form="cag4-bi" lemma="cag4" pos="N" label="heart">cag4-bi</w>
<w form="ur-saj" lemma="ur-saj" pos="N" label="hero">ur-saj</w>
<w form="su3-ud" lemma="sud" pos="V" label="to be distant">su3-ud</w>
</l>
<l n="77" id="c4802.F.77" corresp="t4802.p13">
<w form="cag4-bi" lemma="cag4" pos="N" label="heart">cag4-bi</w>
<w form="ur-saj-ur-saj-e-ne" lemma="ur-saj" pos="N" label="hero" form-type="RR">ur-saj-ur-saj-e-ne</w>
<phr type="VP" lemma="si sa2" label="to make straight">
<w form="si" lemma="si" pos="N" label="horn">si</w>
<w form="mu-un-si-sa2" lemma="si-sa2" pos="V" label="to make straight">mu-un-si-sa2</w>
</phr>
</l>
<l n="78" id="c4802.F.78" corresp="t4802.p13">
<w form="&d;nin-hur-saj-ja2" lemma="nin-hur-saj-ja2" pos="N" type="DN" label="Nin&h;ursa&g;a" det="&d;">&d;nin-hur-saj-ja2</w>
<w form="ucumgal-am3" lemma="ucumgal" pos="N" label="type of serpent">ucumgal-am3</w>
<w form="cag4" lemma="cag4" pos="N" label="heart">cag4</w>
<w form="im-mi-in-tuc" lemma="tuc" pos="V" label="to sit">im-mi-in-tuc</w>
</l>
<l n="79" id="c4802.F.79" corresp="t4802.p13">
<w form="&d;nin-tur5" lemma="nin-tur5" pos="N" type="DN" label="Nintur" det="&d;">&d;nin-tur5</w>
<w form="ama" lemma="ama" pos="N" label="mother">ama</w>
<w form="gal-la" lemma="gal" pos="V" label="to be big">gal-la</w>
<w form="tud-tud" lemma="tud" pos="V" label="to give birth" form-type="RR">tud-tud</w>
<w form="mu-un-ja2-ja2" lemma="jar" pos="V" label="to place" form-type="rr">mu-un-ja2-ja2</w>
</l>
<l n="80" id="c4802.F.80" corresp="t4802.p13">
<w form="&d;cul-pa-e3" lemma="cul-pa-e3" pos="N" type="DN" label="&C;ul-pa-e" det="&d;">&d;cul-pa-e3</w>
<w form="ensi2-ke4" lemma="ensi2" pos="N" label="(city) ruler">ensi2-ke4</w>
<w form="nam-en" lemma="nam-en" pos="N" label="high (priestly) office">nam-en</w>
<w form="mu-un-na-ak" lemma="ak" pos="V" label="to do">mu-un-na-ak</w>
</l>
<l n="81" id="c4802.F.81" corresp="t4802.p13">
<w form="&d;ac7-gi4" lemma="ac7-gi4" pos="N" type="DN" label="A&c;gi" det="&d;">&d;<gloss lang="sux" target="c4802.t6">ac</gloss><term id="c4802.t6">ac7</term>-gi4</w>
<w form="ur-saj" lemma="ur-saj" pos="N" label="hero">ur-saj</w>
<w form="pisaj3" lemma="pisaj" pos="N" label="basket">pisaj3</w>
<w form="mu-un-gu7-e" lemma="gu7" pos="V" label="to eat">mu-un-gu7-e</w>
</l>
<l n="82" id="c4802.F.82" corresp="t4802.p13">
<w form="&d;uru3-mac" lemma="uru3-mac" pos="N" type="DN" label="Uruma&c;" det="&d;">&d;uru3-mac</w>
<w form="nijir" lemma="nijir" pos="N" label="herald">nijir</w>
<w form="gal" lemma="gal" pos="V" label="to be big">gal</w>
<w form="edin-na" lemma="edin" pos="N" label="open country">edin-na</w>
<w form="mu-un-da-an-til3" lemma="til3" pos="V" label="to live">mu-un-da-an-til3</w>
</l>
<l n="83" id="c4802.F.83" corresp="t4802.p13">
<w form="e2" lemma="e2" pos="N" label="house(hold)">e2</w>
<w form="lulim" lemma="lulim" pos="N" label="red deer?">lulim</w>
<w form="gu2" lemma="gu2" pos="N" label="neck">gu2</w>
<w form="am3-ma-gur-re" lemma="gur" pos="V" label="to turn">am3-ma-gur-re</w>
</l>
<l n="84" id="c4802.F.84" corresp="t4802.p13">
<w form="kec3&ki;-gin7" lemma="kec3" pos="N" type="SN" label="Ke&c;" det="&ki;">kec3&ki;-gin7</w>
<w form="rib-ba" lemma="rib" pos="V" label="to be outstanding">rib-ba</w>
<w form="lu2" lemma="lu2" pos="N" label="person">lu2</w>
<w form="ci-in-ga-tum2-mu" lemma="de6" pos="V" label="to carry" form-type="isg">ci-in-ga-tum2-mu</w>
</l>
<l n="85" id="c4802.F.85" corresp="t4802.p13">
<w form="ur-saj-bi" lemma="ur-saj" pos="N" label="hero">ur-saj-bi</w>
<w form="&d;ac7-gi4-gin7" lemma="ac7-gi4" pos="N" type="DN" label="A&c;gi" det="&d;">&d;<gloss lang="sux" target="c4802.t7">ac</gloss><term id="c4802.t7">ac7</term>-gi4-gin7</w>
<w form="rib-ba" lemma="rib" pos="V" label="to be outstanding">rib-ba</w>
<w form="ama" lemma="ama" pos="N" label="mother">ama</w>
<w form="ci-in-ga-u3-tud" lemma="tud" pos="V" label="to give birth">ci-in-ga-u3-tud</w>
</l>
<l n="86" id="c4802.F.86" corresp="t4802.p13">
<w form="nin-bi" lemma="nin" pos="N" label="lady">nin-bi</w>
<w form="&d;nin-tur5-gin7" lemma="nin-tur5" pos="N" type="DN" label="Nintur" det="&d;">&d;nin-tur5-gin7</w>
<w form="rib-ba-ra" lemma="rib" pos="V" label="to be outstanding">rib-ba-ra</w>
<w form="a-ba-a" lemma="a-ba" pos="PD" type="interrogative" label="who">a-ba-a</w>
<w form="igi" lemma="igi" pos="N" label="eye">igi</w>
<w form="mu-ni-in-du8" lemma="du8" pos="V" label="to spread">mu-ni-in-du8</w>
</l>
<trailer place="rubric" type="e">
<l n="87" id="c4802.F.87" corresp="t4802.p14">
<w form="e2" lemma="e2" pos="N" label="house(hold)">e2</w>
<w form="5-kam-ma" lemma="5-kam-ma" pos="NU" type="ordinal" label="5th">5-kam-ma</w>
</l>
</trailer>
</lg>
<lg n="G" type="e">
<l n="88" id="c4802.G.88" corresp="t4802.p15">
<w form="e2" lemma="e2" pos="N" label="house(hold)">e2</w>
<w form="ud-gin7" lemma="ud" pos="N" label="storm">ud-gin7</w>
<w form="ki-gal-la" lemma="ki-gal" pos="N" label="pedestal">ki-gal-la</w>
<w form="gub-ba" lemma="gub" pos="V" label="to stand">gub-ba</w>
<note lang="eng">Cited in <xref doc="c.0.2.13" from="c0213.16">OB catalogue from Nibru (N6), 0.2.13, line 16</xref></note>
</l>
<l n="89" id="c4802.G.89" corresp="t4802.p15">
<w form="am" lemma="am" pos="N" label="wild bull">am</w>
<w form="babbar-gin7" lemma="babbar" pos="AJ" label="white">babbar-gin7</w>
<w form="edin" lemma="edin" pos="N" label="open country">edin</w>
<w form="sug2-da" lemma="gub" pos="V" label="to stand" form-type="pl">sug2-da</w>
</l>
<l n="90" id="c4802.G.90" corresp="t4802.p15">
<w form="e2" lemma="e2" pos="N" label="house(hold)">e2</w>
<w form="nun-e" lemma="nun" pos="N" label="prince">nun-e</w>
<w form="ki" lemma="ki" pos="N" label="place">ki</w>
<w form="jar-ra" lemma="jar" pos="V" label="to place">jar-ra</w>
<w form="tigi-da" lemma="tigi" pos="N" label="type of instrument and composition">tigi-da</w>
<w form="ar2-ra" lemma="ar2" pos="N" label="praise">ar2-ra</w>
</l>
<l n="91" id="c4802.G.91" corresp="t4802.p15">
<w form="e2" lemma="e2" pos="N" label="house(hold)">e2</w>
<w form="cag4-bi-ta" lemma="cag4" pos="N" label="heart">cag4-bi-ta</w>
<w form="lipic" lemma="lipic" pos="N" label="inner body">lipic</w>
<w form="kalam-ma" lemma="kalam" pos="N" label="the Land">kalam-ma</w>
</l>
<l n="92" id="c4802.G.92" corresp="t4802.p15">
<w form="a-ga-bi-ta" lemma="a-ga" pos="N" label="rear (chamber)">a-ga-bi-ta</w>
<w form="zi" lemma="zi" pos="N" label="life (breath)">zi</w>
<addSpan to="c4802.v8" type="primary"/>
<w form="ki-en-gi-ra" lemma="ki-en-gi" pos="N" type="GN" label="Sumer">ki-en-gi-ra</w>
<anchor id="c4802.v8"/>
<addSpan to="c4802.v9" type="secondary"/>
<note id="c4802.n6" lang="eng" target="c4802.v8">some mss. have instead:</note>
<w form="cag4-ge" lemma="cag4" pos="N" label="heart">cag4-ge</w>
<w form="si-a" lemma="si" pos="V" label="to fill">si-a</w>
<anchor id="c4802.v9"/>
</l>
<altGrp><alt targType="addSpan" targets="c4802.v8 c4802.v9"/></altGrp>
<l n="93" id="c4802.G.93" corresp="t4802.p15">
<w form="kan4-bi-ta" lemma="kan4" pos="N" label="gate">kan4-bi-ta</w>
<w form="pirij" lemma="pirij" pos="N" label="lion">pirij</w>
<w form="cu-ba" lemma="cu" pos="N" label="hand">cu-ba</w>
<w form="nu2-a" lemma="nu2" pos="V" label="to lie down">nu2-a</w>
</l>
<l n="94" id="c4802.G.94" corresp="t4802.p15">
<w form="kan4-bi-ta" lemma="kan4" pos="N" label="gate">kan4-bi-ta</w>
<w form="UN-gal" lemma="UN-gal" pos="N" label="ruler">UN-gal</w>
<w form="inim" lemma="inim" pos="N" label="word">inim</w>
<w form="jar-ra" lemma="jar" pos="V" label="to place">jar-ra</w>
</l>
<l n="95" id="c4802.G.95" corresp="t4802.p15">
<w form="e2" lemma="e2" pos="N" label="house(hold)">e2</w>
<w form="ig-bi-ta" lemma="ig" pos="N" label="door">ig-bi-ta</w>
<w form="kur" lemma="kur" pos="N" label="(mountain) land">kur</w>
<w form="gal" lemma="gal" pos="V" label="to be big">gal</w>
<w form="gaba" lemma="gaba" pos="N" label="chest">gaba</w>
<w form="nu-gi4-gi4" lemma="gi4" pos="V" label="to return" form-type="RR">nu-gi4-gi4</w>
</l>
<l n="96" id="c4802.G.96" corresp="t4802.p15">
<addSpan to="c4802.v10" type="primary"/>
<w form="&jic;saj-kul-ta" lemma="saj-kul" pos="N" label="(locking) bar" bound="L,ta" det="&jic;">&jic;saj-kul-ta</w>
<anchor id="c4802.v10"/>
<addSpan to="c4802.v11" type="secondary"/>
<note id="c4802.n7" lang="eng" target="c4802.v10">some mss. have instead:</note>
<w form="&jic;suhub4-bi-ta" lemma="suhub4" pos="N" label="door bolt" det="&jic;">&jic;suhub4-bi-ta</w>
<anchor id="c4802.v11"/>
<w form="am" lemma="am" pos="N" label="wild bull">am</w>
<w form="gal-la" lemma="gal" pos="V" label="to be big">gal-la</w>
<w form="du7-a" lemma="du7" pos="V" label="to push">du7-a</w>
</l>
<altGrp><alt targType="addSpan" targets="c4802.v10 c4802.v11"/></altGrp>
<addSpan to="c4802.v12" type="additional"/>
<note id="c4802.n8" lang="eng" target="c4802.v12">some mss. add the line:</note>
<l n="96A" id="c4802.G.96A" corresp="t4802.p15">
<addSpan to="c4802.v13" type="primary"/>
<w form="&jic;saj-kul-bi" lemma="saj-kul" pos="N" label="(locking) bar" bound="L,bi" det="&jic;">&jic;saj-kul-bi</w>
<w form="ur-ra" lemma="ur" pos="N" label="dog">ur-ra</w>
<w form="lu2" lemma="lu2" pos="N" label="person">lu2</w>
<w form="X" lemma="X" label="X">X</w>
<w form="X" lemma="X" label="X">X</w>
<w form="X" lemma="X" label="X">X</w>
<anchor id="c4802.v13"/>
<addSpan to="c4802.v14" type="secondary"/>
<note id="c4802.n9" lang="eng" target="c4802.v13">1 ms. adds instead the line:</note>
<w form="&jic;X" lemma="X" label="X" det="&jic;">&jic;<supplied/>X</w>
<w form="Xbr" lemma="Xbr" label="Xbr">(X)</w>
<suppliedEnd/>
<damage/>
<w form="ur-mah" lemma="ur-mah" pos="N" label="lion">ur<damageEnd/>-mah</w>
<w form="ni2" lemma="ni2" pos="N" label="fear(someness)">ni2</w>
<w form="gur3-ru" lemma="guru3" pos="V" label="to bear">gur3-ru</w>
<anchor id="c4802.v14"/>
</l>
<anchor id="c4802.v12"/>
<altGrp><alt targType="addSpan" targets="c4802.v13 c4802.v14"/></altGrp>
<l n="97" id="c4802.G.97" corresp="t4802.p15">
<addSpan to="c4802.v15" type="primary"/>
<w form="ja2-nun" lemma="ja2-nun" pos="N" label="storehouse">ja2-nun</w>
<w form="jar-ra-bi" lemma="jar" pos="V" label="to place">jar-ra-bi</w>
<w form="an-ub" lemma="an-ub" pos="N" label="corner of heaven">an-ub</w>
<w form="ki-ub" lemma="ki-ub" pos="N" label="corner of earth">ki-ub</w>
<anchor id="c4802.v15"/>
<addSpan to="c4802.v16" type="secondary"/>
<note id="c4802.n10" lang="eng" target="c4802.v15">1 ms. has instead the line:</note>
<w form="ja2-nun" lemma="ja2-nun" pos="N" label="storehouse">ja2-nun</w>
<w form="e2" lemma="e2" pos="N" label="house(hold)"><unclear cert="qry">e2</unclear></w>
<w form="jar-ra" lemma="jar" pos="V" label="to place">jar-ra</w>
<w form="cukur" lemma="cukur" pos="N" label="lance">cukur</w>
<anchor id="c4802.v16"/>
</l>
<altGrp><alt targType="addSpan" targets="c4802.v15 c4802.v16"/></altGrp>
<l n="98" id="c4802.G.98" corresp="t4802.p15">
<w form="gi-gun4&ki;-na-bi" lemma="gi-gun4-na" pos="N" label="temple terrace" bound="L,bi" det="&ki;">gi-gun4&ki;-na-bi</w>
<w form="la-ha-ma" lemma="la-ha-ma" pos="N" label="beneficent sea creature">la-ha-ma</w>
<w form="ki" lemma="ki" pos="N" label="place">ki</w>
<w form="us2-sa" lemma="us2" pos="V" label="to be adjacent">us2-sa</w>
</l>
<l n="99" id="c4802.G.99" corresp="t4802.p15">
<w form="bad3" lemma="bad3" pos="N" label="wall">bad3</w>
<addSpan to="c4802.v17" type="additional"/>
<note id="c4802.n11" lang="eng" target="c4802.v17">1 ms. adds:</note>
<w form="gal" lemma="gal" pos="V" label="to be big">gal</w>
<anchor id="c4802.v17"/>
<w form="nun-na-bi" lemma="nun" pos="N" label="prince">nun-na-bi</w>
<w form="ec3" lemma="ec3" pos="N" label="shrine">ec3</w>
<w form="urim2&ki;" lemma="urim2" pos="N" type="SN" label="Urim" det="&ki;">urim2&ki;</w>
<w form="zu2" lemma="zu2" pos="N" label="tooth">zu2</w>
<w form="kece2-da" lemma="kece2" pos="V" label="to bind">kece2-da</w>
</l>
<l n="100" id="c4802.G.100" corresp="t4802.p15">
<w form="kec3&ki;-gin7" lemma="kec3" pos="N" type="SN" label="Ke&c;" det="&ki;">kec3&ki;-gin7</w>
<w form="rib-ba" lemma="rib" pos="V" label="to be outstanding">rib-ba</w>
<w form="lu2" lemma="lu2" pos="N" label="person">lu2</w>
<w form="ci-in-ga-an-tum2-mu" lemma="de6" pos="V" label="to carry" form-type="isg">ci-in-ga-an-tum2-mu</w>
</l>
<l n="101" id="c4802.G.101" corresp="t4802.p15">
<w form="ur-saj-bi" lemma="ur-saj" pos="N" label="hero">ur-saj-bi</w>
<w form="&d;ac7-gi4-gin7" lemma="ac7-gi4" pos="N" type="DN" label="A&c;gi" det="&d;">&d;<gloss lang="sux" target="c4802.t8">ac</gloss><term id="c4802.t8">ac7</term>-gi4-gin7</w>
<w form="rib-ba" lemma="rib" pos="V" label="to be outstanding">rib-ba</w>
<w form="ama" lemma="ama" pos="N" label="mother">ama</w>
<w form="ci-in-ga-u3-tud" lemma="tud" pos="V" label="to give birth">ci-in-ga-u3-tud</w>
</l>
<l n="102" id="c4802.G.102" corresp="t4802.p15">
<w form="nin-bi" lemma="nin" pos="N" label="lady">nin-bi</w>
<w form="&d;nin-tur5-ra-gin7" lemma="nin-tur5" pos="N" type="DN" label="Nintur" det="&d;">&d;nin-tur5-ra-gin7</w>
<w form="rib-ba-ra" lemma="rib" pos="V" label="to be outstanding">rib-ba-ra</w>
<w form="a-ba-a" lemma="a-ba" pos="PD" type="interrogative" label="who">a-ba-a</w>
<w form="igi" lemma="igi" pos="N" label="eye">igi</w>
<w form="mu-ni-in-du8" lemma="du8" pos="V" label="to spread">mu-ni-in-du8</w>
</l>
<trailer place="rubric" type="e">
<l n="103" id="c4802.G.103" corresp="t4802.p16">
<w form="e2" lemma="e2" pos="N" label="house(hold)">e2</w>
<w form="6-kam-ma" lemma="6-kam-ma" pos="NU" type="ordinal" label="6th">6-kam-ma</w>
</l>
</trailer>
</lg>
<lg n="H" type="e">
<addSpan to="c4802.v18" type="additional"/>
<note id="c4802.n12" lang="eng" target="c4802.v18">1 ms. (which uses a different numbering of the sections) adds the following lines:</note>
<l n="103A" id="c4802.H.103A" corresp="t4802.p17">
<w form="e2" lemma="e2" pos="N" label="house(hold)">e2</w>
<w form="su-lim" lemma="su-lim" pos="N" label="(awesome) radiance">su-lim</w>
<w form="guru3" lemma="guru3" pos="V" label="to bear">guru3</w>
<w form="zag" lemma="zag" pos="N" label="side">zag</w>
<w form="dib-ba" lemma="dib" pos="V" label="to pass">dib-<unclear cert="qry">ba</unclear></w>
<w form="cu" lemma="cu" pos="N" label="hand"><unclear cert="qry">cu</unclear></w>
</l>
<l n="103B" id="c4802.H.103B" corresp="t4802.p17">
<w form="e2" lemma="e2" pos="N" label="house(hold)">e2</w>
<w form="igi" lemma="igi" pos="N" label="eye">igi</w>
<w form="tab" lemma="tab" pos="V" label="to be parallel">tab</w>
<w form="an-ne2" lemma="an" pos="N" label="heaven">an-ne2</w>
<w form="BAR" lemma="BAR" label="BAR">BAR</w>
<w form="cag4" lemma="cag4" pos="N" label="heart">cag4</w>
<w form="AB" lemma="AB" label="AB">AB</w>
</l>
<l n="103C" id="c4802.H.103C" corresp="t4802.p17">
<w form="en" lemma="en" pos="N" label="lord">en</w>
<w form="&d;nu-dim2-mud-e" lemma="nu-dim2-mud" pos="N" type="DN" label="Nudimmud" det="&d;">&d;nu-dim2-mud-e</w>
<w form="an" lemma="an" pos="N" label="heaven"><unclear cert="qry">an</unclear></w>
<w form="ki-a" lemma="ki" pos="N" label="place">ki-a</w>
</l>
<l n="103D" id="c4802.H.103D" corresp="t4802.p17">
<w form="an" lemma="an" pos="N" label="heaven"><unclear cert="qry">an</unclear></w>
<w form="nin" lemma="nin" pos="N" label="lady"><unclear cert="qry">nin</unclear></w>
<w form="lu2" lemma="lu2" pos="N" label="person"><unclear cert="qry">lu2</unclear></w>
<w form="ceg12" lemma="ceg12" pos="N" label="brick(work)">ceg12</w>
<w form="kalam-ma" lemma="kalam" pos="N" label="the Land">kalam-ma</w>
<w form="dug3" lemma="dug3" pos="V" label="to be good"><unclear cert="qry">dug3</unclear></w>
</l>
<l n="103E" id="c4802.H.103E" corresp="t4802.p17">
<w form="ceg12" lemma="ceg12" pos="N" label="brick(work)">ceg12</w>
<w form="abzu-ta" lemma="abzu" pos="N" label="underground water">abzu-ta</w>
<w form="kij2" lemma="kij2" pos="N" label="work">kij2</w>
<w form="gal-le-ec" lemma="gal" pos="V" label="to be big">gal-le-ec</w>
</l>
<l n="103F" id="c4802.H.103F" corresp="t4802.p17">
<w form="gi-gun4-na" lemma="gi-gun4-na" pos="N" label="temple terrace">gi-gun4-na</w>
<w form="ki-tuc" lemma="ki-tuc" pos="N" label="dwelling place">ki-tuc</w>
<w form="ni2" lemma="ni2" pos="N" label="self">ni2</w>
<w form="dub2-bu" lemma="dub2" pos="V" label="to tremble">dub2-bu</w>
</l>
<l n="103G" id="c4802.H.103G" corresp="t4802.p17">
<w form="si-muc3" lemma="si-muc3" pos="N" label="brilliance"><unclear cert="qry">si</unclear>-muc3</w>
<w form="kug" lemma="kug" pos="AJ" label="shining">kug</w>
<w form="cag4" lemma="cag4" pos="N" label="heart">cag4</w>
<w form="uj3-ja2" lemma="uj3" pos="N" label="people">uj3-ja2</w>
<w form="saj" lemma="saj" pos="N" label="head">saj</w>
<w form="zig3" lemma="zig3" pos="V" label="to rise">zig3</w>
</l>
<l n="103H" id="c4802.H.103H" corresp="t4802.p17">
<w form="e2" lemma="e2" pos="N" label="house(hold)">e2</w>
<w form="kur-kur-ra" lemma="kur" pos="N" label="(mountain) land" form-type="RR">kur-kur-ra</w>
<w form="me-te-jal2-la2" lemma="me-te-jal2" pos="AJ" label="seemly">me-te-jal2-la2</w>
</l>
<l n="103I" id="c4802.H.103I" corresp="t4802.p17">
<w form="kec3&ki;-gin7" lemma="kec3" pos="N" type="SN" label="Ke&c;" det="&ki;"><damage/>kec3<damageEnd/>&ki;-gin7</w>
<w form="rib-ba" lemma="rib" pos="V" label="to be outstanding">rib-ba</w>
<corr resp="scrOm"/>
<w form="lu2" lemma="lu2" pos="N" label="person">lu2</w>
<w form="ci-in-ga-an-tum2-mu" lemma="de6" pos="V" label="to carry" form-type="isg">ci-in-ga-an-tum2-mu</w>
<corrEnd/>
</l>
<l n="103J" id="c4802.H.103J" corresp="t4802.p17">
<corr resp="scrOm"/>
<w form="ur-saj-bi" lemma="ur-saj" pos="N" label="hero">ur-saj-bi</w>
<w form="&d;ac7-gi4-gin7" lemma="ac7-gi4" pos="N" type="DN" label="A&c;gi" det="&d;">&d;<gloss lang="sux" target="c4802.t9">ac</gloss><term id="c4802.t9">ac</term>7-gi4-gin7</w>
<w form="rib-ba" lemma="rib" pos="V" label="to be outstanding">rib-ba</w>
<w form="ama" lemma="ama" pos="N" label="mother">ama</w>
<w form="ci-in-ga-u3-tud" lemma="tud" pos="V" label="to give birth">ci-in-ga-u3-tud</w>
<corrEnd/>
</l>
<l n="103K" id="c4802.H.103K" corresp="t4802.p17">
<corr resp="scrOm"/>
<w form="nin-bi" lemma="nin" pos="N" label="lady">nin-bi</w>
<w form="&d;nin-tur5-ra-gin7" lemma="nin-tur5" pos="N" type="DN" label="Nintur" det="&d;">&d;nin-tur5-ra-gin7</w>
<w form="rib-ba-ra" lemma="rib" pos="V" label="to be outstanding">rib-ba-ra</w>
<w form="a-ba-a" lemma="a-ba" pos="PD" type="interrogative" label="who">a-ba-a</w>
<w form="igi" lemma="igi" pos="N" label="eye">igi</w>
<w form="mu-ni-in-du8" lemma="du8" pos="V" label="to spread">mu-ni-in-du8</w>
<corrEnd/>
</l>
<trailer place="rubric" type="e">
<l n="103L" id="c4802.H.103L" corresp="t4802.p18">
<w form="e2" lemma="e2" pos="N" label="house(hold)">e2</w>
<w form="8-kam-ma" lemma="8-kam-ma" pos="NU" type="ordinal" label="8th">8-kam-ma</w>
</l>
</trailer>
<anchor id="c4802.v18"/>
</lg>
<lg n="I" type="e">
<l n="104" id="c4802.I.104" corresp="t4802.p19">
<w form="e2" lemma="e2" pos="N" label="house(hold)">e2</w>
<w form="kug" lemma="kug" pos="AJ" label="shining">kug</w>
<w form="KU-bi" lemma="KU" label="KU">KU-bi</w>
<w form="agrun" lemma="agrun" pos="N" label="cella">agrun</w>
</l>
<l n="105" id="c4802.I.105" corresp="t4802.p19">
<w form="e2" lemma="e2" pos="N" label="house(hold)">e2</w>
<w form="kec3&ki;" lemma="kec3" pos="N" type="SN" label="Ke&c;" det="&ki;">kec3&ki;</w>
<w form="kug" lemma="kug" pos="AJ" label="shining">kug</w>
<w form="KU-bi" lemma="KU" label="KU">KU-bi</w>
<w form="agrun" lemma="agrun" pos="N" label="cella">agrun</w>
</l>
<l n="106" id="c4802.I.106" corresp="t4802.p19">
<w form="e2" lemma="e2" pos="N" label="house(hold)">e2</w>
<w form="en-bi" lemma="en" pos="N" label="lord">en-bi</w>
<w form="&d;a-nun-na-me-ec" lemma="a-nun-na" pos="N" type="DN" label="Anuna" det="&d;">&d;a-nun-na-me-ec</w>
</l>
<l n="107" id="c4802.I.107" corresp="t4802.p19">
<w form="nu-ec3-bi" lemma="nu-ec3" pos="N" label="type of priest">nu-ec3-bi</w>
<w form="jiri2" lemma="jiri2" pos="N" label="blade">jiri2</w>
<w form="la2" lemma="la2" pos="V" label="to hang">la2</w>
<w form="e2-an-na-me-ec" lemma="e2-an-na" pos="N" type="TN" label="E-ana">e2-an-na-me-ec</w>
</l>
<l n="108" id="c4802.I.108" corresp="t4802.p19">
<w form="e2-e" lemma="e2" pos="N" label="house(hold)">e2-e</w>
<w form="lugal" lemma="lugal" pos="N" label="king">lugal</w>
<w form="bur-ra" lemma="bur" pos="N" label="type of bowl">bur-ra</w>
<w form="am3-mi-gub" lemma="gub" pos="V" label="to stand">am3-mi-gub</w>
</l>
<l n="109" id="c4802.I.109" corresp="t4802.p19">
<w form="en" lemma="en" pos="N" label="high priest(ess)">en</w>
<w form="dug3" lemma="dug3" pos="V" label="to be good">dug3</w>
<w form="cag4" lemma="cag4" pos="N" label="heart">cag4</w>
<w form="ec2" lemma="ec2" pos="N" label="rope">ec2</w>
<w form="la2" lemma="la2" pos="V" label="to hang">la2</w>
<w form="am3-mi-in-la2" lemma="la2" pos="V" label="to hang">am3-mi-in-la2</w>
</l>
<l n="110" id="c4802.I.110" corresp="t4802.p19">
<w form="a-tu-e" lemma="a-tu" pos="N" label="type of priest">a-tu-e</w>
<w form="ecgiri2" lemma="ecgiri2" pos="N" label="staff">ecgiri2</w>
<w form="cu" lemma="cu" pos="N" label="hand">cu</w>
<w form="bi2-in-du8" lemma="du8" pos="V" label="to spread">bi2-in-du8</w>
</l>
<l n="111" id="c4802.I.111" corresp="t4802.p19">
<w form="TU-e" lemma="TU" pos="N" label="type of priest">TU-e</w>
<w form="a" lemma="a" pos="N" label="water">a</w>
<w form="ur4-a" lemma="ur4" pos="V" label="to collect">ur4-a</w>
<w form="am3-mu-e-de6" lemma="de6" pos="V" label="to carry">am3-mu-e-de6</w>
</l>
<l n="112" id="c4802.I.112" corresp="t4802.p19">
<w form="lal3-e" lemma="lal3" pos="N" label="type of priest">lal3-e</w>
<w form="ki" lemma="ki" pos="N" label="place">ki</w>
<w form="kug-ga" lemma="kug" pos="AJ" label="shining">kug-ga</w>
<w form="am3-mi-in-tuc" lemma="tuc" pos="V" label="to sit">am3-mi-in-tuc</w>
</l>
<l n="113" id="c4802.I.113" corresp="t4802.p19">
<w form="enkum-e-ne" lemma="enkum" pos="N" label="type of temple official">enkum-e-ne</w>
<w form="ceg11" lemma="ceg11" pos="N" label="loud noise">ceg11</w>
<w form="ki" lemma="ki" pos="N" label="place">ki</w>
<w form="am3-ma-jal2-le-ec" lemma="jal2" pos="V" label="to be (located)">am3-ma-jal2-le-ec</w>
</l>
<l n="114" id="c4802.I.114" corresp="t4802.p19">
<w form="pa4-cec-e-ne" lemma="pa4-cec" pos="N" label="type of priest">pa4-cec-e-ne</w>
<w form="kuc" lemma="kuc" pos="N" label="skin">kuc</w>
<w form="mu-un-sag3-ge-ne" lemma="sag3" pos="V" label="to beat">mu-un-sag3-ge-ne</w>
</l>
<l n="115" id="c4802.I.115" corresp="t4802.p19">
<w form="u18-ru" lemma="uru16" pos="V" label="to be towering">u18-ru</w>
<w form="u18-ru" lemma="uru16" pos="V" label="to be towering">u18-ru</w>
<w form="mu-ni-ib-be2-e-ne" lemma="dug4" pos="V" label="to say" form-type="ppli">mu-ni-ib-be2-e-ne</w>
</l>
<l n="116" id="c4802.I.116" corresp="t4802.p20">
<w form="si" lemma="si" pos="N" label="horn">si</w>
<w form="am-ma-ke4" lemma="am" pos="N" label="wild bull">am-ma-ke4</w>
<w form="gum2-ga" lemma="gum2-ga-am3" pos="N" type="ideophone" label="animal noise">gum2-ga</w>
<w form="mi-ni-ib-za" lemma="za" pos="V" label="to make noise">mi-ni-ib-za</w>
</l>
<l n="117" id="c4802.I.117" corresp="t4802.p20">
<w form="&jic;al-jar-sur9-ra" lemma="al-jar-sur9" pos="N" label="drumstick" bound="L,ak" det="&jic;">&jic;al-jar-sur9-ra</w>
<w form="suh3-sah4" lemma="suh3-sah4" pos="N" type="ideophone" label="rumbling noise">suh3-sah4</w>
<w form="mi-ni-ib-za" lemma="za" pos="V" label="to make noise">mi-ni-ib-za</w>
</l>
<l n="118" id="c4802.I.118" corresp="t4802.p20">
<w form="nar" lemma="nar" pos="N" label="musician">nar</w>
<w form="&kuc;a2-la2-e" lemma="a2-la2" pos="N" label="type of drum" bound="L,e" det="&kuc;">&kuc;a2-la2-e</w>
<addSpan to="c4802.v19" type="primary"/>
<w form="ceg11" lemma="ceg11" pos="N" label="loud noise">ceg11</w>
<w form="mu-ni-ib-gi4" lemma="gi4" pos="V" label="to return">mu-ni-ib-gi4</w>
<anchor id="c4802.v19"/>
<addSpan to="c4802.v20" type="secondary"/>
<note id="c4802.n13" lang="eng" target="c4802.v19">1 ms. has instead:</note>
<w form="hu-mu-ni-ib-be2" lemma="dug4" pos="V" label="to say" form-type="ppli">hu-mu-ni-ib-be2</w>
<anchor id="c4802.v20"/>
</l>
<altGrp><alt targType="addSpan" targets="c4802.v19 c4802.v20"/></altGrp>
<l n="119" id="c4802.I.119" corresp="t4802.p20">
<w form="tigi" lemma="tigi" pos="N" label="type of instrument and composition">tigi</w>
<addSpan to="c4802.v21" type="primary"/>
<w form="nun" lemma="nun" pos="N" label="prince">nun</w>
<w form="dug3-ge" lemma="dug3" pos="V" label="to be good">dug3-ge</w>
<w form="mu-na-du12-a" lemma="du12" pos="V" label="to perform (music)">mu-na-du12-a</w>
<anchor id="c4802.v21"/>
<addSpan to="c4802.v22" type="secondary"/>
<note id="c4802.n14" lang="eng" target="c4802.v21">some mss. have instead:</note>
<w form="nij2" lemma="nij2" pos="N" label="thing">nij2</w>
<w form="dug3-ge" lemma="dug3" pos="V" label="to be good">dug3-ge</w>
<phr type="VP" lemma="si sa2" label="to make straight">
<w form="si" lemma="si" pos="N" label="horn">si</w>
<w form="ba-ni-in-sa2" lemma="sa2" pos="V" label="to equal">ba-ni-in-sa2</w>
</phr>
<anchor id="c4802.v22"/>
</l>
<altGrp><alt targType="addSpan" targets="c4802.v21 c4802.v22"/></altGrp>
<l n="120" id="c4802.I.120" corresp="t4802.p20">
<w form="e2" lemma="e2" pos="N" label="house(hold)">e2</w>
<w form="al-du3" lemma="du3" pos="V" label="to erect">al-du3</w>
<w form="giri17-zal-bi" lemma="giri17-zal" pos="N" label="joy">giri17-zal-bi</w>
<w form="al-dug3" lemma="dug3" pos="V" label="to be good">al-dug3</w>
</l>
<l n="121" id="c4802.I.121" corresp="t4802.p20">
<w form="e2" lemma="e2" pos="N" label="house(hold)">e2</w>
<w form="kec3&ki;" lemma="kec3" pos="N" type="SN" label="Ke&c;" det="&ki;">kec3&ki;</w>
<w form="al-du3" lemma="du3" pos="V" label="to erect">al-du3</w>
<w form="giri17-zal-bi" lemma="giri17-zal" pos="N" label="joy">giri17-zal-bi</w>
<w form="al-dug3" lemma="dug3" pos="V" label="to be good">al-dug3</w>
</l>
<l n="122" id="c4802.I.122" corresp="t4802.p20">
<w form="nin-bi" lemma="nin" pos="N" label="lady">nin-bi</w>
<w form="DIN-bi-a" lemma="DIN" label="DIN">DIN-bi-a</w>
<w form="mu-un-tuc" lemma="tuc" pos="V" label="to sit">mu-un-tuc</w>
</l>
<l n="123" id="c4802.I.123" corresp="t4802.p20">
<w form="&d;nin-hur-saj-ja2" lemma="nin-hur-saj-ja2" pos="N" type="DN" label="Nin&h;ursa&g;a" det="&d;">&d;nin-hur-saj-ja2</w>
<w form="nin-bi" lemma="nin" pos="N" label="lady">nin-bi</w>
<w form="DIN-bi-a" lemma="DIN" label="DIN">DIN-bi-a</w>
<w form="mu-un-tuc" lemma="tuc" pos="V" label="to sit">mu-un-tuc</w>
</l>
<l n="124" id="c4802.I.124" corresp="t4802.p20">
<w form="kec3&ki;-gin7" lemma="kec3" pos="N" type="SN" label="Ke&c;" det="&ki;">kec3&ki;-gin7</w>
<w form="rib-ba" lemma="rib" pos="V" label="to be outstanding">rib-ba</w>
<w form="lu2" lemma="lu2" pos="N" label="person">lu2</w>
<w form="ci-in-ga-an-tum2-mu" lemma="de6" pos="V" label="to carry" form-type="isg">ci-in-ga-an-tum2-mu</w>
</l>
<l n="125" id="c4802.I.125" corresp="t4802.p20">
<w form="ur-saj-bi" lemma="ur-saj" pos="N" label="hero">ur-saj-bi</w>
<w form="&d;ac7-gi4-gin7" lemma="ac7-gi4" pos="N" type="DN" label="A&c;gi" det="&d;">&d;<gloss lang="sux" target="c4802.t10">ac</gloss><term id="c4802.t10">ac7</term>-gi4-gin7</w>
<w form="rib-ba" lemma="rib" pos="V" label="to be outstanding">rib-ba</w>
<w form="ama" lemma="ama" pos="N" label="mother">ama</w>
<w form="ci-in-ga-u3-tud" lemma="tud" pos="V" label="to give birth">ci-in-ga-u3-tud</w>
</l>
<l n="126" id="c4802.I.126" corresp="t4802.p20">
<w form="nin-bi" lemma="nin" pos="N" label="lady">nin-bi</w>
<w form="&d;nin-tur5-ra-gin7" lemma="nin-tur5" pos="N" type="DN" label="Nintur" det="&d;">&d;nin-tur5-ra-gin7</w>
<w form="rib-ba-ra" lemma="rib" pos="V" label="to be outstanding">rib-ba-ra</w>
<w form="a-ba-a" lemma="a-ba" pos="PD" type="interrogative" label="who">a-ba-a</w>
<w form="igi" lemma="igi" pos="N" label="eye">igi</w>
<w form="mu-ni-in-du8" lemma="du8" pos="V" label="to spread">mu-ni-in-du8</w>
</l>
<trailer place="rubric" type="e">
<l n="127" id="c4802.I.127" corresp="t4802.p21">
<w form="e2" lemma="e2" pos="N" label="house(hold)">e2</w>
<w form="7-kam-ma" lemma="7-kam-ma" pos="NU" type="ordinal" label="7th">7-kam-ma</w>
</l>
</trailer>
</lg>
<lg n="J" type="e">
<l n="128" id="c4802.J.128" corresp="t4802.p22">
<w form="iri-ce3" lemma="iri" pos="N" label="town">iri-ce3</w>
<w form="iri-ce3" lemma="iri" pos="N" label="town">iri-ce3</w>
<w form="lu2" lemma="lu2" pos="N" label="person">lu2</w>
<w form="te-a" lemma="te" pos="V" label="to approach">te-a</w>
<w form="na-te" lemma="te" pos="V" label="to approach">na-te</w>
</l>
<l n="129" id="c4802.J.129" corresp="t4802.p22">
<w form="e2" lemma="e2" pos="N" label="house(hold)">e2</w>
<w form="kec3&ki;" lemma="kec3" pos="N" type="SN" label="Ke&c;" det="&ki;">kec3&ki;</w>
<w form="iri-ce3" lemma="iri" pos="N" label="town">iri-ce3</w>
<w form="lu2" lemma="lu2" pos="N" label="person">lu2</w>
<w form="te-a" lemma="te" pos="V" label="to approach">te-a</w>
<w form="na-te" lemma="te" pos="V" label="to approach">na-te</w>
</l>
<l n="130" id="c4802.J.130" corresp="t4802.p22">
<w form="ur-saj-bi" lemma="ur-saj" pos="N" label="hero">ur-saj-bi</w>
<w form="&d;ac7-gi4-ce3" lemma="ac7-gi4" pos="N" type="DN" label="A&c;gi" det="&d;">&d;<gloss lang="sux" target="c4802.t11">ac</gloss><term id="c4802.t11">ac7</term>-gi4-ce3</w>
<w form="lu2" lemma="lu2" pos="N" label="person">lu2</w>
<w form="te-a" lemma="te" pos="V" label="to approach">te-a</w>
<w form="na-te" lemma="te" pos="V" label="to approach">na-te</w>
</l>
<l n="131" id="c4802.J.131" corresp="t4802.p22">
<w form="nin-bi" lemma="nin" pos="N" label="lady">nin-bi</w>
<w form="&d;nin-tur5-ce3" lemma="nin-tur5" pos="N" type="DN" label="Nintur" det="&d;">&d;nin-tur5-ce3</w>
<w form="lu2" lemma="lu2" pos="N" label="person">lu2</w>
<w form="te-a" lemma="te" pos="V" label="to approach">te-a</w>
<w form="na-te" lemma="te" pos="V" label="to approach">na-te</w>
</l>
<l n="132" id="c4802.J.132" corresp="t4802.p22">
<w form="kec3&ki;" lemma="kec3" pos="N" type="SN" label="Ke&c;" det="&ki;">kec3&ki;</w>
<w form="du3-a" lemma="du3" pos="V" label="to erect">du3-a</w>
<w form="&d;ac7-gi4" lemma="ac7-gi4" pos="N" type="DN" label="A&c;gi" det="&d;">&d;<gloss lang="sux" target="c4802.t12">ac</gloss><term id="c4802.t12">ac7</term>-gi4</w>
<w form="za3-mi2" lemma="za3-mi2" pos="N" label="praise">za3-mi2</w>
</l>
<l n="133" id="c4802.J.133" corresp="t4802.p22">
<w form="kec3&ki;" lemma="kec3" pos="N" type="SN" label="Ke&c;" det="&ki;">kec3&ki;</w>
<w form="mi2" lemma="mi2" pos="N" label="(loving) care">mi2</w>
<w form="dug4-ga" lemma="dug4" pos="V" label="to say">dug4-ga</w>
<w form="&d;nin-tur5-ra" lemma="nin-tur5" pos="N" type="DN" label="Nintur" det="&d;">&d;nin-tur5-ra</w>
<w form="za3-mi2" lemma="za3-mi2" pos="N" label="praise">za3-mi2</w>
</l>
<trailer place="rubric" type="e">
<l n="134" id="c4802.J.134" corresp="t4802.p23">
<w form="e2" lemma="e2" pos="N" label="house(hold)">e2</w>
<w form="8-kam-ma" lemma="8-kam-ma" pos="NU" type="ordinal" label="8th">8-kam-ma</w>
</l>
</trailer>
</lg>
</body>
</text>
</TEI.2>
