<TEI.2 id="c.4.08.16">
<teiHeader lang="eng">
<fileDesc>
<titleStmt>
<title>A <foreign lang="sux">balbale</foreign> (?) to Inana (Dumuzid-Inana P) -- a composite transliteration</title>
<respStmt><name>Jeremy Black</name><resp>Project Director and Editor</resp></respStmt>
<respStmt><name>G&aacute;bor Z&oacute;lyomi</name><resp>Editor</resp></respStmt>
<respStmt><name>Graham Cunningham</name><resp>Editor</resp></respStmt>
<respStmt><name>Eleanor Robson</name><resp>Technical Developer</resp></respStmt>
<respStmt><name>Jarle Ebeling</name><resp>Technical Developer</resp></respStmt>
</titleStmt>
<publicationStmt>
<distributor>The Electronic Text Corpus of Sumerian Literature
</distributor><address><addrLine>The Oriental Institute, University of Oxford, Pusey Lane, Oxford OX1 2LE, UK, email etcsl&commat;orinst.ox.ac.uk, http://etcsl.orinst.ox.ac.uk</addrLine></address>
<date>1999</date>
</publicationStmt>
<seriesStmt><p>The Electronic Text Corpus of Sumerian Literature aims to make accessible over 400 literary works composed in the Sumerian language in ancient Mesopotamia during the late third and early second millennia BC. The works are in Sumerian composite transliteration and English prose translation with bibliographical information on each composition.</p></seriesStmt>
<sourceDesc>
<listBibl type="secondary">
<bibl><xref from="b244">Sefati 1998</xref><biblScope type="page">218-235</biblScope><biblScope type="plate">XXVIII, XXIX</biblScope><biblScope type="contents">photograph, commentary, score transliteration, translation</biblScope></bibl>
<bibl><xref from="b464">Krecher 1998j</xref><biblScope type="contents">composite text, translation</biblScope><note>electronic source</note></bibl>
<bibl><xref from="b455">Krecher 1998a</xref><biblScope type="contents">score transliteration</biblScope><note>electronic source</note></bibl>
<bibl><xref from="b605">Sefati 1999</xref><biblScope type="contents">score transliteration, translation</biblScope><note>electronic source</note></bibl>
</listBibl>
<listBibl type="tablets">
<bibl><biblScope type="museumNumber">IM 44539a (TIM 9 10)</biblScope></bibl>
<bibl><biblScope type="museumNumber">N 3373 ***</biblScope></bibl>
<bibl><biblScope type="museumNumber">Ni 9602 (PAPS 107 519f.; ISET 2 15f.)</biblScope></bibl>
</listBibl>
</sourceDesc>
</fileDesc>
<revisionDesc>
<change><date>28.i.1999</date><respStmt><name>JAB</name><resp>editor</resp></respStmt>
<item>standardisation</item></change>
<change><date>30.ix.1999</date><respStmt><name>GC</name><resp>editor</resp></respStmt>
<item>proofreading</item></change>
<change><date>18.x.1999</date><respStmt><name>GZ</name><resp>editor</resp></respStmt>
<item>SGML tagging</item></change>
<change><date>14.xi.1999</date><respStmt><name>ER</name><resp>editor</resp></respStmt>
<item>proofreading SGML</item></change>
<change><date>13.xi.1999</date><respStmt><name>ER</name><resp>editor</resp></respStmt>
<item>web publication</item></change>
<change><date>01.vi.2003</date><respStmt><name>GC/JE</name><resp>editor/technical developer</resp></respStmt>
<item>XML/TEI conversion</item></change>
<change><date>30.iii.2005</date><respStmt><name>GC/JE</name><resp>senior editor/technical developer</resp></respStmt>
<item>lemmatised version published</item></change>
</revisionDesc>
</teiHeader>
<text lang="sux">
<body>
<div1 type="segment" n="A">
<l n="1" id="c40816.A.1" corresp="t40816.p1">
<supplied/>
<w form="&X;-ja2" lemma="&X;" label="&X;">&X;<suppliedEnd/>-<damage/><unclear cert="qry">ja2</unclear></w>
<w form="kug-ga-a-am3" lemma="kug" pos="AJ" label="shining">kug<damageEnd/>-ga-a-am3</w>
</l>
<l n="2" id="c40816.A.2" corresp="t40816.p1">
<supplied/>
<w form="&X;" lemma="&X;" label="&X;">&X;</w>
<suppliedEnd/>
<phr type="VP" lemma="si sa2" label="to make straight">
<w form="si" lemma="si" pos="N" label="horn">si</w>
<w form="sa2-sa2" lemma="sa2" pos="V" label="to equal" form-type="RR">sa2-sa2</w>
</phr>
<distinct type="emesal">
<term id="c40816.t1">
<w form="me-e" lemma="je26" pos="PD" type="personal" label="I" emesal="me">me-e</w>
</term>
</distinct>
<gloss lang="uncertain" target="c40816.t1">
<note lang="eng">illegible traces</note>
</gloss>
</l>
<l n="3" id="c40816.A.3" corresp="t40816.p1">
<supplied/>
<w form="&X;" lemma="&X;" label="&X;">&X;</w>
<suppliedEnd/>
<w form="gal4-la" lemma="gal4-la" pos="N" label="female genitals">gal4-la</w>
<w form="ki" lemma="ki" pos="N" label="place">ki</w>
<w form="X" lemma="X" label="X">X</w>
<supplied/>
<w form="X" lemma="X" label="X">X</w>
<w form="X-am3" lemma="X" label="X">X<suppliedEnd/>-am3</w>
</l>
<l n="4" id="c40816.A.4" corresp="t40816.p1">
<supplied/>
<w form="&X;-an-du7" lemma="du7" pos="V" label="to push">&X;<suppliedEnd/>-<damage/>an<damageEnd/>-du7</w>
<w form="nam-nun-na" lemma="nam-nun" pos="N" label="princeliness">nam-nun-na</w>
<term id="c40816.t2">
<w form="ba-an-du7" lemma="du7" pos="V" label="to be perfect">ba-an-du7</w>
</term>
<gloss lang="uncertain" target="c40816.t2">
<note lang="eng">illegible traces</note>
</gloss>
</l>
<l n="5" id="c40816.A.5" corresp="t40816.p1">
<supplied/>
<w form="&X;" lemma="&X;" label="&X;">&X;</w>
<suppliedEnd/>
<w form="KI" lemma="KI" label="KI"><unclear cert="qry">KI</unclear></w>
<w form="X" lemma="X" label="X">X</w>
<w form="X" lemma="X" label="X">X</w>
<w form="GAM-e" lemma="GAM" label="GAM">GAM-e</w>
</l>
<l n="6" id="c40816.A.6" corresp="t40816.p1">
<supplied/>
<w form="&X;" lemma="&X;" label="&X;">&X;</w>
<suppliedEnd/>
<w form="igi" lemma="igi" pos="N" label="eye">igi</w>
<w form="ja2-ja2" lemma="jar" pos="V" label="to place" form-type="rr">ja2-ja2</w>
</l>
<l n="7" id="c40816.A.7" corresp="t40816.p1">
<supplied/>
<w form="&X;" lemma="&X;" label="&X;">&X;</w>
<suppliedEnd/>
<phr type="VP" lemma="si sa2" label="to make straight">
<w form="si" lemma="si" pos="N" label="horn">si</w>
<w form="sa2-sa2" lemma="sa2" pos="V" label="to equal" form-type="RR">sa2-sa2</w>
</phr>
<distinct type="emesal">
<w form="me-e" lemma="je26" pos="PD" type="personal" label="I" emesal="me">me-e</w>
</distinct>
</l>
<l n="8" id="c40816.A.8" corresp="t40816.p1">
<supplied/>
<w form="&X;" lemma="&X;" label="&X;">&X;</w>
<suppliedEnd/>
<w form="X" lemma="X" label="X">X</w>
<w form="cu" lemma="cu" pos="N" label="hand">cu</w>
<w form="BA" lemma="BA" label="BA">BA</w>
<supplied/>
<w form="&X;" lemma="&X;" label="&X;">&X;</w>
<suppliedEnd/>
</l>
<l n="9" id="c40816.A.9" corresp="t40816.p1">
<supplied/>
<w form="&X;" lemma="&X;" label="&X;">&X;</w>
<suppliedEnd/>
<w form="X" lemma="X" label="X">X</w>
<w form="X" lemma="X" label="X">X</w>
<w form="X" lemma="X" label="X">X</w>
<supplied/>
<w form="X" lemma="X" label="X">X</w>
<suppliedEnd/>
<w form="X" lemma="X" label="X">X</w>
</l>
<l n="10" id="c40816.A.10" corresp="t40816.p1">
<supplied/>
<w form="&X;" lemma="&X;" label="&X;">&X;</w>
<suppliedEnd/>
<w form="X" lemma="X" label="X">X</w>
<supplied/>
<w form="&X;" lemma="&X;" label="&X;">&X;</w>
<suppliedEnd/>
<w form="X" lemma="X" label="X">X</w>
</l>
<l n="11" id="c40816.A.11" corresp="t40816.p2">
<supplied/>
<w form="&X;-ju10" lemma="&X;" label="&X;">&X;<suppliedEnd/>-ju10</w>
<w form="gal4-la-ju10" lemma="gal4-la" pos="N" label="female genitals">gal4-la-ju10</w>
<w form="MA" lemma="MA" label="MA"><unclear cert="qry">MA</unclear></w>
<w form="X" lemma="X" label="X">X</w>
<w form="X" lemma="X" label="X">X</w>
<supplied/>
<w form="&X;" lemma="&X;" label="&X;">&X;</w>
<suppliedEnd/>
</l>
<l n="12" id="c40816.A.12" corresp="t40816.p2">
<supplied/>
<w form="&X;" lemma="&X;" label="&X;">&X;</w>
<suppliedEnd/>
<w form="dijir-e" lemma="dijir" pos="N" label="deity">dijir-e</w>
<w form="ba-ab-du7-a-ju10" lemma="du7" pos="V" label="to be perfect">ba-ab-du7-a-ju10</w>
</l>
<l n="13" id="c40816.A.13" corresp="t40816.p2">
<supplied/>
<w form="&X;" lemma="&X;" label="&X;">&X;</w>
<suppliedEnd/>
<w form="dur2-ra-ju10" lemma="dur2" pos="N" label="rump">dur2-ra-ju10</w>
</l>
<l n="14" id="c40816.A.14" corresp="t40816.p2">
<w form="X" lemma="X" label="X">X</w>
<w form="X" lemma="X" label="X">X</w>
<supplied/>
<w form="X" lemma="X" label="X">X</w>
<suppliedEnd/>
<w form="X-er-tab" lemma="X" label="X">X-er-tab</w>
<w form="gun3-a-ju10" lemma="gun3" pos="V" label="to be multicoloured">gun3-a-ju10</w>
</l>
<l n="15" id="c40816.A.15" corresp="t40816.p2">
<w form="X" lemma="X" label="X">X</w>
<w form="X" lemma="X" label="X">X</w>
<supplied/>
<w form="X" lemma="X" label="X">X</w>
<w form="X" lemma="X" label="X">X</w>
<suppliedEnd/>
<w form="X" lemma="X" label="X">X</w>
<w form="il2-il2" lemma="il2" pos="V" label="to raise" form-type="RR">il2-<unclear cert="qry">il2</unclear></w>
<term id="c40816.t3">
<w form="dur2-ra-ju10" lemma="dur2" pos="N" label="rump"><unclear cert="qry">dur2</unclear>-ra-ju10</w>
</term>
<gloss lang="uncertain" target="c40816.t3">
<note lang="eng">illegible traces</note>
</gloss>
</l>
<l n="16" id="c40816.A.16" corresp="t40816.p2">
<w form="X" lemma="X" label="X">X</w>
<w form="X" lemma="X" label="X">X</w>
<w form="X" lemma="X" label="X">X</w>
<supplied/>
<w form="X" lemma="X" label="X">X</w>
<suppliedEnd/>
<w form="X-e" lemma="X" label="X">X-e</w>
<distinct type="emesal">
<w form="mar-ra-ju10" lemma="jar" pos="V" label="to place" emesal="mar">mar-ra-ju10</w>
</distinct>
</l>
<l n="17" id="c40816.A.17" corresp="t40816.p2">
<w form="X" lemma="X" label="X">X</w>
<w form="X" lemma="X" label="X">X</w>
<w form="X" lemma="X" label="X">X</w>
<supplied/>
<w form="X" lemma="X" label="X">X</w>
<suppliedEnd/>
<w form="X" lemma="X" label="X">X</w>
<w form="X" lemma="X" label="X">X</w>
<w form="dug4-ga-ju10" lemma="dug4" pos="V" label="to say">dug4-ga-ju10</w>
</l>
<l n="18" id="c40816.A.18" corresp="t40816.p2">
<w form="X" lemma="X" label="X">X</w>
<w form="X" lemma="X" label="X">X</w>
<w form="X" lemma="X" label="X">X</w>
<w form="e2-gal" lemma="e2-gal" pos="N" label="palace">e2-gal</w>
<w form="me-te-ju10" lemma="me-te" pos="N" label="(fitting) attribute">me-te-ju10</w>
</l>
<l n="19" id="c40816.A.19" corresp="t40816.p2">
<w form="X" lemma="X" label="X">X</w>
<w form="X" lemma="X" label="X">X</w>
<w form="MA" lemma="MA" label="MA">MA</w>
<w form="ZA" lemma="ZA" label="ZA">ZA</w>
<w form="ud" lemma="ud" pos="N" label="day(light)">ud</w>
<term id="c40816.t4">
<w form="zal-la-ju10" lemma="zal" pos="V" label="to pass">zal-la-ju10</w>
</term>
<gloss lang="uncertain" target="c40816.t4">
<unclear cert="qry">muc3</unclear>
X
X
</gloss>
</l>
<l n="20" id="c40816.A.20" corresp="t40816.p2">
<w form="MUNUS" lemma="MUNUS" label="MUNUS">MUNUS</w>
<supplied/>
<w form="X" lemma="X" label="X">X</w>
<w form="X" lemma="X" label="X">X</w>
<suppliedEnd/>
<w form="PA-za" lemma="PA" label="PA">PA-za</w>
<phr type="VP" lemma="kucum4 tag" label="to race">
<w form="kucum4" lemma="kucum4" pos="N" label="noun part of multiword verb">kucum4</w>
<w form="tag-ga-am3" lemma="tag" pos="V" label="to touch">tag-ga-am3</w>
</phr>
</l>
<l n="21" id="c40816.A.21" corresp="t40816.p2">
<w form="&d;dumu-zid-de3" lemma="dumu-zid" pos="N" type="DN" label="Dumuzid" det="&d;">&d;dumu-zid-<unclear cert="qry">de3</unclear></w>
<w form="a" lemma="a" pos="N" label="water">a</w>
<w form="X" lemma="X" label="X">X</w>
<w form="E" lemma="E" label="E">E</w>
<distinct type="emesal">
<w form="mi-ni-in-ga-ga" lemma="de6" pos="V" label="to carry" emesal="ga" form-type="rr">mi-ni-in-ga-ga</w>
</distinct>
</l>
<l n="22" id="c40816.A.22" corresp="t40816.p3">
<w form="uj3" lemma="uj3" pos="N" label="people">uj3</w>
<w form="car2-re-da" lemma="car2" pos="V" label="to be numerous">car2-re-da</w>
<distinct type="emesal">
<w form="i-bi2-ju10" lemma="igi" pos="N" label="eye" emesal="i-bi2">i-bi2-ju10</w>
<w form="mu-ma-al" lemma="jal2" pos="V" label="to be (located)" emesal="ma-al">mu-ma-al</w>
</distinct>
</l>
<l n="23" id="c40816.A.23" corresp="t40816.p3">
<w form="&d;dumu-zid" lemma="dumu-zid" pos="N" type="DN" label="Dumuzid" det="&d;">&d;dumu-zid</w>
<w form="nam-dijir" lemma="nam-dijir" pos="N" label="divinity">nam-dijir</w>
<w form="kalam-ma-ce3" lemma="kalam" pos="N" label="the Land">kalam-ma-ce3</w>
<w form="mu-pad3" lemma="pad3" pos="V" label="to find">mu-pad3</w>
</l>
<l n="24" id="c40816.A.24" corresp="t40816.p3">
<w form="&d;dumu-zid" lemma="dumu-zid" pos="N" type="DN" label="Dumuzid" det="&d;">&d;dumu-zid</w>
<distinct type="emesal">
<w form="ki-ig-ga" lemma="ki" pos="N" label="place" emesal="ki-ig">ki-ig-ga</w>
</distinct>
<w form="aj2" lemma="aj2" pos="V" label="to measure">aj2</w>
<distinct type="emesal">
<w form="&d;mu-ul-lil2-la2-ra" lemma="en-lil2" pos="N" type="DN" label="Enlil" emesal="mu-ul-lil2" det="&d;">&d;mu-ul-lil2-la2-ra</w>
</distinct>
</l>
<l n="25" id="c40816.A.25" corresp="t40816.p3">
<w form="mu" lemma="mu" pos="N" label="name">mu</w>
<w form="mu-ni-mah" lemma="mah" pos="V" label="to be majestic">mu-ni-mah</w>
<w form="nam" lemma="nam" pos="N" label="destiny">nam</w>
<w form="mu-ni-tar" lemma="tar" pos="V" label="to cut">mu-ni-tar</w>
</l>
<l n="26" id="c40816.A.26" corresp="t40816.p3">
<w form="ama-ju10" lemma="ama" pos="N" label="mother">ama-ju10</w>
<w form="saj" lemma="saj" pos="N" label="head">saj</w>
<w form="us2" lemma="us2" pos="V" label="to be adjacent">us2</w>
<w form="mu-na-kal" lemma="kal" pos="V" label="to be rare">mu-na-kal</w>
</l>
<l n="27" id="c40816.A.27" corresp="t40816.p3">
<w form="ad-da-ju10" lemma="ad-da" pos="N" label="father">ad-da-ju10</w>
<w form="silim-e-ec" lemma="silim" pos="V" label="to be healthy">silim-e-ec</w>
<w form="mu-un-na-e" lemma="dug4" pos="V" label="to say" form-type="ppli">mu-un-na-e</w>
</l>
<l n="28" id="c40816.A.28" corresp="t40816.p4">
<w form="a" lemma="a" pos="N" label="water">a</w>
<w form="mu-ci-tu5" lemma="tu5" pos="V" label="to wash">mu-ci-tu5</w>
<distinct type="emesal">
<w form="na-ma" lemma="naja" pos="N" label="potash" emesal="na-ma">na-ma</w>
</distinct>
<w form="mu-ci-su-ub" lemma="su-ub" pos="V" label="to rub">mu-ci-su-ub</w>
</l>
<l n="29" id="c40816.A.29" corresp="t40816.p4">
<w form="cen" lemma="cen" pos="N" label="type of vessel">cen</w>
<w form="a" lemma="a" pos="N" label="water">a</w>
<w form="tu5-a" lemma="tu5" pos="V" label="to wash">tu5-a</w>
<w form="X" lemma="X" label="X">X</w>
<w form="u3-mu-ci-gub" lemma="gub" pos="V" label="to stand">u3-mu-ci-gub</w>
</l>
<l n="30" id="c40816.A.30" corresp="t40816.p4">
<w form="tug2-ju10" lemma="tug2" pos="N" label="garment">tug2-ju10</w>
<w form="tug2" lemma="tug2" pos="N" label="garment">tug2</w>
<distinct type="emesal">
<w form="aj2" lemma="nij2" pos="N" label="thing" emesal="aj2">aj2</w>
</distinct>
<w form="kalag-ga-gin7" lemma="kalag" pos="V" label="to be strong">kalag-ga-gin7</w>
<phr type="VP" lemma="si sa2" label="to make straight">
<w form="si" lemma="si" pos="N" label="horn">si</w>
<w form="ba-sa2-e" lemma="sa2" pos="V" label="to equal">ba-sa2-e</w>
</phr>
</l>
<l n="31" id="c40816.A.31" corresp="t40816.p4">
<w form="&tug2;pala3" lemma="pala3" pos="N" label="type of garment" det="&tug2;">&tug2;pala3</w>
<w form="mah" lemma="mah" pos="V" label="to be majestic">mah</w>
<w form="mu-na-kalag-ge-en" lemma="kalag" pos="V" label="to be strong">mu-na-kalag-ge-en</w>
</l>
<l n="32" id="c40816.A.32" corresp="t40816.p4">
<supplied/>
<w form="&X;" lemma="&X;" label="&X;">&X;</w>
<suppliedEnd/>
<w form="e3-bi-ce3" lemma="e3" pos="V" label="to go out or in">e3-bi-ce3</w>
<distinct type="emesal">
<w form="ma-ma-ma-an" lemma="jar" pos="V" label="to place" emesal="mar" form-type="rr">ma-ma-ma-an</w>
</distinct>
</l>
<l n="33" id="c40816.A.33" corresp="t40816.p4">
<supplied/>
<w form="&X;-bur2-bur2-re-en" lemma="bur2" pos="V" label="to release">&X;<suppliedEnd/>-bur2-bur2-re-<unclear cert="qry">en</unclear></w>
</l>
<l n="34" id="c40816.A.34" corresp="t40816.p4">
<supplied/>
<w form="&X;-ba-en" lemma="&X;" label="&X;">&X;<suppliedEnd/>-<unclear cert="qry">ba</unclear>-<damage/><unclear cert="qry">en</unclear></w>
<damageEnd/>
</l>
<l n="35" id="c40816.A.35" corresp="t40816.p4">
<supplied/>
<w form="&X;" lemma="&X;" label="&X;">&X;</w>
<suppliedEnd/>
<w form="X" lemma="X" label="X">X</w>
<supplied/>
<w form="&X;" lemma="&X;" label="&X;">&X;</w>
<suppliedEnd/>
</l>
<gap extent="approx. 7 lines missing"/>
</div1>
<div1 type="segment" n="B">
<l n="1" id="c40816.B.1" corresp="t40816.p5">
<w form="nin" lemma="nin" pos="N" label="lady"><unclear cert="qry">nin</unclear></w>
<w form="X" lemma="X" label="X">X</w>
<w form="X" lemma="X" label="X">X</w>
<supplied/>
<w form="&X;" lemma="&X;" label="&X;">&X;</w>
<suppliedEnd/>
<w form="AN" lemma="AN" label="AN">AN</w>
<supplied/>
<w form="&X;" lemma="&X;" label="&X;">&X;</w>
<suppliedEnd/>
</l>
<l n="2" id="c40816.B.2" corresp="t40816.p5">
<distinct type="emesal">
<w form="uru2" lemma="iri" pos="N" label="town" emesal="uru2"><unclear cert="qry">uru2</unclear></w>
</distinct>
<w form="bar" lemma="bar" pos="N" label="outside">bar</w>
<w form="e2" lemma="e2" pos="N" label="house(hold)"><unclear cert="qry">e2</unclear></w>
<supplied/>
<w form="X" lemma="X" label="X">X</w>
<w form="X" lemma="X" label="X">X</w>
<suppliedEnd/>
<w form="za-gin3" lemma="za-gin3" pos="N" label="lapis lazuli">za-gin3</w>
<w form="AN" lemma="AN" label="AN">AN</w>
<supplied/>
<w form="&X;" lemma="&X;" label="&X;">&X;</w>
<suppliedEnd/>
</l>
<l n="3" id="c40816.B.3" corresp="t40816.p5">
<w form="cag4" lemma="cag4" pos="N" label="heart">cag4</w>
<w form="ec3-ju10" lemma="ec3" pos="N" label="shrine">ec3-ju10</w>
<w form="a-ra-zu-a" lemma="a-ra-zu" pos="N" label="supplication">a-ra-zu-a</w>
<w form="mu-ni-&X;" lemma="&X;" label="&X;">mu-ni-<supplied/>&X;</w>
<suppliedEnd/>
</l>
<l n="4" id="c40816.B.4" corresp="t40816.p5">
<w form="kug" lemma="kug" pos="AJ" label="shining">kug</w>
<w form="a-ra-zu-a" lemma="a-ra-zu" pos="N" label="supplication">a-ra-zu-a</w>
<w form="mi-X-pad3-&X;" lemma="pad3" pos="V" label="to find">mi-X-<damage/>pad3<damageEnd/>-<supplied/>&X;</w>
<suppliedEnd/>
</l>
<l n="5" id="c40816.B.5" corresp="t40816.p5">
<w form="X" lemma="X" label="X">X</w>
<w form="X" lemma="X" label="X">X</w>
<w form="tug2" lemma="tug2" pos="N" label="garment">tug2</w>
<w form="kalag-ga" lemma="kalag" pos="V" label="to be strong">kalag-ga</w>
<distinct type="emesal">
<w form="ga-ca-an-an-na-me-en" lemma="inana" pos="N" type="DN" label="Inana" emesal="ga-ca-an-an-na"><corr resp="scrOm"/>ga<corrEnd/>-ca-an-an-na-me-<supplied/>en<suppliedEnd/></w>
</distinct>
</l>
<l n="6" id="c40816.B.6" corresp="t40816.p5">
<w form="gala-e" lemma="gala" pos="N" label="lament singer">gala-e</w>
<w form="cir3-ra" lemma="cir3" pos="N" label="song">cir3-ra</w>
<w form="mu-ni-ib2-&X;" lemma="&X;" label="&X;">mu-ni-ib2-<supplied/>&X;</w>
<suppliedEnd/>
</l>
<l n="7" id="c40816.B.7" corresp="t40816.p5">
<w form="nar-e" lemma="nar" pos="N" label="musician">nar-e</w>
<w form="en3-du-a" lemma="en3-du" pos="N" label="song">en3-du-a</w>
<w form="mu-ni-ib2-be2" lemma="dug4" pos="V" label="to say" form-type="ppli">mu-ni-ib2-<supplied/>be2</w>
<suppliedEnd/>
</l>
<l n="8" id="c40816.B.8" corresp="t40816.p5">
<distinct type="emesal">
<w form="mu-ud-na-ju10" lemma="nitalam" pos="N" label="spouse" emesal="mu-ud-na">mu-ud-na-ju10</w>
</distinct>
<w form="mu-da-an-hul2-le" lemma="hul2" pos="V" label="to be happy">mu-da-an-<supplied/>hul2-le</w>
<suppliedEnd/>
</l>
<l n="9" id="c40816.B.9" corresp="t40816.p5">
<addSpan to="c40816.v1" type="primary"/>
<w form="am" lemma="am" pos="N" label="wild bull">am</w>
<anchor id="c40816.v1"/>
<addSpan to="c40816.v2" type="secondary"/>
<note id="c40816.n1" lang="eng" target="c40816.v1">1 ms. has instead:</note>
<distinct type="emesal">
<w form="u3-mu-un" lemma="en" pos="N" label="lord" emesal="u3-mu-un">u3-mu-un</w>
</distinct>
<anchor id="c40816.v2"/>
<w form="&d;dumu-zid" lemma="dumu-zid" pos="N" type="DN" label="Dumuzid" det="&d;">&d;dumu-zid</w>
<w form="mu-da-an-hul2-le" lemma="hul2" pos="V" label="to be happy">mu-da-an-<supplied/>hul2-le</w>
<suppliedEnd/>
</l>
<altGrp><alt targType="addSpan" targets="c40816.v1 c40816.v2"/></altGrp>
<l n="10" id="c40816.B.10" corresp="t40816.p6">
<w form="kurku2" lemma="kurku2" pos="N" label="desire">kurku2</w>
<w form="ka" lemma="ka" pos="N" label="mouth"><unclear cert="qry">ka</unclear></w>
<w form="ka" lemma="ka" pos="N" label="mouth">ka</w>
<w form="silim" lemma="silim" pos="V" label="to be healthy"><unclear cert="qry">silim</unclear></w>
<w form="A" lemma="A" label="A">A</w>
<supplied/>
<w form="&X;" lemma="&X;" label="&X;">&X;</w>
<suppliedEnd/>
</l>
<l n="11" id="c40816.B.11" corresp="t40816.p6">
<distinct type="emesal">
<w form="ga-ca-an" lemma="nin" pos="N" label="lady" emesal="ga-ca-an">ga-ca-an</w>
</distinct>
<w form="kur-kur-ra" lemma="kur" pos="N" label="(mountain) land" form-type="RR">kur-kur-<corr resp="scrOm"/>ra</w>
<corrEnd/>
<w form="tur" lemma="tur" pos="V" label="to be small">tur</w>
<w form="mu-ni-ib2-&X;" lemma="&X;" label="&X;"><unclear cert="qry">mu</unclear>-ni-<damage/>ib2<damageEnd/>-<supplied/>&X;</w>
<suppliedEnd/>
</l>
<l n="12" id="c40816.B.12" corresp="t40816.p6">
<w form="u3-gul" lemma="u3-gul" pos="N" label="prayer">u3-gul</w>
<w form="zi-zi" lemma="zig3" pos="V" label="to rise" form-type="rr">zi-zi</w>
<w form="nibru&ki;" lemma="nibru" pos="N" type="SN" label="Nibru" det="&ki;">nibru<damage/>&ki;<damageEnd/></w>
<supplied/>
<w form="&X;" lemma="&X;" label="&X;">&X;</w>
<suppliedEnd/>
</l>
<l n="13" id="c40816.B.13" corresp="t40816.p6">
<w form="u3-gul" lemma="u3-gul" pos="N" label="prayer">u3-gul</w>
<distinct type="emesal">
<w form="mar-mar" lemma="jar" pos="V" label="to place" emesal="mar" form-type="RR">mar-mar</w>
</distinct>
<w form="tur" lemma="tur" pos="V" label="to be small">tur</w>
<w form="an" lemma="an" pos="N" label="heaven">an</w>
<w form="X" lemma="X" label="X">X</w>
<supplied/>
<w form="&X;" lemma="&X;" label="&X;">&X;</w>
<suppliedEnd/>
</l>
<l n="14" id="c40816.B.14" corresp="t40816.p6">
<w form="in-nin9-e" lemma="in-nin" pos="N" label="mistress">in-nin9-e</w>
<w form="ni2" lemma="ni2" pos="N" label="self">ni2</w>
<w form="silim-e-ec" lemma="silim" pos="V" label="to be healthy">silim-e-<damage/>ec</w>
<damageEnd/>
<supplied/>
<w form="&X;-e" lemma="dug4" pos="V" label="to say" form-type="ppli">&X;-e</w>
<suppliedEnd/>
</l>
<l n="15" id="c40816.B.15" corresp="t40816.p6">
<w form="gala-e" lemma="gala" pos="N" label="lament singer">gala-e</w>
<w form="cir3-ra" lemma="cir3" pos="N" label="song">cir3-ra</w>
<damage/>
<w form="mu-&X;" lemma="&X;" label="&X;">mu<damageEnd/>-<supplied/>&X;</w>
<suppliedEnd/>
</l>
<l n="16" id="c40816.B.16" corresp="t40816.p6">
<w form="&d;inana-ke4" lemma="inana" pos="N" type="DN" label="Inana" det="&d;">&d;inana-ke4</w>
<w form="silim-e-ec" lemma="silim" pos="V" label="to be healthy">silim-e-ec</w>
<supplied/>
<w form="&X;-e" lemma="dug4" pos="V" label="to say" form-type="ppli">&X;-e</w>
<suppliedEnd/>
</l>
<l n="17" id="c40816.B.17" corresp="t40816.p6">
<w form="gal4-la-ni" lemma="gal4-la" pos="N" label="female genitals">gal4-la-ni</w>
<w form="cir3-ra" lemma="cir3" pos="N" label="song">cir3-ra</w>
<w form="mi-ni-&X;" lemma="&X;" label="&X;">mi-ni-<supplied/>&X;</w>
<suppliedEnd/>
</l>
<l n="18" id="c40816.B.18" corresp="t40816.p7">
<w form="gal4-la" lemma="gal4-la" pos="N" label="female genitals">gal4-la</w>
<w form="jar-ra" lemma="jar" pos="V" label="to place">jar-<unclear cert="qry">ra</unclear></w>
<w form="ne-en" lemma="ne-en" pos="PD" type="demonstrative" label="this">ne-en</w>
<w form="GAG" lemma="GAG" label="GAG">GAG</w>
<w form="X" lemma="X" label="X">X</w>
<supplied/>
<w form="&X;" lemma="&X;" label="&X;">&X;</w>
<suppliedEnd/>
</l>
<l n="19" id="c40816.B.19" corresp="t40816.p7">
<w form="si-gin7" lemma="si" pos="N" label="horn">si-gin7</w>
<w form="&jic;mar" lemma="mar" pos="N" label="waggon" det="&jic;">&jic;mar</w>
<w form="gal-e" lemma="gal" pos="V" label="to be big">gal-e</w>
<damage/>
<w form="kece2" lemma="kece2" pos="V" label="to bind">kece2</w>
<damageEnd/>
<supplied/>
<w form="&X;" lemma="&X;" label="&X;">&X;</w>
<suppliedEnd/>
</l>
<l n="20" id="c40816.B.20" corresp="t40816.p7">
<w form="ma2" lemma="ma2" pos="N" label="boat">ma2</w>
<w form="an-na" lemma="an" pos="N" label="heaven">an-na</w>
<w form="ne-en" lemma="ne-en" pos="PD" type="demonstrative" label="this">ne-en</w>
<w form="ec2" lemma="ec2" pos="N" label="rope">ec2</w>
<w form="la2" lemma="la2" pos="V" label="to hang">la2</w>
<supplied/>
<w form="&X;" lemma="&X;" label="&X;">&X;</w>
<suppliedEnd/>
</l>
<l n="21" id="c40816.B.21" corresp="t40816.p7">
<w form="ud-sakar" lemma="ud-sakar" pos="N" label="crescent (moon)">ud-sakar</w>
<w form="gibil-gin7" lemma="gibil" pos="V" label="to be new">gibil-gin7</w>
<w form="hi-li" lemma="hi-li" pos="N" label="attractiveness">hi-li</w>
<damage/>
<w form="gur3-ru-ju10" lemma="guru3" pos="V" label="to bear">gur3<damageEnd/>-<supplied/>ru-ju10</w>
<suppliedEnd/>
</l>
<l n="22" id="c40816.B.22" corresp="t40816.p7">
<w form="kislah" lemma="kislah" pos="N" label="uncultivated land">kislah</w>
<w form="ne-en" lemma="ne-en" pos="PD" type="demonstrative" label="this">ne-en</w>
<w form="edin-na" lemma="edin" pos="N" label="open country">edin-na</w>
<w form="cub-&X;" lemma="cub" pos="V" label="to fall"><unclear cert="qry">cub</unclear>-<supplied/>&X;</w>
<suppliedEnd/>
</l>
<l n="23" id="c40816.B.23" corresp="t40816.p7">
<w form="a-cag4" lemma="a-cag4" pos="N" label="field">a-<unclear cert="qry">cag4</unclear></w>
<w form="uz&mucen;" lemma="uz" pos="N" label="duck" det="&mucen;">uz&mucen;</w>
<w form="ne-en" lemma="ne-en" pos="PD" type="demonstrative" label="this">ne-en</w>
<w form="uz&mucen;" lemma="uz" pos="N" label="duck" det="&mucen;">uz&mucen;</w>
<w form="dur2-ra-ju10" lemma="dur2" pos="N" label="rump">dur2-<supplied/>ra<suppliedEnd/>-<damage/>ju10</w>
<damageEnd/>
</l>
<l n="24" id="c40816.B.24" corresp="t40816.p7">
<w form="a-cag4" lemma="a-cag4" pos="N" label="field">a-cag4</w>
<w form="an-na" lemma="an" pos="N" label="heaven">an-na</w>
<w form="ne-en" lemma="ne-en" pos="PD" type="demonstrative" label="this">ne-en</w>
<w form="a" lemma="a" pos="N" label="water">a</w>
<distinct type="emesal">
<w form="ma-ra-ju10" lemma="jar" pos="V" label="to place" emesal="mar">ma-ra-ju10</w>
</distinct>
</l>
<l n="25" id="c40816.B.25" corresp="t40816.p7">
<distinct type="emesal">
<w form="ma-a" lemma="je26" pos="PD" type="personal" label="I" emesal="me">ma-a</w>
</distinct>
<w form="gal4-la-ju10" lemma="gal4-la" pos="N" label="female genitals">gal4-la-ju10</w>
<w form="du6" lemma="du6" pos="N" label="(ruin) mound">du6</w>
<w form="du8-du8-a" lemma="du8" pos="V" label="to spread" form-type="RR">du8-du8-a</w>
<w form="a" lemma="a" pos="N" label="water">a</w>
<distinct type="emesal">
<w form="ma-ra" lemma="jar" pos="V" label="to place" emesal="mar">ma-<corr resp="scrAdd"/>a<corrEnd/>-ra</w>
</distinct>
</l>
<l n="26" id="c40816.B.26" corresp="t40816.p7">
<w form="ki-sikil-jen" lemma="ki-sikil" pos="N" label="young woman">ki-sikil-jen</w>
<w form="a-ba-a" lemma="a-ba" pos="PD" type="interrogative" label="who">a-ba-a</w>
<w form="ur11-ru-a-bi" lemma="ur11-ru" pos="V" label="to plough">ur11-ru-a-bi</w>
</l>
<l n="27" id="c40816.B.27" corresp="t40816.p7">
<w form="gal4-la-ju10" lemma="gal4-la" pos="N" label="female genitals">gal4-la-ju10</w>
<w form="ki" lemma="ki" pos="N" label="place">ki</w>
<w form="duru5" lemma="duru5" pos="V" label="to be wet">duru5</w>
<w form="a" lemma="a" pos="N" label="water">a</w>
<distinct type="emesal">
<w form="ma-ra" lemma="jar" pos="V" label="to place" emesal="mar">ma-ra</w>
</distinct>
</l>
<l n="28" id="c40816.B.28" corresp="t40816.p7">
<distinct type="emesal">
<w form="ga-ca-an-jen" lemma="nin" pos="N" label="lady" emesal="ga-ca-an">ga-ca-an-jen</w>
</distinct>
<w form="gud" lemma="gud" pos="N" label="bull">gud</w>
<w form="a-ba-a" lemma="a-ba" pos="PD" type="interrogative" label="who">a-ba-a</w>
<w form="bi2-ib2-gub-be2" lemma="gub" pos="V" label="to stand">bi2-ib2-gub-be2</w>
</l>
<l n="29" id="c40816.B.29" corresp="t40816.p8">
<w form="in-nin9" lemma="in-nin" pos="N" label="mistress">in-nin9</w>
<w form="lugal-e" lemma="lugal" pos="N" label="king">lugal-e</w>
<w form="ha-ra-an-ur11-ru" lemma="ur11-ru" pos="V" label="to plough">ha-ra-an-ur11-ru</w>
</l>
<l n="30" id="c40816.B.30" corresp="t40816.p8">
<w form="&d;dumu-zid" lemma="dumu-zid" pos="N" type="DN" label="Dumuzid" det="&d;">&d;dumu-zid</w>
<w form="lugal-e" lemma="lugal" pos="N" label="king">lugal-e</w>
<w form="ha-ra-ur11-ru" lemma="ur11-ru" pos="V" label="to plough">ha-ra-ur11-ru</w>
</l>
<l n="31" id="c40816.B.31" corresp="t40816.p9">
<supplied/>
<w form="gal4-la-ja2" lemma="gal4-la" pos="N" label="female genitals">gal4-la<suppliedEnd/>-ja2</w>
<w form="ur11-ru" lemma="ur11-ru" pos="V" label="to plough">ur11-ru</w>
<distinct type="emesal">
<w form="mu-lu" lemma="lu2" pos="N" label="person" emesal="mu-lu">mu-lu</w>
<w form="ca3-ab-ja2-kam" lemma="cag4" pos="N" label="heart" emesal="ca3-ab">ca3-ab-ja2-kam</w>
</distinct>
</l>
<l n="32" id="c40816.B.32" corresp="t40816.p9">
<supplied/>
<w form="&X;" lemma="&X;" label="&X;">&X;</w>
<suppliedEnd/>
<w form="ur2" lemma="ur2" pos="N" label="root">ur2</w>
<w form="kug-ge" lemma="kug" pos="AJ" label="shining">kug-ge</w>
<w form="a" lemma="a" pos="N" label="water">a</w>
<w form="ba-an-tu5" lemma="tu5" pos="V" label="to wash">ba-an-tu5</w>
</l>
<l n="33" id="c40816.B.33" corresp="t40816.p9">
<supplied/>
<w form="&X;" lemma="&X;" label="&X;">&X;</w>
<suppliedEnd/>
<w form="kug-ga-am3" lemma="kug" pos="AJ" label="shining">kug-ga-am3</w>
<w form="cen" lemma="cen" pos="N" label="type of vessel">cen</w>
<damage/>
<w form="kug" lemma="kug" pos="AJ" label="shining"><unclear cert="qry">kug</unclear></w>
<damageEnd/>
<w form="X" lemma="X" label="X">X</w>
</l>
<l n="34" id="c40816.B.34" corresp="t40816.p9">
<supplied/>
<w form="&X;" lemma="&X;" label="&X;">&X;</w>
<suppliedEnd/>
<w form="X" lemma="X" label="X">X</w>
<w form="X" lemma="X" label="X">X</w>
<w form="X" lemma="X" label="X">X</w>
<supplied/>
<w form="&X;" lemma="&X;" label="&X;">&X;</w>
<suppliedEnd/>
</l>
<gap extent="approx. 3 lines missing"/>
</div1>
<div1 type="segment" n="C">
<l n="1" id="c40816.C.1" corresp="t40816.p10">
<w form="&d;nin-e2-gal" lemma="nin-e2-gal-la" pos="N" type="DN" label="Ninegala" det="&d;">&d;nin-e2-gal</w>
<w form="kug-ga-am3" lemma="kug" pos="AJ" label="shining">kug-ga-<damage/>am3</w>
<damageEnd/>
<supplied/>
<w form="&X;" lemma="&X;" label="&X;">&X;</w>
<suppliedEnd/>
</l>
<l n="2" id="c40816.C.2" corresp="t40816.p10">
<supplied/>
<w form="&X;" lemma="&X;" label="&X;">&X;</w>
<suppliedEnd/>
<w form="X" lemma="X" label="X">X</w>
<w form="JA2" lemma="JA2" label="&G;A&s2;">JA2</w>
<w form="X" lemma="X" label="X">X</w>
<supplied/>
<w form="&X;" lemma="&X;" label="&X;">&X;</w>
<suppliedEnd/>
</l>
<l n="3" id="c40816.C.3" corresp="t40816.p10">
<supplied/>
<w form="&X;" lemma="&X;" label="&X;">&X;</w>
<suppliedEnd/>
<w form="NUN-bi" lemma="NUN" label="NUN">NUN-<unclear cert="qry">bi</unclear></w>
<supplied/>
<w form="&X;" lemma="&X;" label="&X;">&X;</w>
<suppliedEnd/>
</l>
<l n="4" id="c40816.C.4" corresp="t40816.p10">
<supplied/>
<w form="&X;-e" lemma="&X;" label="&X;">&X;<suppliedEnd/>-e</w>
<w form="dam" lemma="dam" pos="N" label="spouse"><unclear cert="qry">dam</unclear></w>
<supplied/>
<w form="&X;" lemma="&X;" label="&X;">&X;</w>
<suppliedEnd/>
</l>
<l n="5" id="c40816.C.5" corresp="t40816.p10">
<supplied/>
<w form="&X;" lemma="&X;" label="&X;">&X;</w>
<suppliedEnd/>
<w form="LA" lemma="LA" label="LA">LA</w>
<supplied/>
<w form="&X;" lemma="&X;" label="&X;">&X;</w>
<suppliedEnd/>
</l>
<l n="6" id="c40816.C.6" corresp="t40816.p10">
<supplied/>
<w form="&X;" lemma="&X;" label="&X;">&X;</w>
<suppliedEnd/>
<w form="X" lemma="X" label="X">X</w>
<w form="X" lemma="X" label="X">X</w>
<w form="X" lemma="X" label="X">X</w>
<supplied/>
<w form="&X;" lemma="&X;" label="&X;">&X;</w>
<suppliedEnd/>
</l>
<l n="7" id="c40816.C.7" corresp="t40816.p10">
<w form="ur2" lemma="ur2" pos="N" label="root"><unclear cert="qry">ur2</unclear></w>
<damage/>
<w form="kug" lemma="kug" pos="AJ" label="shining"><unclear cert="qry">kug</unclear></w>
<damageEnd/>
<supplied/>
<w form="&X;" lemma="&X;" label="&X;">&X;</w>
<suppliedEnd/>
</l>
<l n="8" id="c40816.C.8" corresp="t40816.p10">
<w form="JIC.BIL2" lemma="JIC.BIL2" pos="N" label="fresh fruit">JIC.<unclear cert="qry">BIL2</unclear></w>
<w form="pa-pa-al" lemma="pa-pa-al" pos="N" label="shoot">pa-pa-al</w>
<damage/>
<w form="mu-&X;" lemma="&X;" label="&X;">mu<damageEnd/>-<supplied/>&X;</w>
<suppliedEnd/>
</l>
<l n="9" id="c40816.C.9" corresp="t40816.p10">
<w form="ur2" lemma="ur2" pos="N" label="root">ur2</w>
<w form="lugal-la-ta" lemma="lugal" pos="N" label="king">lugal-la-ta</w>
<w form="zig3-ga-ni-ta" lemma="zig3" pos="V" label="to rise">zig3-ga-ni-<supplied/>ta</w>
<suppliedEnd/>
</l>
<l n="10" id="c40816.C.10" corresp="t40816.p10">
<w form="gu" lemma="gu" pos="N" label="(flax) thread">gu</w>
<w form="mu-un-da-zig3" lemma="zig3" pos="V" label="to rise">mu-un-da-zig3</w>
<w form="ce" lemma="ce" pos="N" label="barley">ce</w>
<w form="mu-un-da-zig3" lemma="zig3" pos="V" label="to rise">mu-un-da-zig3</w>
</l>
<l n="11" id="c40816.C.11" corresp="t40816.p10">
<damage/>
<w form="edin" lemma="edin" pos="N" label="open country">edin</w>
<damageEnd/>
<w form="&jic;kiri6" lemma="kiri6" pos="N" label="orchard" det="&jic;">&jic;kiri6</w>
<w form="giri17-zal-gin7" lemma="giri17-zal" pos="N" label="joy">giri17-zal-gin7</w>
<w form="mu-un-da-ab-si" lemma="si" pos="V" label="to fill">mu-un-da-ab-si</w>
</l>
<l n="12" id="c40816.C.12" corresp="t40816.p11">
<w form="e2-nam-til3-la" lemma="e2-nam-til3-la" pos="N" type="TN" label="E-namtila">e2-nam-til3-la</w>
<w form="e2" lemma="e2" pos="N" label="house(hold)">e2</w>
<w form="lugal-la-ka" lemma="lugal" pos="N" label="king">lugal-la-ka</w>
</l>
<l n="13" id="c40816.C.13" corresp="t40816.p11">
<w form="nitalam2-a-ni" lemma="nitalam" pos="N" label="spouse">nitalam2-a-ni</w>
<w form="ul-la" lemma="ul" pos="V" label="to swell (with joy)">ul-la</w>
<w form="mu-un-da-an-tuc" lemma="tuc" pos="V" label="to sit">mu-un-da-an-tuc</w>
</l>
<l n="14" id="c40816.C.14" corresp="t40816.p11">
<w form="e2-nam-til3-la" lemma="e2-nam-til3-la" pos="N" type="TN" label="E-namtila">e2-nam-til3-la</w>
<w form="e2" lemma="e2" pos="N" label="house(hold)">e2</w>
<w form="&d;dumu-zid-da-ka" lemma="dumu-zid" pos="N" type="DN" label="Dumuzid" det="&d;">&d;dumu-zid-da-ka</w>
</l>
<l n="15" id="c40816.C.15" corresp="t40816.p11">
<w form="&d;inana" lemma="inana" pos="N" type="DN" label="Inana" det="&d;">&d;inana</w>
<w form="ul-la" lemma="ul" pos="V" label="to swell (with joy)">ul-la</w>
<w form="mu-un-da-an-tuc" lemma="tuc" pos="V" label="to sit">mu-un-da-an-tuc</w>
</l>
<l n="16" id="c40816.C.16" corresp="t40816.p11">
<w form="&d;inana" lemma="inana" pos="N" type="DN" label="Inana" det="&d;">&d;inana</w>
<w form="e2-a-ni" lemma="e2" pos="N" label="house(hold)">e2-a-ni</w>
<w form="hul2-la-e" lemma="hul2" pos="V" label="to be happy">hul2-la-e</w>
</l>
<l n="17" id="c40816.C.17" corresp="t40816.p11">
<w form="lugal-ra" lemma="lugal" pos="N" label="king">lugal-ra</w>
<w form="u3-gul" lemma="u3-gul" pos="N" label="prayer">u3-gul</w>
<w form="mu-na-ja2-ja2" lemma="jar" pos="V" label="to place" form-type="rr">mu-na-ja2-ja2</w>
</l>
<l n="18" id="c40816.C.18" corresp="t40816.p12">
<w form="ga" lemma="ga" pos="N" label="milk">ga</w>
<w form="sig7-a-ma-ab" lemma="sig7" pos="V" label="to be green">sig7-a-ma-ab</w>
<distinct type="emesal">
<w form="mu-ud-na-ju10" lemma="nitalam" pos="N" label="spouse" emesal="mu-ud-na">mu-ud-na-ju10</w>
</distinct>
<w form="ga" lemma="ga" pos="N" label="milk">ga</w>
<w form="sig7-a-ma-ab" lemma="sig7" pos="V" label="to be green">sig7-<damage/>a<damageEnd/>-<supplied/>ma-ab</w>
<suppliedEnd/>
</l>
<l n="19" id="c40816.C.19" corresp="t40816.p12">
<distinct type="emesal">
<w form="mu-ud-na-ju10" lemma="nitalam" pos="N" label="spouse" emesal="mu-ud-na">mu-ud-na-ju10</w>
<w form="me-e" lemma="je26" pos="PD" type="personal" label="I" emesal="me">me-e</w>
</distinct>
<w form="ga" lemma="ga" pos="N" label="milk">ga</w>
<distinct type="emesal">
<w form="de3-e-da-na8-na8" lemma="naj" pos="V" label="to drink" emesal-prefix="de3-" form-type="rr">de3-e-da-<damage/>na8<damageEnd/>-<supplied/>na8</w>
<suppliedEnd/>
</distinct>
</l>
<l n="20" id="c40816.C.20" corresp="t40816.p12">
<w form="am" lemma="am" pos="N" label="wild bull">am</w>
<w form="&d;dumu-zid" lemma="dumu-zid" pos="N" type="DN" label="Dumuzid" det="&d;">&d;dumu-zid</w>
<w form="ga" lemma="ga" pos="N" label="milk">ga</w>
<w form="sig7-a-ma-ab" lemma="sig7" pos="V" label="to be green">sig7-a-ma-<damage/>ab</w>
<damageEnd/>
</l>
<l n="21" id="c40816.C.21" corresp="t40816.p12">
<distinct type="emesal">
<w form="mu-ud-na-ju10" lemma="nitalam" pos="N" label="spouse" emesal="mu-ud-na">mu-ud-na-ju10</w>
<w form="me-e" lemma="je26" pos="PD" type="personal" label="I" emesal="me">me-e</w>
</distinct>
<w form="ga" lemma="ga" pos="N" label="milk">ga</w>
<distinct type="emesal">
<w form="de3-e-da-na8-na8" lemma="naj" pos="V" label="to drink" emesal-prefix="de3-" form-type="rr">de3-<damage/>e-da<damageEnd/>-<supplied/>na8-na8</w>
<suppliedEnd/>
</distinct>
</l>
<l n="22" id="c40816.C.22" corresp="t40816.p12">
<w form="ga" lemma="ga" pos="N" label="milk">ga</w>
<w form="ud5-da-ke4" lemma="ud5" pos="N" label="(nanny) goat">ud5-da-ke4</w>
<w form="amac" lemma="amac" pos="N" label="sheepfold">amac</w>
<supplied/>
<w form="&X;" lemma="&X;" label="&X;">&X;</w>
<suppliedEnd/>
</l>
<l n="23" id="c40816.C.23" corresp="t40816.p12">
<w form="nin" lemma="nin" pos="N" label="lady">nin</w>
<w form="car2-ra" lemma="car2" pos="V" label="to be numerous">car2-ra</w>
<w form="&dug;cakir" lemma="cakir3" pos="N" label="churn" det="&dug;">&dug;cakir</w>
<w form="kug-ja2" lemma="kug" pos="AJ" label="shining">kug-ja2</w>
<w form="sug4-&X;" lemma="sug4" pos="V" label="to be full">sug4-<supplied/>&X;</w>
<suppliedEnd/>
</l>
<l n="24" id="c40816.C.24" corresp="t40816.p12">
<w form="&d;dumu-zid" lemma="dumu-zid" pos="N" type="DN" label="Dumuzid" det="&d;">&d;dumu-zid</w>
<w form="ga" lemma="ga" pos="N" label="milk">ga</w>
<w form="am-si-har-ra-an-na" lemma="am-si-har-ra-an" pos="N" label="camel">am-si-har-ra-<damage/>an<damageEnd/>-<supplied/>na</w>
<w form="&X;" lemma="&X;" label="&X;">&X;</w>
<suppliedEnd/>
</l>
<l n="25" id="c40816.C.25" corresp="t40816.p12">
<damage/>
<w form="am-si-har-ra-an-na" lemma="am-si-har-ra-an" pos="N" label="camel">am-si<damageEnd/>-har-ra-an-na</w>
<w form="ga-bi" lemma="ga" pos="N" label="milk">ga-bi</w>
<supplied/>
<w form="&X;" lemma="&X;" label="&X;">&X;</w>
<suppliedEnd/>
</l>
<l n="26" id="c40816.C.26" corresp="t40816.p12">
<distinct type="emesal">
<w form="u5" lemma="i3" pos="N" label="fatty substance" emesal="u5">u5</w>
</distinct>
<w form="ga-bi" lemma="ga" pos="N" label="milk">ga-bi</w>
<distinct type="emesal">
<w form="ze2-ba-am3" lemma="dug3" pos="V" label="to be good" emesal="ze2-eb">ze2-ba-am3</w>
</distinct>
<supplied/>
<w form="&X;" lemma="&X;" label="&X;">&X;</w>
<suppliedEnd/>
</l>
<l n="27" id="c40816.C.27" corresp="t40816.p12">
<distinct type="emesal">
<w form="u3-mu-un" lemma="en" pos="N" label="lord" emesal="u3-mu-un">u3-mu-un</w>
<w form="&d;du5-mu-zid" lemma="dumu-zid" pos="N" type="DN" label="Dumuzid" emesal="du5-mu-zid" det="&d;">&d;du5-mu-zid</w>
</distinct>
<supplied/>
<w form="&X;" lemma="&X;" label="&X;">&X;</w>
<suppliedEnd/>
<distinct type="emesal">
<w form="me-e" lemma="je26" pos="PD" type="personal" label="I" emesal="me">me-e</w>
</distinct>
<w form="ga" lemma="ga" pos="N" label="milk">ga</w>
<distinct type="emesal">
<w form="de3-e-da-na8-na8" lemma="naj" pos="V" label="to drink" emesal-prefix="de3-" form-type="rr">de3-e-<damage/>da<damageEnd/>-<supplied/>na8-na8</w>
<suppliedEnd/>
</distinct>
</l>
<l n="28" id="c40816.C.28" corresp="t40816.p13">
<w form="nitalam-ju10" lemma="nitalam" pos="N" label="spouse">nitalam-ju10</w>
<w form="ama5" lemma="e2-mi2" pos="N" label="woman's estate">ama5</w>
<w form="nij2" lemma="nij2" pos="N" label="thing">nij2</w>
<w form="dug3-ga" lemma="dug3" pos="V" label="to be good">dug3-ga</w>
<w form="X" lemma="X" label="X">X</w>
<supplied/>
<w form="&X;" lemma="&X;" label="&X;">&X;</w>
<suppliedEnd/>
</l>
<l n="29" id="c40816.C.29" corresp="t40816.p13">
<w form="&d;inana" lemma="inana" pos="N" type="DN" label="Inana" det="&d;">&d;inana</w>
<distinct type="emesal">
<w form="me-e" lemma="je26" pos="PD" type="personal" label="I" emesal="me">me-e</w>
</distinct>
<w form="a-ra-ab-gub-be2-en" lemma="gub" pos="V" label="to stand">a-ra-ab-gub-<supplied/>be2-en</w>
<suppliedEnd/>
</l>
<l n="30" id="c40816.C.30" corresp="t40816.p13">
<w form="e2-nam-til3-la-za" lemma="e2-nam-til3-la" pos="N" type="TN" label="E-namtila">e2-nam-til3-la-za</w>
<corr resp="scrOm"/>
<w form="igi" lemma="igi" pos="N" label="eye">igi</w>
<corrEnd/>
<w form="mu-e-ni-ib2-gub-be2-en" lemma="gub" pos="V" label="to stand">mu-e-ni-ib2-<supplied/>gub-be2-en</w>
<suppliedEnd/>
</l>
<l n="31" id="c40816.C.31" corresp="t40816.p13">
<w form="su3-ra2-aj2" lemma="sud-aj2" pos="N" label="brilliance">su3-ra2-aj2</w>
<w form="ki" lemma="ki" pos="N" label="place">ki</w>
<w form="u6" lemma="u6" pos="N" label="wonder">u6</w>
<w form="di" lemma="dug4" pos="V" label="to say" form-type="nfi">di</w>
<w form="kalam-ma-kam" lemma="kalam" pos="N" label="the Land">kalam-ma-<supplied/>kam</w>
<suppliedEnd/>
</l>
<l n="32" id="c40816.C.32" corresp="t40816.p13">
<w form="e2" lemma="e2" pos="N" label="house(hold)">e2</w>
<w form="nam" lemma="nam" pos="N" label="destiny">nam</w>
<w form="kur-kur-ra" lemma="kur" pos="N" label="(mountain) land" form-type="RR">kur-kur-ra</w>
<w form="tar-ra" lemma="tar" pos="V" label="to cut">tar-ra</w>
<w form="na-nam" lemma="me" pos="V" label="to be">na-<supplied/>nam</w>
<suppliedEnd/>
</l>
<l n="33" id="c40816.C.33" corresp="t40816.p13">
<w form="uj3" lemma="uj3" pos="N" label="people">uj3</w>
<w form="zi-jal2-la" lemma="zi-jal2" pos="AJ" label="living">zi-jal2-la</w>
<phr type="VP" lemma="si sa2" label="to make straight">
<w form="si" lemma="si" pos="N" label="horn">si</w>
<w form="sa2-e-dam" lemma="sa2" pos="V" label="to equal">sa2-e-dam</w>
</phr>
</l>
<l n="34" id="c40816.C.34" corresp="t40816.p13">
<w form="&d;nin-e2-gal" lemma="nin-e2-gal-la" pos="N" type="DN" label="Ninegala" det="&d;">&d;nin-e2-gal</w>
<distinct type="emesal">
<w form="me-e" lemma="je26" pos="PD" type="personal" label="I" emesal="me">me-e</w>
</distinct>
<w form="a-ra-ab-gub-be2-en" lemma="gub" pos="V" label="to stand">a-ra-ab-gub-be2-<supplied/>en</w>
<suppliedEnd/>
</l>
<l n="35" id="c40816.C.35" corresp="t40816.p13">
<w form="e2-nam-til3-la-za" lemma="e2-nam-til3-la" pos="N" type="TN" label="E-namtila">e2-nam-til3-la-za</w>
<w form="igi" lemma="igi" pos="N" label="eye">igi</w>
<w form="mu-e-ni-ib-gub-be2-en" lemma="gub" pos="V" label="to stand">mu-e-ni-ib-gub-<damage/>be2<damageEnd/>-<supplied/>en</w>
<suppliedEnd/>
</l>
<l n="36" id="c40816.C.36" corresp="t40816.p13">
<w form="e2-nam-til3-la" lemma="e2-nam-til3-la" pos="N" type="TN" label="E-namtila">e2-nam-til3-la</w>
<w form="ama5" lemma="e2-mi2" pos="N" label="woman's estate">ama5</w>
<w form="zi" lemma="zi" pos="N" label="life (breath)">zi</w>
<w form="su3-ud-jal2-la-am3" lemma="su3-ud-jal2" pos="AJ" label="long-lasting">su3-ud-<damage/>jal2<damageEnd/>-<supplied/>la-am3</w>
<suppliedEnd/>
</l>
<l n="37" id="c40816.C.37" corresp="t40816.p13">
<supplied/>
<w form="&d;inana" lemma="inana" pos="N" type="DN" label="Inana" det="&d;">&d;inana</w>
<distinct type="emesal">
<w form="me-e" lemma="je26" pos="PD" type="personal" label="I" emesal="me">me-e</w>
</distinct>
<w form="a-ra-ab-gub-be2-en" lemma="gub" pos="V" label="to stand">a-ra-ab<suppliedEnd/>-<damage/>gub-be2-en</w>
<damageEnd/>
</l>
<l n="38" id="c40816.C.38" corresp="t40816.p13">
<supplied/>
<w form="e2-nam-til3-la-za" lemma="e2-nam-til3-la" pos="N" type="TN" label="E-namtila">e2-nam-til3-la-za</w>
<w form="igi" lemma="igi" pos="N" label="eye">igi</w>
<w form="mu-e-ni-ib-gub-be2-en" lemma="gub" pos="V" label="to stand">mu-e-ni-ib-gub-be2-en</w>
<suppliedEnd/>
</l>
<gap extent="3 lines missing"/>
<l n="42" id="c40816.C.42" corresp="t40816.p13">
<w form="X" lemma="X" label="X">X</w>
<supplied/>
<w form="&X;" lemma="&X;" label="&X;">&X;</w>
<suppliedEnd/>
</l>
<l n="43" id="c40816.C.43" corresp="t40816.p14">
<w form="cag4" lemma="cag4" pos="N" label="heart">cag4</w>
<w form="X" lemma="X" label="X">X</w>
<supplied/>
<w form="&X;" lemma="&X;" label="&X;">&X;</w>
<suppliedEnd/>
</l>
<l n="44" id="c40816.C.44" corresp="t40816.p14">
<w form="e2-nam-til3-la" lemma="e2-nam-til3-la" pos="N" type="TN" label="E-namtila">e2-nam-<supplied/>til3-la<suppliedEnd/></w>
<supplied/>
<w form="&X;" lemma="&X;" label="&X;">&X;</w>
<suppliedEnd/>
</l>
<l n="45" id="c40816.C.45" corresp="t40816.p14">
<distinct type="emesal">
<w form="ga-ca-an-gal-e" lemma="nin-gal" pos="N" type="DN" label="Ningal" emesal="ga-ca-an-gal">ga-ca-an-gal-e</w>
</distinct>
<w form="zid-de3-ec" lemma="zid" pos="AJ" label="right">zid-<damage/>de3-ec</w>
<damageEnd/>
<w form="X" lemma="X" label="X">X</w>
<w form="X" lemma="X" label="X">X</w>
</l>
<l n="46" id="c40816.C.46" corresp="t40816.p14">
<w form="nam-til3" lemma="nam-til3" pos="N" label="life">nam-til3</w>
<w form="ud" lemma="ud" pos="N" label="day(light)">ud</w>
<w form="su3-ra2-ac" lemma="sud" pos="V" label="to be distant">su3-ra2-ac</w>
<distinct type="emesal">
<w form="du5-mu-ra-ab-ze2-ej3" lemma="cum2" pos="V" label="to give" emesal="ze2-ej3" emesal-prefix="du5-">du5-mu-ra-ab-ze2-ej3</w>
</distinct>
</l>
<l n="47" id="c40816.C.47" corresp="t40816.p14">
<w form="&d;dumu-zid" lemma="dumu-zid" pos="N" type="DN" label="Dumuzid" det="&d;">&d;dumu-zid</w>
<w form="&d;inana" lemma="inana" pos="N" type="DN" label="Inana" det="&d;">&d;inana</w>
<w form="hi-li" lemma="hi-li" pos="N" label="attractiveness">hi-li</w>
<distinct type="emesal">
<w form="ki-ga" lemma="ki" pos="N" label="place" emesal="ki-ig">ki-ga</w>
</distinct>
<w form="aj2-bi-im" lemma="aj2" pos="V" label="to measure">aj2-bi-im</w>
</l>
<l n="48" id="c40816.C.48" corresp="t40816.p15">
<w form="&d;inana" lemma="inana" pos="N" type="DN" label="Inana" det="&d;">&d;inana</w>
<distinct type="emesal">
<w form="me-e" lemma="je26" pos="PD" type="personal" label="I" emesal="me">me-<corr resp="scrOm"/>e</w>
<corrEnd/>
</distinct>
<w form="a-ra-ab-gub-be2-en" lemma="gub" pos="V" label="to stand">a-ra-ab-gub-be2-en</w>
</l>
<l n="49" id="c40816.C.49" corresp="t40816.p15">
<w form="e2-nam-til3-la-za" lemma="e2-nam-til3-la" pos="N" type="TN" label="E-namtila">e2-nam-til3-la-za</w>
<corr resp="scrOm"/>
<w form="igi" lemma="igi" pos="N" label="eye">igi</w>
<corrEnd/>
<w form="mu-e-ni-gub-be2-en" lemma="gub" pos="V" label="to stand">mu-e-ni-gub-be2-en</w>
</l>
<l n="50" id="c40816.C.50" corresp="t40816.p15">
<w form="e2" lemma="e2" pos="N" label="house(hold)">e2</w>
<w form="me-lem4-bi" lemma="me-lem4" pos="N" label="(awesome) radiance">me-lem4-bi</w>
<w form="kalam-ma" lemma="kalam" pos="N" label="the Land">kalam-ma</w>
<w form="dul-la" lemma="dul" pos="V" label="to cover (together)">dul-la</w>
</l>
<l n="51" id="c40816.C.51" corresp="t40816.p15">
<w form="e2" lemma="e2" pos="N" label="house(hold)">e2</w>
<w form="cag4-bi-ta" lemma="cag4" pos="N" label="heart">cag4-bi-ta</w>
<w form="cu-luh" lemma="cu-luh" pos="N" label="ritual cleansing">cu-luh</w>
<w form="kug-kug-ga-am3" lemma="kug" pos="AJ" label="shining" form-type="RR">kug-kug-ga-am3</w>
</l>
<l n="52" id="c40816.C.52" corresp="t40816.p15">
<w form="e2" lemma="e2" pos="N" label="house(hold)">e2</w>
<w form="nij2-gur11-ra" lemma="nij2-gur11" pos="N" label="possessions"><unclear cert="qry">nij2</unclear>-<unclear cert="qry">gur11</unclear>-ra</w>
<w form="gal-bi" lemma="gal" pos="V" label="to be big">gal-bi</w>
<w form="tum2-ma" lemma="tum2" pos="V" label="to be suitable">tum2-ma</w>
</l>
<l n="53" id="c40816.C.53" corresp="t40816.p15">
<w form="X" lemma="X" label="X">X</w>
<supplied/>
<w form="X" lemma="X" label="X">X</w>
<suppliedEnd/>
<w form="X" lemma="X" label="X">X</w>
<distinct type="emesal">
<w form="u5" lemma="i3" pos="N" label="fatty substance" emesal="u5">u5</w>
</distinct>
<w form="ga-ar3-ni-ta" lemma="ga-ar3" pos="N" label="cheese">ga-ar3-ni-ta</w>
</l>
<l n="54" id="c40816.C.54" corresp="t40816.p15">
<supplied/>
<w form="&X;-e" lemma="&X;" label="&X;">&X;<suppliedEnd/>-<unclear cert="qry">e</unclear></w>
<w form="ma-ra-ni-ib2-gub-be2" lemma="gub" pos="V" label="to stand">ma-ra-ni-ib2-gub-be2</w>
</l>
<l n="55" id="c40816.C.55" corresp="t40816.p15">
<supplied/>
<w form="&X;" lemma="&X;" label="&X;">&X;</w>
<suppliedEnd/>
<w form="X-la-ce3" lemma="X" label="X">X-la-ce3</w>
</l>
<l n="56" id="c40816.C.56" corresp="t40816.p15">
<supplied/>
<w form="&X;-an-ci-ak-e" lemma="ak" pos="V" label="to do">&X;<suppliedEnd/>-an-ci-ak-e</w>
</l>
<l n="57" id="c40816.C.57" corresp="t40816.p15">
<supplied/>
<w form="&X;-la" lemma="&X;" label="&X;">&X;<suppliedEnd/>-la</w>
<w form="si-a-na" lemma="si" pos="V" label="to fill">si-a-na</w>
</l>
<l n="58" id="c40816.C.58" corresp="t40816.p15">
<supplied/>
<w form="&X;" lemma="&X;" label="&X;">&X;</w>
<suppliedEnd/>
<w form="X" lemma="X" label="X">X</w>
<w form="nin-a-na" lemma="nin" pos="N" label="lady">nin-a-na</w>
</l>
<l n="59" id="c40816.C.59" corresp="t40816.p15">
<supplied/>
<w form="&X;" lemma="&X;" label="&X;">&X;</w>
<suppliedEnd/>
<distinct type="emesal">
<supplied/>
<w form="ki-ig-ga" lemma="ki" pos="N" label="place" emesal="ki-ig">ki-ig<suppliedEnd/>-<damage/>ga</w>
<damageEnd/>
</distinct>
<w form="aj2-bi" lemma="aj2" pos="V" label="to measure">aj2-bi</w>
</l>
<l n="60" id="c40816.C.60" corresp="t40816.p15">
<supplied/>
<w form="&X;" lemma="&X;" label="&X;">&X;</w>
<suppliedEnd/>
<damage/>
<w form="kalag-ga-ba" lemma="kalag" pos="V" label="to be strong">kalag<damageEnd/>-ga-ba</w>
</l>
<l n="61" id="c40816.C.61" corresp="t40816.p15">
<supplied/>
<w form="&X;-ga-ba" lemma="&X;" label="&X;">&X;<suppliedEnd/>-<damage/>ga<damageEnd/>-ba</w>
</l>
<l n="62" id="c40816.C.62" corresp="t40816.p15">
<supplied/>
<w form="&X;" lemma="&X;" label="&X;">&X;</w>
<suppliedEnd/>
<damage/>
<w form="lugal-la" lemma="lugal" pos="N" label="king">lugal<damageEnd/>-la</w>
</l>
<l n="63" id="c40816.C.63" corresp="t40816.p15">
<supplied/>
<w form="&X;-e" lemma="&X;" label="&X;">&X;<suppliedEnd/>-e</w>
</l>
<l n="64" id="c40816.C.64" corresp="t40816.p15">
<supplied/>
<w form="&X;" lemma="&X;" label="&X;">&X;</w>
<suppliedEnd/>
<w form="X" lemma="X" label="X">X</w>
</l>
<l n="65" id="c40816.C.65" corresp="t40816.p15">
<supplied/>
<w form="&X;" lemma="&X;" label="&X;">&X;</w>
<suppliedEnd/>
<w form="X" lemma="X" label="X">X</w>
</l>
<l n="66" id="c40816.C.66" corresp="t40816.p15">
<supplied/>
<w form="&X;" lemma="&X;" label="&X;">&X;</w>
<suppliedEnd/>
<w form="&d;inana-kam" lemma="inana" pos="N" type="DN" label="Inana" det="&d;">&d;inana-kam</w>
</l>
</div1>
<div1 type="segment" n="D">
<note lang="eng">Unplaceable; possibly part of another composition</note>
<gap extent="unknown no. of lines missing"/>
<l n="1" id="c40816.D.1" corresp="t40816.p16">
<w form="in-nin9" lemma="in-nin" pos="N" label="mistress">in-<damage/>nin9</w>
<damageEnd/>
<supplied/>
<w form="&X;" lemma="&X;" label="&X;">&X;</w>
<suppliedEnd/>
</l>
<l n="2" id="c40816.D.2" corresp="t40816.p16">
<w form="&d;inana" lemma="inana" pos="N" type="DN" label="Inana" det="&d;">&d;inana</w>
<supplied/>
<w form="&X;" lemma="&X;" label="&X;">&X;</w>
<suppliedEnd/>
</l>
<l n="3" id="c40816.D.3" corresp="t40816.p16">
<w form="mi2" lemma="mi2" pos="N" label="(loving) care">mi2</w>
<w form="zid" lemma="zid" pos="AJ" label="right">zid</w>
<w form="X" lemma="X" label="X">X</w>
<supplied/>
<w form="&X;" lemma="&X;" label="&X;">&X;</w>
<suppliedEnd/>
</l>
<l n="4" id="c40816.D.4" corresp="t40816.p16">
<w form="&d;en-lil2" lemma="en-lil2" pos="N" type="DN" label="Enlil" det="&d;">&d;en-lil2</w>
<w form="X" lemma="X" label="X">X</w>
<supplied/>
<w form="&X;" lemma="&X;" label="&X;">&X;</w>
<suppliedEnd/>
</l>
<l n="5" id="c40816.D.5" corresp="t40816.p16">
<w form="zag" lemma="zag" pos="N" label="side">zag</w>
<w form="an" lemma="an" pos="N" label="heaven">an</w>
<supplied/>
<w form="&X;" lemma="&X;" label="&X;">&X;</w>
<suppliedEnd/>
</l>
<l n="6" id="c40816.D.6" corresp="t40816.p16">
<w form="in-nin9" lemma="in-nin" pos="N" label="mistress">in-nin9</w>
<supplied/>
<w form="&X;" lemma="&X;" label="&X;">&X;</w>
<suppliedEnd/>
</l>
<l n="7" id="c40816.D.7" corresp="t40816.p16">
<w form="mi2" lemma="mi2" pos="N" label="(loving) care">mi2</w>
<w form="zid" lemma="zid" pos="AJ" label="right">zid</w>
<supplied/>
<w form="&X;" lemma="&X;" label="&X;">&X;</w>
<suppliedEnd/>
</l>
<l n="8" id="c40816.D.8" corresp="t40816.p16">
<w form="in-nin9" lemma="in-nin" pos="N" label="mistress">in-nin9</w>
<supplied/>
<w form="&X;" lemma="&X;" label="&X;">&X;</w>
<suppliedEnd/>
</l>
<l n="9" id="c40816.D.9" corresp="t40816.p16">
<w form="mu-un-&X;" lemma="&X;" label="&X;">mu-un-<supplied/>&X;</w>
<suppliedEnd/>
</l>
<l n="10" id="c40816.D.10" corresp="t40816.p16">
<w form="jic" lemma="jic" pos="N" label="tree">jic</w>
<w form="X" lemma="X" label="X">X</w>
<supplied/>
<w form="&X;" lemma="&X;" label="&X;">&X;</w>
<suppliedEnd/>
</l>
<l n="11" id="c40816.D.11" corresp="t40816.p16">
<w form="mi2" lemma="mi2" pos="N" label="(loving) care">mi2</w>
<w form="zid" lemma="zid" pos="AJ" label="right">zid</w>
<w form="X" lemma="X" label="X">X</w>
<supplied/>
<w form="&X;" lemma="&X;" label="&X;">&X;</w>
<suppliedEnd/>
</l>
<l n="12" id="c40816.D.12" corresp="t40816.p16">
<w form="cu" lemma="cu" pos="N" label="hand">cu</w>
<w form="BI" lemma="BI" label="BI">BI</w>
<supplied/>
<w form="&X;" lemma="&X;" label="&X;">&X;</w>
<suppliedEnd/>
</l>
<l n="13" id="c40816.D.13" corresp="t40816.p16">
<w form="KA" lemma="KA" label="KA">KA</w>
<w form="X" lemma="X" label="X">X</w>
<supplied/>
<w form="&X;" lemma="&X;" label="&X;">&X;</w>
<suppliedEnd/>
</l>
<gap extent="unknown no. of lines missing"/>
</div1>
</body>
</text>
</TEI.2>
