<TEI.2 id="c.4.08.08">
<teiHeader lang="eng">
<fileDesc>
<titleStmt>
<title>A <foreign lang="sux">tigi</foreign> to Inana (Dumuzid-Inana H) -- a composite transliteration</title>
<respStmt><name>Jeremy Black</name><resp>Project Director and Editor</resp></respStmt>
<respStmt><name>G&aacute;bor Z&oacute;lyomi</name><resp>Editor</resp></respStmt>
<respStmt><name>Graham Cunningham</name><resp>Editor</resp></respStmt>
<respStmt><name>Eleanor Robson</name><resp>Technical Developer</resp></respStmt>
<respStmt><name>Jarle Ebeling</name><resp>Technical Developer</resp></respStmt>
</titleStmt>
<publicationStmt>
<distributor>The Electronic Text Corpus of Sumerian Literature
</distributor><address><addrLine>The Oriental Institute, University of Oxford, Pusey Lane, Oxford OX1 2LE, UK, email etcsl&commat;orinst.ox.ac.uk, http://etcsl.orinst.ox.ac.uk</addrLine></address>
<date>1999</date>
</publicationStmt>
<seriesStmt><p>The Electronic Text Corpus of Sumerian Literature aims to make accessible over 400 literary works composed in the Sumerian language in ancient Mesopotamia during the late third and early second millennia BC. The works are in Sumerian composite transliteration and English prose translation with bibliographical information on each composition.</p></seriesStmt>
<sourceDesc>
<listBibl type="secondary">
<bibl><xref from="b45">Sefati 1997</xref><biblScope type="page">542-543</biblScope><biblScope type="contents">translation, commentary</biblScope><note>title: Love by the light of the Moon</note></bibl>
<bibl><xref from="b53">Alster 1993</xref><biblScope type="page">21-22</biblScope><biblScope type="contents">translation, commentary</biblScope><note>No. 10 (rev. 6-14)</note></bibl>
<bibl><xref from="b11">Jacobsen 1987</xref><biblScope type="page">10-12</biblScope><biblScope type="contents">translation, commentary</biblScope></bibl>
<bibl><xref from="b52">Jacobsen 1976</xref><biblScope type="page">28-30</biblScope><biblScope type="contents">translation, commentary</biblScope></bibl>
<bibl><xref from="b49">Kramer 1969</xref><biblScope type="page">77-78</biblScope><biblScope type="contents">translation, commentary</biblScope><note>obv. 1-22; rev. 4-17</note></bibl>
<bibl><xref from="b51">Sefati 1985</xref><biblScope type="page">209-217</biblScope><biblScope type="contents">commentary, composite text</biblScope></bibl>
<bibl><xref from="b54">Kramer 1963</xref><biblScope type="page">499-500</biblScope><biblScope type="contents">commentary, translation, composite text</biblScope></bibl>
<bibl><xref from="b244">Sefati 1998</xref><biblScope type="page">185-193</biblScope><biblScope type="contents">score transliteration, translation, commentary</biblScope></bibl>
<bibl><xref from="b464">Krecher 1998j</xref><biblScope type="contents">composite text, translation</biblScope><note>electronic source</note></bibl>
<bibl><xref from="b605">Sefati 1999</xref><biblScope type="contents">composite text, translation</biblScope><note>electronic source</note></bibl>
</listBibl>
<listBibl type="tablets">
<bibl><biblScope type="museumNumber">HS 1486 (TMH NF 3 25)</biblScope></bibl>
</listBibl>
</sourceDesc>
</fileDesc>
<revisionDesc>
<change><date>27.i.1999-08.ii.1999</date><respStmt><name>JAB</name><resp>editor</resp></respStmt>
<item>standardisation</item></change>
<change><date>05.viii.1999</date><respStmt><name>GC</name><resp>editor</resp></respStmt>
<item>proofreading</item></change>
<change><date>02.xii.1999</date><respStmt><name>GC</name><resp>editor</resp></respStmt>
<item>SGML tagging</item></change>
<change><date>04.ii.2000</date><respStmt><name>ER</name><resp>editor</resp></respStmt>
<item>proofreading SGML</item></change>
<change><date>28.i.2000</date><respStmt><name>ER</name><resp>editor</resp></respStmt>
<item>web publication</item></change>
<change><date>01.vi.2003</date><respStmt><name>GC/JE</name><resp>editor/technical developer</resp></respStmt>
<item>XML/TEI conversion</item></change>
<change><date>30.iii.2005</date><respStmt><name>GC/JE</name><resp>senior editor/technical developer</resp></respStmt>
<item>lemmatised version published</item></change>
</revisionDesc>
</teiHeader>
<text lang="sux">
<body>
<div1 type="segment" n="A">
<lg n="A" type="sa-gida">
<l n="1" id="c40808.A.A.1" corresp="t40808.p1">
<distinct type="emesal">
<w form="ga-ca-an-jen" lemma="nin" pos="N" label="lady" emesal="ga-ca-an">ga-ca-an-jen</w>
</distinct>
<term id="c40808.t1">
<distinct type="emesal">
<w form="ca-ga-ba-ta" lemma="ca-dug4-ga-ta" pos="AV" label="yesterday" emesal="ca-ga-ba-ta">ca-ga-ba-ta</w>
</distinct>
<w form="ud" lemma="ud" pos="N" label="day(light)">ud</w>
<w form="zal-la-ju10-ne" lemma="zal" pos="V" label="to pass">zal-la-ju10-ne</w>
</term>
<gloss lang="akk" target="c40808.t1">
ic-tu
am-ca-li
i-na
cum-&s;u2-li-ya
</gloss>
</l>
<l n="2" id="c40808.A.A.2" corresp="t40808.p1">
<distinct type="emesal">
<w form="ga-ca-an-an-na-jen" lemma="inana" pos="N" type="DN" label="Inana" emesal="ga-ca-an-an-na">ga-ca-an-an-na-jen</w>
<w form="ca-ga-ba-ta" lemma="ca-dug4-ga-ta" pos="AV" label="yesterday" emesal="ca-ga-ba-ta">ca-ga-ba-ta</w>
</distinct>
<w form="ud" lemma="ud" pos="N" label="day(light)">ud</w>
<w form="zal-la-ju10-ne" lemma="zal" pos="V" label="to pass">zal-la-ju10-ne</w>
</l>
<l n="3" id="c40808.A.A.3" corresp="t40808.p1">
<w form="ud" lemma="ud" pos="N" label="day(light)">ud</w>
<w form="zal-la-ju10-ne" lemma="zal" pos="V" label="to pass">zal-la-ju10-ne</w>
<phr type="VP" lemma="e-ne dug4" label="to play">
<w form="e-ne" lemma="e-ne" pos="N" label="game">e-ne</w>
<w form="di-da-ju10-ne" lemma="dug4" pos="V" label="to say" form-type="nfi">di-da-ju10-ne</w>
</phr>
</l>
<l n="4" id="c40808.A.A.4" corresp="t40808.p1">
<term id="c40808.t2">
<w form="ud" lemma="ud" pos="N" label="day(light)">ud</w>
<w form="zal" lemma="zal" pos="V" label="to pass">zal</w>
<w form="ji6" lemma="ji6" pos="N" label="night">ji6</w>
<w form="sa2-a-ce3" lemma="sa2" pos="V" label="to equal">sa2-a-ce3</w>
</term>
<w form="en3-du" lemma="en3-du" pos="N" label="song">en3-du</w>
<w form="dug4-ga-ju10-ne" lemma="dug4" pos="V" label="to say">dug4-ga-ju10-ne</w>
<gloss lang="akk" target="c40808.t2">
i-na
cum-&s;u2-lim
u3
cum-<damage/>ci-im
<damageEnd/>
</gloss>
</l>
<l n="5" id="c40808.A.A.5" corresp="t40808.p1">
<w form="gaba" lemma="gaba" pos="N" label="chest">gaba</w>
<w form="mu-un-ri" lemma="ri" pos="V" label="to direct">mu-un-ri</w>
<term id="c40808.t3">
<w form="gaba" lemma="gaba" pos="N" label="chest">gaba</w>
<w form="mu-un-ri" lemma="ri" pos="V" label="to direct">mu-un-ri</w>
</term>
<gloss lang="akk" target="c40808.t3">
im-hur-an-ni
</gloss>
</l>
<l n="6" id="c40808.A.A.6" corresp="t40808.p1">
<distinct type="emesal">
<w form="u3-mu-un" lemma="en" pos="N" label="lord" emesal="u3-mu-un">u3-mu-un</w>
</distinct>
<w form="gu5-li" lemma="gu5-li" pos="N" label="friend">gu5-li</w>
<w form="an-na" lemma="an" pos="N" type="DN" label="An">an-na</w>
<w form="gaba" lemma="gaba" pos="N" label="chest">gaba</w>
<w form="mu-un-ri" lemma="ri" pos="V" label="to direct">mu-un-ri</w>
</l>
<l n="7" id="c40808.A.A.7" corresp="t40808.p1">
<distinct type="emesal">
<w form="u3-mu-un-e" lemma="en" pos="N" label="lord" emesal="u3-mu-un">u3-mu-un-e</w>
</distinct>
<w form="cu-ni-a" lemma="cu" pos="N" label="hand">cu-ni-a</w>
<term id="c40808.t4">
<w form="cu" lemma="cu" pos="N" label="hand">cu</w>
<w form="im-ma-an-du3" lemma="du3" pos="V" label="to erect">im-ma-an-du3</w>
</term>
<gloss lang="akk" target="c40808.t4">
ih-&s;i2-in-an-ni
</gloss>
</l>
<l n="8" id="c40808.A.A.8" corresp="t40808.p1">
<w form="&d;ucumgal-an-na" lemma="ucumgal-an-na" pos="N" type="DN" label="U&c;umgal-ana" det="&d;">&d;ucumgal-an-na</w>
<term id="c40808.t5">
<w form="gu2-ja2-a" lemma="gu2" pos="N" label="neck">gu2-ja2-a</w>
<w form="gu2-da" lemma="gu2" pos="N" label="neck">gu2-da</w>
<w form="ba-an-la2" lemma="la2" pos="V" label="to hang">ba-an-la2</w>
</term>
<gloss lang="akk" target="c40808.t5">
ki-ca-di
i-di-ir
</gloss>
</l>
<l n="9" id="c40808.A.A.9" corresp="t40808.p2">
<w form="me-a-am" lemma="me-a-am" pos="N" label="term of endearment">me-a-am</w>
<w form="cu" lemma="cu" pos="N" label="hand">cu</w>
<w form="ba-mu-u8" lemma="ba" pos="V" label="to allot">ba-mu-u8</w>
<w form="e2-me-ce3" lemma="e2" pos="N" label="house(hold)">e2-me-ce3</w>
<distinct type="emesal">
<w form="da-jen" lemma="jen" pos="V" label="to go" emesal-prefix="da-">da-jen</w>
</distinct>
</l>
<l n="10" id="c40808.A.A.10" corresp="t40808.p2">
<w form="gu5-li" lemma="gu5-li" pos="N" label="friend">gu5-li</w>
<distinct type="emesal">
<w form="&d;mu-ul-lil2-la2" lemma="en-lil2" pos="N" type="DN" label="Enlil" emesal="mu-ul-lil2" det="&d;">&d;mu-ul-lil2-la2</w>
</distinct>
<w form="cu" lemma="cu" pos="N" label="hand">cu</w>
<w form="ba-mu-u8" lemma="ba" pos="V" label="to allot">ba-mu-u8</w>
<damage/>
<w form="e2-me-ce3" lemma="e2" pos="N" label="house(hold)">e2-me<damageEnd/>-ce3</w>
<distinct type="emesal">
<w form="da-jen" lemma="jen" pos="V" label="to go" emesal-prefix="da-">da-jen</w>
</distinct>
</l>
<l n="11" id="c40808.A.A.11" corresp="t40808.p2">
<w form="ama-ju10" lemma="ama" pos="N" label="mother">ama-<damage/>ju10</w>
<damageEnd/>
<w form="lul-la-ce3" lemma="lul" pos="V" label="to be false">lul-la-ce3</w>
<term id="c40808.t6">
<distinct type="emesal">
<w form="ta" lemma="a-na" pos="PD" type="interrogative" label="what" emesal="ta">ta</w>
</distinct>
<w form="mu-na-ab-gub-be2-en" lemma="gub" pos="V" label="to stand">mu-na-ab-gub-be2-en</w>
</term>
<gloss lang="akk" target="c40808.t6">
mi-nam
az-za-<unclear cert="qry">as</unclear>-si2
</gloss>
</l>
<l n="12" id="c40808.A.A.12" corresp="t40808.p2">
<w form="ama-ju10" lemma="ama" pos="N" label="mother">ama-<damage/>ju10</w>
<damageEnd/>
<distinct type="emesal">
<w form="&d;ga-ca-an-gal-e" lemma="nin-gal" pos="N" type="DN" label="Ningal" emesal="ga-ca-an-gal" det="&d;">&d;ga-ca-an-gal-e</w>
</distinct>
<w form="lul-la-ce3" lemma="lul" pos="V" label="to be false">lul-la-ce3</w>
<distinct type="emesal">
<w form="ta" lemma="a-na" pos="PD" type="interrogative" label="what" emesal="ta">ta</w>
</distinct>
<w form="mu-na-ab-gub-be2-en" lemma="gub" pos="V" label="to stand">mu-na-ab-gub-be2-en</w>
</l>
<l n="13" id="c40808.A.A.13" corresp="t40808.p3">
<w form="je26-e" lemma="je26" pos="PD" type="personal" label="I">je26-e</w>
<w form="ga-ri-ib-zu-zu" lemma="zu" pos="V" label="to know" form-type="RR">ga-ri-ib-zu-zu</w>
<term id="c40808.t7">
<w form="je26-e" lemma="je26" pos="PD" type="personal" label="I">je26-e</w>
<w form="ga-ri-ib-zu-zu" lemma="zu" pos="V" label="to know" form-type="RR">ga-ri-ib-zu-zu</w>
</term>
<gloss lang="akk" target="c40808.t7">
lu-uq-<unclear cert="qry">bi</unclear>-ki
</gloss>
</l>
<l n="14" id="c40808.A.A.14" corresp="t40808.p3">
<w form="&d;inana" lemma="inana" pos="N" type="DN" label="Inana" det="&d;">&d;inana</w>
<w form="lul-la" lemma="lul" pos="V" label="to be false">lul-la</w>
<w form="munus-e-ne" lemma="munus" pos="N" label="woman">munus-e-ne</w>
<w form="je26-e" lemma="je26" pos="PD" type="personal" label="I">je26-e</w>
<w form="ga-ri-ib-zu-zu" lemma="zu" pos="V" label="to know" form-type="RR">ga-ri-ib-zu-zu</w>
</l>
<l n="15" id="c40808.A.A.15" corresp="t40808.p3">
<w form="ma-la-ju10" lemma="ma-la" pos="N" label="girlfriend">ma-la-ju10</w>
<term id="c40808.t8">
<w form="sila" lemma="sila" pos="N" label="street">sila</w>
<w form="dajal-la" lemma="dajal" pos="V" label="to be wide">dajal-la</w>
<w form="e-ne" lemma="e-ne" pos="N" label="game">e-ne</w>
<distinct type="emesal">
<w form="mu-di-ni-ib-ma-ma" lemma="jar" pos="V" label="to place" emesal="mar" form-type="rr">mu-di-ni-ib-<unclear cert="qry">ma</unclear>-<unclear cert="qry">ma</unclear></w>
</distinct>
</term>
<gloss lang="akk" target="c40808.t8">
i-na
re-bi-tim
im-me-li-il
</gloss>
</l>
<l n="16" id="c40808.A.A.16" corresp="t40808.p3">
<term id="c40808.t9">
<w form="ub3" lemma="ub3" pos="N" label="type of drum">ub3</w>
<w form="sag3-sag3" lemma="sag3" pos="V" label="to beat" form-type="RR"><unclear cert="cor">sag3</unclear>-sag3</w>
<phr type="VP" lemma="e-ne dug4" label="to play">
<w form="e-ne" lemma="e-ne" pos="N" label="game">e-ne</w>
<w form="di-da" lemma="dug4" pos="V" label="to say" form-type="nfi">di-da</w>
</phr>
<w form="hub2" lemma="hub2" pos="N" label="foot">hub2</w>
<w form="mu-di-ni-in-gub" lemma="gub" pos="V" label="to stand">mu-di-ni-in-gub</w>
</term>
<gloss lang="akk" target="c40808.t9">
i-na
up-pi
lu-pu-tim
i-na
me-lu-ul-tim
i-ra-<supplied/>ap<suppliedEnd/>-pu-ud
</gloss>
</l>
<l n="17" id="c40808.A.A.17" corresp="t40808.p3">
<term id="c40808.t10">
<w form="i-lu-ni" lemma="i-lu" pos="N" label="(sad) song">i-lu-ni</w>
<distinct type="emesal">
<w form="ze2-ba-am3" lemma="dug3" pos="V" label="to be good" emesal="ze2-eb">ze2-ba-am3</w>
</distinct>
<w form="ad" lemma="ad" pos="N" label="voice">ad</w>
<w form="mu-ci-ib-ca4" lemma="ca4" pos="V" label="verb part of multiword verb">mu-ci-ib-ca4</w>
</term>
<gloss lang="akk" target="c40808.t10">
qu2-be2-e-<damage/>ca
<damageEnd/>
&t;a-bu-tim
i-na-as-sa3-as
</gloss>
</l>
<l n="18" id="c40808.A.A.18" corresp="t40808.p3">
<w form="hul2-hul2-e" lemma="hul2" pos="V" label="to be happy" form-type="RR">hul2-hul2-e</w>
<distinct type="emesal">
<w form="ze2-ba-am3" lemma="dug3" pos="V" label="to be good" emesal="ze2-eb">ze2-ba-am3</w>
</distinct>
<term id="c40808.t11">
<w form="ud" lemma="ud" pos="N" label="day(light)">ud</w>
<w form="mu-di-ni-ib-zal-e" lemma="zal" pos="V" label="to pass">mu-di-ni-ib-zal-e</w>
</term>
<gloss lang="akk" target="c40808.t11">
it-ti-<unclear cert="qry">ca</unclear>
uc-te-be2-er-re
</gloss>
</l>
<l n="19" id="c40808.A.A.19" corresp="t40808.p3">
<w form="ama" lemma="ama" pos="N" label="mother">ama</w>
<w form="ugu-zu-ur2" lemma="ugu" pos="V" label="to give birth">ugu-zu-ur2</w>
<w form="lul-la-ce3" lemma="lul" pos="V" label="to be false">lul-la-ce3</w>
<w form="za-e" lemma="za" pos="PD" type="personal" label="you (sg.)">za-e</w>
<w form="gub-bu-na-da" lemma="gub" pos="V" label="to stand">gub-bu-na-da</w>
</l>
<l n="20" id="c40808.A.A.20" corresp="t40808.p3">
<w form="me-en-de3" lemma="me-en-de3-en" pos="PD" type="personal" label="we">me-en-de3</w>
<w form="iti6-ce3" lemma="itid" pos="N" label="moon(light)">iti6-ce3</w>
<term id="c40808.t12">
<w form="e-ne" lemma="e-ne" pos="N" label="game">e-ne</w>
<w form="su3-ud" lemma="sud" pos="V" label="to be distant">su3-ud</w>
<w form="ga-da-e" lemma="dug4" pos="V" label="to say" form-type="ppli"><unclear cert="cor">ga</unclear>-da-e</w>
</term>
<gloss lang="akk" target="c40808.t12">
i-na
ri-ca-tim
i
nim-me-li-<damage/>il
<damageEnd/>
</gloss>
</l>
<l n="21" id="c40808.A.A.21" corresp="t40808.p3">
<w form="ki-nu2" lemma="ki-nu2" pos="N" label="sleeping quarter">ki-nu2</w>
<w form="kug" lemma="kug" pos="AJ" label="shining">kug</w>
<w form="he-nun-na" lemma="he-nun" pos="N" label="abundance">he-nun-na</w>
<term id="c40808.t13">
<w form="suh" lemma="suh10" pos="N" label="crown">suh</w>
<w form="ga-mu-ra-du8" lemma="du8" pos="V" label="to spread">ga-mu-ra-<damage/>du8</w>
<damageEnd/>
</term>
<gloss lang="akk" target="c40808.t13">
mu-uc-&t;a-ti-ki
lu-pa-&t;i-ir
</gloss>
</l>
<l n="22" id="c40808.A.A.22" corresp="t40808.p3">
<w form="ud" lemma="ud" pos="N" label="day(light)">ud</w>
<w form="dug3" lemma="dug3" pos="V" label="to be good">dug3</w>
<w form="nam-he2-a" lemma="nam-he2" pos="N" label="abundance">nam-he2-a</w>
<w form="hul2-la" lemma="hul2" pos="V" label="to be happy">hul2-la</w>
<term id="c40808.t14">
<w form="hu-mu-u3-di-ni-ib-zal-e" lemma="zal" pos="V" label="to pass">hu-mu-u3-di-ni-<damage/>ib<damageEnd/>-<supplied/>zal-e</w>
<suppliedEnd/>
</term>
<gloss lang="akk" target="c40808.t14">
li-ip-pu-uh2
</gloss>
</l>
<trailer place="rubric" type="sa-gida">
<l n="23" id="c40808.A.A.23" corresp="t40808.p4">
<w form="sa-gid2-da-am3" lemma="sa-gid2-da" pos="N" label="composition-division">sa-gid2-da-am3</w>
</l>
</trailer>
</lg>
<lg id="c40808.sec1" n="B" type="sa-jara">
<l n="24" id="c40808.A.B.24" corresp="t40808.p5">
<supplied/>
<w form="X" lemma="X" label="X">X</w>
<w form="X" lemma="X" label="X">X</w>
<suppliedEnd/>
<distinct type="emesal">
<damage/>
<w form="ki-sikil-jen" lemma="ki-sikil" pos="N" label="young woman">ki<damageEnd/>-sikil-jen</w>
</distinct>
<term id="c40808.t15">
<w form="sila" lemma="sila" pos="N" label="street">sila</w>
<w form="sir2-ra" lemma="e-sir2" pos="N" label="street">sir2-ra</w>
</term>
<w form="X" lemma="X" label="X">X</w>
<supplied/>
<w form="&X;" lemma="&X;" label="&X;">&X;</w>
<suppliedEnd/>
<gloss lang="akk" target="c40808.t15">
TA
<unclear cert="qry">su</unclear>-qe2-tim
</gloss>
</l>
<l n="25" id="c40808.A.B.25" corresp="t40808.p5">
<supplied/>
<w form="X" lemma="X" label="X">X</w>
<w form="X" lemma="X" label="X">X</w>
<suppliedEnd/>
<w form="X-da" lemma="X" label="X">X-da</w>
<w form="ud-da" lemma="ud" pos="N" label="day(light)">ud-da</w>
<term id="c40808.t16">
<w form="mu-e-da-X" lemma="X" label="X">mu-e-da-X</w>
</term>
<supplied/>
<w form="&X;" lemma="&X;" label="&X;">&X;</w>
<suppliedEnd/>
<gloss lang="akk" target="c40808.t16">
X
IM
X
X
X
</gloss>
</l>
<l n="26" id="c40808.A.B.26" corresp="t40808.p5">
<supplied/>
<w form="&X;" lemma="&X;" label="&X;">&X;</w>
<suppliedEnd/>
<w form="X" lemma="X" label="X">X</w>
<w form="X" lemma="X" label="X">X</w>
<w form="X" lemma="X" label="X">X</w>
<supplied/>
<w form="&X;" lemma="&X;" label="&X;">&X;</w>
<suppliedEnd/>
</l>
<gap extent="approx. 11 lines missing"/>
</lg>
</div1>
<div1 type="segment" n="B">
<lg id="c40808.sec2" n="B" type="sa-jara">
<linkGrp><link targType="section" targets="c40808.sec1 c40808.sec2"/>
</linkGrp>
<l n="1" id="c40808.B.B.1" corresp="t40808.p6">
<supplied/>
<w form="X" lemma="X" label="X">X</w>
<w form="X" lemma="X" label="X">X</w>
<suppliedEnd/>
<w form="MU" lemma="MU" label="MU">MU</w>
<w form="X" lemma="X" label="X">X</w>
<w form="X" lemma="X" label="X">X</w>
<supplied/>
<w form="&X;" lemma="&X;" label="&X;">&X;</w>
<suppliedEnd/>
</l>
<l n="2" id="c40808.B.B.2" corresp="t40808.p6">
<supplied/>
<w form="X" lemma="X" label="X">X</w>
<w form="X" lemma="X" label="X">X</w>
<suppliedEnd/>
<w form="X" lemma="X" label="X">X</w>
<w form="RA" lemma="RA" label="RA"><unclear cert="qry">RA</unclear></w>
<w form="su3-ud" lemma="sud" pos="V" label="to be distant">su3-<damage/>ud</w>
<w form="mu-un-ja2-ja2" lemma="jar" pos="V" label="to place" form-type="rr">mu<damageEnd/>-un-ja2-<supplied/>ja2</w>
<suppliedEnd/>
</l>
<l n="3" id="c40808.B.B.3" corresp="t40808.p6">
<damage/>
<w form="kan4" lemma="kan4" pos="N" label="gate">kan4</w>
<w form="ama-me-da" lemma="ama" pos="N" label="mother">ama<damageEnd/>-me-da</w>
<w form="nam-mi-gub" lemma="gub" pos="V" label="to stand">nam-mi-gub</w>
</l>
<l n="4" id="c40808.B.B.4" corresp="t40808.p6">
<distinct type="emesal">
<w form="me-e" lemma="je26" pos="PD" type="personal" label="I" emesal="me">me-e</w>
</distinct>
<w form="hul2-la-ta" lemma="hul2" pos="V" label="to be happy">hul2-la-ta</w>
<distinct type="emesal">
<w form="i3-di-di-de3-en" lemma="jen" pos="V" label="to go" emesal="di" form-type="rr">i3-di-di-de3-en</w>
</distinct>
</l>
<l n="5" id="c40808.B.B.5" corresp="t40808.p6">
<w form="kan4" lemma="kan4" pos="N" label="gate">kan4</w>
<distinct type="emesal">
<w form="ga-ca-an-gal-la-da" lemma="nin-gal" pos="N" type="DN" label="Ningal" emesal="ga-ca-an-gal">ga-ca-an-gal-la-da</w>
</distinct>
<w form="nam-mi-gub" lemma="gub" pos="V" label="to stand">nam-mi-gub</w>
</l>
<l n="6" id="c40808.B.B.6" corresp="t40808.p6">
<distinct type="emesal">
<w form="me-e" lemma="je26" pos="PD" type="personal" label="I" emesal="me">me-e</w>
</distinct>
<w form="hul2-la-da" lemma="hul2" pos="V" label="to be happy">hul2-la-da</w>
<distinct type="emesal">
<w form="i3-di-di-de3-en" lemma="jen" pos="V" label="to go" emesal="di" form-type="rr">i3-di-di-de3-en</w>
</distinct>
</l>
<l n="7" id="c40808.B.B.7" corresp="t40808.p6">
<w form="ama-ju10-ra" lemma="ama" pos="N" label="mother">ama-ju10-ra</w>
<distinct type="emesal">
<w form="mu-lu" lemma="lu2" pos="N" label="person" emesal="mu-lu">mu-lu</w>
<w form="e-ne-ej3" lemma="inim" pos="N" label="word" emesal="e-ne-ej3">e-ne-ej3</w>
</distinct>
<w form="hu-mu-na-ab-be2" lemma="dug4" pos="V" label="to say" form-type="ppli">hu-mu-na-ab-be2</w>
</l>
<l n="8" id="c40808.B.B.8" corresp="t40808.p6">
<w form="u5-cu-ur2-me" lemma="ucur" pos="N" label="neighbour">u5-cu-ur2-me</w>
<w form="a" lemma="a" pos="N" label="water">a</w>
<w form="ki" lemma="ki" pos="N" label="place">ki</w>
<distinct type="emesal">
<term id="c40808.t17">
<w form="de3-sud-e" lemma="sud" pos="V" label="to be distant" emesal-prefix="de3-">de3-sud-e</w>
</term>
</distinct>
<gloss lang="akk" target="c40808.t17">
li-sa3-al-li-ih
</gloss>
</l>
<l n="9" id="c40808.B.B.9" corresp="t40808.p6">
<w form="ama-ju10" lemma="ama" pos="N" label="mother">ama-ju10</w>
<distinct type="emesal">
<w form="ga-ca-an-gal-ra" lemma="nin-gal" pos="N" type="DN" label="Ningal" emesal="ga-ca-an-gal">ga-ca-an-gal-ra</w>
<w form="mu-lu" lemma="lu2" pos="N" label="person" emesal="mu-lu">mu-lu</w>
<w form="e-ne-ej3" lemma="inim" pos="N" label="word" emesal="e-ne-ej3">e-ne-ej3</w>
</distinct>
<w form="hu-mu-na-ab-be2" lemma="dug4" pos="V" label="to say" form-type="ppli">hu-mu-na-ab-be2</w>
</l>
<l n="10" id="c40808.B.B.10" corresp="t40808.p6">
<w form="u5-cu-ur2-me" lemma="ucur" pos="N" label="neighbour">u5-cu-ur2-me</w>
<w form="a" lemma="a" pos="N" label="water">a</w>
<w form="ki" lemma="ki" pos="N" label="place">ki</w>
<distinct type="emesal">
<w form="de3-sud-e" lemma="sud" pos="V" label="to be distant" emesal-prefix="de3-">de3-sud-e</w>
</distinct>
</l>
<l n="11" id="c40808.B.B.11" corresp="t40808.p6">
<w form="ki-tuc-a-ni" lemma="ki-tuc" pos="N" label="dwelling place">ki-tuc-a-ni</w>
<w form="ir-bi" lemma="ir" pos="N" label="(fragrant) exudation">ir-bi</w>
<distinct type="emesal">
<w form="ze2-ba-am3" lemma="dug3" pos="V" label="to be good" emesal="ze2-eb">ze2-ba-am3</w>
</distinct>
</l>
<l n="12" id="c40808.B.B.12" corresp="t40808.p6">
<distinct type="emesal">
<w form="e-ne-ej3-ja2-ni" lemma="inim" pos="N" label="word" emesal="e-ne-ej3">e-ne-ej3-ja2-ni</w>
</distinct>
<term id="c40808.t18">
<distinct type="emesal">
<w form="aj2" lemma="nij2" pos="N" label="thing" emesal="aj2">aj2</w>
</distinct>
<w form="hul2-hul2-la-am3" lemma="hul2" pos="V" label="to be happy" form-type="RR">hul2-<damage/>hul2-la<damageEnd/>-am3</w>
</term>
<gloss lang="akk" target="c40808.t18">
ca
hi-di-a-<damage/>tim<damageEnd/>-ma
</gloss>
</l>
<l n="13" id="c40808.B.B.13" corresp="t40808.p7">
<distinct type="emesal">
<w form="u3-mu-un-ju10" lemma="en" pos="N" label="lord" emesal="u3-mu-un">u3-mu-un-ju10</w>
</distinct>
<w form="ur2" lemma="ur2" pos="N" label="root">ur2</w>
<w form="kug-ge" lemma="kug" pos="AJ" label="shining">kug-ge</w>
<w form="he2-du7" lemma="he2-du7" pos="N" label="(fitting) ornament">he2-du7</w>
</l>
<l n="14" id="c40808.B.B.14" corresp="t40808.p7">
<w form="&d;ama-ucumgal-an-na" lemma="ama-ucumgal-an-na" pos="N" type="DN" label="Ama-u&c;umgal-ana" det="&d;">&d;ama-ucumgal-an-na</w>
<w form="mussa" lemma="mussa" pos="N" label="male relative-by-marriage">mussa</w>
<w form="&d;suen-na" lemma="suen" pos="N" type="DN" label="Suen" det="&d;">&d;suen-na</w>
</l>
<l n="15" id="c40808.B.B.15" corresp="t40808.p7">
<w form="en" lemma="en" pos="N" label="lord">en</w>
<w form="&d;dumu-zid" lemma="dumu-zid" pos="N" type="DN" label="Dumuzid" det="&d;">&d;dumu-zid</w>
<w form="ur2" lemma="ur2" pos="N" label="root">ur2</w>
<w form="kug-ge" lemma="kug" pos="AJ" label="shining">kug-ge</w>
<w form="he2-du7" lemma="he2-du7" pos="N" label="(fitting) ornament">he2-du7</w>
</l>
<l n="16" id="c40808.B.B.16" corresp="t40808.p7">
<w form="&d;ama-ucumgal-an-na" lemma="ama-ucumgal-an-na" pos="N" type="DN" label="Ama-u&c;umgal-ana" det="&d;">&d;ama-ucumgal-an-na</w>
<w form="mussa" lemma="mussa" pos="N" label="male relative-by-marriage">mussa</w>
<w form="&d;suen-na" lemma="suen" pos="N" type="DN" label="Suen" det="&d;">&d;suen-na</w>
</l>
<l n="17" id="c40808.B.B.17" corresp="t40808.p7">
<distinct type="emesal">
<w form="u3-mu-un-ju10" lemma="en" pos="N" label="lord" emesal="u3-mu-un">u3-mu-un-ju10</w>
<w form="he2-ma-al-zu" lemma="he2-jal2" pos="N" label="plenty" emesal="he2-ma-al">he2-ma-al-zu</w>
<w form="ze2-ba-am3" lemma="dug3" pos="V" label="to be good" emesal="ze2-eb">ze2-ba-am3</w>
</distinct>
</l>
<l n="18" id="c40808.B.B.18" corresp="t40808.p7">
<w form="edin-na" lemma="edin" pos="N" label="open country">edin-na</w>
<w form="u2-cim-zu" lemma="u2-cim" pos="N" label="greenery">u2-cim-zu</w>
<w form="ku7-ku7-dam" lemma="ku7-ku7" pos="V" label="to be sweet" form-type="RR">ku7-ku7-dam</w>
</l>
<l n="19" id="c40808.B.B.19" corresp="t40808.p7">
<w form="&d;ama-ucumgal-an-na" lemma="ama-ucumgal-an-na" pos="N" type="DN" label="Ama-u&c;umgal-ana" det="&d;">&d;ama-ucumgal-an-na</w>
<distinct type="emesal">
<w form="he2-ma-al-zu" lemma="he2-jal2" pos="N" label="plenty" emesal="he2-ma-al">he2-ma-al-zu</w>
<w form="ze2-ba-am3" lemma="dug3" pos="V" label="to be good" emesal="ze2-eb">ze2-ba-am3</w>
</distinct>
</l>
<l n="20" id="c40808.B.B.20" corresp="t40808.p7">
<w form="edin-na" lemma="edin" pos="N" label="open country">edin-na</w>
<w form="u2-cim-zu" lemma="u2-cim" pos="N" label="greenery">u2-cim-zu</w>
<w form="ku7-ku7-dam" lemma="ku7-ku7" pos="V" label="to be sweet" form-type="RR">ku7-ku7-dam</w>
&hr;
</l>
<trailer place="rubric" type="sa-jara">
<l n="21" id="c40808.B.B.21" corresp="t40808.p8">
<w form="sa-jar-ra-am3" lemma="sa-jar-ra" pos="N" label="composition-division">sa-jar-ra-am3</w>
</l>
</trailer>
</lg>
<trailer place="subscript" type="tigi">
<l n="22" id="c40808.B.B.22" corresp="t40808.p9">
<w form="tigi" lemma="tigi" pos="N" label="type of instrument and composition">tigi</w>
<w form="&d;inana-kam" lemma="inana" pos="N" type="DN" label="Inana" det="&d;">&d;inana-kam</w>
</l>
</trailer>
</div1>
</body>
</text>
</TEI.2>
