<TEI.2 id="c.4.08.29">
<teiHeader lang="eng">
<fileDesc>
<titleStmt>
<title>A song of Inana and Dumuzid (Dumuzid-Inana C1) -- a composite transliteration</title>
<respStmt><name>Jeremy Black</name><resp>Project Director and Editor</resp></respStmt>
<respStmt><name>G&aacute;bor Z&oacute;lyomi</name><resp>Editor</resp></respStmt>
<respStmt><name>Graham Cunningham</name><resp>Editor</resp></respStmt>
<respStmt><name>Eleanor Robson</name><resp>Technical Developer</resp></respStmt>
<respStmt><name>Jarle Ebeling</name><resp>Technical Developer</resp></respStmt>
</titleStmt>
<publicationStmt>
<distributor>The Electronic Text Corpus of Sumerian Literature
</distributor><address><addrLine>The Oriental Institute, University of Oxford, Pusey Lane, Oxford OX1 2LE, UK, email etcsl&commat;orinst.ox.ac.uk, http://etcsl.orinst.ox.ac.uk</addrLine></address>
<date>1999</date>
</publicationStmt>
<seriesStmt><p>The Electronic Text Corpus of Sumerian Literature aims to make accessible over 400 literary works composed in the Sumerian language in ancient Mesopotamia during the late third and early second millennia BC. The works are in Sumerian composite transliteration and English prose translation with bibliographical information on each composition.</p></seriesStmt>
<sourceDesc>
<listBibl type="secondary">
<bibl><xref from="b244">Sefati 1998</xref><biblScope type="page">286-300</biblScope><biblScope type="contents">score transliteration, translation, commentary</biblScope></bibl>
<bibl><xref from="b464">Krecher 1998j</xref><biblScope type="contents">composite text, translation</biblScope><note>electronic source</note></bibl>
<bibl><xref from="b605">Sefati 1999</xref><biblScope type="contents">composite text, translation</biblScope><note>electronic source</note></bibl>
<bibl><xref from="b749">Tinney 1999</xref><biblScope type="page">37</biblScope><biblScope type="contents">commentary</biblScope></bibl>
</listBibl>
<listBibl type="tablets">
<bibl><biblScope type="museumNumber">Ni 2377 (SLTNi 35)</biblScope></bibl>
</listBibl>
</sourceDesc>
</fileDesc>
<revisionDesc>
<change><date>29.i.1999</date><respStmt><name>JAB</name><resp>editor</resp></respStmt>
<item>standardisation</item></change>
<change><date>03.xii.1999</date><respStmt><name>GC</name><resp>editor</resp></respStmt>
<item>proofreading</item></change>
<change><date>04.xii.1999</date><respStmt><name>GC</name><resp>editor</resp></respStmt>
<item>SGML tagging</item></change>
<change><date>04.ii.2000</date><respStmt><name>ER</name><resp>editor</resp></respStmt>
<item>proofreading SGML</item></change>
<change><date>04.ii.2000</date><respStmt><name>ER</name><resp>editor</resp></respStmt>
<item>correcting tablet list</item></change>
<change><date>28.i.2000</date><respStmt><name>ER</name><resp>editor</resp></respStmt>
<item>web publication</item></change>
<change><date>01.vi.2003</date><respStmt><name>GC/JE</name><resp>editor/technical developer</resp></respStmt>
<item>XML/TEI conversion</item></change>
<change><date>30.iii.2005</date><respStmt><name>GC/JE</name><resp>senior editor/technical developer</resp></respStmt>
<item>lemmatised version published</item></change>
</revisionDesc>
</teiHeader>
<text lang="sux">
<body>
<div1 type="segment" n="A">
<l n="1" id="c40829.A.1" corresp="t40829.p1">
<supplied/>
<w form="X" lemma="X" label="X">X</w>
<w form="X" lemma="X" label="X">X</w>
<suppliedEnd/>
<w form="NE-gin7" lemma="NE" label="NE"><unclear cert="qry">NE</unclear>-<damage/><unclear cert="qry">gin7</unclear></w>
<damageEnd/>
<supplied/>
<w form="&X;" lemma="&X;" label="&X;">&X;</w>
<suppliedEnd/>
</l>
<l n="2" id="c40829.A.2" corresp="t40829.p1">
<supplied/>
<w form="X" lemma="X" label="X">X</w>
<w form="X" lemma="X" label="X">X</w>
<suppliedEnd/>
<w form="X-gin7" lemma="X" label="X">X-gin7</w>
<w form="ab2" lemma="ab2" pos="N" label="cow">ab2</w>
<w form="X" lemma="X" label="X">X</w>
<w form="ZU" lemma="ZU" label="ZU">ZU</w>
<supplied/>
<w form="X" lemma="X" label="X">X</w>
<suppliedEnd/>
<w form="X" lemma="X" label="X">X</w>
<supplied/>
<w form="X" lemma="X" label="X">X</w>
<suppliedEnd/>
</l>
<l n="3" id="c40829.A.3" corresp="t40829.p1">
<w form="&d;nin-e2-gal-la" lemma="nin-e2-gal-la" pos="N" type="DN" label="Ninegala" det="&d;"><supplied/>&d;nin<suppliedEnd/>-e2-gal-la</w>
<distinct type="emesal">
<w form="li-bi-ir-si-zu" lemma="nijir-si" pos="N" label="bride(groom)'s friend" emesal="li-bi-ir-si">li-bi-ir-si-zu</w>
</distinct>
<damage/>
<w form="en-me-ec" lemma="en" pos="N" label="lord">en<damageEnd/>-<supplied/>me-ec</w>
<suppliedEnd/>
</l>
<l n="4" id="c40829.A.4" corresp="t40829.p1">
<supplied/>
<w form="X" lemma="X" label="X">X</w>
<w form="X" lemma="X" label="X">X</w>
<suppliedEnd/>
<w form="nunuz" lemma="nunuz" pos="N" label="egg">nunuz</w>
<w form="dub2-dub2-gin7" lemma="dub2" pos="V" label="to tremble" form-type="RR">dub2-dub2-gin7</w>
<supplied/>
<w form="X" lemma="X" label="X">X</w>
<w form="X" lemma="X" label="X">X</w>
<suppliedEnd/>
</l>
<l n="5" id="c40829.A.5" corresp="t40829.p1">
<supplied/>
<w form="&d;inana" lemma="inana" pos="N" type="DN" label="Inana" det="&d;">&d;inana</w>
<suppliedEnd/>
<distinct type="emesal">
<w form="li-bi-ir-si-zu" lemma="nijir-si" pos="N" label="bride(groom)'s friend" emesal="li-bi-ir-si">li-bi-ir-si-zu</w>
</distinct>
<w form="en-me-ec" lemma="en" pos="N" label="lord">en-me-ec</w>
</l>
<l n="6" id="c40829.A.6" corresp="t40829.p1">
<supplied/>
<w form="&X;-ju10" lemma="&X;" label="&X;">&X;<suppliedEnd/>-<unclear cert="qry">ju10</unclear></w>
<term id="c40829.t1">
<distinct type="emesal">
<w form="di-di-ta-am3" lemma="1" pos="NU" type="cardinal" label="1" emesal="di" form-type="RR">di-di-ta-am3</w>
</distinct>
</term>
<gloss lang="akk" target="c40829.t1">
ic-te-na-a
a
X
</gloss>
</l>
<l n="7" id="c40829.A.7" corresp="t40829.p1">
<supplied/>
<w form="X" lemma="X" label="X">X</w>
<w form="X" lemma="X" label="X">X</w>
<suppliedEnd/>
<w form="jar" lemma="jar" pos="V" label="to place">jar</w>
<w form="AM3" lemma="AM3" label="AM&s3;">AM3(A.<unclear cert="qry">AN</unclear>)</w>
<w form="2-am3" lemma="2" pos="NU" type="cardinal" label="2">2(MIN)-am3</w>
</l>
<l n="8" id="c40829.A.8" corresp="t40829.p1">
<supplied/>
<w form="X" lemma="X" label="X">X</w>
<w form="X" lemma="X" label="X">X</w>
<suppliedEnd/>
<w form="X" lemma="X" label="X">X</w>
<supplied/>
<w form="&X;" lemma="&X;" label="&X;">&X;</w>
<suppliedEnd/>
<w form="MU" lemma="MU" label="MU"><unclear cert="qry">MU</unclear></w>
<w form="X" lemma="X" label="X">X</w>
<supplied/>
<w form="X" lemma="X" label="X">X</w>
<suppliedEnd/>
</l>
<l n="9" id="c40829.A.9" corresp="t40829.p1">
<supplied/>
<w form="mucen-du3-am3" lemma="mucen-du3" pos="N" label="fowler">mucen<suppliedEnd/>-<damage/>du3<damageEnd/>-am3</w>
<w form="X" lemma="X" label="X">X</w>
<w form="BU" lemma="BU" label="BU">BU</w>
<w form="X" lemma="X" label="X">X</w>
<supplied/>
<w form="&X;" lemma="&X;" label="&X;">&X;</w>
<suppliedEnd/>
</l>
<l n="10" id="c40829.A.10" corresp="t40829.p1">
<supplied/>
<w form="cu-KU6-de3" lemma="cu-KU6" pos="N" label="fisherman">cu<suppliedEnd/>-<damage/>KU6<damageEnd/>-de3</w>
<distinct type="emesal">
<damage/>
<w form="mu-lu" lemma="lu2" pos="N" label="person" emesal="mu-lu">mu<damageEnd/>-lu</w>
</distinct>
<term id="c40829.t2">
<distinct type="emesal">
<w form="mu-gi-a" lemma="jic-gi" pos="N" label="reedbed" emesal="mu-gi">mu-gi-a</w>
</distinct>
<w form="cag4-ga-bi" lemma="cag4" pos="N" label="heart">cag4-ga-bi</w>
</term>
<gloss lang="akk" target="c40829.t2">
ca
qe2-er-bi
ca
a-pi2-im
</gloss>
</l>
<l n="11" id="c40829.A.11" corresp="t40829.p2">
<distinct type="emesal">
<damage/>
<w form="&lu2;su8-ba-ce3" lemma="sipad" pos="N" label="shepherd" emesal="su8-ba" det="&lu2;"><unclear cert="qry">&lu2;</unclear><damageEnd/>su8-ba-ce3</w>
<w form="mu-lu" lemma="lu2" pos="N" label="person" emesal="mu-lu">mu-lu</w>
<term id="c40829.t3">
<w form="da-an-gi4-gi4" lemma="gi4" pos="V" label="to return" emesal-prefix="da-" form-type="RR">da-an-gi4-gi4</w>
</term>
</distinct>
<gloss lang="akk" target="c40829.t3">
X
X
</gloss>
</l>
<l n="12" id="c40829.A.12" corresp="t40829.p2">
<supplied/>
<w form="i3" lemma="i3" pos="N" label="fatty substance">i3</w>
<suppliedEnd/>
<w form="saj" lemma="saj" pos="N" label="head">saj</w>
<damage/>
<w form="ga" lemma="ga" pos="N" label="milk">ga</w>
<damageEnd/>
<w form="saj" lemma="saj" pos="N" label="head">saj</w>
<term id="c40829.t4">
<w form="mi2" lemma="mi2" pos="N" label="(loving) care">mi2</w>
<distinct type="emesal">
<damage/>
<w form="de3-ja2-ab-be2" lemma="dug4" pos="V" label="to say" emesal-prefix="de3-" form-type="ppli">de3-ja2-ab<damageEnd/>-be2</w>
</distinct>
</term>
<gloss lang="akk" target="c40829.t4">
<supplied/>
li-ka<suppliedEnd/>-an-ni-a-am
</gloss>
</l>
<l n="13" id="c40829.A.13" corresp="t40829.p2">
<damage/>
<w form="engar-ju10-u8-ce3" lemma="engar" pos="N" label="farmer"><unclear cert="qry">engar</unclear><damageEnd/>-ju10-<unclear cert="qry">u8</unclear>-ce3</w>
<distinct type="emesal">
<w form="mu-lu" lemma="lu2" pos="N" label="person" emesal="mu-lu">mu-lu</w>
<corr resp="scrOm"/>
<w form="da-an-gi4-gi4" lemma="gi4" pos="V" label="to return" emesal-prefix="da-" form-type="RR">da-an-gi4-gi4</w>
<corrEnd/>
</distinct>
</l>
<l n="14" id="c40829.A.14" corresp="t40829.p2">
<supplied/>
<w form="X" lemma="X" label="X">X</w>
<suppliedEnd/>
<damage/>
<w form="jectin-e" lemma="jectin" pos="N" label="grape (wine)">jectin<damageEnd/>-e</w>
<w form="mi2" lemma="mi2" pos="N" label="(loving) care">mi2</w>
<distinct type="emesal">
<w form="de3-ja2-ab-be2" lemma="dug4" pos="V" label="to say" emesal-prefix="de3-" form-type="ppli">de3-<corr resp="scrOm"/>ja2-ab-be2</w>
<corrEnd/>
</distinct>
</l>
<l n="15" id="c40829.A.15" corresp="t40829.p2">
<supplied/>
<w form="mucen-du3" lemma="mucen-du3" pos="N" label="fowler">mucen<suppliedEnd/>-<damage/>du3</w>
<damageEnd/>
<w form="X" lemma="X" label="X">X</w>
<term id="c40829.t5">
<w form="sa-du3" lemma="sa-du3" pos="N" label="type of net">sa-du3</w>
<w form="nu2-a-ce3" lemma="nu2" pos="V" label="to lie down">nu2-a-ce3</w>
</term>
<gloss lang="akk" target="c40829.t5">
<damage/>
ca
<damageEnd/>
ce-e-tum
cu-nu-la-at-sum2
</gloss>
</l>
<l n="16" id="c40829.A.16" corresp="t40829.p2">
<distinct type="emesal">
<supplied/>
<w form="nin-jen" lemma="nin" pos="N" label="lady">nin<suppliedEnd/>-jen</w>
<w form="mu-lu" lemma="lu2" pos="N" label="person" emesal="mu-lu">mu-lu</w>
<corr resp="scrOm"/>
<w form="da-an-gi4-gi4" lemma="gi4" pos="V" label="to return" emesal-prefix="da-" form-type="RR">da-an-gi4-gi4</w>
<corrEnd/>
</distinct>
</l>
<l n="17" id="c40829.A.17" corresp="t40829.p2">
<supplied/>
<w form="mucen" lemma="mucen" pos="N" label="bird">mucen</w>
<suppliedEnd/>
<damage/>
<w form="sig5-ga" lemma="sig5" pos="V" label="to be fine"><unclear cert="qry">sig5</unclear><damageEnd/>-ga</w>
<w form="mi2" lemma="mi2" pos="N" label="(loving) care">mi2</w>
<distinct type="emesal">
<w form="de3-ja2-ab-be2" lemma="dug4" pos="V" label="to say" emesal-prefix="de3-" form-type="ppli">de3-<corr resp="scrOm"/>ja2-ab-be2</w>
<corrEnd/>
</distinct>
</l>
<l n="18" id="c40829.A.18" corresp="t40829.p2">
<damage/>
<w form="cu-KU6-dam" lemma="cu-KU6" pos="N" label="fisherman">cu<damageEnd/>-KU6-dam</w>
<term id="c40829.t6">
<w form="jic-gi" lemma="jic-gi" pos="N" label="reedbed">jic-gi</w>
</term>
<damage/>
<w form="sa-du3-a-ni-ce3" lemma="sa-du3" pos="N" label="type of net">sa<damageEnd/>-du3-a-ni-ce3</w>
<gloss lang="akk" target="c40829.t6">
<damage/>
<unclear cert="qry">ca</unclear>
<damageEnd/>
<unclear cert="qry">a</unclear>-pi-<damage/><unclear cert="qry">im</unclear>
<damageEnd/>
</gloss>
</l>
<l n="19" id="c40829.A.19" corresp="t40829.p2">
<distinct type="emesal">
<w form="ga-ca-an-an-na-jen" lemma="inana" pos="N" type="DN" label="Inana" emesal="ga-ca-an-an-na">ga-ca-an-<damage/>an<damageEnd/>-na-jen</w>
<w form="mu-lu" lemma="lu2" pos="N" label="person" emesal="mu-lu">mu-lu</w>
<corr resp="scrOm"/>
<w form="da-an-gi4-gi4" lemma="gi4" pos="V" label="to return" emesal-prefix="da-" form-type="RR">da-an-gi4-gi4</w>
<corrEnd/>
</distinct>
</l>
<l n="20" id="c40829.A.20" corresp="t40829.p2">
<w form="suhur&ku6;" lemma="suhur" pos="N" label="type of carp" det="&ku6;">suhur&ku6;</w>
<w form="gur-gur-ra" lemma="gur4" pos="V" label="to be thick" form-type="RR">gur-gur-ra</w>
<w form="mi2" lemma="mi2" pos="N" label="(loving) care">mi2</w>
<distinct type="emesal">
<w form="de3-ja2-ab-be2" lemma="dug4" pos="V" label="to say" emesal-prefix="de3-" form-type="ppli">de3-<corr resp="scrOm"/>ja2-ab-be2</w>
<corrEnd/>
</distinct>
</l>
<l n="21" id="c40829.A.21" corresp="t40829.p3">
<distinct type="emesal">
<w form="li-bi-ir-si-ni" lemma="nijir-si" pos="N" label="bride(groom)'s friend" emesal="li-bi-ir-si">li-bi-ir-si-ni</w>
</distinct>
<w form="nij2-de6-a" lemma="nij2-de2-a" pos="N" label="marriage gift">nij2-<corr sic="a-de6">de6-a</corr></w>
<w form="im-de6" lemma="de6" pos="V" label="to carry">im-de6</w>
</l>
<l n="22" id="c40829.A.22" corresp="t40829.p3">
<w form="mucen" lemma="mucen" pos="N" label="bird">mucen</w>
<w form="zag-ga" lemma="zag" pos="N" label="side">zag-ga</w>
<w form="mucen-du3" lemma="mucen-du3" pos="N" label="fowler">mucen-du3</w>
<term id="c40829.t7">
<w form="mu-un-de6" lemma="de6" pos="V" label="to carry">mu-un-de6</w>
</term>
<gloss lang="akk" target="c40829.t7">
<unclear cert="qry">ub</unclear>-<unclear cert="qry">lam</unclear>
</gloss>
</l>
<l n="23" id="c40829.A.23" corresp="t40829.p3">
<w form="suhur&ku6;" lemma="suhur" pos="N" label="type of carp" det="&ku6;">suhur&ku6;</w>
<damage/>
<w form="gur-gur-ra" lemma="gur4" pos="V" label="to be thick" form-type="RR">gur-gur<damageEnd/>-ra</w>
<w form="cu-KU6-de3" lemma="cu-KU6" pos="N" label="fisherman">cu-KU6-de3</w>
<w form="mu-un-de6" lemma="de6" pos="V" label="to carry">mu-un-de6</w>
</l>
<l n="24" id="c40829.A.24" corresp="t40829.p3">
<w form="nin-ju10" lemma="nin" pos="N" label="lady">nin-<damage/>ju10</w>
<damageEnd/>
<supplied/>
<w form="X" lemma="X" label="X">X</w>
<w form="Xbr" lemma="Xbr" label="Xbr">(X)</w>
<suppliedEnd/>
<term id="c40829.t8">
<w form="X" lemma="X" label="X">X</w>
<w form="ba-an-da-ab-dug4" lemma="dug4" pos="V" label="to say">ba-an-da-ab-dug4</w>
</term>
<gloss lang="akk" target="c40829.t8">
ic-ta-ka-an
</gloss>
</l>
<l n="25" id="c40829.A.25" corresp="t40829.p3">
<w form="&lu2;sipad-de3" lemma="sipad" pos="N" label="shepherd" bound="L,e" det="&lu2;">&lu2;sipad-de3</w>
<w form="i3" lemma="i3" pos="N" label="fatty substance">i3</w>
<w form="cu-ce3" lemma="cu" pos="N" label="hand">cu-ce3</w>
<term id="c40829.t9">
<w form="mu-un-la2" lemma="la2" pos="V" label="to hang">mu-un-la2</w>
</term>
<gloss lang="akk" target="c40829.t9">
it-ta-na-ci
</gloss>
</l>
<l n="26" id="c40829.A.26" corresp="t40829.p3">
<w form="&d;dumu-zid-de3" lemma="dumu-zid" pos="N" type="DN" label="Dumuzid" det="&d;">&d;dumu-zid-de3</w>
<w form="ga" lemma="ga" pos="N" label="milk">ga</w>
<term id="c40829.t10">
<w form="zag-ce3" lemma="zag" pos="N" label="side">zag-ce3</w>
</term>
<w form="mu-un-la2" lemma="la2" pos="V" label="to hang">mu-un-la2</w>
<gloss lang="akk" target="c40829.t10">
i-na
<supplied/>
bu<suppliedEnd/>-<damage/>di<damageEnd/>-cu
</gloss>
</l>
<l n="27" id="c40829.A.27" corresp="t40829.p3">
<w form="i3" lemma="i3" pos="N" label="fatty substance">i3</w>
<w form="ga" lemma="ga" pos="N" label="milk">ga</w>
<term id="c40829.t11">
<w form="JAR-ban3-da" lemma="JAR-ban3-da" pos="N" label="type of container">JAR-ban3-da</w>
</term>
<w form="zag-ce3" lemma="zag" pos="N" label="side">zag-ce3</w>
<w form="mu-un-la2" lemma="la2" pos="V" label="to hang">mu-un-la2</w>
<gloss lang="akk" target="c40829.t11">
<unclear cert="qry">qal</unclear>-<unclear cert="qry">qal</unclear>
</gloss>
</l>
<l n="28" id="c40829.A.28" corresp="t40829.p3">
<w form="ga" lemma="ga" pos="N" label="milk">ga</w>
<w form="&dug;cakir-ra" lemma="cakir3" pos="N" label="churn" bound="L,ak" det="&dug;">&dug;<unclear cert="qry">cakir</unclear>-ra</w>
<w form="zag-ce3" lemma="zag" pos="N" label="side">zag-ce3</w>
<w form="mu-un-la2" lemma="la2" pos="V" label="to hang">mu-un-la2</w>
</l>
<l n="29" id="c40829.A.29" corresp="t40829.p3">
<supplied/>
<w form="X-ju10" lemma="X" label="X">X<suppliedEnd/>-<damage/>ju10</w>
<damageEnd/>
<w form="e2-e" lemma="e2" pos="N" label="house(hold)">e2-e</w>
<w form="gu3" lemma="gu3" pos="N" label="voice">gu3</w>
<w form="ba-an-de2" lemma="de2" pos="V" label="to pour">ba-an-de2</w>
</l>
<l n="30" id="c40829.A.30" corresp="t40829.p3">
<w form="&d;dumu-zid-de3" lemma="dumu-zid" pos="N" type="DN" label="Dumuzid" det="&d;"><supplied/>&d;<suppliedEnd/><damage/>dumu<damageEnd/>-zid-de3</w>
<w form="X" lemma="X" label="X">X</w>
<w form="X" lemma="X" label="X">X</w>
<w form="X" lemma="X" label="X">X</w>
</l>
<l n="31" id="c40829.A.31" corresp="t40829.p3">
<supplied/>
<w form="e2" lemma="e2" pos="N" label="house(hold)">e2</w>
<suppliedEnd/>
<w form="jal2-lu" lemma="jal2" pos="V" label="to open">jal2-lu</w>
<w form="nin-ju10" lemma="nin" pos="N" label="lady">nin-ju10</w>
<w form="e2" lemma="e2" pos="N" label="house(hold)">e2</w>
<supplied/>
<w form="jal2-lu" lemma="jal2" pos="V" label="to open">jal2-lu</w>
<suppliedEnd/>
</l>
<l n="32" id="c40829.A.32" corresp="t40829.p3">
<supplied/>
<w form="X" lemma="X" label="X">X</w>
<suppliedEnd/>
<w form="X" lemma="X" label="X">X</w>
<damage/>
<w form="mu-un-&X;" lemma="&X;" label="&X;">mu-un<damageEnd/>-<supplied/>&X;</w>
<suppliedEnd/>
</l>
<gap extent="approx. 4 lines missing"/>
</div1>
<div1 type="segment" n="B">
<l n="1" id="c40829.B.1" corresp="t40829.p4">
<w form="nu-u8-gig-ge" lemma="nu-u8-gig" pos="N" label="high-status woman">nu-u8-gig-ge</w>
<w form="X" lemma="X" label="X">X</w>
<term id="c40829.t12">
<supplied/>
<w form="&X;" lemma="&X;" label="&X;">&X;</w>
<suppliedEnd/>
</term>
<gloss lang="akk" target="c40829.t12">
X
X
X
</gloss>
</l>
<l n="2" id="c40829.B.2" corresp="t40829.p4">
<term id="c40829.t13">
<w form="ama" lemma="ama" pos="N" label="mother">ama</w>
<damage/>
<w form="ugu-ni" lemma="ugu" pos="V" label="to give birth">ugu<damageEnd/>-ni</w>
<w form="jiri3" lemma="jiri3" pos="N" label="foot">jiri3</w>
<w form="mu-un-gub-gub" lemma="gub" pos="V" label="to stand" form-type="RR">mu-un-gub-<supplied/>gub</w>
<suppliedEnd/>
</term>
<gloss lang="akk" target="c40829.t13">
i-na
MUNUS-mi-ca
i-X-X
</gloss>
</l>
<l n="3" id="c40829.B.3" corresp="t40829.p4">
<supplied/>
<w form="X" lemma="X" label="X">X</w>
<suppliedEnd/>
<term id="c40829.t14">
<w form="i-lu-zu" lemma="i-lu" pos="N" label="(sad) song">i-lu-zu</w>
<w form="mu-un-gub-X" lemma="gub" pos="V" label="to stand">mu-un-gub-X</w>
</term>
<gloss lang="akk" target="c40829.t14">
X
X-nu
u2-za-az
</gloss>
</l>
<l n="4" id="c40829.B.4" corresp="t40829.p4">
<w form="i-gi4-in-zu7" lemma="i-gi4-in-zu" pos="AV" label="as it were">i-<damage/>gi4<damageEnd/>-<supplied/>in<suppliedEnd/>-zu7</w>
<term id="c40829.t15">
<w form="NI.MUC2-dam" lemma="NI.MUC2" pos="N" label="meaning unknown">NI.MUC2-dam</w>
<w form="X" lemma="X" label="X">X</w>
<supplied/>
<w form="X" lemma="X" label="X">X</w>
<suppliedEnd/>
</term>
<gloss lang="akk" target="c40829.t15">
X
X
X
</gloss>
</l>
<l n="5" id="c40829.B.5" corresp="t40829.p4">
<w form="i-gi4-in-zu7" lemma="i-gi4-in-zu" pos="AV" label="as it were">i-gi4-<damage/>in-zu7</w>
<damageEnd/>
<w form="A" lemma="A" label="A">A</w>
<w form="ME" lemma="ME" label="ME">ME</w>
<w form="X" lemma="X" label="X">X</w>
<w form="X" lemma="X" label="X">X</w>
<supplied/>
<w form="na-nam" lemma="me" pos="V" label="to be">na-nam</w>
<suppliedEnd/>
</l>
<l n="6" id="c40829.B.6" corresp="t40829.p4">
<w form="i-gi4-in-zu7" lemma="i-gi4-in-zu" pos="AV" label="as it were">i-gi4-in-<damage/>zu7</w>
<damageEnd/>
<w form="e-ne" lemma="e-ne" pos="PD" type="personal" label="he, she">e-ne</w>
<w form="za-ra" lemma="za" pos="PD" type="personal" label="you (sg.)">za-ra</w>
<supplied/>
<w form="&X;" lemma="&X;" label="&X;">&X;</w>
<w form="na-nam" lemma="me" pos="V" label="to be">na-nam</w>
<suppliedEnd/>
</l>
<l n="7" id="c40829.B.7" corresp="t40829.p4">
<w form="i-gi4-in-zu7" lemma="i-gi4-in-zu" pos="AV" label="as it were">i-<damage/>gi4<damageEnd/>-in-zu7</w>
<w form="a-a-zu" lemma="a-a" pos="N" label="father">a-a-zu</w>
<w form="na-nam" lemma="me" pos="V" label="to be">na-<damage/>nam</w>
<damageEnd/>
</l>
<l n="8" id="c40829.B.8" corresp="t40829.p4">
<w form="i-gi4-in-zu7" lemma="i-gi4-in-zu" pos="AV" label="as it were">i-gi4-in-zu7</w>
<w form="ama-zu" lemma="ama" pos="N" label="mother">ama-zu</w>
<w form="na-nam" lemma="me" pos="V" label="to be">na-nam</w>
</l>
<l n="9" id="c40829.B.9" corresp="t40829.p4">
<w form="ama-ni" lemma="ama" pos="N" label="mother">ama-ni</w>
<w form="ama-zu-gin7" lemma="ama" pos="N" label="mother">ama-zu-gin7</w>
<term id="c40829.t16">
<w form="in-ga-X" lemma="X" label="X">in-<unclear cert="qry">ga</unclear>-X</w>
<w form="X" lemma="X" label="X">X</w>
<w form="X" lemma="X" label="X">X</w>
</term>
<gloss lang="akk" target="c40829.t16">
X
X
a
a
<supplied/>
X
<suppliedEnd/>
X
</gloss>
</l>
<l n="10" id="c40829.B.10" corresp="t40829.p4">
<w form="a-a-ni" lemma="a-a" pos="N" label="father">a-a-ni</w>
<w form="a-a-zu-gin7" lemma="a-a" pos="N" label="father">a-a-zu-gin7</w>
<w form="in-ga-NE-en" lemma="NE" pos="V" label="NE">in-ga-<unclear cert="qry">NE</unclear>-en</w>
</l>
<l n="11" id="c40829.B.11" corresp="t40829.p4">
<w form="e2" lemma="e2" pos="N" label="house(hold)">e2</w>
<w form="jal2-lu" lemma="jal2" pos="V" label="to open">jal2-lu</w>
<w form="nin-ju10" lemma="nin" pos="N" label="lady">nin-ju10</w>
<w form="e2" lemma="e2" pos="N" label="house(hold)">e2</w>
<w form="jal2-lu" lemma="jal2" pos="V" label="to open">jal2-lu</w>
</l>
<l n="12" id="c40829.B.12" corresp="t40829.p5">
<w form="&d;inana" lemma="inana" pos="N" type="DN" label="Inana" det="&d;">&d;inana</w>
<w form="dug4-ga" lemma="dug4" pos="V" label="to say">dug4-ga</w>
<w form="ama-na-ce3" lemma="ama" pos="N" label="mother">ama-na-ce3</w>
</l>
<l n="13" id="c40829.B.13" corresp="t40829.p5">
<w form="a" lemma="a" pos="N" label="water">a</w>
<w form="mu-un-tu5" lemma="tu5" pos="V" label="to wash">mu-un-tu5</w>
<w form="i3" lemma="i3" pos="N" label="fatty substance">i3</w>
<w form="dug3-ga" lemma="dug3" pos="V" label="to be good">dug3-ga</w>
<w form="mu-un-cec2" lemma="cec2" pos="V" label="to anoint">mu-<damage/>un<damageEnd/>-cec2</w>
</l>
<l n="14" id="c40829.B.14" corresp="t40829.p5">
<w form="&tug2;pala3" lemma="pala3" pos="N" label="type of garment" det="&tug2;">&tug2;pala3</w>
<w form="mah" lemma="mah" pos="V" label="to be majestic">mah</w>
<w form="bar-ra" lemma="bar" pos="N" label="outside">bar-ra</w>
<w form="nam-mi-in-dul" lemma="dul" pos="V" label="to cover (together)">nam-mi-in-dul</w>
</l>
<l n="15" id="c40829.B.15" corresp="t40829.p5">
<w form="u3" lemma="u3" pos="C" label="and">u3</w>
<distinct type="emesal">
<w form="mu-lu-ug-ga-ni" lemma="bulug" pos="N" label="sharp object" emesal="mu-lu-ug">mu-lu-ug-ga-ni</w>
</distinct>
<w form="cu" lemma="cu" pos="N" label="hand">cu</w>
<w form="ba-an-ti" lemma="te" pos="V" label="to approach">ba-an-ti</w>
</l>
<l n="16" id="c40829.B.16" corresp="t40829.p5">
<w form="&na4;za-gin3" lemma="za-gin3" pos="N" label="lapis lazuli" det="&na4;">&na4;za-gin3</w>
<w form="gu2-a" lemma="gu2" pos="N" label="neck">gu2-a</w>
<phr type="VP" lemma="si sa2" label="to make straight">
<w form="si" lemma="si" pos="N" label="horn">si</w>
<w form="bi2-ib2-sa2-sa2-e" lemma="sa2" pos="V" label="to equal" form-type="RR">bi2-ib2-sa2-sa2-e</w>
</phr>
</l>
<l n="17" id="c40829.B.17" corresp="t40829.p5">
<w form="&na4;kicib" lemma="kicib" pos="N" label="cylinder seal" det="&na4;">&na4;kicib</w>
<term id="c40829.t17">
<w form="cu-ni-a" lemma="cu" pos="N" label="hand">cu-ni-a</w>
<w form="ba-ni-in-du8" lemma="du8" pos="V" label="to spread">ba-ni-in-du8</w>
</term>
<gloss lang="akk" target="c40829.t17">
i-na
X
ic
ta
<supplied/>
X
<suppliedEnd/>
X
</gloss>
</l>
<l n="18" id="c40829.B.18" corresp="t40829.p5">
<w form="in-nin9-e" lemma="in-nin" pos="N" label="mistress">in-nin9-e</w>
<w form="jiri3-ni" lemma="jiri3" pos="N" label="foot">jiri3-ni</w>
<term id="c40829.t18">
<w form="mu-un-gub-gub" lemma="gub" pos="V" label="to stand" form-type="RR">mu-un-gub-gub</w>
</term>
<gloss lang="akk" target="c40829.t18">
ic
X
X
ma
</gloss>
</l>
<l n="19" id="c40829.B.19" corresp="t40829.p5">
<w form="&d;dumu-zid-de3" lemma="dumu-zid" pos="N" type="DN" label="Dumuzid" det="&d;">&d;dumu-zid-de3</w>
<w form="&jic;ig" lemma="ig" pos="N" label="door" det="&jic;">&jic;ig</w>
<term id="c40829.t19">
<w form="im-ma-ni-in-us2" lemma="us2" pos="V" label="to be adjacent">im-ma-ni-in-us2</w>
</term>
<gloss lang="akk" target="c40829.t19">
ip
te
X
<supplied/>
&X;
<suppliedEnd/>
</gloss>
</l>
<l n="20" id="c40829.B.20" corresp="t40829.p5">
<w form="e2-e" lemma="e2" pos="N" label="house(hold)">e2-e</w>
<w form="iti6-gin7" lemma="itid" pos="N" label="moon(light)">iti6-gin7</w>
<term id="c40829.t20">
<w form="im-ma-na-ra-e3" lemma="e3" pos="V" label="to go out or in">im-ma-na-ra-e3</w>
</term>
<gloss lang="akk" target="c40829.t20">
<unclear cert="qry">ic</unclear>
X
X
X
</gloss>
</l>
<l n="21" id="c40829.B.21" corresp="t40829.p5">
<w form="igi" lemma="igi" pos="N" label="eye">igi</w>
<w form="mu-un-ci-bar" lemma="bar" pos="V" label="to set aside">mu-un-ci-bar</w>
<term id="c40829.t21">
<w form="mu-un-na-hul2-la" lemma="hul2" pos="V" label="to be happy">mu-un-na-hul2-la</w>
</term>
<gloss lang="akk" target="c40829.t21">
<unclear cert="qry">ih</unclear>
X
X
X
</gloss>
</l>
<l n="22" id="c40829.B.22" corresp="t40829.p5">
<w form="gu2-da" lemma="gu2" pos="N" label="neck">gu2-da</w>
<w form="mu-ni-in-la2" lemma="la2" pos="V" label="to hang">mu-ni-in-<damage/>la2</w>
<phr type="VP" lemma="ne su-ub" label="to kiss">
<w form="ne" lemma="ne" pos="N" label="noun part of multiword verb">ne</w>
<damageEnd/>
<supplied/>
<w form="mu-un-su-su-ub" lemma="su-ub" pos="V" label="to rub" form-type="RR">mu<suppliedEnd/>-<damage/>un-<unclear cert="qry">su</unclear>-su-<unclear cert="qry">ub</unclear></w>
</phr>
<damageEnd/>
</l>
<l n="23" id="c40829.B.23" corresp="t40829.p5">
<supplied/>
<w form="&X;" lemma="&X;" label="&X;">&X;</w>
<suppliedEnd/>
<w form="X" lemma="X" label="X">X</w>
<w form="X" lemma="X" label="X">X</w>
<supplied/>
<w form="&X;" lemma="&X;" label="&X;">&X;</w>
<suppliedEnd/>
</l>
<gap extent="approx. 9 lines missing"/>
</div1>
<div1 type="segment" n="C">
<l n="1" id="c40829.C.1" corresp="t40829.p6">
<w form="X" lemma="X" label="X">X</w>
<supplied/>
<w form="&X;" lemma="&X;" label="&X;">&X;</w>
<suppliedEnd/>
</l>
<l n="2" id="c40829.C.2" corresp="t40829.p6">
<w form="&d;dumu-zid-de3" lemma="dumu-zid" pos="N" type="DN" label="Dumuzid" det="&d;">&d;dumu-zid-de3</w>
<w form="X" lemma="X" label="X">X</w>
<supplied/>
<w form="&X;" lemma="&X;" label="&X;">&X;</w>
<suppliedEnd/>
</l>
<l n="3" id="c40829.C.3" corresp="t40829.p6">
<w form="en" lemma="en" pos="N" label="lord">en</w>
<w form="&d;dumu-zid" lemma="dumu-zid" pos="N" type="DN" label="Dumuzid" det="&d;">&d;dumu-zid</w>
<damage/>
<w form="IM" lemma="IM" label="IM"><unclear cert="qry">IM</unclear></w>
<damageEnd/>
<term id="c40829.t22">
<supplied/>
<w form="&X;" lemma="&X;" label="&X;">&X;</w>
<suppliedEnd/>
</term>
<gloss lang="akk" target="c40829.t22">
X
X
</gloss>
</l>
<l n="4" id="c40829.C.4" corresp="t40829.p6">
<w form="lugal-ju10" lemma="lugal" pos="N" label="king">lugal-ju10</w>
<w form="e2-e" lemma="e2" pos="N" label="house(hold)">e2-e</w>
<supplied/>
<w form="&X;" lemma="&X;" label="&X;">&X;</w>
<suppliedEnd/>
</l>
<l n="5" id="c40829.C.5" corresp="t40829.p6">
<w form="lugal-ju10" lemma="lugal" pos="N" label="king">lugal-ju10</w>
<damage/>
<w form="nitalam-ju10" lemma="nitalam" pos="N" label="spouse">nitalam<damageEnd/>-<supplied/>ju10</w>
<w form="&X;" lemma="&X;" label="&X;">&X;</w>
<suppliedEnd/>
</l>
<l n="6" id="c40829.C.6" corresp="t40829.p6">
<w form="&d;dumu-zid-de3" lemma="dumu-zid" pos="N" type="DN" label="Dumuzid" det="&d;">&d;dumu-zid-de3</w>
<w form="lu2" lemma="lu2" pos="N" label="person"><unclear cert="qry">lu2</unclear></w>
<w form="X" lemma="X" label="X">X</w>
<damage/>
<w form="A" lemma="A" label="A"><unclear cert="qry">A</unclear></w>
<damageEnd/>
<w form="NU" lemma="NU" label="NU">NU</w>
<w form="X" lemma="X" label="X">X</w>
<w form="X" lemma="X" label="X">X</w>
</l>
<l n="7" id="c40829.C.7" corresp="t40829.p6">
<w form="lugal-ju10" lemma="lugal" pos="N" label="king">lugal-ju10</w>
<w form="e2-a" lemma="e2" pos="N" label="house(hold)">e2-<damage/>a</w>
<w form="kur9-ra-ma-ni" lemma="kur9" pos="V" label="to enter">kur9<damageEnd/>-ra-<corr sic="na">ma</corr>-ni</w>
</l>
<l n="8" id="c40829.C.8" corresp="t40829.p6">
<distinct type="emesal">
<w form="su8-ba" lemma="sipad" pos="N" label="shepherd" emesal="su8-ba">su8-ba</w>
</distinct>
<w form="&d;dumu-zid-de3" lemma="dumu-zid" pos="N" type="DN" label="Dumuzid" det="&d;">&d;dumu-zid-de3</w>
<w form="nitalam-a-ni-ir" lemma="nitalam" pos="N" label="spouse">nitalam-a-ni-ir</w>
<w form="gu3" lemma="gu3" pos="N" label="voice">gu3</w>
<w form="mu-na-de2-e" lemma="de2" pos="V" label="to pour">mu-na-de2-e</w>
</l>
<l n="9" id="c40829.C.9" corresp="t40829.p7">
<w form="nitalam-ju10" lemma="nitalam" pos="N" label="spouse">nitalam-ju10</w>
<w form="X-ta" lemma="X" label="X">X-<unclear cert="qry">ta</unclear></w>
<w form="e3-i3" lemma="e3" pos="V" label="to go out or in">e3-i3</w>
</l>
<l n="10" id="c40829.C.10" corresp="t40829.p7">
<w form="&d;inana" lemma="inana" pos="N" type="DN" label="Inana" det="&d;">&d;inana</w>
<w form="X" lemma="X" label="X">X</w>
<w form="X" lemma="X" label="X">X</w>
<w form="X" lemma="X" label="X">X</w>
<w form="e2" lemma="e2" pos="N" label="house(hold)">e2</w>
<w form="dijir-ja2" lemma="dijir" pos="N" label="deity"><unclear cert="cor">dijir</unclear>-ja2</w>
</l>
<l n="11" id="c40829.C.11" corresp="t40829.p7">
<w form="e2" lemma="e2" pos="N" label="house(hold)">e2</w>
<w form="dijir-ja2-ce3" lemma="dijir" pos="N" label="deity">dijir-ja2-ce3</w>
<w form="mu-e-tum3-en" lemma="de6" pos="V" label="to carry" form-type="isg">mu-<unclear cert="qry">e</unclear>-tum3-en</w>
</l>
<l n="12" id="c40829.C.12" corresp="t40829.p7">
<w form="igi" lemma="igi" pos="N" label="eye">igi</w>
<w form="dijir-ja2-ce3" lemma="dijir" pos="N" label="deity">dijir-ja2-ce3</w>
<w form="i3-e-nu2-en" lemma="nu2" pos="V" label="to lie down">i3-<unclear cert="qry">e</unclear>-nu2-en</w>
</l>
<l n="13" id="c40829.C.13" corresp="t40829.p7">
<w form="zag" lemma="zag" pos="N" label="side">zag</w>
<w form="gu-la" lemma="gal" pos="V" label="to be big">gu-la</w>
<w form="dijir-ja2-ka" lemma="dijir" pos="N" label="deity">dijir-ja2-ka</w>
<w form="&d;inana" lemma="inana" pos="N" type="DN" label="Inana" det="&d;">&d;<damage/>inana<damageEnd/></w>
<term id="c40829.t23">
<w form="mu-da-tuc-u3-de3-en" lemma="tuc" pos="V" label="to sit">mu-da-tuc-u3-de3-en</w>
</term>
<gloss lang="akk" target="c40829.t23">
X
X
X
<supplied/>
X
<suppliedEnd/>
X
X
</gloss>
</l>
<l n="14" id="c40829.C.14" corresp="t40829.p8">
<w form="ur5-gin7" lemma="ur5" pos="PD" type="demonstrative" label="that">ur5-gin7</w>
<w form="hu-mu-na-ab-be2-a-ka" lemma="dug4" pos="V" label="to say" form-type="ppli">hu-mu-na-ab-be2-a-ka</w>
</l>
<l n="15" id="c40829.C.15" corresp="t40829.p8">
<w form="X" lemma="X" label="X">X</w>
<w form="X" lemma="X" label="X">X</w>
<w form="X-ka" lemma="X" label="X">X-ka</w>
<term id="c40829.t24">
<w form="im-ma-an-tuc" lemma="tuc" pos="V" label="to sit">im-<damage/>ma<damageEnd/>-an-tuc</w>
</term>
<gloss lang="akk" target="c40829.t24">
X
<supplied/>
X
<suppliedEnd/>
ab
</gloss>
</l>
<l n="16" id="c40829.C.16" corresp="t40829.p8">
<term id="c40829.t25">
<supplied/>
<w form="X" lemma="X" label="X">X</w>
<w form="X" lemma="X" label="X">X</w>
<w form="X" lemma="X" label="X">X</w>
<suppliedEnd/>
<w form="X" lemma="X" label="X">X</w>
<w form="CU" lemma="CU" label="hand">CU</w>
<w form="X" lemma="X" label="X">X</w>
<supplied/>
<w form="&X;" lemma="&X;" label="&X;">&X;</w>
<suppliedEnd/>
<w form="X" lemma="X" label="X">X</w>
<w form="X" lemma="X" label="X">X</w>
<w form="X" lemma="X" label="X">X</w>
</term>
<gloss lang="akk" target="c40829.t25">
a-na
A
<unclear cert="qry">IGI</unclear>
<unclear cert="qry">RI</unclear>
<unclear cert="qry">AB</unclear>
NU
X
X
X
</gloss>
</l>
<l n="17" id="c40829.C.17" corresp="t40829.p8">
<supplied/>
<w form="X-ra" lemma="X" label="X">X<suppliedEnd/>-ra</w>
<term id="c40829.t26">
<w form="jiri3" lemma="jiri3" pos="N" label="foot">jiri3</w>
<w form="im-ma-an-gub-gub" lemma="gub" pos="V" label="to stand" form-type="RR">im-ma-an-<damage/>gub<damageEnd/>-<supplied/>gub</w>
<suppliedEnd/>
</term>
<gloss lang="akk" target="c40829.t26">
it-ta-X
X
</gloss>
</l>
<l n="18" id="c40829.C.18" corresp="t40829.p8">
<supplied/>
<w form="X" lemma="X" label="X">X</w>
<suppliedEnd/>
<w form="X" lemma="X" label="X">X</w>
<term id="c40829.t27">
<supplied/>
<w form="a-ra-zu" lemma="a-ra-zu" pos="N" label="supplication">a<suppliedEnd/>-ra-zu</w>
<w form="mu-na-ab-be2" lemma="dug4" pos="V" label="to say" form-type="ppli">mu-na-ab-be2</w>
</term>
<gloss lang="akk" target="c40829.t27">
<supplied/>
&X;
<suppliedEnd/>
X
X
</gloss>
</l>
<l n="19" id="c40829.C.19" corresp="t40829.p8">
<supplied/>
<w form="&X;" lemma="&X;" label="&X;">&X;</w>
<suppliedEnd/>
<w form="X" lemma="X" label="X">X</w>
<supplied/>
<w form="&X;" lemma="&X;" label="&X;">&X;</w>
<suppliedEnd/>
<w form="RU" lemma="RU" label="RU"><unclear cert="qry">RU</unclear></w>
<w form="X" lemma="X" label="X">X</w>
<supplied/>
<w form="X" lemma="X" label="X">X</w>
<suppliedEnd/>
</l>
<l n="20" id="c40829.C.20" corresp="t40829.p8">
<supplied/>
<w form="&X;" lemma="&X;" label="&X;">&X;</w>
<suppliedEnd/>
<w form="X" lemma="X" label="X">X</w>
<w form="X" lemma="X" label="X">X</w>
<w form="X" lemma="X" label="X">X</w>
<supplied/>
<w form="&X;" lemma="&X;" label="&X;">&X;</w>
<suppliedEnd/>
</l>
<l n="21" id="c40829.C.21" corresp="t40829.p8">
<supplied/>
<w form="&X;" lemma="&X;" label="&X;">&X;</w>
<suppliedEnd/>
<w form="X" lemma="X" label="X">X</w>
<w form="X" lemma="X" label="X">X</w>
<supplied/>
<w form="&X;" lemma="&X;" label="&X;">&X;</w>
<suppliedEnd/>
</l>
<l n="22" id="c40829.C.22" corresp="t40829.p8">
<supplied/>
<w form="&X;" lemma="&X;" label="&X;">&X;</w>
<suppliedEnd/>
<w form="HA" lemma="HA" label="&H;A"><unclear cert="qry">HA</unclear></w>
<supplied/>
<w form="&X;" lemma="&X;" label="&X;">&X;</w>
<suppliedEnd/>
</l>
<l n="23" id="c40829.C.23" corresp="t40829.p8">
<supplied/>
<w form="&X;" lemma="&X;" label="&X;">&X;</w>
<suppliedEnd/>
<w form="NE" lemma="NE" label="NE">NE</w>
<supplied/>
<w form="&X;" lemma="&X;" label="&X;">&X;</w>
<suppliedEnd/>
</l>
<l n="24" id="c40829.C.24" corresp="t40829.p8">
<supplied/>
<w form="&X;" lemma="&X;" label="&X;">&X;</w>
<suppliedEnd/>
<distinct type="emesal">
<damage/>
<w form="li-bi-ir-si-zu" lemma="nijir-si" pos="N" label="bride(groom)'s friend" emesal="li-bi-ir-si">li<damageEnd/>-bi-ir-si-<unclear cert="qry">zu</unclear></w>
</distinct>
</l>
<gap extent="approx. 4 lines missing"/>
</div1>
<div1 type="segment" n="D">
<l n="1" id="c40829.D.1" corresp="t40829.p9">
<supplied/>
<w form="&X;" lemma="&X;" label="&X;">&X;</w>
<suppliedEnd/>
<w form="X" lemma="X" label="X">X</w>
<supplied/>
<w form="&X;" lemma="&X;" label="&X;">&X;</w>
<suppliedEnd/>
</l>
<l n="2" id="c40829.D.2" corresp="t40829.p9">
<supplied/>
<w form="X" lemma="X" label="X">X</w>
<w form="X" lemma="X" label="X">X</w>
<suppliedEnd/>
<w form="igi-za" lemma="igi" pos="N" label="eye">igi-<damage/>za</w>
<damageEnd/>
<supplied/>
<w form="&X;" lemma="&X;" label="&X;">&X;</w>
<suppliedEnd/>
</l>
<l n="3" id="c40829.D.3" corresp="t40829.p9">
<w form="&d;ama-ucumgal-ju10" lemma="ama-ucumgal" pos="N" type="DN" label="Ama-u&c;umgal" det="&d;"><supplied/>&d;ama<suppliedEnd/>-ucumgal-ju10</w>
<w form="&jic;ma2" lemma="ma2" pos="N" label="boat" det="&jic;">&jic;ma2</w>
<term id="c40829.t28">
<supplied/>
<w form="&X;" lemma="&X;" label="&X;">&X;</w>
<suppliedEnd/>
</term>
<gloss lang="akk" target="c40829.t28">
X
X
X
</gloss>
</l>
<l n="4" id="c40829.D.4" corresp="t40829.p9">
<supplied/>
<w form="X" lemma="X" label="X">X</w>
<suppliedEnd/>
<damage/>
<w form="in-nin9-ra" lemma="in-nin" pos="N" label="mistress">in<damageEnd/>-nin9-ra</w>
<w form="gu2" lemma="gu2" pos="N" label="neck">gu2</w>
<w form="ab-&X;" lemma="&X;" label="&X;">ab-<supplied/>&X;</w>
<suppliedEnd/>
</l>
<l n="5" id="c40829.D.5" corresp="t40829.p10">
<supplied/>
<w form="nam-geme2-ju10-ce3" lemma="nam-geme2" pos="N" label="female slavery">nam<suppliedEnd/>-geme2-ju10-ce3</w>
<w form="la-ba-e-de3-ri" lemma="ri" pos="V" label="to direct">la-ba-e-de3-ri</w>
</l>
<l n="6" id="c40829.D.6" corresp="t40829.p10">
<supplied/>
<w form="&X;-na-am3" lemma="&X;" label="&X;">&X;<suppliedEnd/>-na-am3</w>
<w form="bancur-zu" lemma="bancur" pos="N" label="(offering) table"><unclear cert="qry">bancur</unclear>-zu</w>
<term id="c40829.t29">
<w form="bancur" lemma="bancur" pos="N" label="(offering) table"><unclear cert="qry">bancur</unclear></w>
<w form="cen-na-am3" lemma="cen" pos="V" label="to be pure">cen-na-am3</w>
</term>
<gloss lang="akk" target="c40829.t29">
X
X
lu-ub-bi-<corr resp="scrOm"/>ib
<corrEnd/>
</gloss>
</l>
<l n="7" id="c40829.D.7" corresp="t40829.p10">
<w form="bancur" lemma="bancur" pos="N" label="(offering) table"><unclear cert="qry">bancur</unclear></w>
<term id="c40829.t30">
<w form="cen-e" lemma="cen" pos="V" label="to be pure">cen-e</w>
<w form="im-ma-ni-ib-gu7-e-en" lemma="gu7" pos="V" label="to eat">im-ma-ni-ib-<unclear cert="cor">gu7</unclear>-e-en</w>
</term>
<gloss lang="akk" target="c40829.t30">
i-ik-kal
X
X
X
</gloss>
</l>
<l n="8" id="c40829.D.8" corresp="t40829.p10">
<w form="bancur-zu" lemma="bancur" pos="N" label="(offering) table"><unclear cert="qry">bancur</unclear>-zu</w>
<w form="bancur" lemma="bancur" pos="N" label="(offering) table"><unclear cert="qry">bancur</unclear></w>
<damage/>
<w form="cen-na" lemma="cen" pos="V" label="to be pure"><unclear cert="qry">cen</unclear>-<unclear cert="qry">na</unclear></w>
<damageEnd/>
<term id="c40829.t31">
<w form="bancur" lemma="bancur" pos="N" label="(offering) table"><unclear cert="qry">bancur</unclear></w>
<w form="cen-am3" lemma="cen" pos="V" label="to be pure">cen-am3</w>
</term>
<gloss lang="akk" target="c40829.t31">
<unclear cert="qry">ma</unclear>
X
<supplied/>
&X;
<suppliedEnd/>
</gloss>
</l>
<l n="9" id="c40829.D.9" corresp="t40829.p10">
<w form="za-e" lemma="za" pos="PD" type="personal" label="you (sg.)">za-e</w>
<damage/>
<w form="HUB" lemma="HUB" label="&H;UB"><unclear cert="qry">HUB</unclear></w>
<damageEnd/>
<term id="c40829.t32">
<supplied/>
<w form="X" lemma="X" label="X">X</w>
<w form="X" lemma="X" label="X">X</w>
<suppliedEnd/>
<w form="ba-ni-ib-gu7-e-en" lemma="gu7" pos="V" label="to eat">ba-ni-ib-<unclear cert="cor">gu7</unclear>-e-en</w>
</term>
<gloss lang="akk" target="c40829.t32">
i
<supplied/>
X
<suppliedEnd/>
X
X
X
</gloss>
</l>
<l n="10" id="c40829.D.10" corresp="t40829.p10">
<w form="ama-ju10" lemma="ama" pos="N" label="mother">ama-<damage/>ju10</w>
<w form="HUB" lemma="HUB" label="&H;UB">HUB</w>
<damageEnd/>
<supplied/>
<w form="X" lemma="X" label="X">X</w>
<w form="X" lemma="X" label="X">X</w>
<suppliedEnd/>
<w form="la-ba-ni-ib-gu7" lemma="gu7" pos="V" label="to eat"><unclear cert="qry">la</unclear>-ba-ni-ib-<unclear cert="cor">gu7</unclear></w>
</l>
<l n="11" id="c40829.D.11" corresp="t40829.p10">
<damage/>
<w form="cec" lemma="cec" pos="N" label="brother">cec</w>
<damageEnd/>
<w form="tu-ur-tu-ra" lemma="dur7-tur" pos="N" type="DN" label="Durtur"><damage/>tu<damageEnd/>-ur-tu-ra</w>
<term id="c40829.t33">
<w form="la-ba-ni-ib2-gu7" lemma="gu7" pos="V" label="to eat">la-ba-ni-ib2-<unclear cert="cor">gu7</unclear></w>
</term>
<gloss lang="akk" target="c40829.t33">
X
X
X
</gloss>
</l>
<l n="12" id="c40829.D.12" corresp="t40829.p10">
<w form="nin9-ju10" lemma="nin9" pos="N" label="sister">nin9-ju10</w>
<w form="&d;jectin-an-na" lemma="jectin-an-na" pos="N" type="DN" label="&G;e&c;tin-ana" det="&d;">&d;jectin-an-na</w>
<w form="la-ba-ni-ib2-gu7" lemma="gu7" pos="V" label="to eat">la-ba-ni-ib2-<unclear cert="cor">gu7</unclear></w>
</l>
<l n="13" id="c40829.D.13" corresp="t40829.p10">
<w form="za-e" lemma="za" pos="PD" type="personal" label="you (sg.)">za-e</w>
<supplied/>
<w form="&X;" lemma="&X;" label="&X;">&X;</w>
<suppliedEnd/>
<w form="E" lemma="E" label="E">E</w>
<w form="cu" lemma="cu" pos="N" label="hand">cu</w>
<term id="c40829.t34">
<w form="ba-ni-ib-gu7-e" lemma="gu7" pos="V" label="to eat">ba-ni-ib-<unclear cert="cor">gu7</unclear>-e</w>
</term>
<gloss lang="akk" target="c40829.t34">
<supplied/>
&X;
<suppliedEnd/>
na
</gloss>
</l>
<l n="14" id="c40829.D.14" corresp="t40829.p11">
<w form="nitalam-ju10" lemma="nitalam" pos="N" label="spouse">nitalam-ju10</w>
<w form="tug2" lemma="tug2" pos="N" label="garment">tug2</w>
<w form="na-ma-TUKU5-TUKU5-an" lemma="tuku5" pos="V" label="to weave" form-type="rr">na-ma-TUKU5-TUKU5-an</w>
</l>
<l n="15" id="c40829.D.15" corresp="t40829.p11">
<supplied/>
<w form="&X;-e" lemma="&X;" label="&X;">&X;<suppliedEnd/>-e</w>
<w form="gu" lemma="gu" pos="N" label="(flax) thread">gu</w>
<w form="na-ma-NU-NU-un" lemma="NU" pos="V" label="to spin (thread)" form-type="rr">na-<damage/>ma<damageEnd/>-NU-NU-un</w>
</l>
<l n="16" id="c40829.D.16" corresp="t40829.p11">
<supplied/>
<w form="&X;" lemma="&X;" label="&X;">&X;</w>
<suppliedEnd/>
<term id="c40829.t35">
<damage/>
<w form="siki" lemma="siki" pos="N" label="hair">siki</w>
<damageEnd/>
<w form="ud5" lemma="ud5" pos="N" label="(nanny) goat"><unclear cert="qry">ud5</unclear></w>
<w form="na-ma-ni-ib2-du3-un" lemma="du3" pos="V" label="to erect">na-ma-ni-ib2-du3-un</w>
</term>
<gloss lang="akk" target="c40829.t35">
<supplied/>
&X;
<suppliedEnd/>
ab
<supplied/>
X
<suppliedEnd/>
X
<supplied/>
X
<suppliedEnd/>
X
</gloss>
</l>
<l n="17" id="c40829.D.17" corresp="t40829.p11">
<supplied/>
<w form="&X;" lemma="&X;" label="&X;">&X;</w>
<suppliedEnd/>
<damage/>
<w form="na-ma-DUN-DUN-an" lemma="dun" pos="V" label="to warp (wool)" form-type="rr"><unclear cert="qry">na</unclear>-<unclear cert="qry">ma</unclear><damageEnd/>-DUN-DUN-an</w>
</l>
<l n="18" id="c40829.D.18" corresp="t40829.p11">
<supplied/>
<w form="X" lemma="X" label="X">X</w>
<suppliedEnd/>
<w form="X" lemma="X" label="X">X</w>
<w form="X" lemma="X" label="X">X</w>
<term id="c40829.t36">
<supplied/>
<w form="&X;" lemma="&X;" label="&X;">&X;</w>
<suppliedEnd/>
<w form="X" lemma="X" label="X">X</w>
<w form="nun-na" lemma="nun" pos="N" label="prince">nun-na</w>
</term>
<gloss lang="akk" target="c40829.t36">
<supplied/>
&X;<suppliedEnd/>-cum
</gloss>
</l>
<l n="19" id="c40829.D.19" corresp="t40829.p11">
<w form="X" lemma="X" label="X">X</w>
<w form="X" lemma="X" label="X">X</w>
<w form="X" lemma="X" label="X">X</w>
<supplied/>
<w form="&X;" lemma="&X;" label="&X;">&X;</w>
<suppliedEnd/>
<w form="X-an" lemma="X" label="X">X-an</w>
</l>
<l n="20" id="c40829.D.20" corresp="t40829.p11">
<supplied/>
<w form="X" lemma="X" label="X">X</w>
<suppliedEnd/>
<w form="IM" lemma="IM" label="IM"><unclear cert="qry">IM</unclear></w>
<supplied/>
<w form="&X;" lemma="&X;" label="&X;">&X;</w>
<suppliedEnd/>
<w form="X" lemma="X" label="X">X</w>
<supplied/>
<w form="&X;" lemma="&X;" label="&X;">&X;</w>
<suppliedEnd/>
</l>
<l n="21" id="c40829.D.21" corresp="t40829.p11">
<w form="ninda" lemma="ninda" pos="N" label="bread">ninda</w>
<w form="nam" lemma="nam" pos="N" label="destiny">nam</w>
<w form="X" lemma="X" label="X">X</w>
<supplied/>
<w form="X" lemma="X" label="X">X</w>
<suppliedEnd/>
<w form="X" lemma="X" label="X">X</w>
<w form="X" lemma="X" label="X">X</w>
<supplied/>
<w form="&X;" lemma="&X;" label="&X;">&X;</w>
<suppliedEnd/>
</l>
<l n="22" id="c40829.D.22" corresp="t40829.p11">
<w form="&d;nin-e2-gal-la" lemma="nin-e2-gal-la" pos="N" type="DN" label="Ninegala" det="&d;">&d;nin-e2-gal-la</w>
<w form="PA" lemma="PA" label="PA"><unclear cert="qry">PA</unclear></w>
<supplied/>
<w form="&X;" lemma="&X;" label="&X;">&X;</w>
<suppliedEnd/>
</l>
<l n="23" id="c40829.D.23" corresp="t40829.p11">
<w form="am" lemma="am" pos="N" label="wild bull">am</w>
<w form="&d;dumu-zid" lemma="dumu-zid" pos="N" type="DN" label="Dumuzid" det="&d;">&d;dumu-zid</w>
<w form="X" lemma="X" label="X">X</w>
<w form="X" lemma="X" label="X">X</w>
<supplied/>
<w form="X" lemma="X" label="X">X</w>
<suppliedEnd/>
<w form="X" lemma="X" label="X">X</w>
<supplied/>
<w form="&X;" lemma="&X;" label="&X;">&X;</w>
<suppliedEnd/>
</l>
<l n="24" id="c40829.D.24" corresp="t40829.p11">
<w form="X-e" lemma="X" label="X">X-e</w>
<w form="ce-er-zid" lemma="ce-er-zid" pos="N" label="radiance">ce-er-zid</w>
<w form="kug" lemma="kug" pos="AJ" label="shining">kug</w>
<w form="an-ur2-ra" lemma="an-ur2" pos="N" label="horizon">an-<unclear cert="qry">ur2</unclear>-<supplied/>ra</w>
<suppliedEnd/>
<w form="X" lemma="X" label="X">X</w>
<w form="X" lemma="X" label="X">X</w>
</l>
<l n="25" id="c40829.D.25" corresp="t40829.p11">
<supplied/>
<w form="X" lemma="X" label="X">X</w>
<w form="X-na-ju10" lemma="X" label="X">X<suppliedEnd/>-na-ju10</w>
<w form="an-ne2" lemma="an" pos="N" label="heaven">an-ne2</w>
<w form="ce-er-zid" lemma="ce-er-zid" pos="N" label="radiance">ce-er-zid</w>
<supplied/>
<w form="&X;" lemma="&X;" label="&X;">&X;</w>
<suppliedEnd/>
</l>
<l n="26" id="c40829.D.26" corresp="t40829.p11">
<supplied/>
<w form="X" lemma="X" label="X">X</w>
<w form="X" lemma="X" label="X">X</w>
<w form="X" lemma="X" label="X">X</w>
<suppliedEnd/>
<w form="BA" lemma="BA" label="BA">BA</w>
<damage/>
<w form="an-ur2" lemma="an-ur2" pos="N" label="horizon"><unclear cert="qry">an</unclear><damageEnd/>-<unclear cert="qry">ur2</unclear></w>
<w form="X" lemma="X" label="X">X</w>
<supplied/>
<w form="&X;" lemma="&X;" label="&X;">&X;</w>
<suppliedEnd/>
</l>
<l n="27" id="c40829.D.27" corresp="t40829.p11">
<supplied/>
<w form="&X;" lemma="&X;" label="&X;">&X;</w>
<suppliedEnd/>
<w form="X" lemma="X" label="X">X</w>
<w form="X" lemma="X" label="X">X</w>
<supplied/>
<w form="&X;" lemma="&X;" label="&X;">&X;</w>
<suppliedEnd/>
</l>
<gap extent="up to 5 lines missing"/>
</div1>
</body>
</text>
</TEI.2>
