<TEI.2 id="c.4.07.4">
<teiHeader lang="eng">
<fileDesc>
<titleStmt>
<title>A hymn to Inana as Ninegala (Inana D) -- a composite transliteration</title>
<respStmt><name>Jeremy Black</name><resp>Project Director and Editor</resp></respStmt>
<respStmt><name>G&aacute;bor Z&oacute;lyomi</name><resp>Editor</resp></respStmt>
<respStmt><name>Graham Cunningham</name><resp>Editor</resp></respStmt>
<respStmt><name>Eleanor Robson</name><resp>Technical Developer</resp></respStmt>
<respStmt><name>Jarle Ebeling</name><resp>Technical Developer</resp></respStmt>
</titleStmt>
<publicationStmt>
<distributor>The Electronic Text Corpus of Sumerian Literature
</distributor><address><addrLine>The Oriental Institute, University of Oxford, Pusey Lane, Oxford OX1 2LE, UK, email etcsl&commat;orinst.ox.ac.uk, http://etcsl.orinst.ox.ac.uk</addrLine></address>
<date>1999</date>
</publicationStmt>
<seriesStmt><p>The Electronic Text Corpus of Sumerian Literature aims to make accessible over 400 literary works composed in the Sumerian language in ancient Mesopotamia during the late third and early second millennia BC. The works are in Sumerian composite transliteration and English prose translation with bibliographical information on each composition.</p></seriesStmt>
<sourceDesc>
<listBibl type="secondary">
<bibl><xref from="b273">Civil 1989h</xref><biblScope type="contents">composite text</biblScope><note>electronic source</note></bibl>
<bibl><xref from="b307">Krecher 1996</xref><biblScope type="contents">composite text</biblScope><note>electronic source</note></bibl>
<bibl><xref from="b607">Behrens 1998</xref><biblScope type="contents">composite text, score transliteration, translation, commentary, handcopy, photograph</biblScope></bibl>
</listBibl>
<listBibl type="tablets">
<bibl><biblScope type="museumNumber">CBS 8330 (SEM 89) + CBS 13669</biblScope></bibl>
<bibl><biblScope type="museumNumber">CBS 14052 (SEM 86) + CBS 14109A (STVC 87A) + CBS 14109 + CBS 14109C (STVC 87C) + CBS 14052B (SEM 87) + Ni 4334</biblScope></bibl>
<bibl><biblScope type="museumNumber">CBS 14187</biblScope></bibl>
<bibl><biblScope type="museumNumber">CBS 15306</biblScope></bibl>
<bibl><biblScope type="museumNumber">N 2199</biblScope></bibl>
<bibl><biblScope type="museumNumber">N 2831</biblScope></bibl>
<bibl><biblScope type="museumNumber">N 7044</biblScope></bibl>
<bibl><biblScope type="museumNumber">Ni 2266 (BE 31,12)</biblScope></bibl>
<bibl><biblScope type="museumNumber">Ni 4054 (ISET 1, S. 128)</biblScope></bibl>
<bibl><biblScope type="museumNumber">Ni 4072 (ISET 2, Taf. 18)</biblScope></bibl>
<bibl><biblScope type="museumNumber">UM 29-15-557</biblScope></bibl>
<bibl><biblScope type="museumNumber">3N-T 339 (UM 55-21-308)</biblScope></bibl>
</listBibl>
</sourceDesc>
</fileDesc>
<revisionDesc>
<change><date>24.xii.1998-11.i.1999</date><respStmt><name>JAB</name><resp>editor</resp></respStmt>
<item>standardisation</item></change>
<change><date>02.xi.1999</date><respStmt><name>GZ</name><resp>editor</resp></respStmt>
<item>proofreading</item></change>
<change><date>23.xi.1999</date><respStmt><name>GC</name><resp>editor</resp></respStmt>
<item>SGML tagging</item></change>
<change><date>21.i.2000</date><respStmt><name>ER</name><resp>editor</resp></respStmt>
<item>proofreading SGML</item></change>
<change><date>21.i.2000</date><respStmt><name>ER</name><resp>editor</resp></respStmt>
<item>web publication</item></change>
<change><date>01.vi.2003</date><respStmt><name>GC/JE</name><resp>editor/technical developer</resp></respStmt>
<item>XML/TEI conversion</item></change>
<change><date>30.iii.2005</date><respStmt><name>GC/JE</name><resp>senior editor/technical developer</resp></respStmt>
<item>lemmatised version published</item></change>
</revisionDesc>
</teiHeader>
<text lang="sux">
<body>
<l n="1" id="c4074.1" corresp="t4074.p1">
<w form="ud" lemma="ud" pos="N" label="day(light)">ud</w>
<w form="gal" lemma="gal" pos="V" label="to be big">gal</w>
<w form="pirij" lemma="pirij" pos="N" label="lion">pirij</w>
<w form="an-na" lemma="an" pos="N" label="heaven">an-na</w>
<w form="inim" lemma="inim" pos="N" label="word">inim</w>
<w form="he2-a" lemma="me" pos="V" label="to be">he2-a</w>
<w form="dug4-dug4" lemma="dug4" pos="V" label="to say" form-type="RR">dug4-dug4</w>
<note lang="eng">Cited in <xref doc="c.0.2.01" from="c0201.45">OB catalogue from Nibru, at Philadelphia, 0.2.01, line 45</xref>; <xref doc="c.0.2.02" from="c0202.50">OB catalogue in the Louvre, 0.2.02, line 50</xref></note>
</l>
<l n="2" id="c4074.2" corresp="t4074.p1">
<w form="&d;inana" lemma="inana" pos="N" type="DN" label="Inana" det="&d;">&d;inana</w>
<w form="ud" lemma="ud" pos="N" label="day(light)">ud</w>
<w form="gal" lemma="gal" pos="V" label="to be big">gal</w>
<w form="pirij" lemma="pirij" pos="N" label="lion">pirij</w>
<w form="an-na" lemma="an" pos="N" label="heaven">an-na</w>
<w form="inim" lemma="inim" pos="N" label="word">inim</w>
<w form="he2-a" lemma="me" pos="V" label="to be">he2-a</w>
<w form="dug4-dug4" lemma="dug4" pos="V" label="to say" form-type="RR">dug4-dug4</w>
</l>
<l n="3" id="c4074.3" corresp="t4074.p1">
<w form="&d;nin-e2-gal-la" lemma="nin-e2-gal-la" pos="N" type="DN" label="Ninegala" det="&d;">&d;nin-e2-gal-la</w>
<w form="an" lemma="an" pos="N" label="heaven">an</w>
<w form="ud" lemma="ud" pos="N" label="day(light)">ud</w>
<w form="zal-le-da-ke4" lemma="zal" pos="V" label="to pass">zal-le-da-ke4</w>
<w form="izi" lemma="izi" pos="N" label="fire">izi</w>
<w form="su3-ud-bi" lemma="sud" pos="V" label="to be distant">su3-ud-bi</w>
<w form="il2-la" lemma="il2" pos="V" label="to raise">il2-la</w>
</l>
<l n="4" id="c4074.4" corresp="t4074.p1">
<w form="an-u2-sa11-an-na" lemma="an-usan" pos="N" label="evening">an-u2-sa11-an-na</w>
<w form="dalla" lemma="dalla" pos="V" label="to be bright">dalla</w>
<w form="e3-a-na" lemma="e3" pos="V" label="to go out or in">e3-a-na</w>
</l>
<l n="5" id="c4074.5" corresp="t4074.p1">
<w form="sipad-de3" lemma="sipad" pos="N" label="shepherd">sipad-de3</w>
<w form="mac2-ance" lemma="mac2-ance" pos="N" label="animals">mac2-ance</w>
<w form="ki-en-gi4-ra" lemma="ki-en-gi" pos="N" type="GN" label="Sumer">ki-en-gi4-ra</w>
<w form="ca-mu-ra-ab-dug4" lemma="dug4" pos="V" label="to say">ca-mu-ra-ab-<damage/>dug4</w>
<damageEnd/>
</l>
<l n="6" id="c4074.6" corresp="t4074.p1">
<w form="an-zib2-ba" lemma="an-zib2-ba" pos="N" label="adept">an-zib2-ba</w>
<w form="zag" lemma="sag9" pos="V" label="to be good">zag</w>
<w form="hi-li" lemma="hi-li" pos="N" label="attractiveness">hi-li</w>
<w form="an-na" lemma="an" pos="N" label="heaven">an-na</w>
</l>
<l n="7" id="c4074.7" corresp="t4074.p1">
<w form="kur-kur-re" lemma="kur" pos="N" label="(mountain) land" form-type="RR">kur-kur-re</w>
<w form="&d;utu" lemma="utu" pos="N" type="DN" label="Utu" det="&d;">&d;utu</w>
<w form="e3-a-gin7" lemma="e3" pos="V" label="to go out or in">e3-a-gin7</w>
<w form="e2" lemma="e2" pos="N" label="house(hold)">e2</w>
<w form="mu-e-ci-ja2-ja2" lemma="jar" pos="V" label="to place" form-type="rr">mu-e-ci-<damage/>ja2<damageEnd/>-ja2</w>
</l>
<l n="8" id="c4074.8" corresp="t4074.p1">
<supplied/>
<w form="jic-nu11" lemma="jic-nu11" pos="N" label="light">jic<suppliedEnd/>-nu11</w>
<w form="kalam-ma-ke4" lemma="kalam" pos="N" label="the Land">kalam-ma-ke4</w>
<w form="gi-izi-la2" lemma="gi-izi-la2" pos="N" label="torch">gi-izi-la2</w>
<w form="UD" lemma="UD" label="UD">UD</w>
<w form="ca-mu-ra-jal2" lemma="jal2" pos="V" label="to be (located)">ca-mu-<damage/>ra<damageEnd/>-jal2</w>
</l>
<l n="9" id="c4074.9" corresp="t4074.p2">
<w form="&d;inana" lemma="inana" pos="N" type="DN" label="Inana" det="&d;">&d;inana</w>
<w form="nin" lemma="nin" pos="N" label="lady">nin</w>
<w form="me" lemma="me" pos="N" label="essence">me</w>
<w form="car2-ra-me-en" lemma="car2" pos="V" label="to be numerous">car2-ra-me-en</w>
<w form="dijir" lemma="dijir" pos="N" label="deity">dijir</w>
<w form="nu-mu-e-da-sa2" lemma="sa2" pos="V" label="to equal">nu-mu-e-da-sa2</w>
</l>
<l n="10" id="c4074.10" corresp="t4074.p2">
<w form="&d;nin-e2-gal-la" lemma="nin-e2-gal-la" pos="N" type="DN" label="Ninegala" det="&d;"><supplied/>&d;<suppliedEnd/>nin-e2-gal-la</w>
<w form="ki-ur3-zu" lemma="ki-ur3" pos="N" label="foundation">ki-ur3-zu</w>
<w form="mu-jal2" lemma="jal2" pos="V" label="to be (located)">mu-jal2</w>
<damage/>
<w form="nam-mah-za" lemma="nam-mah" pos="N" label="majesty">nam<damageEnd/>-<supplied/>mah-za</w>
<suppliedEnd/>
<damage/>
<w form="ga-am3-dug4" lemma="dug4" pos="V" label="to say">ga-<unclear cert="cor">am3</unclear><damageEnd/>-dug4</w>
</l>
<l n="11" id="c4074.11" corresp="t4074.p3">
<supplied/>
<w form="X" lemma="X" label="X">X</w>
<w form="X" lemma="X" label="X">X</w>
<suppliedEnd/>
<w form="UD" lemma="UD" label="UD">UD</w>
<w form="kalam-ma" lemma="kalam" pos="N" label="the Land">kalam-ma</w>
<w form="saj" lemma="saj" pos="N" label="head">saj</w>
<w form="il2-la-a-ba" lemma="il2" pos="V" label="to raise">il2-la-a-ba</w>
</l>
<l n="12" id="c4074.12" corresp="t4074.p3">
<supplied/>
<w form="X" lemma="X" label="X">X</w>
<suppliedEnd/>
<w form="X" lemma="X" label="X">X</w>
<w form="DA" lemma="DA" label="DA">DA</w>
<w form="X" lemma="X" label="X">X</w>
<w form="X" lemma="X" label="X">X</w>
<w form="til3-la-zu-ne" lemma="til3" pos="V" label="to live">til3-la-zu-ne</w>
</l>
<l n="13" id="c4074.13" corresp="t4074.p3">
<supplied/>
<w form="ki-sikil-e" lemma="ki-sikil" pos="N" label="young woman">ki<suppliedEnd/>-<damage/>sikil<damageEnd/>-e</w>
<supplied/>
<w form="X" lemma="X" label="X">X</w>
<w form="Xbr" lemma="Xbr" label="Xbr">(X)</w>
<suppliedEnd/>
<w form="ur-saj" lemma="ur-saj" pos="N" label="hero">ur-saj</w>
<w form="ma-ra-an-X" lemma="X" label="X">ma-ra-an-X</w>
</l>
<l n="14" id="c4074.14" corresp="t4074.p3">
<supplied/>
<w form="X" lemma="X" label="X">X</w>
<w form="X" lemma="X" label="X">X</w>
<w form="Xbr" lemma="Xbr" label="Xbr">(X)</w>
<suppliedEnd/>
<w form="X-da" lemma="X" label="X">X-<damage/>da</w>
<damageEnd/>
<w form="mu-ra-da-an-tab" lemma="tab" pos="V" label="to be parallel">mu-ra-da-an-tab</w>
</l>
<l n="15" id="c4074.15" corresp="t4074.p3">
<supplied/>
<w form="X" lemma="X" label="X">X</w>
<w form="X" lemma="X" label="X">X</w>
<w form="Xbr" lemma="Xbr" label="Xbr">(X)</w>
<suppliedEnd/>
<damage/>
<w form="uj3" lemma="uj3" pos="N" label="people"><unclear cert="qry">uj3</unclear></w>
<damageEnd/>
<w form="lu-a" lemma="lu" pos="V" label="to be abundant">lu-a</w>
<w form="mu-ra-an-DU" lemma="DU" pos="V" label="DU">mu-ra-an-DU</w>
</l>
<l n="16" id="c4074.16" corresp="t4074.p3">
<supplied/>
<w form="X" lemma="X" label="X">X</w>
<w form="X" lemma="X" label="X">X</w>
<w form="Xbr" lemma="Xbr" label="Xbr">(X)</w>
<suppliedEnd/>
<w form="AN-zu-ce3" lemma="AN" label="AN">AN-zu-ce3</w>
<w form="a-ba-ab-zi-zi-i" lemma="zig3" pos="V" label="to rise" form-type="rr">a-ba-ab-zi-zi-i</w>
</l>
<l n="17" id="c4074.17" corresp="t4074.p3">
<w form="mac2" lemma="mac2" pos="N" label="(kid) goat">mac2</w>
<supplied/>
<w form="X" lemma="X" label="X">X</w>
<w form="Xbr" lemma="Xbr" label="Xbr">(X)</w>
<suppliedEnd/>
<w form="X" lemma="X" label="X">X</w>
<w form="NINDA2" lemma="NINDA2" label="NINDA&s2;">NINDA2</w>
<w form="a-ba-ja2-ja2" lemma="jar" pos="V" label="to place" form-type="rr">a-ba-ja2-ja2</w>
</l>
<l n="18" id="c4074.18" corresp="t4074.p3">
<w form="e2-gal-edin-na" lemma="e2-gal-edin-na" pos="N" type="TN" label="Egal-edina">e2-<supplied/>gal<suppliedEnd/>-edin-na</w>
<w form="ki" lemma="ki" pos="N" label="place">ki</w>
<w form="ni2" lemma="ni2" pos="N" label="self">ni2</w>
<w form="dub2-bu-za" lemma="dub2" pos="V" label="to tremble">dub2-bu-za</w>
<w form="cu" lemma="cu" pos="N" label="hand">cu</w>
<phr type="VP" lemma="si sa2" label="to make straight">
<w form="si" lemma="si" pos="N" label="horn">si</w>
<w form="ma-ra-ni-in-sa2" lemma="sa2" pos="V" label="to equal">ma-ra-ni-in-sa2</w>
</phr>
</l>
<l n="19" id="c4074.19" corresp="t4074.p3">
<w form="munus" lemma="munus" pos="N" label="woman">munus</w>
<w form="zid" lemma="zid" pos="AJ" label="right">zid</w>
<w form="ni2" lemma="ni2" pos="N" label="self">ni2</w>
<w form="pa" lemma="pa" pos="N" label="branch">pa</w>
<w form="e3-a" lemma="e3" pos="V" label="to go out or in">e3-a</w>
<w form="kalam-ma-me-en" lemma="kalam" pos="N" label="the Land">kalam-ma-me-en</w>
</l>
<l n="20" id="c4074.20" corresp="t4074.p4">
<w form="&d;inana" lemma="inana" pos="N" type="DN" label="Inana" det="&d;">&d;inana</w>
<w form="nin" lemma="nin" pos="N" label="lady">nin</w>
<w form="me" lemma="me" pos="N" label="essence">me</w>
<w form="car2-ra-me-en" lemma="car2" pos="V" label="to be numerous">car2-ra-me-en</w>
<w form="dijir" lemma="dijir" pos="N" label="deity">dijir</w>
<w form="nu-mu-e-da-sa2" lemma="sa2" pos="V" label="to equal">nu-mu-e-da-sa2</w>
</l>
<l n="21" id="c4074.21" corresp="t4074.p4">
<w form="&d;nin-e2-gal-la" lemma="nin-e2-gal-la" pos="N" type="DN" label="Ninegala" det="&d;">&d;nin-e2-gal-la</w>
<w form="ki-ur3-zu" lemma="ki-ur3" pos="N" label="foundation">ki-ur3-zu</w>
<w form="mu-jal2" lemma="jal2" pos="V" label="to be (located)">mu-jal2</w>
<w form="nam-mah-za" lemma="nam-mah" pos="N" label="majesty">nam-mah-za</w>
<w form="ga-am3-dug4" lemma="dug4" pos="V" label="to say">ga-am3-dug4</w>
</l>
<l n="22" id="c4074.22" corresp="t4074.p5">
<w form="ji6-ta" lemma="ji6" pos="N" label="night">ji6-ta</w>
<w form="en-nu-uj3" lemma="en-nu-uj3" pos="N" label="guard">en-nu-uj3</w>
<w form="DIC" lemma="DIC" label="DI&C;">DIC</w>
<w form="zal-la-ba" lemma="zal" pos="V" label="to pass">zal-la-ba</w>
</l>
<l n="23" id="c4074.23" corresp="t4074.p5">
<w form="sipad-gin7" lemma="sipad" pos="N" label="shepherd">sipad-gin7</w>
<w form="u2-ta" lemma="u2" pos="N" label="plant">u2-ta</w>
<w form="zig3-ga-zu-ne" lemma="zig3" pos="V" label="to rise">zig3-ga-zu-ne</w>
</l>
<l n="24" id="c4074.24" corresp="t4074.p5">
<w form="ur-saj-gin7" lemma="ur-saj" pos="N" label="hero">ur-saj-gin7</w>
<w form="&jic;tukul" lemma="tukul" pos="N" label="weapon" det="&jic;">&jic;tukul</w>
<w form="a-ma-ra-da-tab" lemma="tab" pos="V" label="to be parallel">a-ma-ra-da-tab</w>
</l>
<l n="25" id="c4074.25" corresp="t4074.p5">
<w form="tug2-gum-ma" lemma="tug2-gum-ma" pos="N" label="type of garment">tug2-gum-ma</w>
<w form="a2-za" lemma="a2" pos="N" label="arm">a2-za</w>
<w form="i-ib2-du3" lemma="du3" pos="V" label="to erect">i-ib2-du3</w>
</l>
<l n="26" id="c4074.26" corresp="t4074.p5">
<w form="uzu" lemma="uzu" pos="N" label="flesh">uzu</w>
<w form="nu-kuc2-u3-za" lemma="kuc2" pos="V" label="to be tired">nu-kuc2-u3-za</w>
<w form="zag" lemma="zag" pos="N" label="side">zag</w>
<w form="mi-ni-kece2" lemma="kece2" pos="V" label="to bind">mi-ni-kece2</w>
</l>
<l n="27" id="c4074.27" corresp="t4074.p5">
<w form="an-da" lemma="an" pos="N" type="DN" label="An">an-da</w>
<w form="iri-a" lemma="iri" pos="N" label="town">iri-a</w>
<w form="dalla" lemma="dalla" pos="V" label="to be bright">dalla</w>
<w form="mi-ni-in-e3" lemma="e3" pos="V" label="to go out or in">mi-ni-in-e3</w>
</l>
<l n="28" id="c4074.28" corresp="t4074.p5">
<w form="&d;inana" lemma="inana" pos="N" type="DN" label="Inana" det="&d;">&d;inana</w>
<w form="ki-ta" lemma="ki" pos="N" label="place">ki-ta</w>
<w form="barag" lemma="barag" pos="N" label="dais">barag</w>
<w form="kug-ga" lemma="kug" pos="AJ" label="shining">kug-ga</w>
<w form="su" lemma="su" pos="N" label="flesh">su</w>
<w form="zig3" lemma="zig3" pos="V" label="to rise">zig3</w>
<w form="du8-du8-a-me-en" lemma="du8" pos="V" label="to spread" form-type="RR">du8-du8-a-me-en</w>
</l>
<l n="29" id="c4074.29" corresp="t4074.p5">
<w form="ur" lemma="ur" pos="N" label="dog">ur</w>
<w form="7-na" lemma="7" pos="NU" type="cardinal" label="7">7-na</w>
<w form="jiri3-zu" lemma="jiri3" pos="N" label="foot">jiri3-zu</w>
<w form="bi2-in-gub" lemma="gub" pos="V" label="to stand">bi2-in-gub</w>
</l>
<l n="30" id="c4074.30" corresp="t4074.p5">
<w form="pirij" lemma="pirij" pos="N" label="lion">pirij</w>
<w form="nemurx-ra" lemma="nemurx" pos="N" label="leopard">nemurx(PIRIJ.TUR)-ra</w>
<w form="dur2-zu" lemma="dur2" pos="N" label="rump">dur2-zu</w>
<w form="bi2-in-jar" lemma="jar" pos="V" label="to place">bi2-in-jar</w>
</l>
<l n="31" id="c4074.31" corresp="t4074.p5">
<w form="gud" lemma="gud" pos="N" label="bull">gud</w>
<w form="udu" lemma="udu" pos="N" label="sheep">udu</w>
<w form="kurum7-ma" lemma="kurum7" pos="N" label="inspection">kurum7-ma</w>
<w form="mu-ra-an-DU" lemma="DU" pos="V" label="DU">mu-ra-an-DU</w>
</l>
<l n="32" id="c4074.32" corresp="t4074.p5">
<w form="&d;lu2-lal3-e" lemma="lu2-lal3" pos="N" type="DN" label="Lulal" det="&d;">&d;lu2-lal3-e</w>
<w form="jiri3-a" lemma="jiri3" pos="N" label="foot">jiri3-a</w>
<w form="mu-ra-an-DU" lemma="DU" pos="V" label="DU">mu-ra-an-DU</w>
</l>
<l n="33" id="c4074.33" corresp="t4074.p5">
<w form="cita2" lemma="cita2" pos="N" label="type of weapon">cita2</w>
<w form="sa" lemma="sa" pos="N" label="sinew">sa</w>
<w form="nu-la2-e" lemma="la2" pos="V" label="to hang">nu-la2-e</w>
<w form="me3-a" lemma="me3" pos="N" label="battle">me3-a</w>
<w form="mu-e-da-ab-gur3-ru" lemma="guru3" pos="V" label="to bear">mu-e-da-ab-gur3-ru</w>
</l>
<l n="34" id="c4074.34" corresp="t4074.p5">
<w form="lu2-ur3-ra" lemma="lu2-ur3-ra" pos="N" label="type of profession">lu2-ur3-ra</w>
<w form="zag-ba" lemma="zag" pos="N" label="side">zag-ba</w>
<w form="mu-e-ci-re7-re7-ec" lemma="jen" pos="V" label="to go" form-type="RR-ppl">mu-e-ci-re7-re7-ec</w>
</l>
<l n="35" id="c4074.35" corresp="t4074.p5">
<w form="zag" lemma="zag" pos="N" label="side">zag</w>
<w form="ur-ra-ka" lemma="ur" pos="N" label="dog">ur-ra-ka</w>
<w form="mu-e-ri-la2-ec" lemma="la2" pos="V" label="to hang">mu-e-ri-la2-<supplied/>ec</w>
<suppliedEnd/>
</l>
<l n="36" id="c4074.36" corresp="t4074.p5">
<w form="gu2-en-na-id2-da" lemma="gu2-en-na-id2-da" pos="N" type="TN" label="Gu-ena-ida">gu2-en-na-id2-da</w>
<w form="cukur2-ce3" lemma="cukur2" pos="N" label="ration">cukur2-ce3</w>
<w form="mu-ra-an-dab5-be2-ec" lemma="dab5" pos="V" label="to seize">mu-ra-an-dab5-be2-ec</w>
</l>
<l n="37" id="c4074.37" corresp="t4074.p6">
<w form="&d;inana" lemma="inana" pos="N" type="DN" label="Inana" det="&d;">&d;inana</w>
<w form="nin" lemma="nin" pos="N" label="lady">nin</w>
<w form="me" lemma="me" pos="N" label="essence">me</w>
<w form="car2-ra-me-en" lemma="car2" pos="V" label="to be numerous">car2-ra-me-en</w>
<w form="dijir" lemma="dijir" pos="N" label="deity">dijir</w>
<w form="nu-mu-e-da-sa2" lemma="sa2" pos="V" label="to equal">nu-mu-e-da-<supplied/>sa2</w>
<suppliedEnd/>
</l>
<l n="38" id="c4074.38" corresp="t4074.p6">
<w form="&d;nin-e2-gal-la" lemma="nin-e2-gal-la" pos="N" type="DN" label="Ninegala" det="&d;">&d;nin-e2-gal-la</w>
<w form="ki-ur3-zu" lemma="ki-ur3" pos="N" label="foundation">ki-ur3-zu</w>
<w form="mu-jal2" lemma="jal2" pos="V" label="to be (located)">mu-jal2</w>
<w form="nam-mah-za" lemma="nam-mah" pos="N" label="majesty">nam-mah-za</w>
<damage/>
<w form="ga-am3-dug4" lemma="dug4" pos="V" label="to say">ga<damageEnd/>-<supplied/>am3-dug4</w>
<suppliedEnd/>
</l>
<l n="39" id="c4074.39" corresp="t4074.p7">
<w form="ur" lemma="ur" pos="N" label="dog">ur</w>
<w form="KA-ga-na-ke4" lemma="KA" label="KA">KA-ga-na-ke4</w>
<w form="udu" lemma="udu" pos="N" label="sheep">udu</w>
<w form="ma-ra-ab-te" lemma="te" pos="V" label="to approach">ma-ra-ab-te</w>
<supplied/>
<w form="X" lemma="X" label="X">X</w>
<w form="Xbr" lemma="Xbr" label="Xbr">(X)</w>
<suppliedEnd/>
</l>
<l n="40" id="c4074.40" corresp="t4074.p7">
<w form="ur" lemma="ur" pos="N" label="dog">ur</w>
<w form="usu-tuku" lemma="usu-tuku" pos="AJ" label="strong">usu-tuku</w>
<w form="am" lemma="am" pos="N" label="wild bull">am</w>
<w form="cu-bi-ce3" lemma="cu" pos="N" label="hand">cu-bi-ce3</w>
<w form="ma-ra-X" lemma="X" label="X">ma-<damage/>ra<damageEnd/>-<supplied/>X</w>
<w form="X" lemma="X" label="X">X</w>
<w form="Xbr" lemma="Xbr" label="Xbr">(X)</w>
<suppliedEnd/>
</l>
<l n="41" id="c4074.41" corresp="t4074.p7">
<w form="X" lemma="X" label="X">X</w>
<w form="dub3-tuku" lemma="dub3-tuku" pos="N" label="runner">dub3-tuku</w>
<w form="a-cag4" lemma="a-cag4" pos="N" label="field">a-cag4</w>
<w form="mu-ra-&X;" lemma="&X;" label="&X;">mu-ra-<supplied/>&X;</w>
<suppliedEnd/>
</l>
<l n="42" id="c4074.42" corresp="t4074.p7">
<damage/>
<w form="ki" lemma="ki" pos="N" label="place">ki</w>
<damageEnd/>
<w form="pec-a" lemma="pec" pos="V" label="to be thick">pec-a</w>
<w form="saj-ki" lemma="saj-ki" pos="N" label="forehead">saj-ki</w>
<w form="cu2-a" lemma="cu2" pos="V" label="to cover">cu2-<damage/>a</w>
<damageEnd/>
<supplied/>
<w form="&X;" lemma="&X;" label="&X;">&X;</w>
<suppliedEnd/>
</l>
<l n="43" id="c4074.43" corresp="t4074.p7">
<w form="ur-mah" lemma="ur-mah" pos="N" label="lion">ur-mah</w>
<w form="ur-saj" lemma="ur-saj" pos="N" label="hero">ur-<damage/>saj</w>
<damageEnd/>
<w form="X" lemma="X" label="X">X</w>
<w form="X" lemma="X" label="X">X</w>
<supplied/>
<w form="&X;" lemma="&X;" label="&X;">&X;</w>
<suppliedEnd/>
</l>
<l n="44" id="c4074.44" corresp="t4074.p8">
<w form="kur" lemma="kur" pos="N" label="(mountain) land">kur</w>
<w form="saj-ki-za" lemma="saj-ki" pos="N" label="forehead">saj-ki-za</w>
<w form="ba-e-de3-gid2-da" lemma="gid2" pos="V" label="to be long">ba-e-de3-gid2-da</w>
<supplied/>
<w form="&X;" lemma="&X;" label="&X;">&X;</w>
<suppliedEnd/>
</l>
<l n="45" id="c4074.45" corresp="t4074.p8">
<w form="&d;inana" lemma="inana" pos="N" type="DN" label="Inana" det="&d;">&d;inana</w>
<w form="an-na" lemma="an" pos="N" label="heaven">an-na</w>
<w form="nim" lemma="nim" pos="N" label="lightning">nim</w>
<w form="jir2-me-en" lemma="jir2" pos="V" label="to flash">jir2-me-en</w>
<w form="ki-a" lemma="ki" pos="N" label="place">ki-a</w>
<phr type="VP" lemma="kucum4 tag" label="to race">
<damage/>
<w form="kucum" lemma="kucum4" pos="N" label="noun part of multiword verb">kucum</w>
<w form="tag-ga-me-en" lemma="tag" pos="V" label="to touch">tag<damageEnd/>-<supplied/>ga-me-en</w>
<suppliedEnd/>
</phr>
</l>
<l n="46" id="c4074.46" corresp="t4074.p8">
<w form="ce-er-tab" lemma="ce-er-tab" pos="N" label="type of enclosure">ce-er-tab</w>
<w form="ec3" lemma="ec3" pos="N" label="shrine">ec3</w>
<w form="ib-gal-zu-a" lemma="ib-gal" pos="N" type="TN" label="Ibgal">ib-gal-zu-<supplied/>a<suppliedEnd/></w>
</l>
<l n="47" id="c4074.47" corresp="t4074.p8">
<w form="jarza-zu" lemma="jarza" pos="N" label="rite">jarza-zu</w>
<w form="me" lemma="me" pos="N" label="essence">me</w>
<w form="an-na-gin7" lemma="an" pos="N" type="DN" label="An">an-na-gin7</w>
<phr type="VP" lemma="si sa2" label="to make straight">
<w form="si" lemma="si" pos="N" label="horn">si</w>
<w form="u3-mu-ni-sa2" lemma="sa2" pos="V" label="to equal">u3-mu-ni-<damage/>sa2</w>
</phr>
<damageEnd/>
</l>
<l n="48" id="c4074.48" corresp="t4074.p8">
<w form="jarza2-zu" lemma="jarza" pos="N" label="rite">jarza2-zu</w>
<w form="me" lemma="me" pos="N" label="essence">me</w>
<w form="&d;en-ki-ka3-gin7" lemma="en-ki" pos="N" type="DN" label="Enki" det="&d;">&d;en-ki-ka3-gin7</w>
<w form="jic-hur" lemma="jic-hur" pos="N" label="design">jic-hur</w>
<w form="u3-mu-e-ni-hur" lemma="hur" pos="V" label="to scratch">u3-mu-e-ni-hur</w>
</l>
<l n="49" id="c4074.49" corresp="t4074.p8">
<w form="ni2-zu" lemma="ni2" pos="N" label="fear(someness)">ni2-zu</w>
<w form="an-na" lemma="an" pos="N" label="heaven">an-na</w>
<w form="u3-mu-e-ni-us2" lemma="us2" pos="V" label="to be adjacent">u3-mu-e-ni-us2</w>
</l>
<l n="50" id="c4074.50" corresp="t4074.p8">
<w form="ki-sa2-a" lemma="ki-sa2" pos="N" label="plinth">ki-sa2-<unclear cert="cor">a</unclear></w>
<w form="kan4" lemma="kan4" pos="N" label="gate">kan4</w>
<w form="igi" lemma="igi" pos="N" label="eye">igi</w>
<w form="4-za" lemma="4" pos="NU" type="cardinal" label="4">4-za</w>
</l>
<l n="51" id="c4074.51" corresp="t4074.p8">
<w form="barag" lemma="barag" pos="N" label="dais">barag</w>
<w form="KA.AN.NI.SI-zu" lemma="KA.AN.NI.SI" pos="N" label="writing of gu&s3;-an-ne&s2;-si and kurku&s2;">KA.AN.NI.SI-zu</w>
<w form="dur2-zu" lemma="dur2" pos="N" label="rump">dur2-zu</w>
<w form="bi2-jar" lemma="jar" pos="V" label="to place">bi2-jar</w>
</l>
<l n="52" id="c4074.52" corresp="t4074.p8">
<w form="&d;inana" lemma="inana" pos="N" type="DN" label="Inana" det="&d;">&d;inana</w>
<w form="a-a-zu" lemma="a-a" pos="N" label="father">a-a-zu</w>
<w form="&d;suen-gin7" lemma="suen" pos="N" type="DN" label="Suen" det="&d;">&d;suen-gin7</w>
<w form="an-cag4-ge" lemma="an-cag4" pos="N" label="interior of heaven">an-cag4-ge</w>
<w form="am3-jen" lemma="jen" pos="V" label="to go">am3-jen</w>
</l>
<l n="53" id="c4074.53" corresp="t4074.p8">
<w form="&d;nin-e2-gal-la" lemma="nin-e2-gal-la" pos="N" type="DN" label="Ninegala" det="&d;">&d;nin-e2-gal-la</w>
<w form="ec3" lemma="ec3" pos="N" label="shrine">ec3</w>
<w form="ib-gal-zu-a" lemma="ib-gal" pos="N" type="TN" label="Ibgal">ib-gal-zu-a</w>
<w form="iti6-gin7" lemma="itid" pos="N" label="moon(light)">iti6-gin7</w>
<w form="ca-mu-e3" lemma="e3" pos="V" label="to go out or in">ca-mu-e3</w>
</l>
<l n="54" id="c4074.54" corresp="t4074.p8">
<w form="jarza-zu" lemma="jarza" pos="N" label="rite">jarza-zu</w>
<w form="jiri3" lemma="jiri3" pos="N" label="foot">jiri3</w>
<w form="ba-ja2-ja2" lemma="jar" pos="V" label="to place" form-type="rr">ba-ja2-ja2</w>
</l>
<l n="55" id="c4074.55" corresp="t4074.p8">
<w form="UR" lemma="UR" label="UR">UR</w>
<w form="KA" lemma="KA" label="KA">KA</w>
<w form="da-ga-na-ke4" lemma="dagan" pos="N" label="(sleeping) chamber">da-ga-na-ke4</w>
<w form="ca-ba-ab-hal-ha-an" lemma="hal" pos="V" label="to divide out" form-type="RR">ca-ba-ab-hal-ha-an</w>
</l>
<l n="56" id="c4074.56" corresp="t4074.p9">
<w form="&d;inana" lemma="inana" pos="N" type="DN" label="Inana" det="&d;">&d;inana</w>
<w form="nin" lemma="nin" pos="N" label="lady">nin</w>
<w form="me" lemma="me" pos="N" label="essence">me</w>
<w form="car2-ra-me-en" lemma="car2" pos="V" label="to be numerous">car2-ra-me-en</w>
<corr resp="scrOm"/>
<w form="dijir" lemma="dijir" pos="N" label="deity">dijir</w>
<w form="nu-mu-e-da-sa2" lemma="sa2" pos="V" label="to equal">nu-mu-e-da-sa2</w>
<corrEnd/>
</l>
<l n="57" id="c4074.57" corresp="t4074.p9">
<w form="&d;nin-e2-gal-la" lemma="nin-e2-gal-la" pos="N" type="DN" label="Ninegala" det="&d;">&d;nin-e2-gal-la</w>
<w form="ki-ur3-zu" lemma="ki-ur3" pos="N" label="foundation">ki-ur3-zu</w>
<w form="mu-jal2" lemma="jal2" pos="V" label="to be (located)">mu-jal2</w>
<supplied/>
<w form="nam-mah-za" lemma="nam-mah" pos="N" label="majesty">nam<suppliedEnd/>-mah-<damage/>za</w>
<damageEnd/>
<supplied/>
<w form="ga-am3-dug4" lemma="dug4" pos="V" label="to say">ga-am3-dug4</w>
<suppliedEnd/>
</l>
<l n="58" id="c4074.58" corresp="t4074.p10">
<w form="jic-ab-ba" lemma="jic-ab-ba" pos="N" label="type of tree">jic-ab-ba</w>
<w form="&jic;kici17" lemma="kici16" pos="N" label="acacia" det="&jic;">&jic;kici17</w>
<w form="gal" lemma="gal" pos="V" label="to be big">gal</w>
<w form="hul" lemma="hul" pos="V" label="to be bad">hul</w>
<w form="mu2-a" lemma="mu2" pos="V" label="to grow">mu2-a</w>
<w form="gir5-gir5-e-da-zu-ne" lemma="gir5" pos="V" label="to slip in or through" form-type="RR">gir5-gir5-e-da-zu-ne</w>
</l>
<l n="59" id="c4074.59" corresp="t4074.p10">
<w form="gu2-saj" lemma="gu2-saj" pos="N" label="entirety">gu2-saj</w>
<w form="kur-ra" lemma="kur" pos="N" label="(mountain) land">kur-ra</w>
<w form="zukum-ma-zu-ne" lemma="zukum" pos="V" label="to tread (down)">zukum-ma-zu-ne</w>
</l>
<l n="60" id="c4074.60" corresp="t4074.p10">
<w form="ur-da" lemma="ur" pos="N" label="dog">ur-da</w>
<w form="a" lemma="a" pos="N" label="water">a</w>
<w form="cub6" lemma="cub6" pos="V" label="to lick">cub6</w>
<w form="naj-ja2-zu-ne" lemma="naj" pos="V" label="to drink">naj-ja2-zu-ne</w>
</l>
<l n="61" id="c4074.61" corresp="t4074.p10">
<w form="ance-kur-da" lemma="ance-kur-ra" pos="N" label="horse">ance-kur-da</w>
<w form="ki-nu2" lemma="ki-nu2" pos="N" label="sleeping quarter">ki-nu2</w>
<w form="ak-a-zu-ne" lemma="ak" pos="V" label="to do">ak-a-zu-ne</w>
</l>
<l n="62" id="c4074.62" corresp="t4074.p10">
<w form="IM-da" lemma="IM" label="IM">IM-da</w>
<w form="lil2-e" lemma="lil2" pos="N" label="ghost">lil2-e</w>
<w form="sag3-ga-zu-ne" lemma="sag3" pos="V" label="to beat">sag3-ga-zu-ne</w>
</l>
<l n="63" id="c4074.63" corresp="t4074.p10">
<w form="&d;inana" lemma="inana" pos="N" type="DN" label="Inana" det="&d;">&d;inana</w>
<w form="bar-cej3" lemma="bar-cej3" pos="N" label="mist">bar-cej3</w>
<w form="ud" lemma="ud" pos="N" label="storm">ud</w>
<w form="gid2-da" lemma="gid2" pos="V" label="to be long">gid2-da</w>
<w form="tag-tag-ge-da-zu-ne" lemma="tag" pos="V" label="to touch" form-type="RR">tag-tag-ge-da-zu-ne</w>
</l>
<l n="64" id="c4074.64" corresp="t4074.p10">
<w form="e2-kug-nun-na" lemma="e2-kug-nun-na" pos="N" type="TN" label="E-kug-nuna">e2-kug-nun-na</w>
<distinct type="emesal">
<w form="uru2-ze2-eb&ki;-ba-za" lemma="eridug" pos="N" type="SN" label="Eridug" emesal="uru2-ze2-eb" det="&ki;">uru2-ze2-eb&ki;-ba-za</w>
</distinct>
</l>
<l n="65" id="c4074.65" corresp="t4074.p10">
<w form="barag" lemma="barag" pos="N" label="dais">barag</w>
<w form="nam" lemma="nam" pos="N" label="destiny">nam</w>
<w form="tar-re-da" lemma="tar" pos="V" label="to cut">tar-re-da</w>
<w form="dur2-zu" lemma="dur2" pos="N" label="rump">dur2-zu</w>
<w form="bi2-jar" lemma="jar" pos="V" label="to place">bi2-jar</w>
</l>
<l n="66" id="c4074.66" corresp="t4074.p11">
<w form="zag-mu" lemma="zag-mu" pos="N" label="new year">zag-mu</w>
<w form="ezen" lemma="ezen" pos="N" label="festival">ezen</w>
<w form="&d;dumu-zid-da-ke4" lemma="dumu-zid" pos="N" type="DN" label="Dumuzid" det="&d;">&d;dumu-zid-da-ke4</w>
</l>
<l n="67" id="c4074.67" corresp="t4074.p11">
<w form="nitalam-zu" lemma="nitalam" pos="N" label="spouse">nitalam-zu</w>
<w form="&d;ama-ucumgal-an-na" lemma="ama-ucumgal-an-na" pos="N" type="DN" label="Ama-u&c;umgal-ana" det="&d;">&d;ama-ucumgal-an-na</w>
</l>
<l n="68" id="c4074.68" corresp="t4074.p11">
<w form="en" lemma="en" pos="N" label="lord">en</w>
<w form="&d;dumu-zid" lemma="dumu-zid" pos="N" type="DN" label="Dumuzid" det="&d;">&d;dumu-zid</w>
<w form="ca-mu-e-ri-DU" lemma="DU" pos="V" label="DU"><unclear cert="cor">ca</unclear>-mu-e-ri-DU</w>
</l>
<l n="69" id="c4074.69" corresp="t4074.p11">
<w form="&d;inana" lemma="inana" pos="N" type="DN" label="Inana" det="&d;">&d;inana</w>
<w form="cu" lemma="cu" pos="N" label="hand">cu</w>
<w form="nu-gi4-a" lemma="gi4" pos="V" label="to return">nu-gi4-a</w>
<w form="er2-ra" lemma="er2" pos="N" label="tear">er2-ra</w>
<w form="nesaj" lemma="nesaj" pos="N" label="(first-fruit) offering">nesaj</w>
<w form="ca-mu-ra-ab-tum3" lemma="de6" pos="V" label="to carry" form-type="isg">ca-mu-ra-ab-tum3</w>
</l>
<l n="70" id="c4074.70" corresp="t4074.p11">
<w form="a-pap" lemma="a-pap" pos="N" label="(libation) pipe">a-pap</w>
<w form="kur-ra-ke4" lemma="kur" pos="N" label="(mountain) land">kur-ra-ke4</w>
<w form="jal2" lemma="jal2" pos="V" label="to be (located)">jal2</w>
<w form="ca-mu-ra-ab-taka4-X" lemma="taka4" pos="V" label="to leave behind">ca-mu-ra-ab-taka4-X</w>
</l>
<l n="71" id="c4074.71" corresp="t4074.p11">
<w form="a" lemma="a" pos="N" label="water">a</w>
<w form="mu" lemma="mu" pos="N" label="name">mu</w>
<w form="pad3-da" lemma="pad3" pos="V" label="to find">pad3-da</w>
<w form="ca-mu-ri-dub" lemma="dub" pos="V" label="to heap up">ca-mu-ri-dub</w>
</l>
<l n="72" id="c4074.72" corresp="t4074.p11">
<w form="en" lemma="en" pos="N" label="high priest(ess)">en</w>
<w form="lu2-mah" lemma="lu2-mah" pos="N" label="type of priest">lu2-mah</w>
<w form="nin-dijir-bi" lemma="nin-dijir" pos="N" label="type of priestess">nin-dijir-bi</w>
</l>
<l n="73" id="c4074.73" corresp="t4074.p11">
<w form="lu2" lemma="lu2" pos="N" label="person">lu2</w>
<w form="zid" lemma="zid" pos="AJ" label="right">zid</w>
<w form="amalu" lemma="amalu" pos="N" label="cult prostitute">amalu</w>
<w form="ug5-ga-ne" lemma="uc2" pos="V" label="to die" form-type="plisg">ug5-ga-ne</w>
</l>
<l n="74" id="c4074.74" corresp="t4074.p11">
<w form="u2" lemma="u2" pos="N" label="plant">u2</w>
<w form="cu" lemma="cu" pos="N" label="hand">cu</w>
<w form="bar-ra" lemma="bar" pos="V" label="to set aside">bar-ra</w>
<w form="ma-ra-gu7-u3-ne" lemma="gu7" pos="V" label="to eat">ma-ra-gu7-u3-ne</w>
</l>
<l n="75" id="c4074.75" corresp="t4074.p11">
<w form="a" lemma="a" pos="N" label="water">a</w>
<w form="cu" lemma="cu" pos="N" label="hand">cu</w>
<w form="bar-ra" lemma="bar" pos="V" label="to set aside">bar-ra</w>
<w form="ma-ra-na8-na8-ne" lemma="naj" pos="V" label="to drink" form-type="rr">ma-ra-na8-na8-ne</w>
</l>
<l n="76" id="c4074.76" corresp="t4074.p11">
<w form="zag-ba" lemma="zag" pos="N" label="side">zag-ba</w>
<w form="barag" lemma="barag" pos="N" label="dais">barag</w>
<w form="kug-zu" lemma="kug" pos="AJ" label="shining">kug-zu</w>
<w form="ci-im-ri" lemma="ri" pos="V" label="to direct">ci-im-ri</w>
</l>
<l n="77" id="c4074.77" corresp="t4074.p12">
<w form="&d;inana" lemma="inana" pos="N" type="DN" label="Inana" det="&d;">&d;inana</w>
<w form="nin" lemma="nin" pos="N" label="lady">nin</w>
<w form="me" lemma="me" pos="N" label="essence">me</w>
<w form="car2-ra-me-en" lemma="car2" pos="V" label="to be numerous">car2-ra-me-<damage/>en</w>
<damageEnd/>
<corr resp="scrOm"/>
<w form="dijir" lemma="dijir" pos="N" label="deity">dijir</w>
<w form="nu-mu-e-da-sa2" lemma="sa2" pos="V" label="to equal">nu-mu-e-da-sa2</w>
<corrEnd/>
</l>
<l n="78" id="c4074.78" corresp="t4074.p12">
<w form="&d;nin-e2-gal-la" lemma="nin-e2-gal-la" pos="N" type="DN" label="Ninegala" det="&d;">&d;nin-e2-gal-la</w>
<w form="ki-ur3-zu" lemma="ki-ur3" pos="N" label="foundation">ki-ur3-zu</w>
<w form="mu-jal2" lemma="jal2" pos="V" label="to be (located)">mu-jal2</w>
<w form="nam-mah-za" lemma="nam-mah" pos="N" label="majesty">nam-mah-za</w>
<w form="ga-am3-dug4" lemma="dug4" pos="V" label="to say">ga-<damage/>am3<damageEnd/>-<supplied/>dug4</w>
<suppliedEnd/>
</l>
<l n="79" id="c4074.79" corresp="t4074.p13">
<w form="&d;inana" lemma="inana" pos="N" type="DN" label="Inana" det="&d;">&d;inana</w>
<w form="an-da" lemma="an" pos="N" type="DN" label="An">an-da</w>
<w form="&d;en-lil2-da" lemma="en-lil2" pos="N" type="DN" label="Enlil" det="&d;">&d;en-lil2-da</w>
<phr type="VP" lemma="di kud" label="to judge">
<w form="di" lemma="di" pos="N" label="(law)suit">di</w>
<w form="ku5-ru-da-zu-ne" lemma="kud" pos="V" label="to cut">ku5-ru-da-zu-ne</w>
</phr>
</l>
<l n="80" id="c4074.80" corresp="t4074.p13">
<w form="&d;nin-e2-gal-la" lemma="nin-e2-gal-la" pos="N" type="DN" label="Ninegala" det="&d;">&d;nin-e2-gal-la</w>
<w form="ki-ta" lemma="ki" pos="N" label="place">ki-ta</w>
<w form="&d;en-ki-da" lemma="en-ki" pos="N" type="DN" label="Enki" det="&d;">&d;en-ki-da</w>
<w form="nam" lemma="nam" pos="N" label="destiny">nam</w>
<w form="tar-ra-zu-ne" lemma="tar" pos="V" label="to cut">tar-ra-zu-ne</w>
</l>
<l n="81" id="c4074.81" corresp="t4074.p13">
<w form="sag3-sag3-ga-zu-ne" lemma="sag3" pos="V" label="to beat" form-type="RR">sag3-sag3-ga-zu-ne</w>
<w form="lil2-e" lemma="lil2" pos="N" label="ghost">lil2-e</w>
<w form="NA-zu-ne" lemma="NA" pos="V" label="NA">NA-zu-ne</w>
</l>
<l n="82" id="c4074.82" corresp="t4074.p13">
<w form="ub-ta" lemma="ub" pos="N" label="corner">ub-ta</w>
<w form="e3-a-zu-ne" lemma="e3" pos="V" label="to go out or in">e3-a-zu-ne</w>
<w form="da-ta" lemma="da" pos="N" label="side">da-ta</w>
<w form="e3-a-zu-ne" lemma="e3" pos="V" label="to go out or in">e3-a-zu-<damage/>ne</w>
<damageEnd/>
</l>
<l n="83" id="c4074.83" corresp="t4074.p13">
<damage/>
<w form="ki-car2-ra" lemma="ki-car2" pos="N" label="totality"><unclear cert="cor">ki</unclear><damageEnd/>-car2-ra</w>
<w form="igi" lemma="igi" pos="N" label="eye">igi</w>
<w form="bar-ra-zu-ne" lemma="bar" pos="V" label="to set aside">bar-ra-zu-<supplied/>ne</w>
<suppliedEnd/>
</l>
<l n="84" id="c4074.84" corresp="t4074.p13">
<w form="&d;inana" lemma="inana" pos="N" type="DN" label="Inana" det="&d;">&d;inana</w>
<w form="mar-uru5" lemma="mar-uru5" pos="N" label="tempest">mar-uru5</w>
<w form="kuc7-za" lemma="kuc7" pos="N" label="devastation">kuc7-za</w>
<w form="su3-su3-da-zu-ne" lemma="su" pos="V" label="to sink" form-type="RR">su3-<supplied/>su3-da-zu-ne</w>
<suppliedEnd/>
</l>
<l n="85" id="c4074.85" corresp="t4074.p13">
<w form="en" lemma="en" pos="N" label="high priest(ess)">en</w>
<w form="gal" lemma="gal" pos="V" label="to be big">gal</w>
<w form="DU.DU" lemma="DU" label="DU">DU.DU</w>
<w form="X" lemma="X" label="X">X</w>
<supplied/>
<w form="&X;" lemma="&X;" label="&X;">&X;</w>
<suppliedEnd/>
</l>
<l n="86" id="c4074.86" corresp="t4074.p13">
<w form="igi-du8-a" lemma="igi-du8-a" pos="N" label="type of priestess">igi-du8-a</w>
<w form="saj-ki" lemma="saj-ki" pos="N" label="forehead">saj-ki</w>
<w form="gul" lemma="gu2" pos="N" label="neck">gul</w>
<w form="ma-ra-ab-ak-e" lemma="ak" pos="V" label="to do">ma-ra-ab-ak-e</w>
</l>
<l n="87" id="c4074.87" corresp="t4074.p13">
<w form="barag" lemma="barag" pos="N" label="dais">barag</w>
<w form="jic-la2-ba-za" lemma="jic-la2-bi" pos="N" label="silence">jic-la2-ba-za</w>
<w form="dur2-zu" lemma="dur2" pos="N" label="rump">dur2-zu</w>
<w form="bi2-jar" lemma="jar" pos="V" label="to place">bi2-jar</w>
</l>
<l n="88" id="c4074.88" corresp="t4074.p14">
<w form="juruc" lemma="juruc" pos="N" label="young man">juruc</w>
<w form="&jic;rab3" lemma="rab3" pos="N" label="shackle" det="&jic;">&jic;rab3</w>
<w form="jar-ra" lemma="jar" pos="V" label="to place">jar-ra</w>
<w form="cu-si" lemma="cu-si" pos="N" label="finger">cu-si</w>
<w form="ma-ra-&X;" lemma="&X;" label="&X;">ma-<damage/>ra<damageEnd/>-<supplied/>&X;</w>
<suppliedEnd/>
</l>
<l n="89" id="c4074.89" corresp="t4074.p14">
<w form="ama" lemma="ama" pos="N" label="mother">ama</w>
<w form="lu2" lemma="lu2" pos="N" label="person">lu2</w>
<w form="tur5-ra-ke4" lemma="tur5" pos="V" label="to be ill">tur5-ra-ke4</w>
<w form="dumu" lemma="dumu" pos="N" label="child">dumu</w>
<w form="ur2-ra" lemma="ur2" pos="N" label="root">ur2-ra</w>
<w form="mu-ra-ni-in-tum2-mu" lemma="de6" pos="V" label="to carry" form-type="isg">mu-ra-ni-in-tum2-mu</w>
</l>
<l n="90" id="c4074.90" corresp="t4074.p14">
<w form="ama" lemma="ama" pos="N" label="mother">ama</w>
<w form="lu2" lemma="lu2" pos="N" label="person">lu2</w>
<w form="sag3" lemma="sag2" pos="V" label="to scatter">sag3</w>
<w form="dug4-ga-ke4" lemma="dug4" pos="V" label="to say">dug4-ga-ke4</w>
<w form="unu2" lemma="unu2" pos="N" label="(dining) hall">unu2</w>
<w form="gal-za" lemma="gal" pos="V" label="to be big">gal-za</w>
<w form="a" lemma="a" pos="N" label="water">a</w>
<w form="im-ma-ab-zi-zi" lemma="zig3" pos="V" label="to rise" form-type="rr">im-ma-ab-zi-<unclear cert="qry">zi</unclear></w>
</l>
<l n="91" id="c4074.91" corresp="t4074.p14">
<supplied/>
<w form="X" lemma="X" label="X">X</w>
<suppliedEnd/>
<w form="sig9-ga" lemma="sig9" pos="V" label="to put">sig9-ga</w>
<w form="i-im-kud-de3-en" lemma="kud" pos="V" label="to cut">i-im-kud-de3-en</w>
</l>
<l n="92" id="c4074.92" corresp="t4074.p14">
<w form="DI" lemma="DI" label="DI">DI</w>
<w form="A" lemma="A" label="A">A</w>
<w form="X" lemma="X" label="X">X</w>
<damage/>
<w form="sig9-ga" lemma="sig9" pos="V" label="to put">sig9<damageEnd/>-ga</w>
<w form="i-im-bar-re-en" lemma="bar" pos="V" label="to set aside">i-im-bar-re-en</w>
</l>
<l n="93" id="c4074.93" corresp="t4074.p15">
<w form="&d;inana" lemma="inana" pos="N" type="DN" label="Inana" det="&d;"><supplied/>&d;<suppliedEnd/>inana</w>
<w form="nin" lemma="nin" pos="N" label="lady">nin</w>
<w form="me" lemma="me" pos="N" label="essence">me</w>
<w form="car2-ra-me-en" lemma="car2" pos="V" label="to be numerous">car2-ra-me-en</w>
<w form="dijir" lemma="dijir" pos="N" label="deity">dijir</w>
<w form="nu-mu-e-da-sa2" lemma="sa2" pos="V" label="to equal">nu-mu-e-<supplied/>da-sa2</w>
<suppliedEnd/>
</l>
<l n="94" id="c4074.94" corresp="t4074.p15">
<w form="&d;nin-e2-gal-la" lemma="nin-e2-gal-la" pos="N" type="DN" label="Ninegala" det="&d;"><supplied/>&d;<suppliedEnd/>nin-e2-gal-la</w>
<w form="ki-ur3-zu" lemma="ki-ur3" pos="N" label="foundation">ki-ur3-zu</w>
<w form="mu-jal2" lemma="jal2" pos="V" label="to be (located)">mu-jal2</w>
<damage/>
<w form="nam-mah-za" lemma="nam-mah" pos="N" label="majesty">nam<damageEnd/>-<supplied/>mah-za</w>
<w form="ga-am3-dug4" lemma="dug4" pos="V" label="to say">ga-am3-dug4</w>
<suppliedEnd/>
</l>
<l n="95" id="c4074.95" corresp="t4074.p16">
<w form="giri17-dab-da" lemma="giri17-dab" pos="N" label="animal driver">giri17-dab-da</w>
<w form="nam-sipad" lemma="nam-sipad" pos="N" label="shepherd's craft">nam-sipad</w>
<w form="al-ak-zu-ne" lemma="ak" pos="V" label="to do">al-ak-zu-ne</w>
</l>
<l n="96" id="c4074.96" corresp="t4074.p16">
<w form="PA" lemma="PA" label="PA">PA</w>
<supplied/>
<w form="X" lemma="X" label="X">X</w>
<suppliedEnd/>
<w form="NUN" lemma="NUN" label="NUN"><unclear cert="qry">NUN</unclear></w>
<w form="unud-ta" lemma="unud" pos="N" label="herdsman">unud(UNU3)-ta</w>
<w form="ab2-ba" lemma="ab2" pos="N" label="cow">ab2-ba</w>
<w form="saman2" lemma="saman" pos="N" label="tethering rope">saman2</w>
<w form="cub-ba-zu-ne" lemma="cub" pos="V" label="to fall">cub-ba-zu-ne</w>
</l>
<l n="97" id="c4074.97" corresp="t4074.p16">
<supplied/>
<w form="i3" lemma="i3" pos="N" label="fatty substance">i3</w>
<suppliedEnd/>
<w form="hi-a-zu-ne" lemma="hi" pos="V" label="to mix up">hi-a-zu-ne</w>
<w form="ga" lemma="ga" pos="N" label="milk">ga</w>
<w form="luh-ha-zu-ne" lemma="luh" pos="V" label="to clean">luh-ha-zu-ne</w>
</l>
<l n="98" id="c4074.98" corresp="t4074.p16">
<damage/>
<w form="ur2" lemma="ur2" pos="N" label="root">ur2</w>
<w form="nitalam-za" lemma="nitalam" pos="N" label="spouse">nitalam<damageEnd/>-za</w>
<w form="&d;dumu-zid-da-ke4" lemma="dumu-zid" pos="N" type="DN" label="Dumuzid" det="&d;">&d;dumu-zid-da-ke4</w>
<w form="ul" lemma="ul" pos="V" label="to swell (with joy)">ul</w>
<w form="gur3-ru-a-zu-ne" lemma="guru3" pos="V" label="to bear">gur3-ru-a-zu-ne</w>
</l>
<l n="99" id="c4074.99" corresp="t4074.p16">
<w form="ur2" lemma="ur2" pos="N" label="root">ur2</w>
<w form="nitalam-za" lemma="nitalam" pos="N" label="spouse">nitalam-za</w>
<w form="&d;dumu-zid-da-ke4" lemma="dumu-zid" pos="N" type="DN" label="Dumuzid" det="&d;">&d;dumu-zid-da-ke4</w>
<w form="hi-li-hi-li-a-zu-ne" lemma="hi-li" pos="V" label="to have pleasure" form-type="RR">hi-li-hi-li-a-zu-ne</w>
</l>
<l n="100" id="c4074.100" corresp="t4074.p16">
<w form="kur-ra-igi-jal2" lemma="kur-ra-igi-jal2" pos="N" type="TN" label="Kura-igi-&g;al">kur-ra-igi-jal2</w>
<w form="ki" lemma="ki" pos="N" label="place">ki</w>
<phr type="VP" lemma="di kud" label="to judge">
<w form="di" lemma="di" pos="N" label="(law)suit">di</w>
<w form="ku5-ru-za" lemma="kud" pos="V" label="to cut">ku5-ru-za</w>
</phr>
</l>
<l n="101" id="c4074.101" corresp="t4074.p16">
<w form="barag" lemma="barag" pos="N" label="dais">barag</w>
<w form="mah" lemma="mah" pos="V" label="to be majestic">mah</w>
<w form="unu2" lemma="unu2" pos="N" label="(dining) hall">unu2</w>
<w form="gal-e" lemma="gal" pos="V" label="to be big">gal-e</w>
<w form="dur2" lemma="dur2" pos="N" label="rump">dur2</w>
<w form="jar-ra-zu-ne" lemma="jar" pos="V" label="to place">jar-ra-zu-ne</w>
</l>
<l n="102" id="c4074.102" corresp="t4074.p16">
<w form="uz-ga" lemma="uz-ga" pos="N" label="type of shrine">uz-ga</w>
<w form="kug-ga" lemma="kug" pos="AJ" label="shining">kug-ga</w>
<w form="ca-mu-ra-sug2-ge-ec" lemma="gub" pos="V" label="to stand" form-type="pl">ca-mu-ra-sug2-ge-ec</w>
</l>
<l n="103" id="c4074.103" corresp="t4074.p16">
<w form="nu-mu-e-sig10-ge-en" lemma="sig10" pos="V" label="to place">nu-mu-e-sig10-ge-en</w>
<w form="jic" lemma="jic" pos="N" label="tree">jic</w>
<w form="ma-ra-e-ne" lemma="ra" pos="V" label="to beat">ma-ra-e-ne</w>
</l>
<l n="104" id="c4074.104" corresp="t4074.p16">
<w form="&d;inana" lemma="inana" pos="N" type="DN" label="Inana" det="&d;">&d;inana</w>
<w form="nu-mu-e-da-sa2-e-ne" lemma="sa2" pos="V" label="to equal">nu-mu-e-da-sa2-e-ne</w>
</l>
<l n="105" id="c4074.105" corresp="t4074.p16">
<w form="kar-ke4" lemma="kar-ke4" pos="N" label="prostitute">kar-ke4</w>
<w form="ec2-dam-ma" lemma="ec2-dam" pos="N" label="tavern">ec2-dam-ma</w>
<w form="mu-un-ed3-de3-en" lemma="ed3" pos="V" label="to go down or up">mu-un-ed3-de3-en</w>
</l>
<l n="106" id="c4074.106" corresp="t4074.p16">
<w form="&d;gidim" lemma="gidim" pos="N" label="ghost" det="&d;">&d;gidim</w>
<w form="ab-ba" lemma="ab" pos="N" label="(window) opening">ab-ba</w>
<w form="cu2-cu2-ka" lemma="cu2" pos="V" label="to cover" form-type="RR">cu2-cu2-ka</w>
<w form="ma-ra-ni-in-ku4-ku4-de3-en" lemma="kur9" pos="V" label="to enter" form-type="rr">ma-ra-ni-in-ku4-ku4-de3-en</w>
</l>
<l n="107" id="c4074.107" corresp="t4074.p17">
<w form="&d;inana" lemma="inana" pos="N" type="DN" label="Inana" det="&d;">&d;inana</w>
<w form="nin" lemma="nin" pos="N" label="lady">nin</w>
<w form="me" lemma="me" pos="N" label="essence">me</w>
<w form="car2-ra-me-en" lemma="car2" pos="V" label="to be numerous">car2-ra-me-en</w>
<w form="dijir" lemma="dijir" pos="N" label="deity">dijir</w>
<w form="nu-mu-e-da-sa2" lemma="sa2" pos="V" label="to equal">nu-mu-e-da-sa2</w>
</l>
<l n="108" id="c4074.108" corresp="t4074.p17">
<w form="&d;nin-e2-gal-la" lemma="nin-e2-gal-la" pos="N" type="DN" label="Ninegala" det="&d;">&d;nin-e2-gal-la</w>
<w form="ki-ur3-zu" lemma="ki-ur3" pos="N" label="foundation">ki-ur3-zu</w>
<w form="mu-jal2" lemma="jal2" pos="V" label="to be (located)">mu-jal2</w>
<w form="nam-mah-za" lemma="nam-mah" pos="N" label="majesty">nam-mah-za</w>
<w form="ga-am3-dug4" lemma="dug4" pos="V" label="to say">ga-am3-dug4</w>
</l>
<l n="109" id="c4074.109" corresp="t4074.p18">
<w form="kuc7" lemma="kuc7" pos="N" label="(horse) groom">kuc7</w>
<w form="mac2-ance" lemma="mac2-ance" pos="N" label="animals">mac2-ance</w>
<w form="du8-du8-a-ba" lemma="du8" pos="V" label="to spread" form-type="RR">du8-du8-a-ba</w>
</l>
<l n="110" id="c4074.110" corresp="t4074.p18">
<w form="gud" lemma="gud" pos="N" label="bull">gud</w>
<w form="udu" lemma="udu" pos="N" label="sheep">udu</w>
<w form="tur3" lemma="tur3" pos="N" label="animal stall">tur3</w>
<w form="amac-e" lemma="amac" pos="N" label="sheepfold">amac-e</w>
<w form="gi4-a-ba" lemma="ba" pos="V" label="to allot">gi4-a-ba</w>
</l>
<l n="111" id="c4074.111" corresp="t4074.p18">
<w form="nin-ju10" lemma="nin" pos="N" label="lady">nin-ju10</w>
<w form="mu" lemma="mu" pos="N" label="name">mu</w>
<w form="nu-tuku-gin7" lemma="tuku" pos="V" label="to have">nu-tuku-gin7</w>
<w form="tug2" lemma="tug2" pos="N" label="garment">tug2</w>
<w form="dili" lemma="dili" pos="AJ" label="single">dili</w>
<w form="im-me-mur10" lemma="mur10" pos="V" label="to dress">im-me-mur10</w>
</l>
<l n="112" id="c4074.112" corresp="t4074.p18">
<w form="NUNUZ" lemma="NUNUZ" label="NUNUZ">NUNUZ</w>
<w form="kar-ke4" lemma="kar-ke4" pos="N" label="prostitute">kar-ke4</w>
<w form="gu2-za" lemma="gu2" pos="N" label="neck">gu2-za</w>
<w form="i-im-du3" lemma="du3" pos="V" label="to erect">i-im-du3</w>
</l>
<l n="113" id="c4074.113" corresp="t4074.p18">
<w form="ec2-dam-ta" lemma="ec2-dam" pos="N" label="tavern">ec2-dam-ta</w>
<w form="lu2" lemma="lu2" pos="N" label="person">lu2</w>
<w form="mu-dab5-me-en" lemma="dab5" pos="V" label="to seize">mu-dab5-me-en</w>
</l>
<l n="114" id="c4074.114" corresp="t4074.p18">
<w form="ur2" lemma="ur2" pos="N" label="root">ur2</w>
<w form="nitalam-zu" lemma="nitalam" pos="N" label="spouse">nitalam-zu</w>
<w form="&d;dumu-zid-da-ke4" lemma="dumu-zid" pos="N" type="DN" label="Dumuzid" det="&d;">&d;dumu-zid-da-ke4</w>
<phr type="VP" lemma="kucum4 tag" label="to race">
<w form="kucum" lemma="kucum4" pos="N" label="noun part of multiword verb">kucum</w>
<w form="tag-tag-ge-da-zu-ne" lemma="tag" pos="V" label="to touch" form-type="RR">tag-tag-ge-da-zu-ne</w>
</phr>
</l>
<l n="115" id="c4074.115" corresp="t4074.p18">
<w form="&d;inana" lemma="inana" pos="N" type="DN" label="Inana" det="&d;">&d;inana</w>
<w form="nijir-si" lemma="nijir-si" pos="N" label="bride(groom)'s friend">nijir-si</w>
<w form="7-e" lemma="7" pos="NU" type="cardinal" label="7">7-e</w>
<w form="ki-nu2" lemma="ki-nu2" pos="N" label="sleeping quarter">ki-nu2</w>
<w form="mu-e-da-ak-e" lemma="ak" pos="V" label="to do">mu-e-da-ak-e</w>
</l>
<l n="116" id="c4074.116" corresp="t4074.p19">
<w form="&d;inana" lemma="inana" pos="N" type="DN" label="Inana" det="&d;">&d;inana</w>
<w form="nin" lemma="nin" pos="N" label="lady">nin</w>
<w form="me" lemma="me" pos="N" label="essence">me</w>
<w form="car2-ra-me-en" lemma="car2" pos="V" label="to be numerous">car2-ra-me-en</w>
<w form="dijir" lemma="dijir" pos="N" label="deity">dijir</w>
<w form="nu-mu-e-da-sa2" lemma="sa2" pos="V" label="to equal">nu-mu-e-da-sa2</w>
</l>
<l n="117" id="c4074.117" corresp="t4074.p19">
<w form="&d;nin-e2-gal-la" lemma="nin-e2-gal-la" pos="N" type="DN" label="Ninegala" det="&d;">&d;nin-e2-gal-la</w>
<w form="ki-ur3-zu" lemma="ki-ur3" pos="N" label="foundation">ki-ur3-zu</w>
<w form="mu-jal2" lemma="jal2" pos="V" label="to be (located)">mu-jal2</w>
<w form="nam-mah-za" lemma="nam-mah" pos="N" label="majesty">nam-mah-za</w>
<w form="ga-am3-dug4" lemma="dug4" pos="V" label="to say">ga-am3-dug4</w>
</l>
<l n="118" id="c4074.118" corresp="t4074.p20">
<w form="u2-si-an" lemma="u2-sa11-an" pos="N" label="evening">u2-si-an</w>
<w form="mul-mu" lemma="mul" pos="N" label="star">mul-mu</w>
<w form="tec2-bi-ce3" lemma="tec2" pos="N" label="unity">tec2-bi-ce3</w>
<w form="gur-ru-a-ba" lemma="gur" pos="V" label="to turn">gur-ru-a-ba</w>
</l>
<l n="119" id="c4074.119" corresp="t4074.p20">
<w form="&d;utu" lemma="utu" pos="N" type="DN" label="Utu" det="&d;">&d;utu</w>
<w form="agrun-na-ce3" lemma="agrun" pos="N" label="cella">agrun-na-ce3</w>
<w form="kur9-ra-a-ba" lemma="kur9" pos="V" label="to enter">kur9-ra-a-ba</w>
</l>
<l n="120" id="c4074.120" corresp="t4074.p20">
<w form="&d;inana" lemma="inana" pos="N" type="DN" label="Inana" det="&d;">&d;inana</w>
<w form="i-zi-gin7" lemma="izi" pos="N" label="fire">i-zi-gin7</w>
<w form="an-ta" lemma="an" pos="N" label="heaven">an-ta</w>
<w form="ni2" lemma="ni2" pos="N" label="fear(someness)">ni2</w>
<w form="gur3-ru-a-zu-ne" lemma="guru3" pos="V" label="to bear">gur3-ru-a-zu-ne</w>
</l>
<l n="121" id="c4074.121" corresp="t4074.p20">
<w form="&d;nin-e2-gal-la" lemma="nin-e2-gal-la" pos="N" type="DN" label="Ninegala" det="&d;">&d;nin-e2-gal-la</w>
<w form="ki-a" lemma="ki" pos="N" label="place">ki-a</w>
<w form="sur2-du3&mucen;-gin7" lemma="sur2-du3" pos="N" label="falcon" bound="L,gin" det="&mucen;">sur2-du3&mucen;-gin7</w>
<w form="ceg11" lemma="ceg11" pos="N" label="loud noise">ceg11</w>
<w form="gi4-a-zu-ne" lemma="zu" pos="V" label="to know">gi4-a-zu-ne</w>
</l>
<l n="122" id="c4074.122" corresp="t4074.p20">
<w form="KI.E.NE.DI" lemma="KI.E.NE.DI" pos="N" label="writing of e&c;emen and ki-e-ne-di">KI.E.NE.DI</w>
<w form="hub2" lemma="hub2" pos="N" label="foot">hub2</w>
<damage/>
<w form="gub" lemma="gub" pos="V" label="to stand">gub</w>
<damageEnd/>
<w form="i3-ze2-X-Xbr-en" lemma="ze2-er" pos="V" label="to tear out">i3-ze2-<supplied/>X-(X)<suppliedEnd/>-en</w>
</l>
<l n="123" id="c4074.123" corresp="t4074.p20">
<w form="hac2-gal" lemma="hac2-gal" pos="N" label="upper thigh">hac2-gal</w>
<w form="X-ni-ta" lemma="X" label="X">X-<damage/>ni-ta</w>
<damageEnd/>
<w form="i3-bal-X" lemma="bal" pos="V" label="to turn over">i3-bal-<supplied/>X</w>
<w form="Xbr" lemma="Xbr" label="Xbr">(X)</w>
<suppliedEnd/>
</l>
<l n="124" id="c4074.124" corresp="t4074.p20">
<w form="iti6-ta" lemma="itid" pos="N" label="moon(light)">iti6-ta</w>
<w form="mul-ce3" lemma="mul" pos="N" label="star">mul-ce3</w>
<damage/>
<w form="im-DU" lemma="DU" pos="V" label="DU">im<damageEnd/>-<supplied/>DU</w>
<suppliedEnd/>
</l>
<l n="125" id="c4074.125" corresp="t4074.p20">
<w form="mul-ta" lemma="mul" pos="N" label="star">mul-ta</w>
<w form="iti6-ce3" lemma="itid" pos="N" label="moon(light)">iti6-ce3</w>
<supplied/>
<w form="im-DU" lemma="DU" pos="V" label="DU">im<suppliedEnd/>-DU</w>
</l>
<l n="126" id="c4074.126" corresp="t4074.p21">
<w form="&d;inana" lemma="inana" pos="N" type="DN" label="Inana" det="&d;">&d;inana</w>
<w form="nin" lemma="nin" pos="N" label="lady">nin</w>
<w form="me" lemma="me" pos="N" label="essence">me</w>
<w form="car2-ra-me-en" lemma="car2" pos="V" label="to be numerous">car2-ra-me-en</w>
<w form="dijir" lemma="dijir" pos="N" label="deity">dijir</w>
<damage/>
<w form="nu-mu-e-da-sa2" lemma="sa2" pos="V" label="to equal">nu<damageEnd/>-mu-<damage/>e<damageEnd/>-<supplied/>da-sa2</w>
<suppliedEnd/>
</l>
<l n="127" id="c4074.127" corresp="t4074.p21">
<w form="&d;nin-e2-gal-la" lemma="nin-e2-gal-la" pos="N" type="DN" label="Ninegala" det="&d;">&d;nin-e2-gal-la</w>
<w form="ki-ur3-zu" lemma="ki-ur3" pos="N" label="foundation">ki-ur3-zu</w>
<w form="mu-jal2" lemma="jal2" pos="V" label="to be (located)">mu-jal2</w>
<w form="nam-mah-za" lemma="nam-mah" pos="N" label="majesty">nam-mah-za</w>
<w form="ga-am3-dug4" lemma="dug4" pos="V" label="to say">ga-am3-<damage/>dug4</w>
<damageEnd/>
</l>
<l n="128" id="c4074.128" corresp="t4074.p22">
<w form="X" lemma="X" label="X">X</w>
<w form="RA" lemma="RA" label="RA">RA</w>
<w form="TAB" lemma="TAB" label="TAB">TAB</w>
<w form="AB" lemma="AB" label="AB">AB</w>
<w form="jen-na-ni" lemma="jen" pos="V" label="to go">jen-na-ni</w>
<w form="hi-li" lemma="hi-li" pos="N" label="attractiveness">hi-li</w>
<supplied/>
<w form="X" lemma="X" label="X">X</w>
<w form="X" lemma="X" label="X">X</w>
<w form="Xbr" lemma="Xbr" label="Xbr">(X)</w>
<suppliedEnd/>
</l>
<l n="129" id="c4074.129" corresp="t4074.p22">
<w form="jar-ra-zu" lemma="jar" pos="V" label="to place">jar-ra-zu</w>
<w form="u3-TU-ra-ac" lemma="TU" pos="V" label="TU">u3-TU-ra-ac</w>
<w form="u3-mu-X" lemma="X" label="X">u3-mu-<supplied/>X</w>
<w form="X" lemma="X" label="X">X</w>
<w form="Xbr" lemma="Xbr" label="Xbr">(X)</w>
<suppliedEnd/>
</l>
<l n="130" id="c4074.130" corresp="t4074.p22">
<w form="cu-zu" lemma="cu" pos="N" label="hand">cu-zu</w>
<w form="UL" lemma="UL" label="UL">UL</w>
<w form="an-ta" lemma="an" pos="N" label="heaven">an-ta</w>
<w form="u3-mu-X" lemma="X" label="X">u3-mu-<supplied/>X</w>
<w form="X" lemma="X" label="X">X</w>
<w form="Xbr" lemma="Xbr" label="Xbr">(X)</w>
<suppliedEnd/>
</l>
<l n="131" id="c4074.131" corresp="t4074.p22">
<w form="X" lemma="X" label="X">X</w>
<w form="u3-mu-ni-du3" lemma="du3" pos="V" label="to erect">u3-mu-ni-du3</w>
<w form="SU" lemma="SU" label="SU">SU</w>
<w form="X" lemma="X" label="X">X</w>
<supplied/>
<w form="X" lemma="X" label="X">X</w>
<w form="X" lemma="X" label="X">X</w>
<w form="Xbr" lemma="Xbr" label="Xbr">(X)</w>
<suppliedEnd/>
<w form="u3-mu-ni-ib2-tag-X" lemma="tag" pos="V" label="to touch">u3-<damage/>mu-ni<damageEnd/>-<unclear cert="qry">ib2</unclear>-tag-<supplied/>X</w>
<w form="Xbr" lemma="Xbr" label="Xbr">(X)</w>
<suppliedEnd/>
</l>
<l n="132" id="c4074.132" corresp="t4074.p22">
<w form="NI" lemma="NI" label="NI"><unclear cert="qry">NI</unclear></w>
<w form="ku10-ku10-ge" lemma="ku10-ku10" pos="V" label="to be dark" form-type="RR">ku10-ku10-ge</w>
<w form="X" lemma="X" label="X">X</w>
<w form="X" lemma="X" label="X">X</w>
<w form="X" lemma="X" label="X">X</w>
<supplied/>
<w form="&X;" lemma="&X;" label="&X;">&X;</w>
<suppliedEnd/>
</l>
<l n="133" id="c4074.133" corresp="t4074.p22">
<w form="a2-cu-jiri3-ni" lemma="a2-cu-jiri3" pos="N" label="limbs">a2-cu-jiri3-ni</w>
<w form="u3-&X;" lemma="&X;" label="&X;">u3-<supplied/>&X;</w>
<suppliedEnd/>
</l>
<l n="134" id="c4074.134" corresp="t4074.p22">
<w form="ama-ni" lemma="ama" pos="N" label="mother">ama-ni</w>
<w form="ce-er-X" lemma="X" label="X">ce-er-X</w>
<supplied/>
<w form="&X;" lemma="&X;" label="&X;">&X;</w>
<suppliedEnd/>
</l>
<l n="135" id="c4074.135" corresp="t4074.p22">
<w form="X" lemma="X" label="X">X</w>
<w form="X" lemma="X" label="X">X</w>
<supplied/>
<w form="&X;" lemma="&X;" label="&X;">&X;</w>
<suppliedEnd/>
</l>
<l n="136" id="c4074.136" corresp="t4074.p22">
<w form="X" lemma="X" label="X">X</w>
<w form="X" lemma="X" label="X">X</w>
<supplied/>
<w form="&X;" lemma="&X;" label="&X;">&X;</w>
<suppliedEnd/>
</l>
<gap extent="1 line missing"/>
<l n="138" id="c4074.138" corresp="t4074.p22">
<supplied/>
<w form="&X;" lemma="&X;" label="&X;">&X;</w>
<suppliedEnd/>
<w form="X" lemma="X" label="X">X</w>
<supplied/>
<w form="&X;" lemma="&X;" label="&X;">&X;</w>
<suppliedEnd/>
</l>
<l n="139" id="c4074.139" corresp="t4074.p22">
<supplied/>
<w form="X" lemma="X" label="X">X</w>
<suppliedEnd/>
<w form="X" lemma="X" label="X">X</w>
<w form="X" lemma="X" label="X">X</w>
<supplied/>
<w form="&X;" lemma="&X;" label="&X;">&X;</w>
<suppliedEnd/>
<w form="cu" lemma="cu" pos="N" label="hand">cu</w>
<w form="MI" lemma="MI" label="MI">MI</w>
<supplied/>
<w form="&X;" lemma="&X;" label="&X;">&X;</w>
<suppliedEnd/>
</l>
<l n="140" id="c4074.140" corresp="t4074.p22">
<w form="X" lemma="X" label="X">X</w>
<w form="tur" lemma="tur" pos="V" label="to be small"><unclear cert="qry">tur</unclear></w>
<w form="mu-da-dug3" lemma="dug3" pos="V" label="to be good"><unclear cert="qry">mu</unclear>-da-dug3</w>
<supplied/>
<w form="&X;" lemma="&X;" label="&X;">&X;</w>
<suppliedEnd/>
<w form="tab" lemma="tab" pos="V" label="to be parallel"><unclear cert="qry">tab</unclear></w>
<w form="mu-un-da-&X;" lemma="&X;" label="&X;">mu-un-da-<supplied/>&X;</w>
<suppliedEnd/>
</l>
<l n="141" id="c4074.141" corresp="t4074.p22">
<w form="geme2" lemma="geme2" pos="N" label="female slave">geme2</w>
<w form="nin-a-ni" lemma="nin" pos="N" label="lady">nin-a-ni</w>
<supplied/>
<w form="&X;" lemma="&X;" label="&X;">&X;</w>
<suppliedEnd/>
<w form="HI" lemma="HI" label="&H;I">HI</w>
<w form="NI" lemma="NI" label="NI">NI</w>
<w form="cum2-ma" lemma="cum2" pos="V" label="to give">cum2-ma</w>
<supplied/>
<w form="X" lemma="X" label="X">X</w>
<w form="Xbr" lemma="Xbr" label="Xbr">(X)</w>
<suppliedEnd/>
</l>
<l n="142" id="c4074.142" corresp="t4074.p22">
<damage/>
<w form="e2-a-ni" lemma="e2" pos="N" label="house(hold)">e2<damageEnd/>-a-ni</w>
<damage/>
<w form="nij2-gur11" lemma="nij2-gur11" pos="N" label="possessions"><unclear cert="qry">nij2</unclear>-<unclear cert="qry">gur11</unclear></w>
<damageEnd/>
<supplied/>
<w form="X" lemma="X" label="X">X</w>
<w form="Xbr" lemma="Xbr" label="Xbr">(X)</w>
<suppliedEnd/>
<w form="X" lemma="X" label="X">X</w>
<w form="JIC" lemma="JIC" label="&G;I&C;">JIC</w>
<w form="im-ma-X" lemma="X" label="X">im-ma-X</w>
<supplied/>
<w form="X" lemma="X" label="X">X</w>
<w form="Xbr" lemma="Xbr" label="Xbr">(X)</w>
<suppliedEnd/>
</l>
<l n="143" id="c4074.143" corresp="t4074.p22">
<w form="dumu-a-ni" lemma="dumu" pos="N" label="child">dumu-a-ni</w>
<supplied/>
<w form="X" lemma="X" label="X">X</w>
<w form="Xbr" lemma="Xbr" label="Xbr">(X)</w>
<suppliedEnd/>
<damage/>
<w form="mu-un-na-ab-X" lemma="X" label="X">mu<damageEnd/>-un-na-ab-<supplied/>X</w>
<w form="Xbr" lemma="Xbr" label="Xbr">(X)</w>
<suppliedEnd/>
</l>
<l n="144" id="c4074.144" corresp="t4074.p23">
<w form="&d;inana" lemma="inana" pos="N" type="DN" label="Inana" det="&d;">&d;inana</w>
<w form="nin" lemma="nin" pos="N" label="lady">nin</w>
<supplied/>
<w form="me" lemma="me" pos="N" label="essence">me</w>
<w form="car2-ra-me-en" lemma="car2" pos="V" label="to be numerous">car2-ra-me<suppliedEnd/>-en</w>
<w form="dijir" lemma="dijir" pos="N" label="deity">dijir</w>
<w form="nu-mu-e-da-sa2" lemma="sa2" pos="V" label="to equal">nu-<damage/>mu<damageEnd/>-<supplied/>e-da-sa2</w>
<suppliedEnd/>
</l>
<l n="145" id="c4074.145" corresp="t4074.p23">
<w form="&d;nin-e2-gal-la" lemma="nin-e2-gal-la" pos="N" type="DN" label="Ninegala" det="&d;">&d;<damage/>nin<damageEnd/>-<supplied/>e2-gal-la<suppliedEnd/></w>
<supplied/>
<w form="ki-ur3-zu" lemma="ki-ur3" pos="N" label="foundation">ki<suppliedEnd/>-<damage/>ur3<damageEnd/>-zu</w>
<w form="mu-un-jal2" lemma="jal2" pos="V" label="to be (located)">mu-un-<damage/>jal2</w>
<damageEnd/>
<supplied/>
<w form="nam-mah-za" lemma="nam-mah" pos="N" label="majesty">nam-mah-za</w>
<w form="ga-am3-dug4" lemma="dug4" pos="V" label="to say">ga-am3-dug4</w>
<suppliedEnd/>
</l>
<l n="146" id="c4074.146" corresp="t4074.p24">
<w form="X" lemma="X" label="X">X</w>
<w form="X" lemma="X" label="X">X</w>
<w form="X" lemma="X" label="X">X</w>
<supplied/>
<w form="X" lemma="X" label="X">X</w>
<w form="Xbr" lemma="Xbr" label="Xbr">(X)</w>
<suppliedEnd/>
<w form="UR3" lemma="UR3" label="UR&s3;"><unclear cert="qry">UR3</unclear></w>
<w form="jen-na" lemma="jen" pos="V" label="to go">jen-na</w>
<w form="X" lemma="X" label="X">X</w>
<supplied/>
<w form="&X;" lemma="&X;" label="&X;">&X;</w>
<suppliedEnd/>
</l>
<l n="147" id="c4074.147" corresp="t4074.p24">
<supplied/>
<w form="X" lemma="X" label="X">X</w>
<suppliedEnd/>
<w form="X" lemma="X" label="X">X</w>
<w form="TU" lemma="TU" label="TU">TU</w>
<supplied/>
<w form="X" lemma="X" label="X">X</w>
<w form="X" lemma="X" label="X">X</w>
<suppliedEnd/>
<w form="X" lemma="X" label="X">X</w>
<damage/>
<w form="u3-mu-X" lemma="X" pos="V" label="X"><unclear cert="qry">u3</unclear><damageEnd/>-mu-X</w>
<w form="X" lemma="X" label="X">X</w>
<supplied/>
<w form="X" lemma="X" label="X">X</w>
<w form="Xbr" lemma="Xbr" label="Xbr">(X)</w>
<suppliedEnd/>
</l>
<l n="148" id="c4074.148" corresp="t4074.p24">
<w form="CU" lemma="CU" label="&C;U"><unclear cert="qry">CU</unclear></w>
<w form="ZU" lemma="ZU" label="ZU"><unclear cert="qry">ZU</unclear></w>
<w form="UC" lemma="UC" label="U&C;"><unclear cert="qry">UC</unclear></w>
<w form="BI" lemma="BI" label="BI">BI</w>
<damage/>
<w form="AN" lemma="AN" label="AN">AN</w>
<damageEnd/>
<supplied/>
<w form="Xbr" lemma="Xbr" label="Xbr">(X)</w>
<suppliedEnd/>
<damage/>
<w form="u3-X" lemma="X" pos="V" label="X"><unclear cert="qry">u3</unclear>-X</w>
<damageEnd/>
<supplied/>
<w form="&X;" lemma="&X;" label="&X;">&X;</w>
<suppliedEnd/>
</l>
<l n="149" id="c4074.149" corresp="t4074.p24">
<w form="X" lemma="X" label="X">X</w>
<w form="BA" lemma="BA" label="BA">BA</w>
<w form="X" lemma="X" label="X">X</w>
<w form="LI" lemma="LI" label="LI">LI</w>
<w form="X" lemma="X" label="X">X</w>
<supplied/>
<w form="X" lemma="X" label="X">X</w>
<w form="X" lemma="X" label="X">X</w>
<suppliedEnd/>
<w form="pa" lemma="pa" pos="N" label="branch">pa</w>
<damage/>
<w form="mu-na-an-e3" lemma="e3" pos="V" label="to go out or in">mu<damageEnd/>-<supplied/>na<suppliedEnd/>-an-<damage/><unclear cert="qry">e3</unclear></w>
<damageEnd/>
</l>
<l n="150" id="c4074.150" corresp="t4074.p24">
<w form="e2" lemma="e2" pos="N" label="house(hold)">e2</w>
<supplied/>
<w form="X" lemma="X" label="X">X</w>
<w form="X" lemma="X" label="X">X</w>
<w form="X" lemma="X" label="X">X</w>
<suppliedEnd/>
<w form="X" lemma="X" label="X">X</w>
<w form="X" lemma="X" label="X">X</w>
<w form="ba-jar" lemma="jar" pos="V" label="to place">ba-<unclear cert="cor">jar</unclear></w>
<supplied/>
<w form="X" lemma="X" label="X">X</w>
<w form="Xbr" lemma="Xbr" label="Xbr">(X)</w>
<suppliedEnd/>
<w form="ma-ra-an-du8-e" lemma="du8" pos="V" label="to spread">ma-<damage/>ra<damageEnd/>-an-du8-e</w>
</l>
<l n="151" id="c4074.151" corresp="t4074.p24">
<w form="ZA" lemma="ZA" label="ZA">ZA</w>
<w form="X" lemma="X" label="X">X</w>
<w form="ZA" lemma="ZA" label="ZA">ZA</w>
<supplied/>
<w form="X" lemma="X" label="X">X</w>
<w form="X" lemma="X" label="X">X</w>
<suppliedEnd/>
<damage/>
<w form="nu2" lemma="nu2" pos="V" label="to lie down"><unclear cert="qry">nu2</unclear></w>
<damageEnd/>
<w form="dug3-Xbr-ge-da" lemma="dug3" pos="V" label="to be good">dug3-<supplied/>(X)<suppliedEnd/>-ge-da</w>
<supplied/>
<w form="&X;" lemma="&X;" label="&X;">&X;</w>
<suppliedEnd/>
<w form="DI" lemma="DI" label="DI">DI</w>
</l>
<l n="152" id="c4074.152" corresp="t4074.p24">
<w form="X" lemma="X" label="X">X</w>
<supplied/>
<w form="&X;-si-si-in" lemma="si" pos="V" label="to fill" form-type="RR">&X;<suppliedEnd/>-<damage/>si<damageEnd/>-si-in</w>
</l>
<l n="153" id="c4074.153" corresp="t4074.p24">
<w form="AN" lemma="AN" label="AN">AN</w>
<supplied/>
<w form="&X;" lemma="&X;" label="&X;">&X;</w>
<suppliedEnd/>
<w form="X" lemma="X" label="X">X</w>
<w form="X" lemma="X" label="X">X</w>
<w form="X" lemma="X" label="X">X</w>
<w form="za-e" lemma="za" pos="PD" type="personal" label="you (sg.)">za-e</w>
<w form="dijir" lemma="dijir" pos="N" label="deity">dijir</w>
<w form="mah-me-en" lemma="mah" pos="V" label="to be majestic">mah-me-en</w>
</l>
<l n="154" id="c4074.154" corresp="t4074.p24">
<damage/>
<w form="JA2&times;X" lemma="JA2&times;X" label="&G;A&s2;&times;X">JA2&times;X</w>
<damageEnd/>
<supplied/>
<w form="X" lemma="X" label="X">X</w>
<w form="X" lemma="X" label="X">X</w>
<w form="Xbr" lemma="Xbr" label="Xbr">(X)</w>
<suppliedEnd/>
<w form="nu2" lemma="nu2" pos="V" label="to lie down">nu2</w>
<w form="mu-da-ak-e" lemma="ak" pos="V" label="to do">mu-da-<unclear cert="qry">ak</unclear>-e</w>
</l>
<l n="155" id="c4074.155" corresp="t4074.p24">
<w form="ki-nu2-bi" lemma="ki-nu2" pos="N" label="sleeping quarter">ki-<damage/>nu2<damageEnd/>-<unclear cert="qry">bi</unclear></w>
<supplied/>
<w form="X" lemma="X" label="X">X</w>
<suppliedEnd/>
<w form="X" lemma="X" label="X">X</w>
<w form="BUR" lemma="BUR" label="BUR">BUR</w>
<w form="DUB2" lemma="DUB2" label="DUB&s2;">DUB2</w>
<w form="HI" lemma="HI" label="&H;I">HI</w>
<w form="HI-a" lemma="HI" pos="V" label="&H;I">HI-a</w>
</l>
<l n="156" id="c4074.156" corresp="t4074.p24">
<w form="sila" lemma="sila" pos="N" label="street">sila</w>
<w form="dajal" lemma="dajal" pos="V" label="to be wide">dajal</w>
<w form="ucumgal" lemma="ucumgal" pos="N" label="type of serpent">ucumgal</w>
<w form="nu2-a-gin7" lemma="nu2" pos="V" label="to lie down">nu2-a-gin7</w>
<damage/>
<w form="zig3-ga" lemma="zig3" pos="V" label="to rise">zig3<damageEnd/>-ga</w>
<w form="mu-ni-ib-tum3-tum3" lemma="de6" pos="V" label="to carry" form-type="RR-isg">mu-ni-ib-tum3-tum3</w>
</l>
<l n="157" id="c4074.157" corresp="t4074.p24">
<w form="ki-sikil-e" lemma="ki-sikil" pos="N" label="young woman">ki-sikil-<damage/>e</w>
<damageEnd/>
<w form="e2-mah" lemma="e2-mah" pos="N" type="TN" label="E-ma&h;">e2-mah</w>
<w form="mu-un-cub-be2" lemma="cub" pos="V" label="to fall">mu-un-cub-be2</w>
<w form="e2" lemma="e2" pos="N" label="house(hold)">e2</w>
<supplied/>
<w form="X-ju10-gin7" lemma="X" label="X">X<suppliedEnd/>-<damage/>ju10<damageEnd/>-gin7</w>
<w form="mu-un-gul-e" lemma="gul" pos="V" label="to destroy">mu-un-gul-e</w>
</l>
<l n="158" id="c4074.158" corresp="t4074.p24">
<w form="juruc" lemma="juruc" pos="N" label="young man"><unclear cert="cor">juruc</unclear></w>
<w form="nam-mah-zu" lemma="nam-mah" pos="N" label="majesty">nam-<unclear cert="qry">mah</unclear>-zu</w>
<w form="mu-un-zu-a" lemma="zu" pos="V" label="to know">mu-un-zu-a</w>
<w form="giri17" lemma="giri17" pos="N" label="nose">giri17</w>
<w form="cu" lemma="cu" pos="N" label="hand">cu</w>
<w form="ba-ab-tag-ge" lemma="tag" pos="V" label="to touch">ba-ab-tag-ge</w>
</l>
<l n="159" id="c4074.159" corresp="t4074.p25">
<w form="&d;inana" lemma="inana" pos="N" type="DN" label="Inana" det="&d;">&d;inana</w>
<damage/>
<w form="nin" lemma="nin" pos="N" label="lady">nin</w>
<damageEnd/>
<w form="me" lemma="me" pos="N" label="essence">me</w>
<w form="car2-ra-me-en" lemma="car2" pos="V" label="to be numerous">car2-ra-me-en</w>
<w form="dijir" lemma="dijir" pos="N" label="deity">dijir</w>
<w form="nu-mu-e-da-sa2" lemma="sa2" pos="V" label="to equal">nu-mu-e-da-sa2</w>
</l>
<l n="160" id="c4074.160" corresp="t4074.p25">
<w form="&d;nin-e2-gal" lemma="nin-e2-gal-la" pos="N" type="DN" label="Ninegala" det="&d;"><damage/>&d;<damageEnd/>nin-<supplied/>e2<suppliedEnd/>-<damage/>gal<damageEnd/></w>
<w form="ki-ur3-zu" lemma="ki-ur3" pos="N" label="foundation">ki-ur3-zu</w>
<w form="mu-jal2" lemma="jal2" pos="V" label="to be (located)">mu-jal2</w>
<damage/>
<w form="nam-mah-za" lemma="nam-mah" pos="N" label="majesty">nam<damageEnd/>-mah-za</w>
<w form="ga-am3-dug4" lemma="dug4" pos="V" label="to say">ga-<damage/>am3<damageEnd/>-dug4</w>
</l>
<l n="161" id="c4074.161" corresp="t4074.p26">
<supplied/>
<w form="&X;" lemma="&X;" label="&X;">&X;</w>
<suppliedEnd/>
<w form="X" lemma="X" label="X">X</w>
<w form="E" lemma="E" label="E">E</w>
<w form="la2-a-ba" lemma="la2" pos="V" label="to hang">la2-a-<damage/>ba</w>
<damageEnd/>
</l>
<l n="162" id="c4074.162" corresp="t4074.p26">
<w form="X" lemma="X" label="X">X</w>
<w form="X" lemma="X" label="X">X</w>
<supplied/>
<w form="&X;-gin7" lemma="&X;" label="&X;">&X;<suppliedEnd/>-gin7</w>
<w form="X" lemma="X" label="X">X</w>
<w form="X" lemma="X" label="X">X</w>
<supplied/>
<w form="Xbr" lemma="Xbr" label="Xbr">(X)</w>
<suppliedEnd/>
<w form="TU" lemma="TU" label="TU"><unclear cert="qry">TU</unclear></w>
<supplied/>
<w form="X" lemma="X" label="X">X</w>
<w form="X-ne" lemma="X" label="X">X<suppliedEnd/>-<unclear cert="qry">ne</unclear></w>
</l>
<l n="163" id="c4074.163" corresp="t4074.p26">
<w form="X" lemma="X" label="X">X</w>
<supplied/>
<w form="&X;-jal2-la-ba" lemma="jal2" pos="V" label="to be (located)">&X;<suppliedEnd/>-<damage/>jal2<damageEnd/>-la-ba</w>
</l>
<l n="164" id="c4074.164" corresp="t4074.p26">
<supplied/>
<w form="&X;" lemma="&X;" label="&X;">&X;</w>
<suppliedEnd/>
<w form="zig3-ga" lemma="zig3" pos="V" label="to rise">zig3-ga</w>
</l>
<l n="165" id="c4074.165" corresp="t4074.p26">
<supplied/>
<w form="&X;" lemma="&X;" label="&X;">&X;</w>
<suppliedEnd/>
<w form="X" lemma="X" label="X">X</w>
<w form="tum3" lemma="de6" pos="V" label="to carry" form-type="isg">tum3</w>
</l>
<gap extent="20 lines missing"/>
<l n="186" id="c4074.186" corresp="t4074.p26">
<supplied/>
<w form="&X;" lemma="&X;" label="&X;">&X;</w>
<suppliedEnd/>
<w form="X" lemma="X" label="X">X</w>
<damage/>
<w form="DU" lemma="DU" label="DU"><unclear cert="qry">DU</unclear></w>
<damageEnd/>
</l>
<l n="187" id="c4074.187" corresp="t4074.p26">
<w form="X" lemma="X" label="X">X</w>
<w form="X" lemma="X" label="X">X</w>
<w form="X" lemma="X" label="X">X</w>
<w form="im-mi-in-tar" lemma="tar" pos="V" label="to cut">im-mi-in-tar</w>
<w form="saj" lemma="saj" pos="N" label="head">saj</w>
<supplied/>
<w form="X" lemma="X" label="X">X</w>
<w form="Xbr" lemma="Xbr" label="Xbr">(X)</w>
<suppliedEnd/>
<w form="mu-na-ni-in-rig7" lemma="rig7" pos="V" label="to bestow">mu-na-ni-in-<damage/>rig7</w>
<damageEnd/>
</l>
<l n="188" id="c4074.188" corresp="t4074.p26">
<w form="ki-gub-ba-zu" lemma="ki-gub" pos="N" label="location">ki-gub-ba-zu</w>
<w form="MU" lemma="MU" label="MU">MU</w>
<w form="ZU" lemma="ZU" label="ZU">ZU</w>
<w form="X" lemma="X" label="X">X</w>
<supplied/>
<w form="Xbr-am3" lemma="Xbr" label="Xbr">(X)<suppliedEnd/>-am3</w>
</l>
<l n="189" id="c4074.189" corresp="t4074.p26">
<w form="e2-gal-edin" lemma="e2-gal-edin-na" pos="N" type="TN" label="Egal-edina">e2-gal-edin</w>
<damage/>
<w form="zag-ba" lemma="zag" pos="N" label="side">zag<damageEnd/>-ba</w>
<w form="um-mi-in-X" lemma="X" label="X">um-mi-in-X</w>
</l>
<l n="190" id="c4074.190" corresp="t4074.p26">
<supplied/>
<w form="&d;udug" lemma="udug" pos="N" label="type of demon" det="&d;">&d;<suppliedEnd/><damage/>udug</w>
<damageEnd/>
<w form="hul" lemma="hul" pos="V" label="to be bad">hul</w>
<w form="&d;lamma" lemma="lamma" pos="N" label="guardian deity" det="&d;">&d;lamma</w>
<w form="hul" lemma="hul" pos="V" label="to be bad">hul</w>
<w form="gaba-bi" lemma="gaba" pos="N" label="chest">gaba-bi</w>
<w form="im-ta-an-ri" lemma="ri" pos="V" label="to direct">im-ta-an-ri</w>
</l>
<l n="191" id="c4074.191" corresp="t4074.p27">
<w form="&d;inana" lemma="inana" pos="N" type="DN" label="Inana" det="&d;"><supplied/>&d;<suppliedEnd/>inana</w>
<w form="nin" lemma="nin" pos="N" label="lady">nin</w>
<w form="me" lemma="me" pos="N" label="essence">me</w>
<w form="car2-ra-me-en" lemma="car2" pos="V" label="to be numerous">car2-ra-me-en</w>
<w form="dijir" lemma="dijir" pos="N" label="deity">dijir</w>
<w form="nu-mu-e-da-sa2" lemma="sa2" pos="V" label="to equal">nu-mu-e-da-sa2</w>
</l>
<l n="192" id="c4074.192" corresp="t4074.p27">
<w form="&d;nin-e2-gal-la" lemma="nin-e2-gal-la" pos="N" type="DN" label="Ninegala" det="&d;"><damage/>&d;<damageEnd/>nin-e2-gal-la</w>
<w form="ki-ur3-zu" lemma="ki-ur3" pos="N" label="foundation">ki-ur3-zu</w>
<w form="mu-jal2" lemma="jal2" pos="V" label="to be (located)">mu-jal2</w>
<w form="nam-mah-za" lemma="nam-mah" pos="N" label="majesty">nam-mah-za</w>
<w form="ga-am3-dug4" lemma="dug4" pos="V" label="to say">ga-am3-dug4</w>
</l>
<l n="193" id="c4074.193" corresp="t4074.p28">
<supplied/>
<w form="X" lemma="X" label="X">X</w>
<suppliedEnd/>
<w form="X" lemma="X" label="X">X</w>
<w form="JAR" lemma="JAR" label="&G;AR">JAR</w>
<w form="ki" lemma="ki" pos="N" label="place">ki</w>
<w form="cag4" lemma="cag4" pos="N" label="heart">cag4</w>
<w form="te" lemma="te" pos="V" label="to approach">te</w>
<w form="KA.AN.NI.SI-zu" lemma="KA.AN.NI.SI" pos="N" label="writing of gu&s3;-an-ne&s2;-si and kurku&s2;">KA.AN.NI.SI-zu</w>
</l>
<l n="194" id="c4074.194" corresp="t4074.p28">
<w form="&d;inana" lemma="inana" pos="N" type="DN" label="Inana" det="&d;"><supplied/>&d;<suppliedEnd/><damage/><unclear cert="qry">inana</unclear><damageEnd/></w>
<w form="ki-sikil" lemma="ki-sikil" pos="N" label="young woman">ki-sikil</w>
<w form="hi-li-a-gin7" lemma="hi-li" pos="N" label="attractiveness">hi-li-a-gin7</w>
<w form="u6-e" lemma="u6" pos="N" label="wonder">u6-e</w>
<w form="ca-ba-ab-gub-be2" lemma="gub" pos="V" label="to stand">ca-ba-ab-gub-be2</w>
</l>
<l n="195" id="c4074.195" corresp="t4074.p28">
<supplied/>
<w form="X" lemma="X" label="X">X</w>
<suppliedEnd/>
<w form="X" lemma="X" label="X">X</w>
<w form="KA" lemma="KA" label="KA">KA</w>
<w form="jal2" lemma="jal2" pos="V" label="to open">jal2</w>
<w form="ca-mu-ra-ab-taka4" lemma="taka4" pos="V" label="to leave behind">ca-mu-ra-ab-taka4</w>
</l>
<l n="196" id="c4074.196" corresp="t4074.p28">
<supplied/>
<w form="nu-gig" lemma="nu-u8-gig" pos="N" label="high-status woman">nu<suppliedEnd/>-gig</w>
<w form="KA.AN.NI.SI-zu" lemma="KA.AN.NI.SI" pos="N" label="writing of gu&s3;-an-ne&s2;-si and kurku&s2;">KA.AN.NI.SI-zu</w>
<w form="unu2" lemma="unu2" pos="N" label="jewellery">unu2</w>
<w form="cuba" lemma="cuba" pos="N" label="agate?">cuba</w>
<w form="ma-ra-ab-la2" lemma="la2" pos="V" label="to hang">ma-ra-ab-la2</w>
</l>
<l n="197" id="c4074.197" corresp="t4074.p28">
<supplied/>
<w form="X" lemma="X" label="X">X</w>
<suppliedEnd/>
<w form="gal" lemma="gal" pos="V" label="to be big">gal</w>
<w form="lu2" lemma="lu2" pos="N" label="person">lu2</w>
<w form="jarza-ke4" lemma="jarza" pos="N" label="rite">jarza-ke4</w>
</l>
<l n="198" id="c4074.198" corresp="t4074.p28">
<supplied/>
<w form="Xbr" lemma="Xbr" label="Xbr">(X)</w>
<suppliedEnd/>
<w form="X" lemma="X" label="X">X</w>
<w form="e2-bi" lemma="e2" pos="N" label="house(hold)">e2-bi</w>
<w form="me3" lemma="me3" pos="N" label="battle">me3</w>
<w form="zig3-ga" lemma="zig3" pos="V" label="to rise">zig3-ga</w>
<w form="ah6" lemma="ah6" pos="N" label="spittle">ah6</w>
<w form="ku" lemma="ku" pos="V" label="to lay down">ku</w>
<w form="mu-un-e3" lemma="e3" pos="V" label="to go out or in">mu-<unclear cert="cor">un</unclear>-<unclear cert="cor">e3</unclear></w>
</l>
<l n="199" id="c4074.199" corresp="t4074.p28">
<supplied/>
<w form="e2-e2-a" lemma="e2" pos="N" label="house(hold)" form-type="RR">e2<suppliedEnd/>-<damage/>e2<damageEnd/>-a</w>
<w form="in-ku4-ku4-de3-en" lemma="kur9" pos="V" label="to enter" form-type="rr">in-ku4-ku4-de3-en</w>
</l>
<l n="200" id="c4074.200" corresp="t4074.p28">
<supplied/>
<w form="e-sir2-e-sir2-ra" lemma="e-sir2" pos="N" label="street" form-type="RR">e-sir2<suppliedEnd/>-e-sir2-ra</w>
<w form="gu2" lemma="gu2" pos="N" label="neck">gu2</w>
<w form="mu-un-gid2-gid2-de3-en" lemma="gid2" pos="V" label="to be long" form-type="RR">mu-un-gid2-gid2-de3-en</w>
</l>
<l n="201" id="c4074.201" corresp="t4074.p28">
<w form="nin" lemma="nin" pos="N" label="lady">nin</w>
<supplied/>
<w form="X" lemma="X" label="X">X</w>
<suppliedEnd/>
<w form="tu5-a" lemma="tu5" pos="V" label="to wash">tu5-a</w>
<w form="KA.AN.NI.SI" lemma="KA.AN.NI.SI" pos="N" label="writing of gu&s3;-an-ne&s2;-si and kurku&s2;">KA.AN.NI.SI</w>
<supplied/>
<w form="u3-mu-un-si" lemma="si" pos="V" label="to fill">u3<suppliedEnd/>-mu-un-si</w>
<w form="cu-nir-zu" lemma="cu-nir" pos="N" label="(divine) standard">cu-nir-zu</w>
<w form="u3-mu-un-ak" lemma="ak" pos="V" label="to do">u3-mu-un-ak</w>
</l>
<l n="202" id="c4074.202" corresp="t4074.p28">
<w form="ki-sikil" lemma="ki-sikil" pos="N" label="young woman">ki-sikil</w>
<w form="CAG4.TUR" lemma="CAG4.TUR" pos="N" label="meaning unknown">CAG4.TUR</w>
<w form="gub-ba-za" lemma="gub" pos="V" label="to stand">gub-ba-za</w>
<w form="hi-li" lemma="hi-li" pos="N" label="attractiveness">hi-li</w>
<w form="ba-ni-in-tag-ge-en6" lemma="tag" pos="V" label="to touch">ba-ni-in-tag-ge-en6</w>
</l>
<l n="203" id="c4074.203" corresp="t4074.p28">
<w form="lu2" lemma="lu2" pos="N" label="person">lu2</w>
<w form="X" lemma="X" label="X">X</w>
<w form="X" lemma="X" label="X">X</w>
<w form="tur3-ra" lemma="tur3" pos="N" label="animal stall">tur3-ra</w>
<w form="mu-ni-in-pad3-de3" lemma="pad3" pos="V" label="to find">mu-ni-in-pad3-de3</w>
<supplied/>
<w form="&X;-ra-an-DU" lemma="DU" pos="V" label="DU">&X;<suppliedEnd/>-<damage/>ra<damageEnd/>-an-DU</w>
</l>
<l n="204" id="c4074.204" corresp="t4074.p28">
<supplied/>
<w form="X" lemma="X" label="X">X</w>
<w form="X" lemma="X" label="X">X</w>
<suppliedEnd/>
<w form="X" lemma="X" label="X">X</w>
<w form="ZA" lemma="ZA" label="ZA">ZA</w>
<w form="JAR-zu" lemma="JAR" label="&G;AR">JAR-zu</w>
<w form="A" lemma="A" label="A">A</w>
<w form="mu-ra-an-DU" lemma="DU" pos="V" label="DU">mu-ra-an-DU</w>
<w form="a-ra-zu" lemma="a-ra-zu" pos="N" label="supplication">a-ra-zu</w>
<w form="MU" lemma="MU" label="MU">MU</w>
<w form="X" lemma="X" label="X">X</w>
<w form="X" lemma="X" label="X">X</w>
</l>
<l n="205" id="c4074.205" corresp="t4074.p29">
<w form="&d;inana" lemma="inana" pos="N" type="DN" label="Inana" det="&d;">&d;inana</w>
<w form="nin" lemma="nin" pos="N" label="lady">nin</w>
<w form="me" lemma="me" pos="N" label="essence">me</w>
<w form="car2-ra-me-en" lemma="car2" pos="V" label="to be numerous">car2-ra-me-en</w>
<w form="dijir" lemma="dijir" pos="N" label="deity">dijir</w>
<w form="nu-mu-e-da-sa2" lemma="sa2" pos="V" label="to equal">nu-mu-e-da-sa2</w>
</l>
<l n="206" id="c4074.206" corresp="t4074.p29">
<w form="&d;nin-e2-gal-la" lemma="nin-e2-gal-la" pos="N" type="DN" label="Ninegala" det="&d;">&d;nin-e2-gal-<damage/>la<damageEnd/></w>
<supplied/>
<w form="ki-ur3-zu" lemma="ki-ur3" pos="N" label="foundation">ki<suppliedEnd/>-<damage/>ur3<damageEnd/>-zu</w>
<w form="mu-jal2" lemma="jal2" pos="V" label="to be (located)">mu-jal2</w>
<w form="nam-mah-za" lemma="nam-mah" pos="N" label="majesty">nam-mah-za</w>
<w form="ga-am3-dug4" lemma="dug4" pos="V" label="to say">ga-am3-dug4</w>
</l>
<l n="207" id="c4074.207" corresp="t4074.p30">
<w form="&d;inana" lemma="inana" pos="N" type="DN" label="Inana" det="&d;">&d;inana</w>
<w form="nin" lemma="nin" pos="N" label="lady">nin</w>
<w form="me" lemma="me" pos="N" label="essence">me</w>
<w form="gal-gal-la-me-en" lemma="gal" pos="V" label="to be big" form-type="RR">gal-gal-la-me-en</w>
</l>
<l n="208" id="c4074.208" corresp="t4074.p30">
<w form="ama-zu" lemma="ama" pos="N" label="mother">ama-zu</w>
<w form="&d;nin-gal" lemma="nin-gal" pos="N" type="DN" label="Ningal" det="&d;"><damage/>&d;<damageEnd/>nin-gal</w>
<w form="nij2" lemma="nij2" pos="N" label="thing">nij2</w>
<w form="gal-gal-la" lemma="gal" pos="V" label="to be big" form-type="RR">gal-gal-la</w>
<supplied/>
<w form="&X;" lemma="&X;" label="&X;">&X;</w>
<suppliedEnd/>
</l>
<l n="209" id="c4074.209" corresp="t4074.p30">
<w form="a-a-zu" lemma="a-a" pos="N" label="father">a-a-zu</w>
<w form="&d;suen" lemma="suen" pos="N" type="DN" label="Suen" det="&d;">&d;suen</w>
<w form="ab2" lemma="ab2" pos="N" label="cow">ab2</w>
<w form="kug" lemma="kug" pos="AJ" label="shining">kug</w>
<w form="gal-gal" lemma="gal" pos="V" label="to be big" form-type="RR">gal-gal</w>
<supplied/>
<w form="&X;" lemma="&X;" label="&X;">&X;</w>
<suppliedEnd/>
</l>
<l n="210" id="c4074.210" corresp="t4074.p30">
<w form="cec-zu" lemma="cec" pos="N" label="brother">cec-zu</w>
<damage/>
<w form="cul" lemma="cul" pos="N" label="young man">cul</w>
<damageEnd/>
<supplied/>
<w form="&d;utu" lemma="utu" pos="N" type="DN" label="Utu" det="&d;">&d;utu</w>
<suppliedEnd/>
<w form="X" lemma="X" label="X">X</w>
<w form="JIC" lemma="JIC" label="&G;I&C;">JIC</w>
<w form="PI" lemma="PI" label="PI"><unclear cert="qry">PI</unclear></w>
<damage/>
<w form="gal-gal" lemma="gal" pos="V" label="to be big" form-type="RR">gal-gal</w>
<damageEnd/>
<supplied/>
<w form="&X;" lemma="&X;" label="&X;">&X;</w>
<suppliedEnd/>
</l>
<l n="211" id="c4074.211" corresp="t4074.p30">
<w form="nitalam" lemma="nitalam" pos="N" label="spouse">nitalam</w>
<w form="&d;ama-ucumgal-an-na" lemma="ama-ucumgal-an-na" pos="N" type="DN" label="Ama-u&c;umgal-ana" det="&d;">&d;<damage/>ama<damageEnd/>-<supplied/>ucumgal-an-na<suppliedEnd/></w>
<supplied/>
<w form="&X;" lemma="&X;" label="&X;">&X;</w>
<suppliedEnd/>
</l>
<l n="212" id="c4074.212" corresp="t4074.p30">
<distinct type="emesal">
<w form="su8-ba" lemma="sipad" pos="N" label="shepherd" emesal="su8-ba">su8-ba</w>
</distinct>
<w form="en" lemma="en" pos="N" label="lord">en</w>
<w form="&d;dumu-zid" lemma="dumu-zid" pos="N" type="DN" label="Dumuzid" det="&d;">&d;dumu-zid</w>
<w form="NI" lemma="NI" label="NI">NI</w>
<w form="X" lemma="X" label="X">X</w>
<supplied/>
<w form="&X;" lemma="&X;" label="&X;">&X;</w>
<suppliedEnd/>
</l>
<l n="213" id="c4074.213" corresp="t4074.p30">
<w form="lagar3" lemma="lagar3" pos="N" label="minister">lagar3</w>
<w form="ki" lemma="ki" pos="N" label="place">ki</w>
<w form="aj2-zu" lemma="aj2" pos="V" label="to measure">aj2-zu</w>
<w form="&d;nin-cubur" lemma="nin-cubur" pos="N" type="DN" label="Nin&c;ubur" det="&d;">&d;nin-cubur</w>
<supplied/>
<w form="&X;" lemma="&X;" label="&X;">&X;</w>
<suppliedEnd/>
</l>
<l n="214" id="c4074.214" corresp="t4074.p30">
<damage/>
<w form="e-ri-ib" lemma="e-ri-ib" pos="N" label="sister-in-law">e<damageEnd/>-ri-ib</w>
<w form="ki" lemma="ki" pos="N" label="place">ki</w>
<w form="aj2-zu" lemma="aj2" pos="V" label="to measure">aj2-zu</w>
<supplied/>
<w form="&d;jectin-an-na" lemma="jectin-an-na" pos="N" type="DN" label="&G;e&c;tin-ana" det="&d;">&d;jectin-an-na</w>
<w form="&X;" lemma="&X;" label="&X;">&X;</w>
<suppliedEnd/>
</l>
<l n="215" id="c4074.215" corresp="t4074.p30">
<supplied/>
<w form="&X;" lemma="&X;" label="&X;">&X;</w>
<suppliedEnd/>
<w form="X" lemma="X" label="X">X</w>
<w form="X" lemma="X" label="X">X</w>
<w form="X" lemma="X" label="X">X</w>
<supplied/>
<w form="X" lemma="X" label="X">X</w>
<w form="X" lemma="X" label="X">X</w>
<suppliedEnd/>
<w form="mu-ni-in-&X;" lemma="&X;" label="&X;">mu-ni-<damage/>in<damageEnd/>-<supplied/>&X;</w>
<suppliedEnd/>
</l>
<l n="216" id="c4074.216" corresp="t4074.p30">
<supplied/>
<w form="&X;" lemma="&X;" label="&X;">&X;</w>
<suppliedEnd/>
<w form="X" lemma="X" label="X">X</w>
<supplied/>
<w form="&X;" lemma="&X;" label="&X;">&X;</w>
<suppliedEnd/>
</l>
<gap extent="1 line missing"/>
</body>
</text>
</TEI.2>
