<TEI.2 id="c.4.28.1">
<teiHeader lang="eng">
<fileDesc>
<titleStmt>
<title>A hymn to Nungal (Nungal A) -- a composite transliteration</title>
<respStmt><name>Jeremy Black</name><resp>Project Director and Editor</resp></respStmt>
<respStmt><name>G&aacute;bor Z&oacute;lyomi</name><resp>Editor</resp></respStmt>
<respStmt><name>Graham Cunningham</name><resp>Editor</resp></respStmt>
<respStmt><name>Eleanor Robson</name><resp>Technical Developer</resp></respStmt>
<respStmt><name>Jarle Ebeling</name><resp>Technical Developer</resp></respStmt>
</titleStmt>
<publicationStmt>
<distributor>The Electronic Text Corpus of Sumerian Literature
</distributor><address><addrLine>The Oriental Institute, University of Oxford, Pusey Lane, Oxford OX1 2LE, UK, email etcsl&commat;orinst.ox.ac.uk, http://etcsl.orinst.ox.ac.uk</addrLine></address>
<date>1999</date>
</publicationStmt>
<seriesStmt><p>The Electronic Text Corpus of Sumerian Literature aims to make accessible over 400 literary works composed in the Sumerian language in ancient Mesopotamia during the late third and early second millennia BC. The works are in Sumerian composite transliteration and English prose translation with bibliographical information on each composition.</p></seriesStmt>
<sourceDesc>
<listBibl type="secondary">
<bibl><xref from="b270">Civil 1989e</xref><biblScope type="contents">composite text</biblScope><note>electronic source</note></bibl>
<bibl><xref from="b308">Krecher 1996a</xref><biblScope type="contents">composite text, translation</biblScope><note>electronic source</note></bibl>
<bibl><xref from="b317">Civil 1992f</xref><biblScope type="contents">composite text</biblScope><note>electronic source</note></bibl>
<bibl><xref from="b544">Veldhuis 1997</xref><biblScope type="page">127-8</biblScope><biblScope type="contents">translation, commentary, composite text</biblScope><note>ll. 19-24</note></bibl>
<bibl><xref from="b545">Sj&ouml;berg 1973b</xref><biblScope type="contents">composite text, commentary, translation, photograph</biblScope></bibl>
<bibl><xref from="b546">Sj&ouml;berg 1977</xref><biblScope type="page">3-6</biblScope><biblScope type="contents">commentary, handcopy</biblScope><note>new texts, variants</note></bibl>
<bibl><xref from="b522">Alster and Walker 1989</xref><biblScope type="contents">score transliteration, commentary, translation</biblScope><note>ll. 109-121</note></bibl>
<bibl><xref from="b554">Komor&oacute;czy 1975</xref><biblScope type="contents">commentary, translation</biblScope></bibl>
<bibl><xref from="b561">Civil 1993</xref><biblScope type="contents">translation, commentary</biblScope><note>ll. 27-63, 75-112</note></bibl>
</listBibl>
<listBibl type="tablets">
<bibl><biblScope type="museumNumber">CBS 4583</biblScope><biblScope type="provenance">Nippur</biblScope><biblScope type="composLines">1-30</biblScope></bibl>
<bibl><biblScope type="museumNumber">CBS 3424b</biblScope><biblScope type="provenance">Nippur</biblScope><biblScope type="composLines">1-34</biblScope></bibl>
<bibl><biblScope type="museumNumber">3N-T725 = IM 58654</biblScope><biblScope type="provenance">Nippur</biblScope><biblScope type="composLines">1-22</biblScope></bibl>
<bibl><biblScope type="museumNumber">UM 29-16-49</biblScope><biblScope type="provenance">Nippur</biblScope><biblScope type="composLines">1-16, 45-56, 104-116</biblScope></bibl>
<bibl><biblScope type="museumNumber">3N-T751 + UM 55-21-376</biblScope><biblScope type="provenance">Nippur</biblScope><biblScope type="composLines">1-7</biblScope></bibl>
<bibl><biblScope type="museumNumber">N 3746</biblScope><biblScope type="provenance">Nippur</biblScope><biblScope type="composLines">1-4, 118-120</biblScope></bibl>
<bibl><biblScope type="museumNumber">Ni 9879 (ISET 1 134)</biblScope><biblScope type="provenance">Nippur</biblScope><biblScope type="composLines">2-7, ?</biblScope></bibl>
<bibl><biblScope type="museumNumber">3N-T919, 457</biblScope><biblScope type="provenance">Nippur</biblScope><biblScope type="composLines">3-7, 15-18</biblScope></bibl>
<bibl><biblScope type="museumNumber">N 942</biblScope><biblScope type="provenance">Nippur</biblScope><biblScope type="composLines">6-28</biblScope></bibl>
<bibl><biblScope type="museumNumber">CBS 14183</biblScope><biblScope type="provenance">Nippur</biblScope><biblScope type="composLines">9-29, 42-61, 66-83, 95-114</biblScope></bibl>
<bibl><biblScope type="museumNumber">Ni 9466 (ISET 1 170)</biblScope><biblScope type="provenance">Nippur</biblScope><biblScope type="composLines">12-17</biblScope></bibl>
<bibl><biblScope type="museumNumber">CBS 13931 (SEM 51)</biblScope><biblScope type="provenance">Nippur</biblScope><biblScope type="composLines">16-40, 68-83, 84-104, 120</biblScope></bibl>
<bibl><biblScope type="museumNumber">CBS 2223 (HAV 10)</biblScope><biblScope type="provenance">Nippur</biblScope><biblScope type="composLines">17-51</biblScope></bibl>
<bibl><biblScope type="museumNumber">3N-T463 + UM 55-21-331</biblScope><biblScope type="provenance">Nippur</biblScope><biblScope type="composLines">20-27, 33-40</biblScope></bibl>
<bibl><biblScope type="museumNumber">Ni 4247 (SLTN 70)</biblScope><biblScope type="provenance">Nippur</biblScope><biblScope type="composLines">24-38, 72-76, 93-103, 119-120</biblScope></bibl>
<bibl><biblScope type="museumNumber">3N-T399 = A 30234</biblScope><biblScope type="provenance">Nippur</biblScope><biblScope type="composLines">33-40</biblScope></bibl>
<bibl><biblScope type="museumNumber">HS 1453a (TMH NF 4 8) ,+ HS 1453b (TMH NF 4 9) + HS 1593 (TMH NF 4 40)</biblScope><biblScope type="provenance">Nippur</biblScope><biblScope type="composLines">33-52, 54-69</biblScope></bibl>
<bibl><biblScope type="museumNumber">3N-T676 + IM 58611</biblScope><biblScope type="provenance">Nippur</biblScope><biblScope type="composLines">35-47</biblScope></bibl>
<bibl><biblScope type="museumNumber">Ni 9874 (ISET 1 142)</biblScope><biblScope type="provenance">Nippur</biblScope><biblScope type="composLines">35-47</biblScope></bibl>
<bibl><biblScope type="museumNumber">3N-T409 + IM 58464</biblScope><biblScope type="provenance">Nippur</biblScope><biblScope type="composLines">45-71</biblScope></bibl>
<bibl><biblScope type="museumNumber">CBS 7143 (SEM 52)</biblScope><biblScope type="provenance">Nippur</biblScope><biblScope type="composLines">45-50, 64-65</biblScope></bibl>
<bibl><biblScope type="museumNumber">Ni 4038 (SLTN 112)</biblScope><biblScope type="provenance">Nippur</biblScope><biblScope type="composLines">49-56</biblScope></bibl>
<bibl><biblScope type="museumNumber">CBS 14097 (PBS 1/2 104)</biblScope><biblScope type="provenance">Nippur</biblScope><biblScope type="composLines">54-78</biblScope></bibl>
<bibl><biblScope type="museumNumber">3N-T453 = IM w/n + 3N-T520 = A 30216</biblScope><biblScope type="provenance">Nippur</biblScope><biblScope type="composLines">57-77</biblScope></bibl>
<bibl><biblScope type="museumNumber">Ni 4213 (ISET 1 17)</biblScope><biblScope type="provenance">Nippur</biblScope><biblScope type="composLines">60-91</biblScope></bibl>
<bibl><biblScope type="museumNumber">3N-T919, 456</biblScope><biblScope type="provenance">Nippur</biblScope><biblScope type="composLines">65-71, 88-89</biblScope></bibl>
<bibl><biblScope type="museumNumber">CBS 13948</biblScope><biblScope type="provenance">Nippur</biblScope><biblScope type="composLines">67-76</biblScope></bibl>
<bibl><biblScope type="museumNumber">3N-T675 = IM 58610</biblScope><biblScope type="provenance">Nippur</biblScope><biblScope type="composLines">71-85</biblScope></bibl>
<bibl><biblScope type="museumNumber">N3334</biblScope><biblScope type="provenance">Nippur</biblScope><biblScope type="composLines">71-82</biblScope></bibl>
<bibl><biblScope type="museumNumber">3N-T927, 509</biblScope><biblScope type="provenance">Nippur</biblScope><biblScope type="composLines">79-87, 117-121</biblScope></bibl>
<bibl><biblScope type="museumNumber">Ni 2515 (SRT 42)</biblScope><biblScope type="provenance">Nippur</biblScope><biblScope type="composLines">103-120</biblScope></bibl>
<bibl><biblScope type="museumNumber">UM 29-15-569</biblScope><biblScope type="provenance">Nippur</biblScope><biblScope type="composLines">7-16, 21-32</biblScope></bibl>
<bibl><biblScope type="museumNumber">3N-T654 = UM 55-21-368 + 3N-T907, 269</biblScope><biblScope type="provenance">Nippur</biblScope><biblScope type="composLines">20-28, 51-58</biblScope></bibl>
<bibl><biblScope type="museumNumber">UM 29-13-218</biblScope><biblScope type="provenance">Nippur</biblScope><biblScope type="composLines">38-60</biblScope></bibl>
<bibl><biblScope type="museumNumber">3N-T919, 482</biblScope><biblScope type="provenance">Nippur</biblScope><biblScope type="composLines">43-47, 53-55</biblScope></bibl>
<bibl><biblScope type="museumNumber">Ni 9549 (ISET 1 114)</biblScope><biblScope type="provenance">Nippur</biblScope><biblScope type="composLines">59-63</biblScope></bibl>
<bibl><biblScope type="museumNumber">N 3362</biblScope><biblScope type="provenance">Nippur</biblScope><biblScope type="composLines">69-76, 80-84</biblScope></bibl>
<bibl><biblScope type="museumNumber">Ni 9987 (ISET 1 135)</biblScope><biblScope type="provenance">Nippur</biblScope><biblScope type="composLines">115-119</biblScope></bibl>
<bibl><biblScope type="museumNumber">3N-T906, 221</biblScope><biblScope type="provenance">Nippur</biblScope><biblScope type="composLines">1-9</biblScope></bibl>
<bibl><biblScope type="museumNumber">3N-T900, 23</biblScope><biblScope type="provenance">Nippur</biblScope><biblScope type="composLines">10-14</biblScope></bibl>
<bibl><biblScope type="museumNumber">Ash 1923-409 (OECT 5 58)</biblScope><biblScope type="composLines">42-61</biblScope></bibl>
<bibl><biblScope type="museumNumber">N 2986</biblScope><biblScope type="provenance">Nippur</biblScope><biblScope type="composLines">48-53, 89-92</biblScope></bibl>
<bibl><biblScope type="museumNumber">3N-T916, 344 (SLFN 38)</biblScope><biblScope type="provenance">Nippur</biblScope><biblScope type="composLines">63-70, 77-83</biblScope></bibl>
<bibl><biblScope type="museumNumber">UM 29-16-36 + N 6312</biblScope><biblScope type="provenance">Nippur</biblScope><biblScope type="composLines">70-103</biblScope></bibl>
<bibl><biblScope type="museumNumber">3N-T919, 488</biblScope><biblScope type="provenance">Nippur</biblScope><biblScope type="composLines">77-88</biblScope></bibl>
<bibl><biblScope type="museumNumber">CBS 3929</biblScope><biblScope type="provenance">Nippur</biblScope><biblScope type="composLines">90-93</biblScope></bibl>
<bibl><biblScope type="museumNumber">BM 108866 (CT 58 27)</biblScope><biblScope type="provenance">Sippar (?)</biblScope><biblScope type="composLines">91-96, 109-121</biblScope></bibl>
<bibl><biblScope type="museumNumber">IB 472a</biblScope><biblScope type="provenance">Isin</biblScope><biblScope type="composLines">82-95</biblScope></bibl>
<bibl><biblScope type="museumNumber">3N-T916, 359 (SLFN 37)</biblScope><biblScope type="provenance">Nippur</biblScope><biblScope type="composLines">56-60</biblScope></bibl>
<bibl><biblScope type="museumNumber">IB 1511 vii 4'-ix 10'</biblScope><biblScope type="provenance">Isin</biblScope><biblScope type="composLines">1-7, 44-71, 112-121</biblScope></bibl>
<bibl><biblScope type="museumNumber">N 63112</biblScope><biblScope type="provenance">Nippur</biblScope><biblScope type="composLines">88-92</biblScope></bibl>
<bibl><biblScope type="museumNumber">3N-T916, 408 (SLFN 37)</biblScope><biblScope type="provenance">Nippur</biblScope><biblScope type="composLines">45-48, 52-54</biblScope></bibl>
<bibl><biblScope type="museumNumber">UET 6/3 *435</biblScope><biblScope type="provenance">Ur</biblScope></bibl>
<bibl><biblScope type="museumNumber">BM 16692</biblScope></bibl>
<bibl><biblScope type="museumNumber">UET 6/3 *172</biblScope><biblScope type="composLines">23-24</biblScope></bibl>
<bibl><biblScope type="museumNumber">YBC 4667</biblScope><biblScope type="composLines">1-20</biblScope></bibl>
</listBibl>
</sourceDesc>
</fileDesc>
<profileDesc>
<textClass>
<classCode scheme="Decad"/>
</textClass>
</profileDesc>
<revisionDesc>
<change><date>16.iii.1999</date><respStmt><name>GZ</name><resp>editor</resp></respStmt>
<item>standardisation</item></change>
<change><date>29.vi.1999-30.vi.1999</date><respStmt><name>JAB</name><resp>editor</resp></respStmt>
<item>proofreading</item></change>
<change><date>07.vii.1999</date><respStmt><name>GZ</name><resp>editor</resp></respStmt>
<item>SGML tagging</item></change>
<change><date>23.vii.1999</date><respStmt><name>ER</name><resp>editor</resp></respStmt>
<item>proofreading SGML</item></change>
<change><date>24.vii.19999</date><respStmt><name>ER</name><resp>editor</resp></respStmt>
<item>web publication</item></change>
<change><date>01.vi.2003</date><respStmt><name>GC/JE</name><resp>editor/technical developer</resp></respStmt>
<item>XML/TEI conversion</item></change>
<change><date>30.iii.2005</date><respStmt><name>GC/JE</name><resp>senior editor/technical developer</resp></respStmt>
<item>lemmatised version published</item></change>
</revisionDesc>
</teiHeader>
<text lang="sux">
<body>
<l n="1" id="c4281.1" corresp="t4281.p1">
<w form="e2" lemma="e2" pos="N" label="house(hold)">e2</w>
<w form="ud" lemma="ud" pos="N" label="storm">ud</w>
<w form="huc" lemma="huc" pos="V" label="to be reddish">huc</w>
<w form="an" lemma="an" pos="N" label="heaven">an</w>
<w form="ki" lemma="ki" pos="N" label="place">ki</w>
<w form="uj3" lemma="uj3" pos="N" label="people">uj3</w>
<w form="erim2-ce3" lemma="erim2" pos="N" label="enemy">erim2-ce3</w>
<w form="du7-du7" lemma="du7" pos="V" label="to push" form-type="RR">du7-du7</w>
<note lang="eng">Cited in <xref doc="c.0.2.01" from="c0201.9">OB catalogue from Nibru, at Philadelphia, 0.2.01, line 9</xref>; <xref doc="c.0.2.02" from="c0202.9">OB catalogue in the Louvre, 0.2.02, line 9</xref>; <xref doc="c.0.2.03" from="c0203.18">OB catalogue from Urim, 0.2.03, line 18</xref>; <xref doc="c.0.2.04" from="c0204.14">OB catalogue from Urim (U2), 0.2.04, line 14</xref></note>
</l>
<l n="2" id="c4281.2" corresp="t4281.p1">
<w form="e2" lemma="e2" pos="N" label="house(hold)">e2</w>
<w form="kur" lemma="kur" pos="N" label="(mountain) land">kur</w>
<w form="e2-ec2" lemma="e2" pos="N" label="house(hold)">e2-ec2</w>
<w form="dijir-re-e-ne" lemma="dijir" pos="N" label="deity">dijir-re-e-ne</w>
<w form="&jic;rab3" lemma="rab3" pos="N" label="shackle" det="&jic;">&jic;rab3</w>
<w form="mah" lemma="mah" pos="V" label="to be majestic">mah</w>
<w form="an" lemma="an" pos="N" label="heaven">an</w>
<w form="ki-a" lemma="ki" pos="N" label="place">ki-a</w>
</l>
<l n="3" id="c4281.3" corresp="t4281.p1">
<w form="cag4" lemma="cag4" pos="N" label="heart">cag4</w>
<w form="u2-sa11-an" lemma="u2-sa11-an" pos="N" label="evening">u2-sa11-an</w>
<w form="ud-mud" lemma="ud-mud" pos="N" label="darkness">ud-mud</w>
<w form="dajal" lemma="dajal" pos="V" label="to be wide">dajal</w>
<w form="tag-ga" lemma="tag" pos="V" label="to touch">tag-ga</w>
<w form="ni2" lemma="ni2" pos="N" label="fear(someness)">ni2</w>
<w form="su-a" lemma="su" pos="N" label="flesh">su-a</w>
<w form="ru-ru-gu2" lemma="ru-gu2" pos="V" label="to face" form-type="RR">ru-ru-gu2</w>
</l>
<l n="4" id="c4281.4" corresp="t4281.p1">
<w form="ab" lemma="ab" pos="N" label="sea">ab</w>
<w form="sumur" lemma="sumur" pos="V" label="to be angry">sumur</w>
<w form="zig3-ga" lemma="zig3" pos="V" label="to rise">zig3-ga</w>
<w form="kur-ku" lemma="kur-ku" pos="N" label="flow">kur-ku</w>
<w form="il2-la" lemma="il2" pos="V" label="to raise">il2-la</w>
<w form="a-ra2-bi" lemma="a-ra2" pos="N" label="way">a-ra2-bi</w>
<w form="lu2" lemma="lu2" pos="N" label="person">lu2</w>
<w form="nu-zu" lemma="zu" pos="V" label="to know">nu-zu</w>
</l>
<l n="5" id="c4281.5" corresp="t4281.p1">
<w form="e2" lemma="e2" pos="N" label="house(hold)">e2</w>
<w form="&jic;es2-ad" lemma="es2-ad" pos="N" label="trap" det="&jic;">&jic;es2-ad</w>
<w form="erim2-du-ce3" lemma="erim2-du" pos="AJ" label="wicked">erim2-du-ce3</w>
<w form="nu2-a" lemma="nu2" pos="V" label="to lie down">nu2-a</w>
<w form="hul-jal2-la" lemma="hul-jal2" pos="AJ" label="evil">hul-jal2-la</w>
<w form="su" lemma="su" pos="N" label="flesh">su</w>
<w form="dub2-bu" lemma="dub2" pos="V" label="to tremble">dub2-bu</w>
</l>
<l n="6" id="c4281.6" corresp="t4281.p1">
<w form="e2" lemma="e2" pos="N" label="house(hold)">e2</w>
<w form="sa-par4" lemma="sa-par4" pos="N" label="type of net">sa-par4</w>
<w form="igi-te-en-bi" lemma="igi-te-en" pos="N" label="mesh">igi-te-en-bi</w>
<w form="galam" lemma="galam" pos="V" label="to be skilful">galam</w>
<w form="kad5" lemma="kad4" pos="V" label="to bind together">kad5</w>
<w form="uj3" lemma="uj3" pos="N" label="people">uj3</w>
<w form="nam-re-ec" lemma="nam-ra" pos="N" label="booty">nam-re-ec</w>
<w form="ur4-ur4-u3" lemma="ur4" pos="V" label="to collect" form-type="RR">ur4-ur4-u3</w>
</l>
<l n="7" id="c4281.7" corresp="t4281.p1">
<w form="e2" lemma="e2" pos="N" label="house(hold)">e2</w>
<w form="zid-du" lemma="zid-du" pos="AJ" label="righteous">zid-du</w>
<w form="erim2-du" lemma="erim2-du" pos="AJ" label="wicked">erim2-du</w>
<w form="igi" lemma="igi" pos="N" label="eye">igi</w>
<w form="jal2" lemma="jal2" pos="V" label="to be (located)">jal2</w>
<w form="hul" lemma="hul" pos="V" label="to be bad">hul</w>
<w form="cu-bi" lemma="cu" pos="N" label="hand">cu-bi</w>
<w form="nu-e3" lemma="e3" pos="V" label="to go out or in">nu-e3</w>
</l>
<l n="8" id="c4281.8" corresp="t4281.p1">
<w form="e2" lemma="e2" pos="N" label="house(hold)">e2</w>
<w form="id2-lu2-ru-gu2" lemma="id2-lu2-ru-gu2" pos="N" label="ordeal river">id2-lu2-ru-gu2</w>
<phr type="VP" lemma="si sa2" label="to make straight">
<w form="si" lemma="si" pos="N" label="horn">si</w>
<w form="sa2" lemma="sa2" pos="V" label="to equal">sa2</w>
</phr>
<w form="nu-ug7-e" lemma="uc2" pos="V" label="to die" form-type="plisg">nu-ug7-e</w>
<w form="erim2-e" lemma="erim2" pos="N" label="enemy">erim2-e</w>
<w form="bar" lemma="bar" pos="N" label="outside">bar</w>
<w form="ak" lemma="ak" pos="V" label="to do">ak</w>
</l>
<l n="9" id="c4281.9" corresp="t4281.p1">
<w form="e2" lemma="e2" pos="N" label="house(hold)">e2</w>
<w form="mu" lemma="mu" pos="N" label="name">mu</w>
<w form="mah" lemma="mah" pos="V" label="to be majestic">mah</w>
<w form="irigal" lemma="irigal" pos="N" label="underworld">irigal</w>
<w form="kur" lemma="kur" pos="N" label="(mountain) land">kur</w>
<w form="&d;utu" lemma="utu" pos="N" type="DN" label="Utu" det="&d;">&d;utu</w>
<w form="e3-a" lemma="e3" pos="V" label="to go out or in">e3-a</w>
<w form="cag4-bi" lemma="cag4" pos="N" label="heart">cag4-bi</w>
<w form="lu2" lemma="lu2" pos="N" label="person">lu2</w>
<w form="nu-zu" lemma="zu" pos="V" label="to know">nu-zu</w>
</l>
<l n="10" id="c4281.10" corresp="t4281.p1">
<w form="e2" lemma="e2" pos="N" label="house(hold)">e2</w>
<w form="gu-la" lemma="gal" pos="V" label="to be big">gu-la</w>
<w form="en-nu-uj3" lemma="en-nu-uj3" pos="N" label="guard">en-nu-uj3</w>
<w form="e2" lemma="e2" pos="N" label="house(hold)">e2</w>
<w form="cer7-da" lemma="cer7-da" pos="N" label="crime">cer7-da</w>
<w form="lu2" lemma="lu2" pos="N" label="person">lu2</w>
<w form="nam-tag-ga" lemma="nam-tag" pos="N" label="sin">nam-tag-ga</w>
<w form="kij2-kij2" lemma="kij2" pos="V" label="to seek" form-type="RR">kij2-kij2</w>
</l>
<l n="11" id="c4281.11" corresp="t4281.p1">
<w form="e2" lemma="e2" pos="N" label="house(hold)">e2</w>
<w form="zid-du" lemma="zid-du" pos="AJ" label="righteous">zid-du</w>
<w form="erim2-du" lemma="erim2-du" pos="AJ" label="wicked">erim2-du</w>
<w form="bar" lemma="bar" pos="N" label="outside">bar</w>
<w form="im-ak-de3" lemma="ak" pos="V" label="to do">im-ak-de3</w>
<w form="an-ne2" lemma="an" pos="N" type="DN" label="An">an-ne2</w>
<w form="mu-bi" lemma="mu" pos="N" label="name">mu-bi</w>
<w form="mu-mah" lemma="mah" pos="V" label="to be majestic">mu-mah</w>
</l>
<l n="12" id="c4281.12" corresp="t4281.p2">
<w form="e2" lemma="e2" pos="N" label="house(hold)">e2</w>
<w form="uc" lemma="uc" pos="N" label="foundation">uc</w>
<w form="ki" lemma="ki" pos="N" label="place">ki</w>
<w form="jar-ra-bi" lemma="jar" pos="V" label="to place">jar-ra-bi</w>
<w form="ni2" lemma="ni2" pos="N" label="fear(someness)">ni2</w>
<w form="gal" lemma="gal" pos="V" label="to be big">gal</w>
<w form="im-da-ri" lemma="ri" pos="V" label="to direct">im-da-ri</w>
</l>
<l n="13" id="c4281.13" corresp="t4281.p2">
<w form="kan4-bi" lemma="kan4" pos="N" label="gate">kan4-bi</w>
<w form="u2-sa11-an" lemma="u2-sa11-an" pos="N" label="evening">u2-sa11-an</w>
<w form="sig7-ga" lemma="sig7" pos="V" label="to be green">sig7-ga</w>
<w form="su" lemma="su" pos="N" label="flesh">su</w>
<w form="zig3" lemma="zig3" pos="V" label="to rise">zig3</w>
<w form="il2-la-am3" lemma="il2" pos="V" label="to raise">il2-la-am3</w>
</l>
<l n="14" id="c4281.14" corresp="t4281.p2">
<w form="kun4-bi" lemma="kun4" pos="N" label="stair(way)">kun4-bi</w>
<w form="ucumgal" lemma="ucumgal" pos="N" label="type of serpent">ucumgal</w>
<w form="ka" lemma="ka" pos="N" label="mouth">ka</w>
<w form="du8-a" lemma="du8" pos="V" label="to spread">du8-a</w>
<w form="lu2-ce3" lemma="lu2" pos="N" label="person">lu2-ce3</w>
<w form="nu2-a" lemma="nu2" pos="V" label="to lie down">nu2-a</w>
</l>
<l n="15" id="c4281.15" corresp="t4281.p2">
<w form="zag-du8-bi" lemma="zag-du8" pos="N" label="doorjamb">zag-du8-bi</w>
<w form="jiri2" lemma="jiri2" pos="N" label="blade">jiri2</w>
<w form="mah" lemma="mah" pos="V" label="to be majestic">mah</w>
<w form="a2" lemma="a2" pos="N" label="arm">a2</w>
<w form="2-bi" lemma="2" pos="NU" type="cardinal" label="2">2-bi</w>
<w form="lu2-erim2" lemma="lu2-erim2" pos="N" label="enemy">lu2-erim2</w>
<w form="sur-sur-ru-de3" lemma="sur" pos="V" label="to drip" form-type="RR">sur-sur-ru-de3</w>
</l>
<l n="16" id="c4281.16" corresp="t4281.p2">
<w form="a-sal-bar-bi" lemma="a-sal-bar" pos="N" label="architrave?">a-sal-bar-bi</w>
<w form="jiri2" lemma="jiri2" pos="N" label="scorpion">jiri2</w>
<w form="sahar-ta" lemma="sahar" pos="N" label="earth">sahar-ta</w>
<w form="im2-ma" lemma="im2" pos="V" label="to run">im2-ma</w>
<phr type="VP" lemma="ka ca-an-ca-ca" label="to be overpowering">
<w form="ka" lemma="ka" pos="N" label="mouth">ka</w>
<w form="ca-an-ca5-ca5-dam" lemma="ca-an-ca-ca" pos="V" label="verb part of multiword verb">ca-an-ca5-ca5-dam</w>
</phr>
</l>
<l n="17" id="c4281.17" corresp="t4281.p2">
<w form="dub-la2" lemma="dub-la2" pos="N" label="(doorpost) platform">dub-la2</w>
<w form="zag" lemma="zag" pos="N" label="side">zag</w>
<w form="e3-bi" lemma="e3" pos="V" label="to go out or in">e3-bi</w>
<w form="pirij" lemma="pirij" pos="N" label="lion">pirij</w>
<w form="su-ba" lemma="su" pos="N" label="flesh">su-ba</w>
<w form="saj" lemma="saj" pos="N" label="head">saj</w>
<w form="nu-ja2-ja2-dam" lemma="jar" pos="V" label="to place" form-type="rr">nu-ja2-ja2-dam</w>
</l>
<l n="18" id="c4281.18" corresp="t4281.p2">
<w form="nir-gam-ma-bi" lemma="nir-gam-ma" pos="N" label="vault">nir-gam-ma-bi</w>
<w form="&d;tir-an-na-gin7" lemma="tir-an-na" pos="N" label="rainbow" det="&d;">&d;tir-an-na-gin7</w>
<w form="ni2" lemma="ni2" pos="N" label="fear(someness)">ni2</w>
<w form="huc" lemma="huc" pos="V" label="to be reddish">huc</w>
<w form="im-da-an-ri" lemma="ri" pos="V" label="to direct">im-da-an-ri</w>
</l>
<l n="19" id="c4281.19" corresp="t4281.p2">
<w form="&jic;nu-kuc2-u3-bi" lemma="nu-kuc2-u3" pos="N" label="type of door-fitting" bound="L,bi" det="&jic;">&jic;nu-kuc2-u3-bi</w>
<w form="hu-ri2-in&mucen;" lemma="hu-ri2-in" pos="N" label="eagle" det="&mucen;">hu-ri2-in&mucen;</w>
<w form="umbin-bi" lemma="umbin" pos="N" label="horny outgrowth">umbin-bi</w>
<w form="nij2" lemma="nij2" pos="N" label="thing">nij2</w>
<w form="cu" lemma="cu" pos="N" label="hand">cu</w>
<w form="ti-a" lemma="te" pos="V" label="to approach">ti-a</w>
</l>
<l n="20" id="c4281.20" corresp="t4281.p2">
<w form="&jic;ig-bi" lemma="ig" pos="N" label="door" bound="L,bi" det="&jic;">&jic;ig-bi</w>
<w form="hur-saj" lemma="hur-saj" pos="N" label="mountain (range)">hur-saj</w>
<w form="gal" lemma="gal" pos="V" label="to be big">gal</w>
<w form="lu2-erim2-ra" lemma="lu2-erim2" pos="N" label="enemy">lu2-erim2-ra</w>
<w form="jal2" lemma="jal2" pos="V" label="to open">jal2</w>
<w form="nu-un-ta-da13-da13" lemma="taka4" pos="V" label="to leave behind" form-type="rr">nu-un-ta-da13-da13</w>
</l>
<l n="21" id="c4281.21" corresp="t4281.p2">
<w form="lu2" lemma="lu2" pos="N" label="person">lu2</w>
<w form="zid" lemma="zid" pos="AJ" label="right">zid</w>
<w form="cu-ba" lemma="cu" pos="N" label="hand">cu-ba</w>
<w form="la-ba-ni-in-ku4-ku4" lemma="kur9" pos="V" label="to enter" form-type="rr">la-ba-ni-in-ku4-ku4</w>
<w form="jal2" lemma="jal2" pos="V" label="to open">jal2</w>
<w form="mu-un-ta-da13-da13" lemma="taka4" pos="V" label="to leave behind" form-type="rr">mu-un-ta-da13-da13</w>
</l>
<l n="22" id="c4281.22" corresp="t4281.p2">
<w form="&jic;saj-kul-bi" lemma="saj-kul" pos="N" label="(locking) bar" bound="L,bi" det="&jic;">&jic;saj-kul-bi</w>
<w form="pirij" lemma="pirij" pos="N" label="lion">pirij</w>
<w form="huc" lemma="huc" pos="V" label="to be reddish">huc</w>
<w form="nam-cul-ba" lemma="nam-cul" pos="N" label="manliness">nam-cul-ba</w>
<w form="gu2-da" lemma="gu2" pos="N" label="neck">gu2-da</w>
<w form="la2-a" lemma="la2" pos="V" label="to hang">la2-a</w>
</l>
<l n="23" id="c4281.23" corresp="t4281.p2">
<w form="&jic;suhub4-bi" lemma="suhub4" pos="N" label="door bolt" bound="L,bi" det="&jic;">&jic;suhub4-bi</w>
<w form="muc-saj-kal" lemma="muc-saj-kal" pos="N" label="type of snake">muc-saj-kal</w>
<w form="eme" lemma="eme" pos="N" label="tongue">eme</w>
<w form="ed2-de3" lemma="e3" pos="V" label="to go out or in">ed2-de3</w>
<phr type="VP" lemma="e-ne dag si-il" label="to contort">
<w form="e-ne" lemma="e-ne" pos="N" label="noun part of multiword verb">e-ne</w>
<w form="dag" lemma="dag" pos="V" label="to roam around">dag</w>
<w form="si-il-si-le-de3" lemma="si-il" pos="V" label="to split apart" form-type="RR">si-il-si-le-de3</w>
</phr>
</l>
<l n="24" id="c4281.24" corresp="t4281.p2">
<w form="&jic;si-jar-bi" lemma="si-jar" pos="N" label="clamp" det="&jic;">&jic;si-jar-bi</w>
<w form="muc-cag4-tur3" lemma="muc-cag4-tur3" pos="N" label="horned viper">muc-cag4-tur3</w>
<w form="ki" lemma="ki" pos="N" label="place">ki</w>
<w form="sumur-ra" lemma="sumur" pos="V" label="to be angry">sumur-ra</w>
<w form="ni2-bi" lemma="ni2-bi" pos="PD" type="reflexive" label="itself, themselves">ni2-bi</w>
<w form="ur3-ur3-ru-dam" lemma="ur3" pos="V" label="to drag" form-type="RR">ur3-ur3-ru-dam</w>
</l>
<l n="25" id="c4281.25" corresp="t4281.p2">
<w form="e2-e" lemma="e2" pos="N" label="house(hold)">e2-e</w>
<w form="an" lemma="an" pos="N" label="heaven">an</w>
<w form="ki-a" lemma="ki" pos="N" label="place">ki-a</w>
<w form="igi" lemma="igi" pos="N" label="eye">igi</w>
<w form="mi-ni-in-jal2" lemma="jal2" pos="V" label="to be (located)">mi-ni-in-jal2</w>
<w form="sa-par4-ra" lemma="sa-par4" pos="N" label="type of net">sa-par4-ra</w>
<w form="al-la2" lemma="la2" pos="V" label="to hang">al-la2</w>
</l>
<l n="26" id="c4281.26" corresp="t4281.p2">
<w form="a2-bi" lemma="a2" pos="N" label="arm">a2-bi</w>
<w form="erim2-du" lemma="erim2-du" pos="AJ" label="wicked">erim2-du</w>
<w form="la-ba-ra-e3" lemma="e3" pos="V" label="to go out or in">la-ba-ra-e3</w>
<w form="erim2" lemma="erim2" pos="N" label="enemy">erim2</w>
<w form="al-ur3-ur3-re" lemma="ur3" pos="V" label="to drag" form-type="RR">al-ur3-ur3-re</w>
</l>
<l n="27" id="c4281.27" corresp="t4281.p3">
<w form="nin-bi" lemma="nin" pos="N" label="lady">nin-bi</w>
<w form="dijir" lemma="dijir" pos="N" label="deity">dijir</w>
<w form="er9" lemma="er9" pos="V" label="to be mighty">er9</w>
<w form="an" lemma="an" pos="N" label="heaven">an</w>
<w form="ki-a" lemma="ki" pos="N" label="place">ki-a</w>
<w form="me-lem4-ma-ni" lemma="me-lem4" pos="N" label="(awesome) radiance">me-lem4-ma-ni</w>
<w form="dul-la" lemma="dul" pos="V" label="to cover (together)">dul-la</w>
</l>
<l n="28" id="c4281.28" corresp="t4281.p3">
<w form="&d;nun-gal" lemma="nun-gal" pos="N" type="DN" label="Nungal" det="&d;">&d;nun-gal</w>
<w form="barag" lemma="barag" pos="N" label="dais">barag</w>
<w form="gal" lemma="gal" pos="V" label="to be big">gal</w>
<w form="mah-bi-a" lemma="mah" pos="V" label="to be majestic">mah-bi-a</w>
<w form="zag-ge" lemma="zag" pos="N" label="side">zag-ge</w>
<w form="mu-un-di-ni-ib-sig9" lemma="sig9" pos="V" label="to put">mu-un-di-ni-ib-sig9</w>
</l>
<l n="29" id="c4281.29" corresp="t4281.p3">
<w form="e2-a" lemma="e2" pos="N" label="house(hold)">e2-a</w>
<w form="muc3-bi" lemma="muc3" pos="N" label="flat space">muc3-bi</w>
<w form="dur2" lemma="dur2" pos="N" label="rump">dur2</w>
<w form="im-mi-in-jar" lemma="jar" pos="V" label="to place">im-mi-in-jar</w>
<w form="kalam" lemma="kalam" pos="N" label="the Land">kalam</w>
<w form="im-ta-gen6-ne2" lemma="gen6" pos="V" label="to be firm">im-ta-gen6-ne2</w>
</l>
<l n="30" id="c4281.30" corresp="t4281.p3">
<w form="lugal-ra" lemma="lugal" pos="N" label="king">lugal-ra</w>
<w form="cag4" lemma="cag4" pos="N" label="heart">cag4</w>
<w form="unken-na-ka" lemma="unken" pos="N" label="assembly">unken-na-ka</w>
<w form="igi" lemma="igi" pos="N" label="eye">igi</w>
<w form="mu-na-ni-jal2" lemma="jal2" pos="V" label="to be (located)">mu-na-ni-jal2</w>
</l>
<l n="31" id="c4281.31" corresp="t4281.p3">
<w form="erim2-jal2-la-ni" lemma="erim2-jal2" pos="AJ" label="evil">erim2-jal2-la-ni</w>
<w form="&jic;rab3" lemma="rab3" pos="N" label="shackle" det="&jic;">&jic;rab3</w>
<w form="mi-ni-gen6-ne2" lemma="gen6" pos="V" label="to be firm">mi-ni-gen6-ne2</w>
<w form="en-nu-uj3-ja2-ni" lemma="en-nu-uj3" pos="N" label="guard">en-nu-uj3-ja2-ni</w>
<w form="nu-til-e" lemma="til" pos="V" label="to complete">nu-til-e</w>
</l>
<l n="32" id="c4281.32" corresp="t4281.p4">
<w form="e2" lemma="e2" pos="N" label="house(hold)">e2</w>
<w form="gal" lemma="gal" pos="V" label="to be big">gal</w>
<w form="jic-bur2" lemma="jic-bur2" pos="N" label="snare">jic-bur2</w>
<w form="erim2-ce3" lemma="erim2" pos="N" label="enemy">erim2-ce3</w>
<w form="nu2-a" lemma="nu2" pos="V" label="to lie down">nu2-a</w>
<w form="kalam-e" lemma="kalam" pos="N" label="the Land">kalam-e</w>
<w form="na" lemma="na" pos="N" label="advice">na</w>
<w form="de5" lemma="de5" pos="V" label="to collect">de5</w>
<w form="cum2-mu" lemma="cum2" pos="V" label="to give">cum2-mu</w>
</l>
<l n="33" id="c4281.33" corresp="t4281.p4">
<w form="i-zi" lemma="i-zi" pos="N" label="wave">i-zi</w>
<w form="hu-luh-ha" lemma="huluh" pos="V" label="to be frightened">hu-luh-ha</w>
<w form="a-ji6" lemma="a-ji6" pos="N" label="flooding">a-ji6</w>
<w form="gaba" lemma="gaba" pos="N" label="chest">gaba</w>
<w form="zig3-ga" lemma="zig3" pos="V" label="to rise">zig3-ga</w>
<addSpan to="c4281.v1" type="primary"/>
<w form="pec10" lemma="pec10" pos="N" label="bank">pec10</w>
<anchor id="c4281.v1"/>
<addSpan to="c4281.v2" type="secondary"/>
<note id="c4281.n1" lang="eng" target="c4281.v1">1 ms. has instead:</note>
<w form="sumur" lemma="sumur" pos="V" label="to be angry">sumur</w>
<w form="nu-til-le" lemma="til" pos="V" label="to complete">nu-til-le</w>
<w form="gal" lemma="gal" pos="V" label="to be big">gal</w>
<anchor id="c4281.v2"/>
<w form="ed2-de3-da" lemma="e3" pos="V" label="to go out or in">ed2-de3-da</w>
</l>
<altGrp><alt targType="addSpan" targets="c4281.v1 c4281.v2"/></altGrp>
<l n="34" id="c4281.34" corresp="t4281.p4">
<w form="saj" lemma="saj" pos="N" label="head">saj</w>
<w form="um-de6" lemma="de6" pos="V" label="to carry">um-de6</w>
<w form="lu2-ulu3" lemma="lu2-ulu3" pos="N" label="person">lu2-ulu3</w>
<w form="me-lem4-ba" lemma="me-lem4" pos="N" label="(awesome) radiance">me-lem4-ba</w>
<w form="saj" lemma="saj" pos="N" label="head">saj</w>
<w form="nu-mu-un-de3-ja2-ja2" lemma="jar" pos="V" label="to place" form-type="rr">nu-mu-un-de3-ja2-ja2</w>
</l>
<l n="35" id="c4281.35" corresp="t4281.p4">
<w form="ki" lemma="ki" pos="N" label="place">ki</w>
<phr type="VP" lemma="di kud" label="to judge">
<w form="di" lemma="di" pos="N" label="(law)suit">di</w>
<w form="ku5-ru-bi-ce3" lemma="kud" pos="V" label="to cut">ku5-ru-bi-ce3</w>
</phr>
<w form="dijir" lemma="dijir" pos="N" label="deity">dijir</w>
<w form="an" lemma="an" pos="N" label="heaven">an</w>
<w form="ki-a" lemma="ki" pos="N" label="place">ki-a</w>
<w form="im-ci-gam-e-de3-ec" lemma="gam" pos="V" label="to bow down">im-ci-gam-e-de3-ec</w>
</l>
<l n="36" id="c4281.36" corresp="t4281.p4">
<w form="&d;nin-e2-gal-la-ke4" lemma="nin-e2-gal-la" pos="N" type="DN" label="Ninegala" det="&d;">&d;nin-e2-gal-la-ke4</w>
<w form="barag" lemma="barag" pos="N" label="dais">barag</w>
<w form="za-gin3-ba" lemma="za-gin3" pos="N" label="lapis lazuli">za-gin3-ba</w>
<w form="dur2" lemma="dur2" pos="N" label="rump">dur2</w>
<w form="an-ce3" lemma="an" pos="N" label="heaven">an-ce3</w>
<w form="bi2-ib-jar" lemma="jar" pos="V" label="to place">bi2-ib-jar</w>
</l>
<l n="37" id="c4281.37" corresp="t4281.p4">
<phr type="VP" lemma="di kud" label="to judge">
<w form="di" lemma="di" pos="N" label="(law)suit">di</w>
<w form="kud" lemma="kud" pos="V" label="to cut">kud</w>
</phr>
<w form="ka-ac" lemma="ka-ac" pos="N" label="decision">ka-ac</w>
<w form="bar-re-de3" lemma="bar" pos="V" label="to set aside">bar-re-de3</w>
<w form="igi" lemma="igi" pos="N" label="eye">igi</w>
<w form="mi-ni-in-jal2" lemma="jal2" pos="V" label="to be (located)">mi-ni-in-jal2</w>
<w form="lul" lemma="lul" pos="V" label="to be false">lul</w>
<w form="zid-bi" lemma="zid" pos="AJ" label="right">zid-bi</w>
<w form="mu-zu" lemma="zu" pos="V" label="to know">mu-zu</w>
</l>
<l n="38" id="c4281.38" corresp="t4281.p4">
<w form="sa-par4-ra-ni" lemma="sa-par4" pos="N" label="type of net">sa-par4-ra-ni</w>
<w form="igi-te-en" lemma="igi-te-en" pos="N" label="mesh">igi-te-en</w>
<w form="he2-a" lemma="me" pos="V" label="to be">he2-a</w>
<w form="kalam-ma" lemma="kalam" pos="N" label="the Land">kalam-ma</w>
<w form="mu-un-na-an-la2" lemma="la2" pos="V" label="to hang">mu-un-na-an-la2</w>
</l>
<l n="39" id="c4281.39" corresp="t4281.p4">
<w form="hul-du" lemma="hul-du" pos="AJ" label="wicked">hul-du</w>
<w form="jiri3-ni" lemma="jiri3" pos="N" label="foot">jiri3-ni</w>
<w form="nu-mu-un-dab5-be2" lemma="dab5" pos="V" label="to seize">nu-mu-un-dab5-be2</w>
<w form="a2-ni" lemma="a2" pos="N" label="arm">a2-ni</w>
<w form="la-ba-ra-e3" lemma="e3" pos="V" label="to go out or in">la-ba-ra-e3</w>
</l>
<l n="40" id="c4281.40" corresp="t4281.p5">
<w form="kan4" lemma="kan4" pos="N" label="gate">kan4</w>
<w form="e2" lemma="e2" pos="N" label="house(hold)">e2</w>
<w form="gal-la" lemma="gal" pos="V" label="to be big">gal-la</w>
<w form="ud" lemma="ud" pos="N" label="storm">ud</w>
<w form="huc" lemma="huc" pos="V" label="to be reddish">huc</w>
<w form="saj" lemma="saj" pos="N" label="head">saj</w>
<w form="zig3-ga" lemma="zig3" pos="V" label="to rise">zig3-ga</w>
<w form="lu2-ra" lemma="lu2" pos="N" label="person">lu2-ra</w>
<w form="su3-su3-da" lemma="su3" pos="V" label="to sprinkle" form-type="RR">su3-su3-da</w>
</l>
<l n="41" id="c4281.41" corresp="t4281.p5">
<w form="cul" lemma="cul" pos="N" label="young man">cul</w>
<w form="dijir-ra-na" lemma="dijir" pos="N" label="deity">dijir-ra-na</w>
<w form="li-bi2-in-dug4-ga" lemma="dug4" pos="V" label="to say">li-bi2-in-dug4-ga</w>
<w form="sa2" lemma="sa2" pos="V" label="to equal">sa2</w>
<w form="um-ma-ni-dug4" lemma="dug4" pos="V" label="to say">um-ma-ni-dug4</w>
</l>
<l n="42" id="c4281.42" corresp="t4281.p5">
<w form="&d;nun-gal" lemma="nun-gal" pos="N" type="DN" label="Nungal" det="&d;">&d;nun-gal</w>
<w form="nin" lemma="nin" pos="N" label="lady">nin</w>
<w form="e2" lemma="e2" pos="N" label="house(hold)">e2</w>
<w form="kur-ra-ra" lemma="kur" pos="N" label="(mountain) land">kur-ra-ra</w>
<w form="cu" lemma="cu" pos="N" label="hand">cu</w>
<w form="mah-a-ni" lemma="mah" pos="V" label="to be majestic">mah-a-ni</w>
<w form="im-si" lemma="si" pos="V" label="to fill">im-si</w>
</l>
<l n="43" id="c4281.43" corresp="t4281.p5">
<w form="lu2-ulu3-bi" lemma="lu2-ulu3" pos="N" label="person">lu2-ulu3-bi</w>
<w form="am" lemma="am" pos="N" label="wild bull">am</w>
<w form="cu" lemma="cu" pos="N" label="hand">cu</w>
<w form="si-il-la-gin7" lemma="si-il" pos="V" label="to split apart">si-il-la-gin7</w>
<w form="cu" lemma="cu" pos="N" label="hand">cu</w>
<w form="gig-ge4" lemma="gig" pos="V" label="to be ill">gig-ge4</w>
<w form="im-dab5" lemma="dab5" pos="V" label="to seize">im-dab5</w>
</l>
<l n="44" id="c4281.44" corresp="t4281.p5">
<w form="jiri3" lemma="jiri3" pos="N" label="foot">jiri3</w>
<w form="mu-un-dab5" lemma="dab5" pos="V" label="to seize">mu-un-dab5</w>
<w form="e2" lemma="e2" pos="N" label="house(hold)">e2</w>
<w form="a-nir-ra-ce3" lemma="a-nir" pos="N" label="lament">a-nir-ra-ce3</w>
</l>
<l n="45" id="c4281.45" corresp="t4281.p5">
<w form="tug2" lemma="tug2" pos="N" label="garment">tug2</w>
<w form="igi-na" lemma="igi" pos="N" label="eye">igi-na</w>
<w form="mu-un-si" lemma="si" pos="V" label="to fill">mu-un-si</w>
<w form="cag4-sug4-ga" lemma="cag4-sug4" pos="N" label="emptiness">cag4-sug4-ga</w>
<w form="mu-un-jen" lemma="jen" pos="V" label="to go">mu-un-jen</w>
</l>
<l n="46" id="c4281.46" corresp="t4281.p5">
<w form="kaskal" lemma="kaskal" pos="N" label="(high)way">kaskal</w>
<w form="jiri3-na" lemma="jiri3" pos="N" label="foot">jiri3-na</w>
<w form="im-ha-al-ha-al-e" lemma="hal" pos="V" label="to divide out" form-type="RR">im-ha-al-ha-al-e</w>
<w form="sila" lemma="sila" pos="N" label="street">sila</w>
<w form="dajal-la" lemma="dajal" pos="V" label="to be wide">dajal-la</w>
<w form="im-dab5" lemma="dab5" pos="V" label="to seize">im-dab5</w>
</l>
<l n="47" id="c4281.47" corresp="t4281.p5">
<w form="lu2" lemma="lu2" pos="N" label="person">lu2</w>
<w form="zu-a-ni" lemma="zu" pos="V" label="to know">zu-a-ni</w>
<w form="gu3" lemma="gu3" pos="N" label="voice">gu3</w>
<w form="nu-mu-un-da-ab-be2" lemma="dug4" pos="V" label="to say" form-type="ppli">nu-mu-un-da-ab-be2</w>
<w form="bar-ta" lemma="bar" pos="N" label="outside">bar-ta</w>
<w form="im-da-gub" lemma="gub" pos="V" label="to stand">im-da-gub</w>
</l>
<l n="48" id="c4281.48" corresp="t4281.p6">
<w form="&jic;ig-bi" lemma="ig" pos="N" label="door" bound="L,bi" det="&jic;">&jic;ig-bi</w>
<w form="jal2-lu" lemma="jal2" pos="V" label="to open">jal2-lu</w>
<w form="mah" lemma="mah" pos="V" label="to be majestic">mah</w>
<w form="nu-um-zu" lemma="zu" pos="V" label="to know">nu-um-zu</w>
<w form="mu7-mu7" lemma="mu7-mu7" pos="N" label="incantation">mu7-mu7</w>
<w form="nij2-gig-bi" lemma="nij2-gig" pos="N" label="abomination">nij2-gig-bi</w>
</l>
<l n="49" id="c4281.49" corresp="t4281.p6">
<w form="du6-du6-da" lemma="du6" pos="N" label="(ruin) mound" form-type="RR">du6-du6-da</w>
<w form="jal2" lemma="jal2" pos="V" label="to open">jal2</w>
<w form="mu-un-da13-da13" lemma="taka4" pos="V" label="to leave behind" form-type="rr">mu-un-da13-da13</w>
<w form="jic-hur-bi" lemma="jic-hur" pos="N" label="design">jic-hur-bi</w>
<w form="i3-kur2" lemma="kur2" pos="V" label="to be different">i3-kur2</w>
</l>
<l n="50" id="c4281.50" corresp="t4281.p6">
<w form="lu2-be2-e-ne" lemma="lu2" pos="N" label="person">lu2-be2-e-ne</w>
<w form="buru5&mucen;" lemma="buru5" pos="N" label="sparrow?" det="&mucen;">buru5&mucen;</w>
<w form="&d;nin-ninna2&mucen;-ta" lemma="nin-ninna2-ta" pos="N" label="type of harrier" det="&mucen; &d;">&d;nin-ninna2&mucen;-ta</w>
<w form="cu-ta" lemma="cu" pos="N" label="hand">cu-ta</w>
<w form="cub-ba-gin7" lemma="cub" pos="V" label="to fall">cub-ba-gin7</w>
</l>
<l n="51" id="c4281.51" corresp="t4281.p6">
<w form="jal2" lemma="jal2" pos="V" label="to open">jal2</w>
<w form="da13-da13-bi-ce3" lemma="taka4" pos="V" label="to leave behind" form-type="rr">da13-da13-bi-ce3</w>
<w form="&d;utu" lemma="utu" pos="N" type="DN" label="Utu" det="&d;">&d;utu</w>
<w form="e3-a-gin7" lemma="e3" pos="V" label="to go out or in">e3-a-gin7</w>
<w form="igi-bi" lemma="igi" pos="N" label="eye">igi-bi</w>
<w form="im-ci-jal2" lemma="jal2" pos="V" label="to be (located)">im-ci-jal2</w>
</l>
<l n="52" id="c4281.52" corresp="t4281.p6">
<w form="cec" lemma="cec" pos="N" label="brother">cec</w>
<w form="cec-ra" lemma="cec" pos="N" label="brother">cec-ra</w>
<w form="ud" lemma="ud" pos="N" label="day(light)">ud</w>
<w form="ha-lam" lemma="ha-lam" pos="V" label="to be lost">ha-lam</w>
<w form="mu-un-da-aj2-e" lemma="aj2" pos="V" label="to measure">mu-un-da-aj2-e</w>
<w form="jalga-bi" lemma="jalga" pos="N" label="reason">jalga-bi</w>
<w form="i3-kur2-kur2" lemma="kur2" pos="V" label="to be different" form-type="RR">i3-kur2-kur2</w>
</l>
<l n="53" id="c4281.53" corresp="t4281.p6">
<w form="cul-e" lemma="cul" pos="N" label="young man">cul-e</w>
<w form="cul-zu-ne" lemma="cul" pos="N" label="young man">cul-zu-ne</w>
<w form="nu-mu-un-zu-zu" lemma="zu" pos="V" label="to know" form-type="RR">nu-mu-un-zu-zu</w>
<w form="lu2-kur2" lemma="lu2-kur2-ra" pos="N" label="stranger">lu2-kur2</w>
<w form="jen-na-me-ec" lemma="jen" pos="V" label="to go">jen-na-me-ec</w>
</l>
<l n="54" id="c4281.54" corresp="t4281.p6">
<w form="lu2" lemma="lu2" pos="N" label="person">lu2</w>
<w form="lu2" lemma="lu2" pos="N" label="person">lu2</w>
<w form="zu-ne" lemma="zu" pos="V" label="to know">zu-ne</w>
<w form="jickim" lemma="jickim" pos="N" label="sign">jickim</w>
<w form="nu-mu-un-ni10-ni10" lemma="nijin2" pos="V" label="to go around" form-type="rr">nu-mu-un-ni10-ni10</w>
<w form="ulutim2-bi" lemma="ulutim2" pos="N" label="form">ulutim2-bi</w>
<w form="i3-kur2" lemma="kur2" pos="V" label="to be different">i3-kur2</w>
</l>
<l n="55" id="c4281.55" corresp="t4281.p7">
<w form="e2-a" lemma="e2" pos="N" label="house(hold)">e2-a</w>
<w form="cag4-bi" lemma="cag4" pos="N" label="heart">cag4-bi</w>
<w form="er2" lemma="er2" pos="N" label="tear">er2</w>
<w form="a-nir-ra" lemma="a-nir" pos="N" label="lament">a-nir-ra</w>
<w form="i-si-ic-bi" lemma="i-si-ic" pos="N" label="tears (of joy)">i-si-ic-bi</w>
<w form="im-gur3-ru" lemma="guru3" pos="V" label="to bear">im-gur3-ru</w>
</l>
<l n="56" id="c4281.56" corresp="t4281.p7">
<w form="ceg12-bi" lemma="ceg12" pos="N" label="brick(work)">ceg12-bi</w>
<w form="lu2" lemma="lu2" pos="N" label="person">lu2</w>
<w form="hul-jal2" lemma="hul-jal2" pos="AJ" label="evil">hul-jal2</w>
<w form="ba-an-ma5-ma5" lemma="ma5" pos="V" label="to grind" form-type="RR">ba-an-ma5-ma5</w>
<w form="lu2" lemma="lu2" pos="N" label="person">lu2</w>
<w form="zid" lemma="zid" pos="AJ" label="right">zid</w>
<w form="mu-un-u3-tud" lemma="tud" pos="V" label="to give birth">mu-un-u3-tud</w>
</l>
<l n="57" id="c4281.57" corresp="t4281.p7">
<w form="cag4" lemma="cag4" pos="N" label="heart">cag4</w>
<w form="ib2-ba-bi" lemma="ib2" pos="V" label="to be furious">ib2-ba-bi</w>
<w form="er2" lemma="er2" pos="N" label="tear">er2</w>
<w form="a-nir-ra" lemma="a-nir" pos="N" label="lament">a-nir-ra</w>
<w form="ud" lemma="ud" pos="N" label="day(light)">ud</w>
<w form="mi-ni-ib-zal-zal-e" lemma="zal" pos="V" label="to pass" form-type="RR">mi-ni-ib-zal-zal-e</w>
</l>
<l n="58" id="c4281.58" corresp="t4281.p7">
<w form="ud" lemma="ud" pos="N" label="day(light)">ud</w>
<w form="um-jen" lemma="jen" pos="V" label="to go">um-jen</w>
<w form="e2" lemma="e2" pos="N" label="house(hold)">e2</w>
<w form="kur" lemma="kur" pos="N" label="(mountain) land">kur</w>
<w form="ezen-gin7" lemma="ezen" pos="N" label="festival">ezen-gin7</w>
<w form="ni2-bi-a" lemma="ni2-bi" pos="PD" type="reflexive" label="itself, themselves">ni2-bi-a</w>
<w form="ba-an-du3" lemma="du3" pos="V" label="to erect">ba-an-du3</w>
</l>
<l n="59" id="c4281.59" corresp="t4281.p7">
<w form="ki" lemma="ki" pos="N" label="place">ki</w>
<phr type="VP" lemma="en3 tar" label="to ask">
<w form="en3" lemma="en3" pos="N" label="noun part of multiword verb">en3</w>
<w form="tar-re" lemma="tar" pos="V" label="to cut">tar-re</w>
</phr>
<w form="&d;id2-lu2-ru-gu2-da" lemma="id2-lu2-ru-gu2" pos="N" type="DN" label="Id-lu-rugu" det="&d;">&d;id2-lu2-ru-gu2-da</w>
<w form="dijir" lemma="dijir" pos="N" label="deity">dijir</w>
<w form="ba-sug2-ge-ec" lemma="gub" pos="V" label="to stand" form-type="pl">ba-sug2-ge-ec</w>
</l>
<l n="60" id="c4281.60" corresp="t4281.p7">
<w form="zid-du" lemma="zid-du" pos="AJ" label="righteous">zid-du</w>
<w form="erim2-du" lemma="erim2-du" pos="AJ" label="wicked">erim2-du</w>
<w form="bar" lemma="bar" pos="N" label="outside">bar</w>
<w form="im-ak-de3" lemma="ak" pos="V" label="to do">im-ak-de3</w>
<phr type="VP" lemma="si sa2" label="to make straight">
<w form="si" lemma="si" pos="N" label="horn">si</w>
<w form="sa2" lemma="sa2" pos="V" label="to equal">sa2</w>
</phr>
<w form="mu-un-u3-tud" lemma="tud" pos="V" label="to give birth">mu-un-u3-tud</w>
</l>
<l n="61" id="c4281.61" corresp="t4281.p7">
<w form="erim2-jal2-la-ni" lemma="erim2-jal2" pos="AJ" label="evil">erim2-jal2-la-ni</w>
<w form="cu" lemma="cu" pos="N" label="hand">cu</w>
<w form="im-ri-ri-e" lemma="ri" pos="V" label="to direct" form-type="RR">im-ri-ri-e</w>
<w form="a2-ni" lemma="a2" pos="N" label="arm">a2-ni</w>
<w form="la-ba-ra-e3" lemma="e3" pos="V" label="to go out or in">la-ba-ra-e3</w>
</l>
<l n="62" id="c4281.62" corresp="t4281.p8">
<w form="ud-bi-a" lemma="ud" pos="N" label="day(light)">ud-bi-a</w>
<w form="nin-e" lemma="nin" pos="N" label="lady">nin-e</w>
<w form="ni2-te-a-ni" lemma="ni2-te-a-ni" pos="PD" type="reflexive" label="himself, herself">ni2-te-a-ni</w>
<w form="mi2" lemma="mi2" pos="N" label="(loving) care">mi2</w>
<w form="zid" lemma="zid" pos="AJ" label="right">zid</w>
<w form="iri" lemma="ar2" pos="N" label="praise">iri</w>
<w form="in-ga-am3-me" lemma="dug4" pos="V" label="to say" form-type="ppli">in-ga-am3-me</w>
</l>
<l n="63" id="c4281.63" corresp="t4281.p8">
<w form="dijir" lemma="dijir" pos="N" label="deity">dijir</w>
<w form="jiri3" lemma="jiri3" pos="N" label="foot">jiri3</w>
<w form="kug" lemma="kug" pos="AJ" label="shining">kug</w>
<w form="&d;nun-gal-la-ke4" lemma="nun-gal" pos="N" type="DN" label="Nungal" det="&d;">&d;nun-gal-la-ke4</w>
<w form="ni2" lemma="ni2" pos="N" label="self">ni2</w>
<w form="silim-ec2" lemma="silim" pos="V" label="to be healthy">silim-ec2</w>
<w form="al-e" lemma="dug4" pos="V" label="to say" form-type="ppli">al-e</w>
</l>
<l n="64" id="c4281.64" corresp="t4281.p8">
<w form="nin-me-en" lemma="nin" pos="N" label="lady">nin-me-en</w>
<w form="an-ne2" lemma="an" pos="N" type="DN" label="An">an-ne2</w>
<w form="nam" lemma="nam" pos="N" label="destiny">nam</w>
<w form="mu-un-tar" lemma="tar" pos="V" label="to cut">mu-un-tar</w>
<w form="je26-e" lemma="je26" pos="PD" type="personal" label="I">je26-e</w>
<w form="dumu" lemma="dumu" pos="N" label="child">dumu</w>
<w form="an-na-me-en" lemma="an" pos="N" type="DN" label="An">an-na-me-en</w>
</l>
<l n="65" id="c4281.65" corresp="t4281.p8">
<w form="&d;en-lil2-le" lemma="en-lil2" pos="N" type="DN" label="Enlil" det="&d;">&d;en-lil2-le</w>
<w form="nam" lemma="nam" pos="N" label="destiny">nam</w>
<w form="gal" lemma="gal" pos="V" label="to be big">gal</w>
<w form="ma-an-tah" lemma="tah" pos="V" label="to add">ma-an-tah</w>
<w form="e2-gi4-a-ni-me-en" lemma="e2-gi4-a" pos="N" label="daughter-in-law">e2-gi4-a-ni-me-en</w>
</l>
<l n="66" id="c4281.66" corresp="t4281.p8">
<w form="dijir-re-e-ne" lemma="dijir" pos="N" label="deity">dijir-re-e-ne</w>
<w form="me" lemma="me" pos="N" label="essence">me</w>
<w form="an" lemma="an" pos="N" label="heaven">an</w>
<w form="ki-a" lemma="ki" pos="N" label="place">ki-a</w>
<w form="cu-ju10-ce3" lemma="cu" pos="N" label="hand">cu-ju10-ce3</w>
<w form="mu-un-jar-re-ec" lemma="jar" pos="V" label="to place">mu-un-jar-re-ec</w>
</l>
<l n="67" id="c4281.67" corresp="t4281.p8">
<w form="ama" lemma="ama" pos="N" label="mother">ama</w>
<w form="ugu-ju10" lemma="ugu" pos="V" label="to give birth">ugu-ju10</w>
<w form="kug" lemma="kug" pos="AJ" label="shining">kug</w>
<w form="&d;erec-ki-gal-la-ke4" lemma="erec-ki-gal-la" pos="N" type="DN" label="Ere&c;kigala" det="&d;">&d;erec-ki-gal-la-ke4</w>
<w form="me-ni" lemma="me" pos="N" label="essence">me-ni</w>
<w form="ma-ra-an-ba" lemma="ba" pos="V" label="to allot">ma-ra-an-ba</w>
</l>
<l n="68" id="c4281.68" corresp="t4281.p8">
<w form="irigal" lemma="irigal" pos="N" label="underworld">irigal</w>
<w form="kur" lemma="kur" pos="N" label="(mountain) land">kur</w>
<w form="&d;utu" lemma="utu" pos="N" type="DN" label="Utu" det="&d;">&d;utu</w>
<w form="e3-a" lemma="e3" pos="V" label="to go out or in">e3-a</w>
<w form="barag" lemma="barag" pos="N" label="dais">barag</w>
<w form="mah-ju10" lemma="mah" pos="V" label="to be majestic">mah-ju10</w>
<w form="mi-ni-ri" lemma="ri" pos="V" label="to direct">mi-ni-ri</w>
</l>
<l n="69" id="c4281.69" corresp="t4281.p8">
<w form="e2-gal" lemma="e2-gal" pos="N" label="palace">e2-gal</w>
<w form="ki-tuc" lemma="ki-tuc" pos="N" label="dwelling place">ki-tuc</w>
<w form="kug" lemma="kug" pos="AJ" label="shining">kug</w>
<w form="nam-lugal-la-ka" lemma="nam-lugal" pos="N" label="kingship">nam-lugal-la-ka</w>
<w form="je26-e" lemma="je26" pos="PD" type="personal" label="I">je26-e</w>
<w form="dijir-bi-me-en" lemma="dijir" pos="N" label="deity">dijir-bi-me-en</w>
</l>
<l n="70" id="c4281.70" corresp="t4281.p8">
<w form="&d;inana-ra" lemma="inana" pos="N" type="DN" label="Inana" det="&d;">&d;inana-ra</w>
<w form="gal" lemma="gal" pos="V" label="to be big">gal</w>
<w form="mu-un-da-ab-be2" lemma="dug4" pos="V" label="to say" form-type="ppli">mu-un-da-ab-be2</w>
<w form="cag4" lemma="cag4" pos="N" label="heart">cag4</w>
<w form="giri17-zal" lemma="giri17-zal" pos="N" label="joy">giri17-zal</w>
<w form="jal2-la-ni-me-en" lemma="jal2" pos="V" label="to be (located)">jal2-la-ni-me-en</w>
</l>
<l n="71" id="c4281.71" corresp="t4281.p8">
<w form="&d;nin-tur5-e" lemma="nin-tur5" pos="N" type="DN" label="Nintur" det="&d;">&d;nin-tur5-e</w>
<w form="ki" lemma="ki" pos="N" label="place">ki</w>
<w form="nam-dumu-zid-ka" lemma="nam-dumu-zid" pos="N" label="child-delivery?">nam-dumu-zid-ka</w>
<w form="mu-da-an-gub-be2" lemma="gub" pos="V" label="to stand">mu-da-an-gub-be2</w>
</l>
<l n="72" id="c4281.72" corresp="t4281.p8">
<w form="gi-dur" lemma="gi-dur" pos="N" label="(umbilical) cord">gi-dur</w>
<w form="kud-da" lemma="kud" pos="V" label="to cut">kud-da</w>
<w form="nam" lemma="nam" pos="N" label="destiny">nam</w>
<w form="tar-re-da" lemma="tar" pos="V" label="to cut">tar-re-da</w>
<w form="inim" lemma="inim" pos="N" label="word">inim</w>
<w form="sag9-ge-bi" lemma="sag9" pos="V" label="to be good">sag9-ge-bi</w>
<w form="mu-zu" lemma="zu" pos="V" label="to know">mu-zu</w>
</l>
<l n="73" id="c4281.73" corresp="t4281.p8">
<w form="nin" lemma="nin" pos="N" label="lady">nin</w>
<w form="ajrig" lemma="ajrig" pos="N" label="housekeeper">ajrig</w>
<w form="zid" lemma="zid" pos="AJ" label="right">zid</w>
<w form="&d;en-lil2-la2-me-en" lemma="en-lil2" pos="N" type="DN" label="Enlil" det="&d;">&d;en-lil2-la2-me-en</w>
<w form="nij2-gur11" lemma="nij2-gur11" pos="N" label="possessions">nij2-gur11</w>
<w form="ma-jar-jar" lemma="jar" pos="V" label="to place" form-type="RR">ma-jar-jar</w>
</l>
<l n="74" id="c4281.74" corresp="t4281.p8">
<w form="erim3" lemma="erim3" pos="N" label="storehouse">erim3</w>
<w form="nij2" lemma="nij2" pos="N" label="thing">nij2</w>
<w form="nu-silig-ge" lemma="silig" pos="V" label="to cease">nu-silig-ge</w>
<w form="ja2-a-kam" lemma="je26" pos="PD" type="personal" label="I">ja2-a-kam</w>
<w form="BAD" lemma="BAD" label="BAD">BAD</w>
<w form="ma-da-TAB" lemma="TAB" pos="V" label="TAB">ma-da-TAB</w>
</l>
<l n="75" id="c4281.75" corresp="t4281.p9">
<w form="arhuc" lemma="arhuc" pos="N" label="compassion">arhuc</w>
<w form="cag4-ne-ca4" lemma="cag4-ne-ca4" pos="N" label="intercession">cag4-ne-ca4</w>
<w form="ja2-a-kam" lemma="je26" pos="PD" type="personal" label="I">ja2-a-kam</w>
<w form="lu2" lemma="lu2" pos="N" label="person">lu2</w>
<w form="la-ba-ra-an-ul4-le-de3-en" lemma="ul4" pos="V" label="to hasten">la-ba-ra-an-ul4-le-de3-en</w>
</l>
<l n="76" id="c4281.76" corresp="t4281.p9">
<w form="saj" lemma="saj" pos="N" label="head">saj</w>
<w form="gig2-ga" lemma="gig2" pos="V" label="to be black">gig2-ga</w>
<w form="igi-ja2" lemma="igi" pos="N" label="eye">igi-ja2</w>
<w form="mu-un-jal2" lemma="jal2" pos="V" label="to be (located)">mu-un-jal2</w>
<w form="en-nu-uj3" lemma="en-nu-uj3" pos="N" label="guard">en-nu-uj3</w>
<w form="im-ma-ak-e" lemma="ak" pos="V" label="to do">im-ma-ak-e</w>
</l>
<l n="77" id="c4281.77" corresp="t4281.p9">
<w form="im" lemma="im" pos="N" label="clay">im</w>
<w form="nam-til3-la" lemma="nam-til3" pos="N" label="life">nam-til3-la</w>
<w form="cu-ja2" lemma="cu" pos="N" label="hand">cu-ja2</w>
<w form="mu-un-jal2" lemma="jal2" pos="V" label="to be (located)">mu-un-jal2</w>
<w form="lu2" lemma="lu2" pos="N" label="person">lu2</w>
<w form="zid" lemma="zid" pos="AJ" label="right">zid</w>
<w form="bi2-in-gub-be2-en" lemma="gub" pos="V" label="to stand">bi2-in-gub-be2-en</w>
</l>
<l n="78" id="c4281.78" corresp="t4281.p9">
<w form="erim2-du" lemma="erim2-du" pos="AJ" label="wicked">erim2-du</w>
<w form="a2-ja2" lemma="a2" pos="N" label="arm">a2-ja2</w>
<w form="la-ba-ra-e3" lemma="e3" pos="V" label="to go out or in">la-ba-ra-e3</w>
<w form="nij2" lemma="nij2" pos="N" label="thing">nij2</w>
<w form="ak-bi" lemma="ak" pos="V" label="to do">ak-bi</w>
<w form="mu-zu" lemma="zu" pos="V" label="to know">mu-zu</w>
</l>
<l n="79" id="c4281.79" corresp="t4281.p9">
<w form="kur-kur-re" lemma="kur" pos="N" label="(mountain) land" form-type="RR">kur-kur-re</w>
<w form="ama" lemma="ama" pos="N" label="mother">ama</w>
<w form="dijir-bi-gin7" lemma="dijir" pos="N" label="deity">dijir-bi-gin7</w>
<w form="igi-bi" lemma="igi" pos="N" label="eye">igi-bi</w>
<w form="im-ci-jal2" lemma="jal2" pos="V" label="to be (located)">im-ci-jal2</w>
</l>
<l n="80" id="c4281.80" corresp="t4281.p9">
<w form="nam-tag" lemma="nam-tag" pos="N" label="sin">nam-tag</w>
<w form="dugud" lemma="dugud" pos="V" label="to be heavy">dugud</w>
<w form="cu-ta" lemma="cu" pos="N" label="hand">cu-ta</w>
<w form="im-sig-ge-en" lemma="sig" pos="V" label="to be low">im-sig-ge-en</w>
<w form="ama" lemma="ama" pos="N" label="mother">ama</w>
<w form="arhuc-a-me-en" lemma="arhuc" pos="N" label="compassion">arhuc-a-me-en</w>
</l>
<l n="81" id="c4281.81" corresp="t4281.p9">
<w form="cag4" lemma="cag4" pos="N" label="heart">cag4</w>
<w form="mir-mir-ra" lemma="mir" pos="V" label="to rage" form-type="RR">mir-mir-ra</w>
<w form="im-sed4-sed4-de3" lemma="sed4" pos="V" label="to be cold" form-type="RR">im-sed4-sed4-de3</w>
<w form="a" lemma="a" pos="N" label="water">a</w>
<w form="sed4" lemma="sed4" pos="V" label="to be cold">sed4</w>
<w form="im-su3-ud" lemma="sud" pos="V" label="to be distant">im-su3-ud</w>
</l>
<l n="82" id="c4281.82" corresp="t4281.p9">
<w form="cag4" lemma="cag4" pos="N" label="heart">cag4</w>
<w form="hul" lemma="hul" pos="V" label="to be bad">hul</w>
<w form="mu-sed4" lemma="sed4" pos="V" label="to be cold">mu-sed4</w>
<w form="ka" lemma="ka" pos="N" label="mouth">ka</w>
<w form="garac2-ta" lemma="garac2" pos="N" label="destruction"><unclear cert="cor">garac2</unclear>-ta</w>
<w form="lu2" lemma="lu2" pos="N" label="person">lu2</w>
<w form="ba-ra-an-zi-zi-i" lemma="zig3" pos="V" label="to rise" form-type="rr">ba-ra-an-zi-zi-i</w>
</l>
<l n="83" id="c4281.83" corresp="t4281.p10">
<w form="e2-ju10" lemma="e2" pos="N" label="house(hold)">e2-ju10</w>
<w form="cag4-ne-ca4" lemma="cag4-ne-ca4" pos="N" label="intercession">cag4-ne-ca4</w>
<w form="mu-un-du3" lemma="du3" pos="V" label="to erect">mu-un-du3</w>
<w form="nin" lemma="nin" pos="N" label="lady">nin</w>
<w form="lu2" lemma="lu2" pos="N" label="person">lu2</w>
<w form="til3-til3-me-en" lemma="til3" pos="V" label="to live" form-type="RR">til3-til3-me-en</w>
</l>
<l n="84" id="c4281.84" corresp="t4281.p10">
<w form="jissu-bi" lemma="jissu" pos="N" label="(protective) shade">jissu-bi</w>
<w form="&jic;ha-cu-ur2-ra-gin7" lemma="ha-cu-ur2" pos="N" label="type of cypress" bound="L,ak.gin" det="&jic;">&jic;ha-cu-ur2-ra-gin7</w>
<w form="ki" lemma="ki" pos="N" label="place">ki</w>
<w form="sikil-la" lemma="sikil" pos="V" label="to be pure">sikil-la</w>
<w form="bi2-in-mu2" lemma="mu2" pos="V" label="to grow">bi2-in-mu2</w>
</l>
<l n="85" id="c4281.85" corresp="t4281.p10">
<w form="nitalam-ju10" lemma="nitalam" pos="N" label="spouse">nitalam-ju10</w>
<w form="&d;bi-ir-tum" lemma="bi-ir-tum" pos="N" type="DN" label="Birtum" det="&d;">&d;bi-ir-tum</w>
<w form="lu2" lemma="lu2" pos="N" label="person">lu2</w>
<w form="ne3" lemma="ne3" pos="N" label="strength">ne3</w>
<w form="gal" lemma="gal" pos="V" label="to be big">gal</w>
<w form="zag-ge" lemma="zag" pos="N" label="side">zag-ge</w>
<w form="mu-un-di-ni-ib-sig9" lemma="sig9" pos="V" label="to put">mu-un-di-ni-ib-sig9</w>
</l>
<l n="86" id="c4281.86" corresp="t4281.p10">
<w form="barag" lemma="barag" pos="N" label="dais">barag</w>
<w form="gal" lemma="gal" pos="V" label="to be big">gal</w>
<w form="mah-bi-a" lemma="mah" pos="V" label="to be majestic">mah-bi-a</w>
<w form="dur2" lemma="dur2" pos="N" label="rump">dur2</w>
<w form="im-mi-in-jar" lemma="jar" pos="V" label="to place">im-mi-in-jar</w>
<w form="a2" lemma="a2" pos="N" label="arm">a2</w>
<w form="gal" lemma="gal" pos="V" label="to be big">gal</w>
<w form="mu-da-aj2-e" lemma="aj2" pos="V" label="to measure">mu-da-aj2-e</w>
</l>
<l n="87" id="c4281.87" corresp="t4281.p10">
<w form="&d;udug" lemma="udug" pos="N" label="type of demon" det="&d;">&d;udug</w>
<w form="e2-ja2" lemma="e2" pos="N" label="house(hold)">e2-ja2</w>
<w form="&d;lamma" lemma="lamma" pos="N" label="guardian deity" det="&d;">&d;lamma</w>
<w form="igi" lemma="igi" pos="N" label="eye">igi</w>
<w form="sag9-me-ec" lemma="sag9" pos="V" label="to be good">sag9-me-ec</w>
<w form="lu2" lemma="lu2" pos="N" label="person">lu2</w>
<w form="ba-an-ul4-ul4-e-ne" lemma="ul4" pos="V" label="to hasten" form-type="RR">ba-an-ul4-ul4-e-ne</w>
</l>
<l n="88" id="c4281.88" corresp="t4281.p10">
<w form="nu-banda3" lemma="nu-banda3" pos="N" label="overseer">nu-banda3</w>
<w form="mah-ju10" lemma="mah" pos="V" label="to be majestic">mah-ju10</w>
<w form="&d;ig-alim-ma" lemma="ig-alim" pos="N" type="DN" label="Ig-alim" det="&d;">&d;ig-alim-ma</w>
<w form="&jic;rab3" lemma="rab3" pos="N" label="shackle" det="&jic;">&jic;rab3</w>
<w form="cu-ja2-kam" lemma="cu" pos="N" label="hand">cu-ja2-kam</w>
</l>
<l n="89" id="c4281.89" corresp="t4281.p10">
<w form="e2-ju10" lemma="e2" pos="N" label="house(hold)">e2-ju10</w>
<w form="saj" lemma="saj" pos="N" label="head">saj</w>
<phr type="VP" lemma="en3 tar" label="to ask">
<w form="en3" lemma="en3" pos="N" label="noun part of multiword verb">en3</w>
<w form="tar-ce3" lemma="tar" pos="V" label="to cut">tar-ce3</w>
</phr>
<damage/>
<w form="mu-un-il2" lemma="il2" pos="V" label="to raise">mu-un<damageEnd/>-il2</w>
<w form="lu2" lemma="lu2" pos="N" label="person">lu2</w>
<w form="la-ba-an-ul4-le-ne" lemma="ul4" pos="V" label="to hasten">la-ba-an-ul4-le-ne</w>
</l>
<l n="90" id="c4281.90" corresp="t4281.p10">
<w form="ra-gaba-ju10" lemma="ra-gaba" pos="N" label="rider">ra-gaba-ju10</w>
<w form="nij2-nam" lemma="nij2-nam" pos="PD" type="indefinite" label="anything">nij2-nam</w>
<w form="nu-ha-lam" lemma="ha-lam" pos="V" label="to be lost">nu-ha-lam</w>
<w form="e2-gal" lemma="e2-gal" pos="N" label="palace">e2-gal</w>
<w form="me-te-bi" lemma="me-te" pos="N" label="(fitting) attribute">me-te-bi</w>
</l>
<l n="91" id="c4281.91" corresp="t4281.p10">
<w form="iri" lemma="iri" pos="N" label="town">iri</w>
<w form="&d;en-lil2-le" lemma="en-lil2" pos="N" type="DN" label="Enlil" det="&d;">&d;en-lil2-le</w>
<w form="mu" lemma="mu" pos="N" label="name">mu</w>
<w form="sa4-a" lemma="sa4" pos="V" label="to call">sa4-a</w>
<w form="lul" lemma="lul" pos="V" label="to be false">lul</w>
<w form="zid-bi" lemma="zid" pos="AJ" label="right">zid-bi</w>
<w form="mu-zu" lemma="zu" pos="V" label="to know">mu-zu</w>
</l>
<l n="92" id="c4281.92" corresp="t4281.p10">
<w form="&d;nin-har-ra-an-na" lemma="nin-har-ra-an-na" pos="N" type="DN" label="Nin&h;arana" det="&d;">&d;nin-har-ra-an-na</w>
<w form="inim-bi" lemma="inim" pos="N" label="word">inim-bi</w>
<w form="ba-da-de6" lemma="de6" pos="V" label="to carry">ba-da-de6</w>
<w form="igi-ju10-ce3" lemma="igi" pos="N" label="eye">igi-ju10-ce3</w>
<w form="bi2-ib-dab5-be2" lemma="dab5" pos="V" label="to seize">bi2-ib-dab5-be2</w>
</l>
<l n="93" id="c4281.93" corresp="t4281.p10">
<w form="kindagal-ju10" lemma="kindagal" pos="N" label="type of official">kindagal-ju10</w>
<w form="e2" lemma="e2" pos="N" label="house(hold)">e2</w>
<w form="ni2" lemma="ni2" pos="N" label="fear(someness)">ni2</w>
<w form="gur3-ru" lemma="guru3" pos="V" label="to bear">gur3-ru</w>
<w form="ki-nu2-a" lemma="ki-nu2" pos="N" label="sleeping quarter">ki-nu2-a</w>
<w form="ma-an-ja2-ja2" lemma="jar" pos="V" label="to place" form-type="rr">ma-an-ja2-ja2</w>
</l>
<l n="94" id="c4281.94" corresp="t4281.p10">
<w form="&d;ne-zi-il-la2" lemma="ne-zi-il-la2" pos="N" type="DN" label="Nezila" det="&d;">&d;ne-zi-il-la2</w>
<addSpan to="c4281.v3" type="additional"/>
<note id="c4281.n2" lang="eng" target="c4281.v3">1 ms. adds:</note>
<w form="nij2" lemma="nij2" pos="N" label="thing">nij2</w>
<w form="kal" lemma="kal" pos="V" label="to be rare">kal</w>
<anchor id="c4281.v3"/>
<w form="cag4" lemma="cag4" pos="N" label="heart">cag4</w>
<w form="hul2-la" lemma="hul2" pos="V" label="to be happy">hul2-la</w>
<phr type="VP" lemma="si sa2" label="to make straight">
<w form="si" lemma="si" pos="N" label="horn">si</w>
<w form="ba-ab-sa2-e" lemma="sa2" pos="V" label="to equal">ba-ab-sa2-e</w>
</phr>
</l>
<l n="95" id="c4281.95" corresp="t4281.p11">
<w form="e2-gal" lemma="e2-gal" pos="N" label="palace">e2-gal</w>
<w form="lugal-la-ke4" lemma="lugal" pos="N" label="king">lugal-la-ke4</w>
<w form="saj" lemma="saj" pos="N" label="head">saj</w>
<w form="um-de6" lemma="de6" pos="V" label="to carry">um-de6</w>
<w form="lu2" lemma="lu2" pos="N" label="person">lu2</w>
<w form="cer7-da" lemma="cer7-da" pos="N" label="crime">cer7-da</w>
<w form="ba-cum2-mu" lemma="cum2" pos="V" label="to give">ba-cum2-mu</w>
</l>
<l n="96" id="c4281.96" corresp="t4281.p11">
<w form="gal5-la2" lemma="gal5-la2" pos="N" label="type of demon">gal5-la2</w>
<w form="gal-ju10" lemma="gal" pos="V" label="to be big">gal-ju10</w>
<w form="&d;nin-dimgul-e" lemma="nin-dimgul" pos="N" type="DN" label="Nindimgul" det="&d;">&d;nin-dimgul-e</w>
<w form="a2-ni" lemma="a2" pos="N" label="arm">a2-ni</w>
<w form="mu-un-sud-e" lemma="sud" pos="V" label="to be distant">mu-un-sud-e</w>
</l>
<l n="97" id="c4281.97" corresp="t4281.p11">
<w form="ka" lemma="ka" pos="N" label="mouth">ka</w>
<w form="cer7-da-ka" lemma="cer7-da" pos="N" label="crime">cer7-da-ka</w>
<w form="lu2" lemma="lu2" pos="N" label="person">lu2</w>
<w form="bi2-in-cum2-mu-e" lemma="cum2" pos="V" label="to give">bi2-in-cum2-<unclear cert="qry">mu</unclear>-e</w>
<w form="saj" lemma="saj" pos="N" label="head">saj</w>
<w form="jic" lemma="jic" pos="N" label="tree">jic</w>
<w form="la-ba-ab-ra-ra" lemma="ra" pos="V" label="to beat" form-type="RR">la-ba-ab-ra-ra</w>
</l>
<l n="98" id="c4281.98" corresp="t4281.p11">
<w form="lu2-u18-lu-bi" lemma="lu2-ulu3" pos="N" label="person">lu2-u18-lu-bi</w>
<w form="ka" lemma="ka" pos="N" label="mouth">ka</w>
<w form="garac2-ta" lemma="garac2" pos="N" label="destruction">garac2-ta</w>
<w form="im-ra-an-zi-zi" lemma="zig3" pos="V" label="to rise" form-type="rr">im-ra-an-zi-zi</w>
</l>
<l n="99" id="c4281.99" corresp="t4281.p11">
<w form="e2" lemma="e2" pos="N" label="house(hold)">e2</w>
<w form="nam-til3-la-ja2" lemma="nam-til3" pos="N" label="life">nam-til3-la-ja2</w>
<w form="ba-ni-in-ku4-ku4" lemma="kur9" pos="V" label="to enter" form-type="rr">ba-ni-in-ku4-ku4</w>
<w form="en-nu-uj3" lemma="en-nu-uj3" pos="N" label="guard">en-nu-uj3</w>
<w form="im-ma-ak-e" lemma="ak" pos="V" label="to do">im-ma-ak-e</w>
</l>
<l n="100" id="c4281.100" corresp="t4281.p11">
<w form="sahar" lemma="sahar" pos="N" label="earth">sahar</w>
<w form="e2-ja2" lemma="e2" pos="N" label="house(hold)">e2-ja2</w>
<w form="tug2" lemma="tug2" pos="N" label="garment">tug2</w>
<w form="dan4-dan4-na" lemma="dan3" pos="V" label="to be clean" form-type="RR">dan4-dan4-na</w>
<w form="lu2" lemma="lu2" pos="N" label="person">lu2</w>
<w form="la-ba-an-si-si" lemma="si" pos="V" label="to fill" form-type="RR">la-ba-an-si-si</w>
</l>
<l n="101" id="c4281.101" corresp="t4281.p11">
<w form="e2-ju10" lemma="e2" pos="N" label="house(hold)">e2-ju10</w>
<w form="kurun2-ta" lemma="kurun" pos="N" label="type of beer">kurun2-ta</w>
<w form="dab5-ba-gin7" lemma="dab5" pos="V" label="to seize">dab5-ba-gin7</w>
<w form="lu2-ra" lemma="lu2" pos="N" label="person">lu2-ra</w>
<w form="an-ed3-de3" lemma="ed3" pos="V" label="to go down or up">an-ed3-de3</w>
</l>
<l n="102" id="c4281.102" corresp="t4281.p11">
<w form="muc-jiri2" lemma="muc-jiri2" pos="N" label="fanged snake">muc-jiri2</w>
<w form="e2" lemma="e2" pos="N" label="house(hold)">e2</w>
<w form="ku10-ku10-ga-ka" lemma="ku10-ku10" pos="V" label="to be dark" form-type="RR">ku10-ku10-ga-ka</w>
<w form="me" lemma="me" pos="N" label="essence">me</w>
<w form="la2-la2" lemma="la2" pos="V" label="to hang" form-type="RR">la2-la2</w>
</l>
<l n="103" id="c4281.103" corresp="t4281.p11">
<w form="e2-ju10" lemma="e2" pos="N" label="house(hold)">e2-ju10</w>
<w form="lu2" lemma="lu2" pos="N" label="person">lu2</w>
<phr type="VP" lemma="si sa2" label="to make straight">
<w form="si" lemma="si" pos="N" label="horn">si</w>
<w form="sa2" lemma="sa2" pos="V" label="to equal">sa2</w>
</phr>
<w form="mu-un-u3-tud" lemma="tud" pos="V" label="to give birth">mu-un-u3-tud</w>
<w form="lu2-lul" lemma="lu2-lul-la" pos="N" label="liar">lu2-lul</w>
<w form="mu-un-te-en-ten" lemma="ten" pos="V" label="to extinguish" form-type="RR">mu-un-te-en-ten</w>
</l>
<l n="104" id="c4281.104" corresp="t4281.p11">
<w form="ceg12-bi" lemma="ceg12" pos="N" label="brick(work)">ceg12-bi</w>
<w form="arhuc" lemma="arhuc" pos="N" label="compassion">arhuc</w>
<w form="er2" lemma="er2" pos="N" label="tear">er2</w>
<w form="mi-ni-in-jal2" lemma="jal2" pos="V" label="to be (located)">mi-ni-in-jal2</w>
<w form="cag4-ne-ca4-a" lemma="cag4-ne-ca4" pos="N" label="intercession">cag4-ne-ca4-a</w>
<w form="mu-un-du3" lemma="du3" pos="V" label="to erect">mu-un-du3</w>
</l>
<l n="105" id="c4281.105" corresp="t4281.p11">
<w form="lu2-ulu3-ba" lemma="lu2-ulu3" pos="N" label="person">lu2-ulu3-ba</w>
<w form="cag4" lemma="cag4" pos="N" label="heart">cag4</w>
<w form="mu-un-na-ab-huj-e" lemma="huj" pos="V" label="to hire">mu-un-na-ab-huj-e</w>
<w form="bar" lemma="bar" pos="N" label="outside">bar</w>
<w form="mu-un-na-ab-sed4-de3" lemma="sed4" pos="V" label="to be cold">mu-un-na-ab-sed4-de3</w>
</l>
<l n="106" id="c4281.106" corresp="t4281.p12">
<w form="cag4" lemma="cag4" pos="N" label="heart">cag4</w>
<w form="dijir-ra-na" lemma="dijir" pos="N" label="deity">dijir-ra-na</w>
<w form="u3-mu-un-na-an-huj" lemma="huj" pos="V" label="to hire">u3-mu-un-na-an-huj</w>
</l>
<l n="107" id="c4281.107" corresp="t4281.p12">
<w form="kug" lemma="kug" pos="N" label="precious metal">kug</w>
<w form="sag9-ga-gin7" lemma="sag9" pos="V" label="to be good">sag9-ga-gin7</w>
<w form="cu" lemma="cu" pos="N" label="hand">cu</w>
<w form="u3-mu-ni-in-su-ub" lemma="su-ub" pos="V" label="to rub">u3-mu-ni-in-su-ub</w>
<w form="sahar" lemma="sahar" pos="N" label="earth">sahar</w>
<w form="u3-mu-un-ta-zalag" lemma="zalag" pos="V" label="to be shining">u3-mu-un-ta-zalag</w>
</l>
<l n="108" id="c4281.108" corresp="t4281.p12">
<w form="kug" lemma="kug" pos="N" label="precious metal">kug</w>
<w form="saj" lemma="saj" pos="N" label="head">saj</w>
<w form="bar" lemma="bar" pos="N" label="outside">bar</w>
<w form="kug-ge" lemma="kug" pos="AJ" label="shining">kug-ge</w>
<w form="KA" lemma="KA" label="KA">KA</w>
<w form="cu-a" lemma="cu" pos="N" label="hand">cu-a</w>
<w form="gub-ba-gin7" lemma="gub" pos="V" label="to stand">gub-ba-gin7</w>
<w form="sahar" lemma="sahar" pos="N" label="earth">sahar</w>
<w form="u3-mu-un-ta-luh-luh" lemma="luh" pos="V" label="to clean" form-type="RR">u3-mu-un-ta-luh-luh</w>
</l>
<l n="109" id="c4281.109" corresp="t4281.p12">
<w form="cu" lemma="cu" pos="N" label="hand">cu</w>
<w form="sag9-ga" lemma="sag9" pos="V" label="to be good">sag9-ga</w>
<w form="dijir-ra-na-ce3" lemma="dijir" pos="N" label="deity">dijir-ra-na-ce3</w>
<w form="im-ci-in-gi4-gi4" lemma="gi4" pos="V" label="to return" form-type="RR">im-ci-in-gi4-gi4</w>
</l>
<l n="110" id="c4281.110" corresp="t4281.p12">
<w form="dijir" lemma="dijir" pos="N" label="deity">dijir</w>
<w form="lu2-ba-ke4" lemma="lu2" pos="N" label="person">lu2-ba-ke4</w>
<w form="su3-u4-ra2-ce3" lemma="sud" pos="V" label="to be distant">su3-u4-ra2-ce3</w>
<w form="me-tec2" lemma="me-tec2" pos="N" label="praise">me-tec2</w>
<w form="hu-mu-i-i" lemma="i" pos="V" label="to bring out" form-type="RR">hu-mu-i-i</w>
</l>
<l n="111" id="c4281.111" corresp="t4281.p12">
<w form="lu2-ulu3-bi" lemma="lu2-ulu3" pos="N" label="person">lu2-ulu3-bi</w>
<w form="ka" lemma="ka" pos="N" label="mouth">ka</w>
<w form="tar-ju10" lemma="tar" pos="V" label="to cut">tar-ju10</w>
<w form="he2-si-il-le" lemma="si-il" pos="V" label="to split apart">he2-si-il-le</w>
<w form="nam-mah-ju10" lemma="nam-mah" pos="N" label="majesty">nam-mah-ju10</w>
<w form="he2-em-me" lemma="dug4" pos="V" label="to say" form-type="ppli">he2-em-me</w>
</l>
<l n="112" id="c4281.112" corresp="t4281.p12">
<w form="ar2-ju10" lemma="ar2" pos="N" label="praise">ar2-ju10</w>
<w form="kalam-ma" lemma="kalam" pos="N" label="the Land">kalam-ma</w>
<w form="ak-ak-da-bi" lemma="ak" pos="V" label="to do" form-type="RR">ak-ak-da-bi</w>
<w form="nij2-me-jar" lemma="nij2-me-jar" pos="N" label="silence">nij2-me-jar</w>
<w form="sug4-ga-am3" lemma="sug4" pos="V" label="to be full">sug4-ga-am3</w>
</l>
<l n="113" id="c4281.113" corresp="t4281.p12">
<w form="i3" lemma="i3" pos="N" label="fatty substance">i3</w>
<w form="li2" lemma="li2" pos="AJ" label="pressed">li2</w>
<w form="tur3" lemma="tur3" pos="N" label="animal stall">tur3</w>
<w form="kug-ta" lemma="kug" pos="AJ" label="shining">kug-ta</w>
<w form="mi2" lemma="mi2" pos="N" label="(loving) care">mi2</w>
<w form="he2-em-me" lemma="dug4" pos="V" label="to say" form-type="ppli">he2-em-me</w>
<w form="nij2" lemma="nij2" pos="N" label="thing">nij2</w>
<w form="saj-bi" lemma="saj" pos="N" label="head">saj-bi</w>
<w form="ha-ma-an-tum3" lemma="de6" pos="V" label="to carry" form-type="isg">ha-ma-an-tum3</w>
</l>
<l n="114" id="c4281.114" corresp="t4281.p12">
<w form="udu-i3" lemma="udu-i3" pos="N" label="fat sheep">udu-i3</w>
<w form="amac" lemma="amac" pos="N" label="sheepfold">amac</w>
<w form="kug-ta" lemma="kug" pos="AJ" label="shining">kug-ta</w>
<w form="mi2" lemma="mi2" pos="N" label="(loving) care">mi2</w>
<w form="he2-em-me" lemma="dug4" pos="V" label="to say" form-type="ppli">he2-em-me</w>
<w form="nij2" lemma="nij2" pos="N" label="thing">nij2</w>
<w form="saj-bi" lemma="saj" pos="N" label="head">saj-bi</w>
<w form="ha-ma-an-tum3" lemma="de6" pos="V" label="to carry" form-type="isg">ha-ma-an-tum3</w>
</l>
<l n="115" id="c4281.115" corresp="t4281.p12">
<w form="lu2-ba" lemma="lu2" pos="N" label="person">lu2-ba</w>
<w form="&d;lamma" lemma="lamma" pos="N" label="guardian deity" det="&d;">&d;lamma</w>
<w form="sag9-ga-ni-me-en" lemma="sag9" pos="V" label="to be good">sag9-ga-ni-me-en</w>
<phr type="VP" lemma="ja2-la dag" label="to cease">
<w form="ja2-la" lemma="ja2-la" pos="N" label="noun part of multiword verb">ja2-la</w>
<w form="nu-mu-un-ta-dag-ge" lemma="dag" pos="V" label="to roam around">nu-mu-un-ta-dag-ge</w>
</phr>
</l>
<l n="116" id="c4281.116" corresp="t4281.p12">
<w form="e2-gal-la" lemma="e2-gal" pos="N" label="palace">e2-gal-la</w>
<w form="igictu-ni" lemma="igictu" pos="AJ" label="foremost">igictu-ni</w>
<w form="je26-me-en" lemma="je26" pos="PD" type="personal" label="I">je26-me-en</w>
<w form="en-nu-uj3" lemma="en-nu-uj3" pos="N" label="guard">en-nu-uj3</w>
<w form="im-ma-ak-en" lemma="ak" pos="V" label="to do">im-ma-ak-en</w>
</l>
<l n="117" id="c4281.117" corresp="t4281.p13">
<w form="nin-e" lemma="nin" pos="N" label="lady">nin-e</w>
<w form="nam-mah-a-ni" lemma="nam-mah" pos="N" label="majesty">nam-mah-a-ni</w>
<w form="pa" lemma="pa" pos="N" label="branch">pa</w>
<w form="e3" lemma="e3" pos="V" label="to go out or in">e3</w>
<w form="ak-a" lemma="ak" pos="V" label="to do">ak-a</w>
</l>
<l n="118" id="c4281.118" corresp="t4281.p13">
<w form="e2" lemma="e2" pos="N" label="house(hold)">e2</w>
<w form="kur" lemma="kur" pos="N" label="(mountain) land">kur</w>
<w form="e2-ec2" lemma="e2" pos="N" label="house(hold)">e2-ec2</w>
<w form="ki-tuc" lemma="ki-tuc" pos="N" label="dwelling place">ki-tuc</w>
<w form="ki" lemma="ki" pos="N" label="place">ki</w>
<w form="aj2-ja2-ni" lemma="aj2" pos="V" label="to measure">aj2-ja2-ni</w>
<w form="ni2" lemma="ni2" pos="N" label="fear(someness)">ni2</w>
<w form="me-lem4" lemma="me-lem4" pos="N" label="(awesome) radiance">me-lem4</w>
<w form="cum2-ma" lemma="cum2" pos="V" label="to give">cum2-ma</w>
</l>
<l n="119" id="c4281.119" corresp="t4281.p13">
<w form="dijir" lemma="dijir" pos="N" label="deity">dijir</w>
<w form="er9" lemma="er9" pos="V" label="to be mighty">er9</w>
<w form="&jic;rab3" lemma="rab3" pos="N" label="shackle" det="&jic;">&jic;rab3</w>
<w form="&d;a-nun-na-ke4-ne" lemma="a-nun-na" pos="N" type="DN" label="Anuna" det="&d;">&d;a-nun-na-ke4-ne</w>
<w form="nam-ma-ni" lemma="nam" pos="N" label="destiny">nam-ma-ni</w>
<w form="lu2" lemma="lu2" pos="N" label="person">lu2</w>
<w form="nu-zu" lemma="zu" pos="V" label="to know">nu-zu</w>
</l>
<l n="120" id="c4281.120" corresp="t4281.p13">
<w form="saj-kal" lemma="saj-kal" pos="AJ" label="foremost">saj-kal</w>
<w form="me-a-na" lemma="me" pos="N" label="essence">me-a-na</w>
<w form="cu" lemma="cu" pos="N" label="hand">cu</w>
<w form="nu-tu-tu" lemma="tu-tu" pos="V" label="to approach" form-type="RR">nu-tu-tu</w>
</l>
<l n="121" id="c4281.121" corresp="t4281.p13">
<w form="&d;nun-gal-la" lemma="nun-gal" pos="N" type="DN" label="Nungal" det="&d;">&d;nun-gal-la</w>
<w form="za3-mi2" lemma="za3-mi2" pos="N" label="praise">za3-mi2</w>
</l>
</body>
</text>
</TEI.2>
