<TEI.2 id="c.4.08.22">
<teiHeader lang="eng">
<fileDesc>
<titleStmt>
<title>A song of Inana and Dumuzid (Dumuzid-Inana V) -- a composite transliteration</title>
<respStmt><name>Jeremy Black</name><resp>Project Director and Editor</resp></respStmt>
<respStmt><name>G&aacute;bor Z&oacute;lyomi</name><resp>Editor</resp></respStmt>
<respStmt><name>Graham Cunningham</name><resp>Editor</resp></respStmt>
<respStmt><name>Eleanor Robson</name><resp>Technical Developer</resp></respStmt>
<respStmt><name>Jarle Ebeling</name><resp>Technical Developer</resp></respStmt>
</titleStmt>
<publicationStmt>
<distributor>The Electronic Text Corpus of Sumerian Literature
</distributor><address><addrLine>The Oriental Institute, University of Oxford, Pusey Lane, Oxford OX1 2LE, UK, email etcsl&commat;orinst.ox.ac.uk, http://etcsl.orinst.ox.ac.uk</addrLine></address>
<date>1999</date>
</publicationStmt>
<seriesStmt><p>The Electronic Text Corpus of Sumerian Literature aims to make accessible over 400 literary works composed in the Sumerian language in ancient Mesopotamia during the late third and early second millennia BC. The works are in Sumerian composite transliteration and English prose translation with bibliographical information on each composition.</p></seriesStmt>
<sourceDesc>
<listBibl type="secondary">
<bibl><xref from="b244">Sefati 1998</xref><biblScope type="page">257-259</biblScope><biblScope type="contents">score transliteration, translation, commentary</biblScope></bibl>
<bibl><xref from="b605">Sefati 1999</xref><biblScope type="contents">composite text, translation</biblScope><note>electronic source</note></bibl>
</listBibl>
<listBibl type="tablets">
<bibl><biblScope type="museumNumber">Ni 3056 (SLTNi 37 obv.)</biblScope></bibl>
</listBibl>
</sourceDesc>
</fileDesc>
<revisionDesc>
<change><date>05.ii.1999</date><respStmt><name>JAB</name><resp>editor</resp></respStmt>
<item>standardisation</item></change>
<change><date>30.ix.1999</date><respStmt><name>GC</name><resp>editor</resp></respStmt>
<item>proofreading</item></change>
<change><date>18.x.1999</date><respStmt><name>GZ</name><resp>editor</resp></respStmt>
<item>SGML tagging</item></change>
<change><date>21.xi.1999</date><respStmt><name>ER</name><resp>editor</resp></respStmt>
<item>proofreading SGML</item></change>
<change><date>04.ii.2000</date><respStmt><name>ER</name><resp>editor</resp></respStmt>
<item>correcting tablet list</item></change>
<change><date>21.xi.1999</date><respStmt><name>ER</name><resp>editor</resp></respStmt>
<item>web publication</item></change>
<change><date>01.vi.2003</date><respStmt><name>GC/JE</name><resp>editor/technical developer</resp></respStmt>
<item>XML/TEI conversion</item></change>
<change><date>30.iii.2005</date><respStmt><name>GC/JE</name><resp>senior editor/technical developer</resp></respStmt>
<item>lemmatised version published</item></change>
</revisionDesc>
</teiHeader>
<text lang="sux">
<body>
<l n="1" id="c40822.1" corresp="t40822.p1">
<w form="in-nin9" lemma="in-nin" pos="N" label="mistress">in-nin9</w>
<w form="cembi2-zid" lemma="cembi2-zid" pos="N" label="kohl">cembi2-zid</w>
<w form="lugal-la-kam" lemma="lugal" pos="N" label="king">lugal-<damage/>la<damageEnd/>-<supplied/>kam</w>
<suppliedEnd/>
</l>
<l n="2" id="c40822.2" corresp="t40822.p1">
<w form="&d;inana" lemma="inana" pos="N" type="DN" label="Inana" det="&d;">&d;inana</w>
<damage/>
<w form="cembi2-zid" lemma="cembi2-zid" pos="N" label="kohl">cembi2-zid</w>
<damageEnd/>
<w form="&d;dumu-zid-da" lemma="dumu-zid" pos="N" type="DN" label="Dumuzid" det="&d;">&d;dumu-zid-da</w>
<w form="X" lemma="X" label="X">X</w>
</l>
<l n="3" id="c40822.3" corresp="t40822.p1">
<w form="ul" lemma="ul" pos="V" label="to swell (with joy)">ul</w>
<w form="gur3-ru" lemma="guru3" pos="V" label="to bear">gur3-ru</w>
<w form="hi-li" lemma="hi-li" pos="N" label="attractiveness">hi-li</w>
<w form="cu" lemma="cu" pos="N" label="hand">cu</w>
<w form="tag" lemma="tag" pos="V" label="to touch">tag</w>
<w form="dug4-ga" lemma="dug4" pos="V" label="to say">dug4-<damage/>ga</w>
<damageEnd/>
</l>
<l n="4" id="c40822.4" corresp="t40822.p1">
<w form="&lu2;sipad-ra" lemma="sipad" pos="N" label="shepherd" bound="L,ra" det="&lu2;">&lu2;sipad-ra</w>
<w form="tur3-ra" lemma="tur3" pos="N" label="animal stall">tur3-ra</w>
<w form="an-ci-DU" lemma="DU" pos="V" label="DU">an-ci-<damage/><unclear cert="qry">DU</unclear></w>
<damageEnd/>
</l>
<l n="5" id="c40822.5" corresp="t40822.p1">
<w form="&d;dumu-zid-ra" lemma="dumu-zid" pos="N" type="DN" label="Dumuzid" det="&d;">&d;dumu-zid-ra</w>
<w form="amac-a" lemma="amac" pos="N" label="sheepfold">amac-a</w>
<w form="an-ci-DU" lemma="DU" pos="V" label="DU">an-ci-<damage/><unclear cert="qry">DU</unclear></w>
<damageEnd/>
</l>
<l n="6" id="c40822.6" corresp="t40822.p1">
<w form="&lu2;sipad-da" lemma="sipad" pos="N" label="shepherd" bound="L,ak" det="&lu2;">&lu2;sipad-da</w>
<w form="igi-bi" lemma="igi" pos="N" label="eye">igi-bi</w>
<w form="kaskal" lemma="kaskal" pos="N" label="(high)way">kaskal</w>
<w form="im-da-an-X" lemma="X" label="X">im-da-an-X</w>
</l>
<l n="7" id="c40822.7" corresp="t40822.p1">
<damage/>
<w form="ki-sikil" lemma="ki-sikil" pos="N" label="young woman"><unclear cert="qry">ki</unclear>-<unclear cert="qry">sikil</unclear></w>
<damageEnd/>
<w form="&d;inana" lemma="inana" pos="N" type="DN" label="Inana" det="&d;">&d;inana</w>
<w form="har-ra-an-na" lemma="har-ra-an" pos="N" label="route">har-ra-an-na</w>
<w form="gaba" lemma="gaba" pos="N" label="chest">gaba</w>
<w form="mu-un-ri" lemma="ri" pos="V" label="to direct">mu-<damage/>un<damageEnd/>-<supplied/>ri</w>
<suppliedEnd/>
</l>
<l n="8" id="c40822.8" corresp="t40822.p1">
<w form="&d;dumu-zid-de3" lemma="dumu-zid" pos="N" type="DN" label="Dumuzid" det="&d;"><supplied/>&d;<suppliedEnd/><damage/>dumu<damageEnd/>-zid-de3</w>
<w form="ud-gin7" lemma="ud" pos="N" label="day(light)">ud-gin7</w>
<w form="ba-an-ta-e3" lemma="e3" pos="V" label="to go out or in">ba-an-ta-<supplied/>e3</w>
<suppliedEnd/>
</l>
<l n="9" id="c40822.9" corresp="t40822.p1">
<supplied/>
<w form="&X;" lemma="&X;" label="&X;">&X;</w>
<suppliedEnd/>
<w form="cu" lemma="cu" pos="N" label="hand">cu</w>
<w form="im-ma-an-ri" lemma="ri" pos="V" label="to direct">im-ma-an-<supplied/>ri</w>
<suppliedEnd/>
</l>
<l n="10" id="c40822.10" corresp="t40822.p1">
<supplied/>
<w form="&X;" lemma="&X;" label="&X;">&X;</w>
<suppliedEnd/>
<w form="cu" lemma="cu" pos="N" label="hand"><unclear cert="qry">cu</unclear></w>
<w form="im-ma-an-ri" lemma="ri" pos="V" label="to direct">im-ma-an-<supplied/>ri</w>
<suppliedEnd/>
</l>
<l n="11" id="c40822.11" corresp="t40822.p1">
<supplied/>
<w form="&X;" lemma="&X;" label="&X;">&X;</w>
<suppliedEnd/>
<w form="X" lemma="X" label="X">X</w>
<w form="cu" lemma="cu" pos="N" label="hand">cu</w>
<w form="ri" lemma="ri" pos="V" label="to direct">ri</w>
<w form="ba-ni-in-X" lemma="X" label="X">ba-ni-in-<supplied/>X</w>
<suppliedEnd/>
</l>
<l n="12" id="c40822.12" corresp="t40822.p1">
<supplied/>
<w form="&X;" lemma="&X;" label="&X;">&X;</w>
<suppliedEnd/>
<damage/>
<w form="in-ga-ba-ni-in-X" lemma="X" label="X">in<damageEnd/>-ga-ba-ni-in-<supplied/>X</w>
<suppliedEnd/>
</l>
<l n="13" id="c40822.13" corresp="t40822.p1">
<supplied/>
<w form="&X;" lemma="&X;" label="&X;">&X;</w>
<suppliedEnd/>
<w form="X" lemma="X" label="X">X</w>
<w form="ul" lemma="ul" pos="N" label="bud">ul</w>
<w form="car2-ra" lemma="car2" pos="V" label="to be numerous">car2-ra</w>
<w form="gu2" lemma="gu2" pos="N" label="neck">gu2</w>
<w form="im-ma-ni-e3" lemma="e3" pos="V" label="to go out or in">im-<damage/>ma<damageEnd/>-<supplied/>ni-e3</w>
<suppliedEnd/>
</l>
<l n="14" id="c40822.14" corresp="t40822.p1">
<supplied/>
<w form="&X;" lemma="&X;" label="&X;">&X;</w>
<suppliedEnd/>
<damage/>
<w form="&jic;pa-pa-al" lemma="pa-pa-al" pos="N" label="shoot" det="&jic;">&jic;<damageEnd/>pa-pa-al</w>
<w form="im-ci-la2-la2" lemma="la2" pos="V" label="to hang" form-type="RR">im-ci-la2-<supplied/>la2</w>
<suppliedEnd/>
</l>
<l n="15" id="c40822.15" corresp="t40822.p1">
<supplied/>
<w form="&X;" lemma="&X;" label="&X;">&X;</w>
<suppliedEnd/>
<w form="X" lemma="X" label="X">X</w>
<w form="ak" lemma="ak" pos="V" label="to do"><unclear cert="cor">ak</unclear></w>
<w form="cag4-bi" lemma="cag4" pos="N" label="heart"><unclear cert="qry">cag4</unclear>-bi</w>
<damage/>
<w form="ma-&X;" lemma="&X;" pos="V" label="&X;">ma<damageEnd/>-<supplied/>&X;</w>
<suppliedEnd/>
</l>
</body>
</text>
</TEI.2>
