<TEI.2 id="c.4.15.2">
<teiHeader lang="eng">
<fileDesc>
<titleStmt>
<title>A hymn to Nergal (Nergal B) -- a composite transliteration</title>
<respStmt><name>Jeremy Black</name><resp>Project Director and Editor</resp></respStmt>
<respStmt><name>G&aacute;bor Z&oacute;lyomi</name><resp>Editor</resp></respStmt>
<respStmt><name>Graham Cunningham</name><resp>Editor</resp></respStmt>
<respStmt><name>Eleanor Robson</name><resp>Technical Developer</resp></respStmt>
<respStmt><name>Jarle Ebeling</name><resp>Technical Developer</resp></respStmt>
</titleStmt>
<publicationStmt>
<distributor>The Electronic Text Corpus of Sumerian Literature
</distributor><address><addrLine>The Oriental Institute, University of Oxford, Pusey Lane, Oxford OX1 2LE, UK, email etcsl&commat;orinst.ox.ac.uk, http://etcsl.orinst.ox.ac.uk</addrLine></address>
<date>1999</date>
</publicationStmt>
<seriesStmt><p>The Electronic Text Corpus of Sumerian Literature aims to make accessible over 400 literary works composed in the Sumerian language in ancient Mesopotamia during the late third and early second millennia BC. The works are in Sumerian composite transliteration and English prose translation with bibliographical information on each composition.</p></seriesStmt>
<sourceDesc>
<listBibl type="secondary">
<bibl><xref from="b309">Krecher 1996b</xref><biblScope type="contents">composite text, translation</biblScope><note>electronic source</note></bibl>
<bibl><xref from="b562">van Dijk 1960</xref><biblScope type="page">35-56</biblScope><biblScope type="contents">composite text, translation, commentary</biblScope></bibl>
</listBibl>
<listBibl type="tablets">
<bibl><biblScope type="museumNumber">AO 5391 (TCL 15 26)</biblScope></bibl>
</listBibl>
</sourceDesc>
</fileDesc>
<revisionDesc>
<change><date>15.vii.1999-22.vii.1999</date><respStmt><name>GC</name><resp>editor</resp></respStmt>
<item>standardisation</item></change>
<change><date>06.xii.1999</date><respStmt><name>JAB</name><resp>editor</resp></respStmt>
<item>proofreading</item></change>
<change><date>13.xii.1999</date><respStmt><name>GC</name><resp>editor</resp></respStmt>
<item>SGML tagging</item></change>
<change><date>25.ii.2000</date><respStmt><name>ER</name><resp>editor</resp></respStmt>
<item>proofreading SGML</item></change>
<change><date>25.ii.2000</date><respStmt><name>ER</name><resp>editor</resp></respStmt>
<item>web publication</item></change>
<change><date>01.vi.2003</date><respStmt><name>GC/JE</name><resp>editor/technical developer</resp></respStmt>
<item>XML/TEI conversion</item></change>
<change><date>30.iii.2005</date><respStmt><name>GC/JE</name><resp>senior editor/technical developer</resp></respStmt>
<item>lemmatised version published</item></change>
</revisionDesc>
</teiHeader>
<text lang="sux">
<body>
<l n="1" id="c4152.1" corresp="t4152.p1">
<supplied/>
<w form="ur-saj" lemma="ur-saj" pos="N" label="hero">ur-saj</w>
<w form="dumu" lemma="dumu" pos="N" label="child">dumu</w>
<suppliedEnd/>
<damage/>
<w form="mah" lemma="mah" pos="V" label="to be majestic">mah</w>
<damageEnd/>
<w form="ni2" lemma="ni2" pos="N" label="fear(someness)">ni2</w>
<w form="gur3-ru" lemma="guru3" pos="V" label="to bear">gur3-ru</w>
<w form="&d;en-lil2-la2" lemma="en-lil2" pos="N" type="DN" label="Enlil" det="&d;">&d;en-lil2-la2</w>
</l>
<l n="2" id="c4152.2" corresp="t4152.p1">
<supplied/>
<w form="ud-gin7" lemma="ud" pos="N" label="storm">ud-gin7</w>
<w form="ra-ra" lemma="ra" pos="V" label="to beat" form-type="RR">ra-ra</w>
<suppliedEnd/>
<w form="ki-bal-ce3" lemma="ki-bal" pos="N" label="rebel land">ki-bal-ce3</w>
<w form="gu3" lemma="gu3" pos="N" label="voice">gu3</w>
<w form="jar-ra" lemma="jar" pos="V" label="to place">jar-ra</w>
</l>
<l n="3" id="c4152.3" corresp="t4152.p1">
<supplied/>
<w form="igi-ni-ce3" lemma="igi" pos="N" label="eye">igi-ni-ce3</w>
<w form="u18-ru" lemma="uru16" pos="V" label="to be towering">u18<suppliedEnd/>-ru</w>
<w form="bar-ra-ni-ce3" lemma="bar" pos="N" label="outside">bar-ra-ni-ce3</w>
<w form="mar-uru5" lemma="mar-uru5" pos="N" label="tempest">mar-uru5</w>
<w form="zig3-ga" lemma="zig3" pos="V" label="to rise">zig3-ga</w>
</l>
<l n="4" id="c4152.4" corresp="t4152.p1">
<supplied/>
<w form="&X;" lemma="&X;" label="&X;">&X;</w>
<suppliedEnd/>
<w form="X-ba-ni" lemma="X" label="X">X-ba-ni</w>
<w form="ki-bi" lemma="ki" pos="N" label="place">ki-bi</w>
<supplied/>
<w form="X-ge" lemma="X" label="X">X<suppliedEnd/>-<damage/>ge</w>
<damageEnd/>
</l>
<l n="5" id="c4152.5" corresp="t4152.p1">
<supplied/>
<w form="en" lemma="en" pos="N" label="lord">en</w>
<suppliedEnd/>
<w form="&d;mec3-lam-ta-e3-a" lemma="mec3-lam-ta-e3-a" pos="N" type="DN" label="Me&c;lamta-ea" det="&d;"><supplied/>&d;mec3<suppliedEnd/>-<damage/>lam<damageEnd/>-ta-e3-a</w>
<damage/>
<w form="ni2" lemma="ni2" pos="N" label="fear(someness)">ni2</w>
<damageEnd/>
<supplied/>
<w form="huc" lemma="huc" pos="V" label="to be reddish">huc</w>
<w form="gur3-ru" lemma="guru3" pos="V" label="to bear">gur3-ru</w>
<suppliedEnd/>
</l>
<l n="6" id="c4152.6" corresp="t4152.p1">
<supplied/>
<w form="X" lemma="X" label="X">X</w>
<w form="X-a-ni" lemma="X" label="X">X<suppliedEnd/>-a-ni</w>
<w form="kur" lemma="kur" pos="N" label="(mountain) land">kur</w>
<damage/>
<w form="erim2-jal2" lemma="erim2-jal2" pos="AJ" label="evil">erim2<damageEnd/>-<supplied/>jal2</w>
<w form="nu-ed2-de3" lemma="e3" pos="V" label="to go out or in">nu-ed2<suppliedEnd/>-de3</w>
</l>
<l n="7" id="c4152.7" corresp="t4152.p1">
<supplied/>
<w form="si" lemma="si" pos="N" label="horn">si</w>
<w form="ma-az-za-ni" lemma="ma-az" pos="V" label="to swell">ma-az<suppliedEnd/>-za-ni</w>
<w form="kalam-ma" lemma="kalam" pos="N" label="the Land">kalam-<supplied/>ma</w>
<w form="&X;-la" lemma="&X;" label="&X;">&X;<suppliedEnd/>-la</w>
</l>
<l n="8" id="c4152.8" corresp="t4152.p1">
<supplied/>
<w form="&X;" lemma="&X;" label="&X;">&X;</w>
<suppliedEnd/>
<w form="&jic;tukul" lemma="tukul" pos="N" label="weapon" det="&jic;">&jic;<damage/>tukul</w>
<w form="bi-in-sag3" lemma="sag3" pos="V" label="to beat">bi-in-sag3</w>
<damageEnd/>
</l>
<l n="9" id="c4152.9" corresp="t4152.p2">
<supplied/>
<w form="&X;" lemma="&X;" label="&X;">&X;</w>
<suppliedEnd/>
<w form="X" lemma="X" label="X">X</w>
<w form="IM" lemma="IM" label="IM">IM</w>
<w form="&d;en-lil2-le" lemma="en-lil2" pos="N" type="DN" label="Enlil" det="&d;">&d;en-<supplied/>lil2-le<suppliedEnd/></w>
<w form="u3-tud-da" lemma="tud" pos="V" label="to give birth">u3-tud-da</w>
</l>
<l n="10" id="c4152.10" corresp="t4152.p2">
<supplied/>
<w form="&X;" lemma="&X;" label="&X;">&X;</w>
<suppliedEnd/>
<w form="GAL" lemma="GAL" label="GAL">GAL</w>
<w form="X" lemma="X" label="X">X</w>
<w form="X" lemma="X" label="X">X</w>
<supplied/>
<w form="mar-uru5" lemma="mar-uru5" pos="N" label="tempest">mar<suppliedEnd/>-<damage/>uru5</w>
<damageEnd/>
<w form="X" lemma="X" label="X">X</w>
<w form="X" lemma="X" label="X">X</w>
<w form="X" lemma="X" label="X">X</w>
</l>
<l n="11" id="c4152.11" corresp="t4152.p2">
<supplied/>
<w form="&X;" lemma="&X;" label="&X;">&X;</w>
<suppliedEnd/>
<w form="X" lemma="X" label="X">X</w>
<w form="X" lemma="X" label="X">X</w>
<supplied/>
<w form="&X;-jar-re-en6" lemma="jar" pos="V" label="to place">&X;<suppliedEnd/>-<damage/>jar<damageEnd/>-re-<damage/>en6</w>
<damageEnd/>
</l>
<l n="12" id="c4152.12" corresp="t4152.p2">
<supplied/>
<w form="a2" lemma="a2" pos="N" label="arm">a2</w>
<suppliedEnd/>
<w form="nam-ur-saj-ja2-zu" lemma="nam-ur-saj" pos="N" label="heroism">nam-ur-saj-<corr resp="scrOm"/>ja2<corrEnd/>-zu</w>
<w form="mu-gub-be2-en6" lemma="gub" pos="V" label="to stand">mu-gub-<damage/>be2-en6</w>
<damageEnd/>
</l>
<l n="13" id="c4152.13" corresp="t4152.p3">
<supplied/>
<w form="saj" lemma="saj" pos="N" label="head">saj</w>
<w form="il2-la" lemma="il2" pos="V" label="to raise">il2<suppliedEnd/>-la</w>
<w form="gu3" lemma="gu3" pos="N" label="voice">gu3</w>
<w form="ra-bi-da" lemma="ra" pos="V" label="to beat">ra-bi-da</w>
<w form="nir-jal2" lemma="nir-jal2" pos="AJ" label="authoritative">nir-jal2</w>
</l>
<l n="14" id="c4152.14" corresp="t4152.p3">
<w form="lu2" lemma="lu2" pos="N" label="person">lu2</w>
<w form="zu-me" lemma="zu" pos="V" label="to know">zu-me</w>
<w form="dijir-re-e-ne-ke4" lemma="dijir" pos="N" label="deity">dijir-re-e-ne-ke4</w>
</l>
<l n="15" id="c4152.15" corresp="t4152.p3">
<w form="e2" lemma="e2" pos="N" label="house(hold)">e2</w>
<w form="JA2&times;X-e" lemma="JA2&times;X" label="&G;A&s2;&times;X">JA2&times;X-e</w>
<w form="ba-X-ar" lemma="X" label="X">ba-<supplied/>X<suppliedEnd/>-ar</w>
<w form="kalam-ma-ka" lemma="kalam" pos="N" label="the Land">kalam-ma-ka</w>
</l>
<l n="16" id="c4152.16" corresp="t4152.p3">
<w form="an-ne2" lemma="an" pos="N" label="heaven">an-<damage/>ne2</w>
<w form="mu-nijin2" lemma="nijin2" pos="V" label="to go around">mu<damageEnd/>-nijin2</w>
<w form="nij2-nam-ma" lemma="nij2-nam" pos="PD" type="indefinite" label="anything">nij2-<damage/>nam<damageEnd/>-<supplied/>ma</w>
<suppliedEnd/>
<w form="a2" lemma="a2" pos="N" label="arm">a2</w>
<damage/>
<w form="mu-un-kij2" lemma="kij2" pos="V" label="to seek">mu-un<damageEnd/>-kij2</w>
</l>
<l n="17" id="c4152.17" corresp="t4152.p4">
<w form="ud" lemma="ud" pos="N" label="day(light)">ud</w>
<w form="nam-X" lemma="X" pos="N" label="X">nam-X</w>
<w form="mu-X" lemma="X" label="X">mu-X</w>
<w form="X" lemma="X" label="X">X</w>
<w form="X" lemma="X" label="X">X</w>
</l>
<l n="18" id="c4152.18" corresp="t4152.p4">
<w form="a-ma-ru" lemma="a-ma-ru" pos="N" label="flood">a-<damage/>ma<damageEnd/>-<supplied/>ru</w>
<suppliedEnd/>
<w form="kur" lemma="kur" pos="N" label="(mountain) land">kur</w>
<w form="sig10-sig10-ge5" lemma="sig10" pos="V" label="to place" form-type="RR">sig10-sig10-ge5</w>
<w form="mu-ni-dug4-ga" lemma="dug4" pos="V" label="to say">mu-ni-dug4-ga</w>
</l>
<l n="19" id="c4152.19" corresp="t4152.p4">
<w form="nij2" lemma="nij2" pos="N" label="thing">nij2</w>
<w form="hul-jal2-bi" lemma="hul-jal2" pos="AJ" label="evil">hul-<supplied/>jal2<suppliedEnd/>-bi</w>
<w form="kuc7" lemma="kuc7" pos="N" label="devastation">kuc7</w>
<w form="su3-su3-me-en" lemma="su" pos="V" label="to sink" form-type="RR">su3-su3-me-en</w>
</l>
<l n="20" id="c4152.20" corresp="t4152.p4">
<w form="en-na" lemma="en-na" pos="N" label="extent">en-na</w>
<w form="nu-ce-ga-ce3" lemma="ce" pos="V" label="to agree">nu-<damage/>ce-ga<damageEnd/>-ce3</w>
<w form="su3-su3-me-en" lemma="su3" pos="V" label="to sprinkle" form-type="RR">su3-su3-me-en</w>
</l>
<l n="21" id="c4152.21" corresp="t4152.p4">
<w form="ur-saj" lemma="ur-saj" pos="N" label="hero">ur-saj</w>
<damage/>
<w form="gal" lemma="gal" pos="V" label="to be big">gal</w>
<damageEnd/>
<w form="kur-kur-ra-me-en" lemma="kur" pos="N" label="(mountain) land" form-type="RR">kur-kur-<damage/>ra<damageEnd/>-<supplied/>me<suppliedEnd/>-<damage/>en</w>
<damageEnd/>
</l>
<l n="22" id="c4152.22" corresp="t4152.p4">
<w form="CEC-a" lemma="CEC" label="&C;E&C;">CEC-a</w>
<damage/>
<w form="dub2-dub2-e" lemma="dub2" pos="V" label="to tremble" form-type="RR">dub2-dub2<damageEnd/>-e</w>
<w form="gu3" lemma="gu3" pos="N" label="voice">gu3</w>
<w form="ba-an-de2-de2" lemma="de2" pos="V" label="to pour" form-type="RR">ba-an-de2-de2</w>
</l>
<l n="23" id="c4152.23" corresp="t4152.p4">
<w form="jiri3" lemma="jiri3" pos="N" label="foot">jiri3</w>
<w form="nu-ni-gub" lemma="gub" pos="V" label="to stand">nu-<damage/>ni<damageEnd/>-gub</w>
<w form="X" lemma="X" label="X">X</w>
<w form="X-ni-du-un" lemma="jen" pos="V" label="to go">X-ni-du-un</w>
</l>
<l n="24" id="c4152.24" corresp="t4152.p4">
<w form="cajan" lemma="cajan" pos="N" label="flask">cajan</w>
<w form="7-gin7" lemma="7" pos="NU" type="cardinal" label="7">7-gin7</w>
<w form="X" lemma="X" label="X">X</w>
<w form="X-e" lemma="X" label="X">X-e</w>
<w form="ba-an-dib" lemma="dib" pos="V" label="to pass">ba-an-dib</w>
</l>
<l n="25" id="c4152.25" corresp="t4152.p4">
<w form="saj" lemma="saj" pos="N" label="head">saj</w>
<w form="gig2" lemma="gig2" pos="V" label="to be black">gig2</w>
<w form="tec2" lemma="tec2" pos="N" label="unity">tec2</w>
<w form="an-ce3" lemma="an" pos="N" label="heaven">an-ce3</w>
<w form="gu2" lemma="gu2" pos="N" label="neck">gu2</w>
<w form="bi2-in-jar" lemma="jar" pos="V" label="to place">bi2-in-jar</w>
</l>
<l n="26" id="c4152.26" corresp="t4152.p4">
<w form="tum12&mucen;-bi-a" lemma="tum12" pos="N" label="pigeon" bound="L,bi.ak" det="&mucen;">tum12&mucen;-bi-a</w>
<w form="lal3-da" lemma="lal3" pos="N" label="syrup">lal3-<damage/>da</w>
<damageEnd/>
<w form="zag" lemma="zag" pos="N" label="side">zag</w>
<w form="mi-ni-dib-be2" lemma="dib" pos="V" label="to pass">mi-ni-dib-be2</w>
</l>
<l n="27" id="c4152.27" corresp="t4152.p4">
<w form="sim&mucen;" lemma="sim" pos="N" label="swallow" det="&mucen;"><unclear cert="qry">sim</unclear><supplied/>&mucen;</w>
<suppliedEnd/>
<damage/>
<w form="babbar" lemma="babbar" pos="AJ" label="white">babbar</w>
<w form="gig2-bi-a" lemma="gig2" pos="V" label="to be black">gig2<damageEnd/>-bi-a</w>
<w form="zag" lemma="zag" pos="N" label="side">zag</w>
<w form="mi-ni-dib-be2" lemma="dib" pos="V" label="to pass">mi-ni-dib-be2</w>
</l>
<l n="28" id="c4152.28" corresp="t4152.p5">
<supplied/>
<w form="X" lemma="X" label="X">X</w>
<w form="X" lemma="X" label="X">X</w>
<w form="sila" lemma="sila" pos="N" label="street">sila</w>
<suppliedEnd/>
<w form="sig9-sig9-ga" lemma="sig9" pos="V" label="to be silent" form-type="RR">sig9-sig9-ga</w>
<w form="X" lemma="X" label="X">X</w>
<supplied/>
<w form="&X;" lemma="&X;" label="&X;">&X;</w>
<suppliedEnd/>
</l>
<l n="29" id="c4152.29" corresp="t4152.p5">
<damage/>
<w form="ni2" lemma="ni2" pos="N" label="fear(someness)">ni2</w>
<damageEnd/>
<supplied/>
<w form="Xbr-zu" lemma="Xbr" label="Xbr">(X)<suppliedEnd/>-zu</w>
<w form="iri" lemma="iri" pos="N" label="town">iri</w>
<w form="mu-un-dul" lemma="dul" pos="V" label="to cover (together)">mu-<damage/>un<damageEnd/>-<supplied/>dul</w>
<suppliedEnd/>
</l>
<l n="30" id="c4152.30" corresp="t4152.p5">
<w form="men" lemma="men" pos="N" label="diadem">men</w>
<damage/>
<w form="zid" lemma="zid" pos="AJ" label="right">zid</w>
<damageEnd/>
<w form="mah" lemma="mah" pos="V" label="to be majestic">mah</w>
<w form="ni2-zu" lemma="ni2" pos="N" label="fear(someness)">ni2-zu</w>
<supplied/>
<w form="&X;" lemma="&X;" label="&X;">&X;</w>
<suppliedEnd/>
</l>
<l n="31" id="c4152.31" corresp="t4152.p5">
<w form="X" lemma="X" label="X">X</w>
<w form="X" lemma="X" label="X">X</w>
<w form="u18-lu" lemma="ulu3" pos="N" label="south wind (storm)">u18-lu</w>
<w form="lu2-u3" lemma="lu2" pos="N" label="person">lu2-u3</w>
<w form="gaba" lemma="gaba" pos="N" label="chest">gaba</w>
<w form="nu-mu-gi4" lemma="gi4" pos="V" label="to return">nu-<supplied/>mu<suppliedEnd/>-gi4</w>
</l>
<l n="32" id="c4152.32" corresp="t4152.p5">
<w form="ki" lemma="ki" pos="N" label="place">ki</w>
<w form="nin" lemma="nin" pos="N" label="lady">nin</w>
<w form="ki" lemma="ki" pos="N" label="place">ki</w>
<w form="kal-kal" lemma="kal" pos="V" label="to be rare" form-type="RR">kal-kal</w>
<w form="nam-&d;en-lil2" lemma="nam-en-lil2" pos="N" label="status as principal deity" det="&d;">nam-&d;en-lil2</w>
<w form="ca-ba-ak-e" lemma="ak" pos="V" label="to do">ca-ba-ak-e</w>
</l>
<l n="33" id="c4152.33" corresp="t4152.p5">
<w form="igi" lemma="igi" pos="N" label="eye">igi</w>
<w form="saj" lemma="saj" pos="N" label="head">saj</w>
<w form="il2" lemma="il2" pos="V" label="to raise">il2</w>
<w form="kalam-ma" lemma="kalam" pos="N" label="the Land">kalam-ma</w>
<w form="nam-lugal" lemma="nam-lugal" pos="N" label="kingship">nam-lugal</w>
<w form="ca-ba-ak-e" lemma="ak" pos="V" label="to do">ca-ba-ak-e</w>
</l>
<l n="34" id="c4152.34" corresp="t4152.p5">
<w form="a-a-ni-ra" lemma="a-a" pos="N" label="father">a-a-ni-ra</w>
<w form="uj3" lemma="uj3" pos="N" label="people">uj3</w>
<damage/>
<w form="su3-ud-bi-ta" lemma="sud" pos="V" label="to be distant">su3<damageEnd/>-ud-bi-<damage/>ta</w>
<damageEnd/>
<w form="mi-ni-ib-e3" lemma="e3" pos="V" label="to go out or in">mi-ni-ib-e3</w>
</l>
<l n="35" id="c4152.35" corresp="t4152.p5">
<w form="kur-ra" lemma="kur" pos="N" label="(mountain) land">kur-ra</w>
<w form="e2" lemma="e2" pos="N" label="house(hold)"><unclear cert="qry">e2</unclear></w>
<w form="X" lemma="X" label="X">X</w>
<w form="X" lemma="X" label="X">X</w>
<w form="X" lemma="X" label="X">X</w>
<w form="ki" lemma="ki" pos="N" label="place">ki</w>
<damage/>
<w form="di-bi-ce3" lemma="di" pos="N" label="(law)suit"><unclear cert="qry">di</unclear><damageEnd/>-bi-ce3</w>
<w form="i3-ci-de6" lemma="de6" pos="V" label="to carry">i3-<damage/>ci<damageEnd/>-de6</w>
<w form="&d;nergal-ke4" lemma="nergal" pos="N" type="DN" label="Nergal" det="&d;">&d;nergal-ke4</w>
</l>
<l n="36" id="c4152.36" corresp="t4152.p6">
<w form="&d;er3-ra" lemma="er3-ra" pos="N" type="DN" label="Erra" det="&d;">&d;er3-ra</w>
<supplied/>
<w form="lugal-ni" lemma="lugal" pos="N" label="king">lugal<suppliedEnd/>-<damage/>ni</w>
<damageEnd/>
<w form="mi2" lemma="mi2" pos="N" label="(loving) care">mi2</w>
<w form="na-mu-un-e" lemma="dug4" pos="V" label="to say" form-type="ppli">na-mu-un-e</w>
</l>
<l n="37" id="c4152.37" corresp="t4152.p6">
<w form="sug2-sug2-ge-ec-am3" lemma="gub" pos="V" label="to stand" form-type="RR-pl">sug2-sug2-ge-ec-am3</w>
<w form="an-ra" lemma="an" pos="N" type="DN" label="An">an-ra</w>
<w form="dirig-ga-me-en" lemma="dirig" pos="V" label="to be superior">dirig-ga-me-en</w>
</l>
<l n="38" id="c4152.38" corresp="t4152.p6">
<w form="an" lemma="an" pos="N" type="DN" label="An">an</w>
<w form="lugal-e" lemma="lugal" pos="N" label="king">lugal-e</w>
<w form="cid" lemma="cid" pos="V" label="to count">cid</w>
<w form="du3-mu-na-ab" lemma="du3" pos="V" label="to erect">du3-mu-na-ab</w>
</l>
<l n="39" id="c4152.39" corresp="t4152.p6">
<w form="nam" lemma="nam" pos="N" label="destiny">nam</w>
<w form="tar-re" lemma="tar" pos="V" label="to cut">tar-re</w>
<w form="nam" lemma="nam" pos="N" label="destiny">nam</w>
<w form="mu-un-di-ni-ib-tar-re" lemma="tar" pos="V" label="to cut">mu-un-di-ni-ib-tar-re</w>
<w form="&d;nergal-ka-me-en" lemma="nergal" pos="N" type="DN" label="Nergal" det="&d;">&d;nergal-ka-me-en</w>
</l>
<l n="40" id="c4152.40" corresp="t4152.p6">
<w form="&d;nin-cubur" lemma="nin-cubur" pos="N" type="DN" label="Nin&c;ubur" det="&d;">&d;nin-cubur</w>
<w form="sukkal" lemma="sukkal" pos="N" label="minister">sukkal</w>
<w form="ki" lemma="ki" pos="N" label="place">ki</w>
<w form="gal" lemma="gal" pos="V" label="to be big">gal</w>
<w form="kur-ra-ke4" lemma="kur" pos="N" label="(mountain) land">kur-ra-ke4</w>
<w form="&d;nergal-ka-ke4" lemma="nergal" pos="N" type="DN" label="Nergal" det="&d;">&d;nergal-ka-ke4</w>
<w form="silim-bi" lemma="silim" pos="V" label="to be healthy">silim-bi</w>
<w form="ba-ni-in-dug4" lemma="dug4" pos="V" label="to say">ba-ni-in-dug4</w>
</l>
<l n="41" id="c4152.41" corresp="t4152.p6">
<w form="en-e" lemma="en" pos="N" label="lord">en-e</w>
<w form="hur-saj-ta" lemma="hur-saj" pos="N" label="mountain (range)">hur-saj-ta</w>
<supplied/>
<w form="lu2-sa-gaz" lemma="lu2-sa-gaz" pos="N" label="brigand">lu2-sa<suppliedEnd/>-gaz</w>
<w form="ki" lemma="ki" pos="N" label="place">ki</w>
<w form="mu-e3-a-me-en" lemma="e3" pos="V" label="to go out or in">mu-e3-a-me-en</w>
</l>
<l n="42" id="c4152.42" corresp="t4152.p6">
<w form="&d;en-lil2-gin7" lemma="en-lil2" pos="N" type="DN" label="Enlil" det="&d;">&d;<damage/>en<damageEnd/>-<supplied/>lil2<suppliedEnd/>-gin7</w>
<w form="ki" lemma="ki" pos="N" label="place">ki</w>
<w form="X" lemma="X" label="X">X</w>
<w form="kur" lemma="kur" pos="N" label="(mountain) land">kur</w>
<w form="tec2-a" lemma="tec2" pos="N" label="unity">tec2-a</w>
<supplied/>
<w form="a2-zu" lemma="a2" pos="N" label="arm">a2<suppliedEnd/>-<damage/>zu</w>
<damageEnd/>
<w form="nu-ed2-de3" lemma="e3" pos="V" label="to go out or in">nu-ed2-de3</w>
</l>
<l n="43" id="c4152.43" corresp="t4152.p6">
<supplied/>
<w form="ur-saj" lemma="ur-saj" pos="N" label="hero">ur<suppliedEnd/>-<damage/>saj</w>
<damageEnd/>
<supplied/>
<w form="X" lemma="X" label="X">X</w>
<suppliedEnd/>
<damage/>
<w form="gu2" lemma="gu2" pos="N" label="neck"><unclear cert="qry">gu2</unclear></w>
<damageEnd/>
<w form="du3" lemma="du3" pos="V" label="to erect">du3</w>
<w form="&d;en-lil2-la2" lemma="en-lil2" pos="N" type="DN" label="Enlil" det="&d;">&d;en-lil2-la2</w>
</l>
<l n="44" id="c4152.44" corresp="t4152.p6">
<supplied/>
<w form="zar-re-ec" lemma="zar" pos="N" label="sheaf">zar-re-ec</w>
<suppliedEnd/>
<w form="&d;en-lil2-ra" lemma="en-lil2" pos="N" type="DN" label="Enlil" det="&d;">&d;en-lil2-ra</w>
<w form="ud" lemma="ud" pos="N" label="day(light)">ud</w>
<w form="1-a" lemma="1" pos="NU" type="cardinal" label="1">1(AC)-a</w>
<w form="du8-du8" lemma="du8" pos="V" label="to spread" form-type="RR">du8-du8</w>
</l>
<l n="45" id="c4152.45" corresp="t4152.p6">
<supplied/>
<w form="&X;" lemma="&X;" label="&X;">&X;</w>
<w form="hul" lemma="hul" pos="V" label="to be bad">hul</w>
<suppliedEnd/>
<damage/>
<w form="gig" lemma="gig" pos="V" label="to be ill">gig</w>
<damageEnd/>
<w form="&d;nergal" lemma="nergal" pos="N" type="DN" label="Nergal" det="&d;">&d;nergal</w>
<w form="i-zi-gin7" lemma="izi" pos="N" label="fire">i-zi-gin7</w>
</l>
<l n="46" id="c4152.46" corresp="t4152.p6">
<supplied/>
<w form="&X;" lemma="&X;" label="&X;">&X;</w>
<suppliedEnd/>
<w form="kur" lemma="kur" pos="N" label="(mountain) land">kur</w>
<w form="ud" lemma="ud" pos="N" label="day(light)">ud</w>
<w form="e3" lemma="e3" pos="V" label="to go out or in">e3</w>
<w form="zig3-ga-me-en" lemma="zig3" pos="V" label="to rise">zig3-ga-me-en</w>
</l>
<l n="47" id="c4152.47" corresp="t4152.p6">
<supplied/>
<w form="&d;a-nun-na" lemma="a-nun-na" pos="N" type="DN" label="Anuna" det="&d;">&d;a-nun-na</w>
<w form="mu-un-sug2-ge-ec" lemma="gub" pos="V" label="to stand" form-type="pl">mu<suppliedEnd/>-un-sug2-ge-ec</w>
</l>
<l n="48" id="c4152.48" corresp="t4152.p6">
<supplied/>
<w form="&X;" lemma="&X;" label="&X;">&X;</w>
<suppliedEnd/>
<w form="ki-in-dar" lemma="ki-in-dar" pos="N" label="crevice">ki-in-dar</w>
<w form="sud-sud-gin7" lemma="sud" pos="V" label="to be distant" form-type="RR">sud-sud-gin7</w>
</l>
<l n="49" id="c4152.49" corresp="t4152.p6">
<supplied/>
<w form="&X;" lemma="&X;" label="&X;">&X;</w>
<suppliedEnd/>
<w form="X-a-ni" lemma="X" label="X">X-a-ni</w>
<w form="&d;nergal-ka-me-en" lemma="nergal" pos="N" type="DN" label="Nergal" det="&d;">&d;nergal-ka-me-en</w>
</l>
<l n="50" id="c4152.50" corresp="t4152.p7">
<supplied/>
<w form="&X;" lemma="&X;" label="&X;">&X;</w>
<suppliedEnd/>
<w form="in-ga-&X;" lemma="&X;" label="&X;">in-ga-<supplied/>&X;</w>
<suppliedEnd/>
<w form="X" lemma="X" label="X">X</w>
</l>
<l n="51" id="c4152.51" corresp="t4152.p7">
<supplied/>
<w form="&X;" lemma="&X;" label="&X;">&X;</w>
<suppliedEnd/>
<w form="X" lemma="X" label="X">X</w>
<supplied/>
<w form="&X;" lemma="&X;" label="&X;">&X;</w>
<suppliedEnd/>
</l>
<l n="52" id="c4152.52" corresp="t4152.p7">
<supplied/>
<w form="&X;" lemma="&X;" label="&X;">&X;</w>
<suppliedEnd/>
<w form="X" lemma="X" label="X">X</w>
<w form="X" lemma="X" label="X">X</w>
</l>
<l n="53" id="c4152.53" corresp="t4152.p7">
<supplied/>
<w form="&X;" lemma="&X;" label="&X;">&X;</w>
<suppliedEnd/>
<w form="tud-da" lemma="tud" pos="V" label="to give birth">tud-da</w>
</l>
<l n="54" id="c4152.54" corresp="t4152.p7">
<supplied/>
<w form="&X;" lemma="&X;" label="&X;">&X;</w>
<w form="zar-re-ec2" lemma="zar" pos="N" label="sheaf">zar-re<suppliedEnd/>-<damage/>ec2</w>
<damageEnd/>
<w form="du8" lemma="du8" pos="V" label="to spread">du8</w>
</l>
<l n="55" id="c4152.55" corresp="t4152.p7">
<supplied/>
<w form="&X;" lemma="&X;" label="&X;">&X;</w>
<w form="dumu" lemma="dumu" pos="N" label="child">dumu</w>
<suppliedEnd/>
<w form="&d;en-lil2-la2" lemma="en-lil2" pos="N" type="DN" label="Enlil" det="&d;"><supplied/>&d;<suppliedEnd/><damage/>en<damageEnd/>-lil2-la2</w>
</l>
<l n="56" id="c4152.56" corresp="t4152.p7">
<supplied/>
<w form="&X;" lemma="&X;" label="&X;">&X;</w>
<suppliedEnd/>
<w form="&d;lugal-er9-ra" lemma="lugal-er9-ra" pos="N" type="DN" label="Lugal-era" det="&d;">&d;lugal-er9-ra</w>
</l>
<l n="57" id="c4152.57" corresp="t4152.p7">
<supplied/>
<w form="za3-mi2-zu" lemma="za3-mi2" pos="N" label="praise">za3-mi2-zu</w>
<w form="dug3-ga-am3" lemma="dug3" pos="V" label="to be good">dug3<suppliedEnd/>-<damage/>ga<damageEnd/>-am3</w>
</l>
</body>
</text>
</TEI.2>
