<TEI.2 id="c.4.07.1">
<teiHeader lang="eng">
<fileDesc>
<titleStmt>
<title>A <foreign lang="sux">balbale</foreign> to Inana (Inana A) -- a composite transliteration</title>
<respStmt><name>Jeremy Black</name><resp>Project Director and Editor</resp></respStmt>
<respStmt><name>G&aacute;bor Z&oacute;lyomi</name><resp>Editor</resp></respStmt>
<respStmt><name>Graham Cunningham</name><resp>Senior Editor</resp></respStmt>
<respStmt><name>Jon Taylor</name><resp>Editor</resp></respStmt>
<respStmt><name>Eleanor Robson</name><resp>Technical Developer</resp></respStmt>
<respStmt><name>Jarle Ebeling</name><resp>Technical Developer</resp></respStmt>
</titleStmt>
<publicationStmt>
<distributor>The Electronic Text Corpus of Sumerian Literature
</distributor><address><addrLine>The Oriental Institute, University of Oxford, Pusey Lane, Oxford OX1 2LE, UK, email etcsl&commat;orinst.ox.ac.uk, http://etcsl.orinst.ox.ac.uk</addrLine></address>
<date>2002</date>
</publicationStmt>
<seriesStmt><p>The Electronic Text Corpus of Sumerian Literature aims to make accessible over 400 literary works composed in the Sumerian language in ancient Mesopotamia during the late third and early second millennia BC. The works are in Sumerian composite transliteration and English prose translation with bibliographical information on each composition.</p></seriesStmt>
<sourceDesc>
<listBibl type="secondary">
<bibl><xref from="b546">Sj&ouml;berg 1977</xref><biblScope type="page">16-27, 39</biblScope><biblScope type="contents">score transliteration, commentary, handcopy</biblScope></bibl>
</listBibl>
<listBibl type="tablets">
<bibl><biblScope type="museumNumber">CBS 7932 (photos E. Robson) + CBS 8530 (JCS 29 39; photos E. Robson)</biblScope></bibl>
<bibl><biblScope type="museumNumber">IM 11053, 10 (TIM 9 8)</biblScope></bibl>
<bibl><biblScope type="museumNumber">Ni 2479 (SRT 9) 1-21</biblScope></bibl>
</listBibl>
</sourceDesc>
</fileDesc>
<revisionDesc>
<change><date>17.vii.2000-28.v.2002</date><respStmt><name>JAB</name><resp>editor</resp></respStmt>
<item>standardisation</item></change>
<change><date>18.vi.2002</date><respStmt><name>GC</name><resp>editor</resp></respStmt>
<item>proofreading</item></change>
<change><date>19.vi.2002</date><respStmt><name>GC</name><resp>editor</resp></respStmt>
<item>SGML tagging</item></change>
<change><date>02.xi.2002</date><respStmt><name>ER</name><resp>editor</resp></respStmt>
<item>proofreading SGML</item></change>
<change><date>04.xi.2002</date><respStmt><name>ER</name><resp>editor</resp></respStmt>
<item>web publication</item></change>
<change><date>01.vi.2003</date><respStmt><name>GC/JE</name><resp>editor/technical developer</resp></respStmt>
<item>XML/TEI conversion</item></change>
<change><date>30.iii.2005</date><respStmt><name>GC/JE</name><resp>senior editor/technical developer</resp></respStmt>
<item>lemmatised version published</item></change>
</revisionDesc>
</teiHeader>
<text lang="sux">
<body>
<l n="1" id="c4071.1" corresp="t4071.p1">
<w form="ud" lemma="ud" pos="N" label="storm">ud</w>
<w form="huc" lemma="huc" pos="V" label="to be reddish">huc</w>
<w form="gal" lemma="gal" pos="V" label="to be big">gal</w>
<w form="me-lem4" lemma="me-lem4" pos="N" label="(awesome) radiance">me-<damage/>lem4</w>
<damageEnd/>
<supplied/>
<w form="&X;" lemma="&X;" label="&X;">&X;</w>
<suppliedEnd/>
<note lang="eng">Cited in <xref doc="c.0.2.06" from="c0206.18">OB catalogue from Nibru (N3), 0.2.06, line 18</xref></note>
</l>
<l n="2" id="c4071.2" corresp="t4071.p1">
<w form="&d;inana" lemma="inana" pos="N" type="DN" label="Inana" det="&d;">&d;inana</w>
<w form="me3-a" lemma="me3" pos="N" label="battle">me3-a</w>
<w form="ni2" lemma="ni2" pos="N" label="fear(someness)">ni2</w>
<w form="me-lem4" lemma="me-lem4" pos="N" label="(awesome) radiance">me-lem4</w>
<w form="gur3-ru" lemma="guru3" pos="V" label="to bear">gur3-ru</w>
</l>
<addSpan to="c4071.v1" type="additional"/>
<note id="c4071.n1" lang="eng" target="c4071.v1">1 ms. adds 2 lines:</note>
<l n="A" id="c4071.A" corresp="t4071.p1">
<w form="&d;inana" lemma="inana" pos="N" type="DN" label="Inana" det="&d;">&d;inana</w>
<w form="me3" lemma="me3" pos="N" label="battle">me3</w>
<damage/>
<phr type="VP" lemma="e-ne dug4" label="to play">
<w form="e-ne" lemma="e-ne" pos="N" label="game">e<damageEnd/>-ne</w>
<w form="di-di" lemma="dug4" pos="V" label="to say" form-type="RR-nfi"><unclear cert="cor">di</unclear>-di</w>
</phr>
</l>
<l n="B" id="c4071.B" corresp="t4071.p1">
<w form="&d;inana" lemma="inana" pos="N" type="DN" label="Inana" det="&d;">&d;inana</w>
<w form="me3-a" lemma="me3" pos="N" label="battle">me3-a</w>
<w form="ni2" lemma="ni2" pos="N" label="fear(someness)">ni2</w>
<w form="me-lem4" lemma="me-lem4" pos="N" label="(awesome) radiance">me-lem4</w>
<w form="gur3-ru" lemma="guru3" pos="V" label="to bear">gur3-ru</w>
</l>
<anchor id="c4071.v1"/>
<l n="3" id="c4071.3" corresp="t4071.p1">
<w form="ki" lemma="ki" pos="N" label="place">ki</w>
<w form="&d;en-lil2-le" lemma="en-lil2" pos="N" type="DN" label="Enlil" det="&d;">&d;en-lil2-le</w>
<w form="bi2-in-dug4-ga-ce3" lemma="dug4" pos="V" label="to say">bi2-in-dug4-ga-<damage/>ce3</w>
<damageEnd/>
</l>
<l n="4" id="c4071.4" corresp="t4071.p1">
<w form="su" lemma="su" pos="N" label="flesh">su</w>
<w form="pirij" lemma="pirij" pos="N" label="lion">pirij</w>
<w form="sa" lemma="sa" pos="N" label="sinew">sa</w>
<w form="pirij-ja2" lemma="pirij" pos="N" label="lion">pirij-ja2</w>
<w form="ci-im-ma-zi-zi-de3-en" lemma="zig3" pos="V" label="to rise" form-type="rr">ci-im-ma-zi-zi-de3-en</w>
</l>
<l n="5" id="c4071.5" corresp="t4071.p1">
<w form="AB" lemma="AB" label="AB">AB</w>
<w form="sig" lemma="sig" pos="V" label="to be low">sig</w>
<w form="nim-ma-ke4" lemma="nim" pos="N" label="upper (land)">nim-ma-ke4</w>
<w form="u2-gin7" lemma="u2" pos="N" label="plant">u2-gin7</w>
<addSpan to="c4071.v2" type="primary"/>
<w form="E" lemma="E" label="E">E</w>
<anchor id="c4071.v2"/>
<addSpan to="c4071.v3" type="secondary"/>
<note id="c4071.n2" lang="eng" target="c4071.v2">1 ms. has instead:</note>
<w form="NIJIN" lemma="NIJIN" label="NI&G;IN">NIJIN</w>
<anchor id="c4071.v3"/>
<w form="GA" lemma="GA" label="GA">GA</w>
<w form="A" lemma="A" label="A">A</w>
<w form="BA" lemma="BA" label="BA">BA</w>
</l>
<altGrp><alt targType="addSpan" targets="c4071.v2 c4071.v3"/></altGrp>
<l n="6" id="c4071.6" corresp="t4071.p1">
<w form="&d;ickur-gin7" lemma="ickur" pos="N" type="DN" label="I&c;kur" det="&d;">&d;ickur-gin7</w>
<w form="KA" lemma="KA" label="KA">KA</w>
<w form="mah" lemma="mah" pos="V" label="to be majestic">mah</w>
<w form="dib" lemma="dib" pos="V" label="to pass">dib</w>
<w form="i3-CID" lemma="CID" pos="V" label="&C;ID">i3-CID</w>
</l>
<l n="7" id="c4071.7" corresp="t4071.p1">
<w form="ur-saj" lemma="ur-saj" pos="N" label="hero">ur-saj</w>
<w form="gal-gal" lemma="gal" pos="V" label="to be big" form-type="RR">gal-gal</w>
<w form="gu2-tuku-bi-gin7" lemma="gu2-tuku" pos="AJ" label="perfect">gu2-tuku-bi-gin7</w>
</l>
<l n="8" id="c4071.8" corresp="t4071.p1">
<w form="giri17-bi" lemma="giri17" pos="N" label="nose"><unclear cert="qry">giri17</unclear>-bi</w>
<addSpan to="c4071.v4" type="primary"/>
<w form="ki" lemma="ki" pos="N" label="place">ki</w>
<w form="ca-mu-X" lemma="X" label="X">ca-mu-X</w>
<supplied/>
<w form="&X;" lemma="&X;" label="&X;">&X;</w>
<suppliedEnd/>
<anchor id="c4071.v4"/>
<addSpan to="c4071.v5" type="secondary"/>
<note id="c4071.n3" lang="eng" target="c4071.v4">1 ms. has instead:</note>
<damage/>
<w form="ki-ce3" lemma="ki" pos="N" label="place">ki-ce3</w>
<damageEnd/>
<w form="cu" lemma="cu" pos="N" label="hand">cu</w>
<w form="ha-ra-ab-X-X" lemma="X" label="X">ha-ra-ab-X-X</w>
<anchor id="c4071.v5"/>
</l>
<altGrp><alt targType="addSpan" targets="c4071.v4 c4071.v5"/></altGrp>
<l n="9" id="c4071.9" corresp="t4071.p1">
<w form="ur-saj" lemma="ur-saj" pos="N" label="hero">ur-saj</w>
<addSpan to="c4071.v6" type="primary"/>
<w form="gal" lemma="gal" pos="V" label="to be big">gal</w>
<anchor id="c4071.v6"/>
<addSpan to="c4071.v7" type="secondary"/>
<note id="c4071.n4" lang="eng" target="c4071.v6">1 ms. has instead:</note>
<w form="gu2-tuku" lemma="gu2-tuku" pos="AJ" label="perfect">gu2-<corr sic="UD">tuku</corr></w>
<anchor id="c4071.v7"/>
<w form="lugal" lemma="lugal" pos="N" label="king">lugal</w>
<w form="nin-e-ne" lemma="nin" pos="N" label="lady">nin-e-ne</w>
</l>
<altGrp><alt targType="addSpan" targets="c4071.v6 c4071.v7"/></altGrp>
<l n="10" id="c4071.10" corresp="t4071.p1">
<w form="ec3" lemma="ec3" pos="N" label="shrine">ec3</w>
<w form="kec3&ki;-e" lemma="kec3" pos="N" type="SN" label="Ke&c;" det="&ki;">kec3&ki;-e</w>
<w form="ki" lemma="ki" pos="N" label="place">ki</w>
<w form="ha-ra-ab-gi4-gi4" lemma="gi4" pos="V" label="to return" form-type="RR">ha-ra-ab-gi4-gi4</w>
</l>
<l n="11" id="c4071.11" corresp="t4071.p1">
<w form="giri17-bi" lemma="giri17" pos="N" label="nose"><unclear cert="qry">giri17</unclear>-bi</w>
<w form="ki-ce3" lemma="ki" pos="N" label="place">ki-ce3</w>
<w form="ha-ra-ab-X-e" lemma="X" label="X">ha-ra-ab-X-e</w>
</l>
<l n="12" id="c4071.12" corresp="t4071.p2">
<w form="nin-ju10" lemma="nin" pos="N" label="lady">nin-ju10</w>
<w form="abzu-ta" lemma="abzu" pos="N" label="underground water"><unclear cert="qry">abzu</unclear>-ta</w>
<w form="igi" lemma="igi" pos="N" label="eye">igi</w>
<w form="ca-mu-ni-in-jar" lemma="jar" pos="V" label="to place">ca-mu-ni-in-jar</w>
</l>
<l n="13" id="c4071.13" corresp="t4071.p2">
<w form="an-ne2" lemma="an" pos="N" type="DN" label="An">an-ne2</w>
<w form="SI" lemma="SI" label="SI"><unclear cert="qry">SI</unclear></w>
<w form="saj-bi" lemma="saj" pos="N" label="head">saj-bi</w>
<w form="jiri3" lemma="jiri3" pos="N" label="foot">jiri3</w>
<w form="ki" lemma="ki" pos="N" label="place">ki</w>
<w form="mu-&X;" lemma="&X;" label="&X;">mu-<supplied/>&X;</w>
<suppliedEnd/>
<damage/>
<w form="ca-mu-ra-ab-dug4" lemma="dug4" pos="V" label="to say">ca<damageEnd/>-mu-ra-ab-<damage/><unclear cert="qry">dug4</unclear></w>
<damageEnd/>
</l>
<l n="14" id="c4071.14" corresp="t4071.p2">
<w form="an" lemma="an" pos="N" type="DN" label="An">an</w>
<w form="lugal-da" lemma="lugal" pos="N" label="king">lugal-da</w>
<w form="me" lemma="me" pos="N" label="essence">me</w>
<damage/>
<w form="ba-a-me-en" lemma="dug4" pos="V" label="to say" form-type="ppli">ba<damageEnd/>-a-me-<supplied/>en</w>
<suppliedEnd/>
</l>
<l n="15" id="c4071.15" corresp="t4071.p2">
<w form="&d;en-lil2-gin7" lemma="en-lil2" pos="N" type="DN" label="Enlil" det="&d;">&d;en-lil2-gin7</w>
<w form="zag-ge4" lemma="zag" pos="N" label="side">zag-ge4</w>
<w form="si-a-me-en" lemma="si" pos="V" label="to fill">si-a-me-en</w>
</l>
<l n="16" id="c4071.16" corresp="t4071.p2">
<w form="ka-ac" lemma="ka-ac" pos="N" label="decision">ka-ac</w>
<w form="mah" lemma="mah" pos="V" label="to be majestic">mah</w>
<w form="unken-na" lemma="unken" pos="N" label="assembly">unken-na</w>
<w form="ca-mu-un-bar-re-en" lemma="bar" pos="V" label="to set aside">ca-mu-un-bar-re-en</w>
</l>
<l n="17" id="c4071.17" corresp="t4071.p2">
<w form="jic-nu11-gin7" lemma="jic-nu11" pos="N" label="light">jic-nu11-gin7</w>
<w form="an-ta" lemma="an" pos="N" label="heaven">an-ta</w>
<w form="cag4" lemma="cag4" pos="N" label="heart">cag4</w>
<w form="unken-na-ka" lemma="unken" pos="N" label="assembly">unken-na-ka</w>
</l>
<l n="18" id="c4071.18" corresp="t4071.p2">
<w form="zid-du" lemma="zid-du" pos="AJ" label="righteous">zid-du</w>
<w form="ca-mu-un-ni-DU" lemma="DU" pos="V" label="DU">ca-mu-un-ni-DU</w>
<addSpan to="c4071.v8" type="primary"/>
<w form="erim2-du" lemma="erim2-du" pos="AJ" label="wicked">erim2-du</w>
<w form="ca-mu-ni-dab5" lemma="dab5" pos="V" label="to seize">ca-mu-ni-dab5</w>
<anchor id="c4071.v8"/>
<addSpan to="c4071.v9" type="secondary"/>
<note id="c4071.n5" lang="eng" target="c4071.v8">1 ms. has instead:</note>
<w form="erim2" lemma="erim2" pos="N" label="enemy">erim2</w>
<w form="ca-mu-ni-DU" lemma="DU" pos="V" label="DU">ca-mu-ni-DU</w>
<anchor id="c4071.v9"/>
</l>
<altGrp><alt targType="addSpan" targets="c4071.v8 c4071.v9"/></altGrp>
<l n="19" id="c4071.19" corresp="t4071.p2">
<w form="zid-du" lemma="zid-du" pos="AJ" label="righteous">zid-du</w>
<w form="e2-gal-la" lemma="e2-gal" pos="N" label="palace">e2-gal-la</w>
<w form="&d;utu" lemma="utu" pos="N" type="DN" label="Utu" det="&d;">&d;utu</w>
<addSpan to="c4071.v10" type="primary"/>
<w form="nam-mi-DU" lemma="DU" pos="V" label="DU">nam-mi-DU</w>
<anchor id="c4071.v10"/>
<addSpan to="c4071.v11" type="secondary"/>
<note id="c4071.n6" lang="eng" target="c4071.v10">1 ms. has instead:</note>
<w form="ca-mu-na-e3" lemma="e3" pos="V" label="to go out or in">ca-mu-na-e3</w>
<anchor id="c4071.v11"/>
</l>
<altGrp><alt targType="addSpan" targets="c4071.v10 c4071.v11"/></altGrp>
<l n="20" id="c4071.20" corresp="t4071.p2">
<w form="KA-bi" lemma="KA" label="KA">KA-bi</w>
<w form="dug4-ga" lemma="dug4" pos="V" label="to say">dug4-ga</w>
<w form="X-bi" lemma="X" label="X">X-<unclear cert="qry">bi</unclear></w>
<w form="ci-im-ma-ni-ib-gi4-gi4-in" lemma="gi4" pos="V" label="to return" form-type="RR">ci-im-ma-ni-ib-gi4-gi4-in</w>
</l>
<l n="21" id="c4071.21" corresp="t4071.p2">
<w form="lugal-ra" lemma="lugal" pos="N" label="king">lugal-ra</w>
<w form="uj3" lemma="uj3" pos="N" label="people">uj3</w>
<w form="ca-mu-na-X" lemma="X" label="X">ca-mu-na-X</w>
<w form="KIJ2" lemma="KIJ2" label="KI&G;&s2;">KIJ2</w>
<w form="X" lemma="X" label="X">X</w>
<supplied/>
<w form="&X;" lemma="&X;" label="&X;">&X;</w>
<suppliedEnd/>
</l>
<l n="22" id="c4071.22" corresp="t4071.p2">
<w form="igi-zu" lemma="igi" pos="N" label="eye">igi-zu</w>
<w form="huc-am3" lemma="huc" pos="V" label="to be reddish">huc-am3</w>
<w form="saj-ki-zu" lemma="saj-ki" pos="N" label="forehead">saj-ki-zu</w>
<w form="dugud-dam" lemma="dugud" pos="V" label="to be heavy">dugud-dam</w>
</l>
<l n="23" id="c4071.23" corresp="t4071.p2">
<w form="&d;en-lil2-le" lemma="en-lil2" pos="N" type="DN" label="Enlil" det="&d;">&d;en-lil2-le</w>
<w form="za-a-ra" lemma="za" pos="PD" type="personal" label="you (sg.)">za-a-ra</w>
<w form="mu-ra-an-cum2" lemma="cum2" pos="V" label="to give">mu-ra-an-cum2</w>
</l>
<trailer place="subscript" type="balbale">
<l n="24" id="c4071.24" corresp="t4071.p3">
<w form="bal-bal-e" lemma="bal-bal-e" pos="N" label="type of composition" form-type="RR">bal-bal-e</w>
<w form="&d;inana-kam" lemma="inana" pos="N" type="DN" label="Inana" det="&d;">&d;inana-kam</w>
</l>
</trailer>
</body>
</text>
</TEI.2>
