<TEI.2 id="c.4.31.1">
<teiHeader lang="eng">
<fileDesc>
<titleStmt>
<title>A hymn to &C;ul-pa-e (&C;ul-pa-e A) -- a composite transliteration</title>
<respStmt><name>Jeremy Black</name><resp>Project Director and Editor</resp></respStmt>
<respStmt><name>G&aacute;bor Z&oacute;lyomi</name><resp>Editor</resp></respStmt>
<respStmt><name>Graham Cunningham</name><resp>Editor</resp></respStmt>
<respStmt><name>Eleanor Robson</name><resp>Technical Developer</resp></respStmt>
<respStmt><name>Jarle Ebeling</name><resp>Technical Developer</resp></respStmt>
</titleStmt>
<publicationStmt>
<distributor>The Electronic Text Corpus of Sumerian Literature
</distributor><address><addrLine>The Oriental Institute, University of Oxford, Pusey Lane, Oxford OX1 2LE, UK, email etcsl&commat;orinst.ox.ac.uk, http://etcsl.orinst.ox.ac.uk</addrLine></address>
<date>1999</date>
</publicationStmt>
<seriesStmt><p>The Electronic Text Corpus of Sumerian Literature aims to make accessible over 400 literary works composed in the Sumerian language in ancient Mesopotamia during the late third and early second millennia BC. The works are in Sumerian composite transliteration and English prose translation with bibliographical information on each composition.</p></seriesStmt>
<sourceDesc>
<listBibl type="secondary">
<bibl><xref from="b457">Krecher 1998c</xref><biblScope type="contents">composite text, translation</biblScope><note>electronic source</note></bibl>
<bibl><xref from="b455">Krecher 1998a</xref><biblScope type="contents">score transliteration</biblScope><note>electronic source</note></bibl>
<bibl><xref from="b613">Falkenstein 1963a</xref><biblScope type="contents">score transliteration, translation, commentary</biblScope></bibl>
</listBibl>
<listBibl type="tablets">
<bibl><biblScope type="museumNumber">AO 3925 (TCL 15 3) (+?) Ed. 09-405,27 (BL VI)</biblScope></bibl>
<bibl><biblScope type="museumNumber">BM 87594 (CT 42 43)</biblScope></bibl>
<bibl><biblScope type="museumNumber">VAT 6110 (VAS 2 78)</biblScope></bibl>
</listBibl>
</sourceDesc>
</fileDesc>
<revisionDesc>
<change><date>22.vii.1999-27.vii.1999</date><respStmt><name>JAB</name><resp>editor</resp></respStmt>
<item>standardisation</item></change>
<change><date>02.xii.1999</date><respStmt><name>GZ</name><resp>editor</resp></respStmt>
<item>proofreading</item></change>
<change><date>05.xii.1999</date><respStmt><name>GC</name><resp>editor</resp></respStmt>
<item>SGML tagging</item></change>
<change><date>22.xii.1999</date><respStmt><name>ER</name><resp>editor</resp></respStmt>
<item>proofreading SGML</item></change>
<change><date>22.xii.1999</date><respStmt><name>ER</name><resp>editor</resp></respStmt>
<item>web publication</item></change>
<change><date>01.vi.2003</date><respStmt><name>GC/JE</name><resp>editor/technical developer</resp></respStmt>
<item>XML/TEI conversion</item></change>
<change><date>30.iii.2005</date><respStmt><name>GC/JE</name><resp>senior editor/technical developer</resp></respStmt>
<item>lemmatised version published</item></change>
</revisionDesc>
</teiHeader>
<text lang="sux">
<group>
<text n="1">
<body>
<head lang="eng">Version A</head>
<l n="1" id="c4311.1.1" corresp="t4311.p1">
<w form="ur-saj" lemma="ur-saj" pos="N" label="hero">ur-saj</w>
<distinct type="emesal">
<w form="uru2-bad3-da" lemma="iri-bad3" pos="N" label="high city" emesal="uru2-bad3">uru2-bad3-da</w>
</distinct>
<w form="iti7-gin7" lemma="itid" pos="N" label="moon(light)">iti7-<unclear cert="cor">gin7</unclear></w>
<w form="e3-a" lemma="e3" pos="V" label="to go out or in">e3-a</w>
</l>
<l n="2" id="c4311.1.2" corresp="t4311.p1">
<w form="ur-saj" lemma="ur-saj" pos="N" label="hero">ur-saj</w>
<w form="&d;cul-pa-e3" lemma="cul-pa-e3" pos="N" type="DN" label="&C;ul-pa-e" det="&d;">&d;cul-pa-e3</w>
<w form="iri-bad3-da" lemma="iri-bad3" pos="N" label="high city">iri-bad3-da</w>
<corr resp="scrOm"/>
<w form="iti7-gin7" lemma="itid" pos="N" label="moon(light)">iti7-gin7</w>
<w form="e3-a" lemma="e3" pos="V" label="to go out or in">e3-a</w>
<corrEnd/>
</l>
<l n="3" id="c4311.1.3" corresp="t4311.p1">
<w form="alim-ma" lemma="alim" pos="N" label="bison">alim-ma</w>
<w form="mu" lemma="mu" pos="N" label="name">mu</w>
<w form="tuku" lemma="tuku" pos="V" label="to have">tuku</w>
<w form="&d;cul-pa-e3" lemma="cul-pa-e3" pos="N" type="DN" label="&C;ul-pa-e" det="&d;">&d;cul-pa-e3</w>
<distinct type="emesal">
<w form="uru2-bad3-da" lemma="iri-bad3" pos="N" label="high city" emesal="uru2-bad3">uru2-bad3-da</w>
</distinct>
<corr resp="scrOm"/>
<w form="iti7-gin7" lemma="itid" pos="N" label="moon(light)">iti7-gin7</w>
<w form="e3-a" lemma="e3" pos="V" label="to go out or in">e3-a</w>
<corrEnd/>
</l>
<l n="4" id="c4311.1.4" corresp="t4311.p1">
<w form="lugal" lemma="lugal" pos="N" label="king">lugal</w>
<w form="me" lemma="me" pos="N" label="essence">me</w>
<w form="gal-gal" lemma="gal" pos="V" label="to be big" form-type="RR">gal-gal</w>
<w form="dijir" lemma="dijir" pos="N" label="deity">dijir</w>
<w form="pa" lemma="pa" pos="N" label="branch">pa</w>
<w form="e3-a" lemma="e3" pos="V" label="to go out or in">e3-a</w>
</l>
<l n="5" id="c4311.1.5" corresp="t4311.p1">
<w form="&d;cul-pa-e3" lemma="cul-pa-e3" pos="N" type="DN" label="&C;ul-pa-e" det="&d;">&d;cul-pa-e3</w>
<w form="me" lemma="me" pos="N" label="essence">me</w>
<w form="gal-gal" lemma="gal" pos="V" label="to be big" form-type="RR">gal-gal</w>
<w form="dijir" lemma="dijir" pos="N" label="deity">dijir</w>
<w form="pa" lemma="pa" pos="N" label="branch">pa</w>
<w form="e3-a" lemma="e3" pos="V" label="to go out or in">e3-a</w>
</l>
<l n="6" id="c4311.1.6" corresp="t4311.p1">
<w form="nir-jal2" lemma="nir-jal2" pos="AJ" label="authoritative">nir-jal2</w>
<w form="me3-a" lemma="me3" pos="N" label="battle">me3-a</w>
<w form="u2-cim" lemma="u2-cim" pos="N" label="greenery">u2-cim</w>
<w form="kalam-ma" lemma="kalam" pos="N" label="the Land">kalam-ma</w>
<w form="sud-sud" lemma="sud" pos="V" label="to be distant" form-type="RR">sud-sud</w>
</l>
<l n="7" id="c4311.1.7" corresp="t4311.p1">
<w form="en" lemma="en" pos="N" label="lord">en</w>
<w form="a2" lemma="a2" pos="N" label="arm">a2</w>
<w form="mah" lemma="mah" pos="V" label="to be majestic">mah</w>
<w form="il2-il2-i" lemma="il2" pos="V" label="to raise" form-type="RR">il2-il2-i</w>
<w form="jic-gaz" lemma="jic-gaz" pos="N" label="pestle">jic-gaz</w>
<w form="gu2-erim2" lemma="gu2-erim2" pos="N" label="enemy">gu2-erim2</w>
<w form="ra" lemma="ra" pos="V" label="to beat">ra</w>
</l>
<l n="8" id="c4311.1.8" corresp="t4311.p1">
<w form="mu-us2-a" lemma="us2" pos="V" label="to be adjacent">mu-us2-a</w>
<w form="gu2-tuku" lemma="gu2-tuku" pos="AJ" label="perfect">gu2-tuku</w>
<w form="a-a" lemma="a-a" pos="N" label="father">a-a</w>
<w form="&d;en-lil2-la2" lemma="en-lil2" pos="N" type="DN" label="Enlil" det="&d;">&d;en-lil2-la2</w>
</l>
<l n="9" id="c4311.1.9" corresp="t4311.p1">
<w form="cul" lemma="cul" pos="N" label="young man">cul</w>
<w form="zid" lemma="zid" pos="AJ" label="right">zid</w>
<w form="&d;en-lil2-la2" lemma="en-lil2" pos="N" type="DN" label="Enlil" det="&d;">&d;en-lil2-la2</w>
<w form="mu" lemma="mu" pos="N" label="name">mu</w>
<w form="mah-zu" lemma="mah" pos="V" label="to be majestic">mah-zu</w>
<w form="mu-un-pad3" lemma="pad3" pos="V" label="to find">mu-un-pad3</w>
</l>
<l n="10" id="c4311.1.10" corresp="t4311.p2">
<w form="nir-jal2" lemma="nir-jal2" pos="AJ" label="authoritative">nir-jal2</w>
<w form="&jic;tukul-a" lemma="tukul" pos="N" label="weapon" bound="L,ak" det="&jic;">&jic;tukul-a</w>
<w form="lipic" lemma="lipic" pos="N" label="inner body">lipic</w>
<w form="me3-a" lemma="me3" pos="N" label="battle">me3-a</w>
</l>
<l n="11" id="c4311.1.11" corresp="t4311.p2">
<w form="lu2" lemma="lu2" pos="N" label="person">lu2</w>
<w form="ki-bal-a-ke4" lemma="ki-bal" pos="N" label="rebel land">ki-bal-a-ke4</w>
<w form="nir-jal2" lemma="nir-jal2" pos="AJ" label="authoritative">nir-jal2</w>
<w form="ki-bal-a" lemma="ki-bal" pos="N" label="rebel land">ki-bal-a</w>
</l>
<l n="12" id="c4311.1.12" corresp="t4311.p2">
<w form="lugal-ju10" lemma="lugal" pos="N" label="king">lugal-ju10</w>
<w form="za-e" lemma="za" pos="PD" type="personal" label="you (sg.)">za-e</w>
<distinct type="emesal">
<w form="dim3-me-er" lemma="dijir" pos="N" label="deity" emesal="dim3-me-er">dim3-me-er</w>
</distinct>
<w form="mah-me-en" lemma="mah" pos="V" label="to be majestic">mah-me-en</w>
</l>
<l n="13" id="c4311.1.13" corresp="t4311.p2">
<w form="za-e" lemma="za" pos="PD" type="personal" label="you (sg.)">za-e</w>
<distinct type="emesal">
<w form="dim3-me-er" lemma="dijir" pos="N" label="deity" emesal="dim3-me-er">dim3-me-er</w>
</distinct>
<w form="mah-me-en" lemma="mah" pos="V" label="to be majestic">mah-me-en</w>
<w form="dam-zu" lemma="dam" pos="N" label="spouse">dam-zu</w>
<distinct type="emesal">
<w form="ga-ca-an" lemma="nin" pos="N" label="lady" emesal="ga-ca-an"><corr sic="u3-mu-un">ga-ca-an</corr></w>
</distinct>
<w form="mah-me-en" lemma="mah" pos="V" label="to be majestic">mah-me-en</w>
</l>
<l n="14" id="c4311.1.14" corresp="t4311.p2">
<w form="&d;nin-hur-saj-ja2-ke4" lemma="nin-hur-saj-ja2" pos="N" type="DN" label="Nin&h;ursa&g;a" det="&d;">&d;<damage/>nin-hur<damageEnd/>-saj-ja2-ke4</w>
<w form="ki" lemma="ki" pos="N" label="place">ki</w>
<w form="aj2-ja2-ni" lemma="aj2" pos="V" label="to measure">aj2-ja2-ni</w>
<w form="za-e-me-en" lemma="za" pos="PD" type="personal" label="you (sg.)">za-e-me-en</w>
</l>
<l n="15" id="c4311.1.15" corresp="t4311.p2">
<damage/>
<w form="ur-saj" lemma="ur-saj" pos="N" label="hero">ur-saj</w>
<damageEnd/>
<w form="ni2" lemma="ni2" pos="N" label="fear(someness)">ni2</w>
<w form="gal" lemma="gal" pos="V" label="to be big">gal</w>
<w form="dijir-re-e-ne-me-en" lemma="dijir" pos="N" label="deity">dijir-re-e-ne-me-en</w>
</l>
<l n="16" id="c4311.1.16" corresp="t4311.p2">
<damage/>
<w form="ur-saj" lemma="ur-saj" pos="N" label="hero">ur-saj</w>
<damageEnd/>
<w form="&d;cul-pa-e3-a" lemma="cul-pa-e3" pos="N" type="DN" label="&C;ul-pa-e" det="&d;">&d;cul-pa-e3-a</w>
<w form="an" lemma="an" pos="N" label="heaven">an</w>
<w form="ki-a" lemma="ki" pos="N" label="place">ki-a</w>
<w form="nir-jal2" lemma="nir-jal2" pos="AJ" label="authoritative">nir-jal2</w>
</l>
<l n="17" id="c4311.1.17" corresp="t4311.p2">
<supplied/>
<w form="X" lemma="X" label="X">X</w>
<suppliedEnd/>
<w form="X-ju10" lemma="X" label="X">X-ju10</w>
<w form="mu-zu" lemma="mu" pos="N" label="name">mu-zu</w>
<w form="kur-kur-ra" lemma="kur" pos="N" label="(mountain) land" form-type="RR">kur-kur-ra</w>
<w form="zid-de3-ec" lemma="zid" pos="AJ" label="right">zid-de3-ec</w>
<w form="he2-pad3-de3" lemma="pad3" pos="V" label="to find">he2-pad3-de3</w>
</l>
<l n="18" id="c4311.1.18" corresp="t4311.p2">
<damage/>
<w form="lugal-ju10" lemma="lugal" pos="N" label="king">lugal<damageEnd/>-ju10</w>
<w form="nam-mah-zu" lemma="nam-mah" pos="N" label="majesty">nam-mah-zu</w>
<w form="kur-kur-ra" lemma="kur" pos="N" label="(mountain) land" form-type="RR">kur-kur-ra</w>
<w form="zid-de3-ec" lemma="zid" pos="AJ" label="right">zid-de3-ec</w>
<w form="he2-pad3-de3" lemma="pad3" pos="V" label="to find">he2-pad3-de3</w>
</l>
<l n="19" id="c4311.1.19" corresp="t4311.p3">
<supplied/>
<w form="X" lemma="X" label="X">X</w>
<suppliedEnd/>
<w form="X" lemma="X" label="X">X</w>
<w form="mah-a" lemma="mah" pos="V" label="to be majestic">mah-a</w>
<w form="a-ji6" lemma="a-ji6" pos="N" label="flooding">a-ji6</w>
<w form="zig3-ga" lemma="zig3" pos="V" label="to rise">zig3-ga</w>
<w form="u18-lu" lemma="ulu3" pos="N" label="south wind (storm)">u18-lu</w>
<w form="lu2-ra" lemma="lu2" pos="N" label="person">lu2-ra</w>
<w form="te-a" lemma="te" pos="V" label="to approach">te-a</w>
</l>
<l n="20" id="c4311.1.20" corresp="t4311.p3">
<supplied/>
<w form="nam-lu2-ulu3" lemma="nam-lu2-ulu3" pos="N" label="humanity">nam<suppliedEnd/>-<damage/>lu2<damageEnd/>-ulu3</w>
<w form="mucen" lemma="mucen" pos="N" label="bird">mucen</w>
<w form="ni2" lemma="ni2" pos="N" label="fear(someness)">ni2</w>
<w form="te-a-gin7" lemma="te" pos="V" label="to approach">te-a-gin7</w>
<w form="cudu3-da" lemma="cudu3" pos="N" label="prayer"><unclear cert="qry">cudu3</unclear>-da</w>
<w form="mu-ci-ib-ra-an" lemma="ra" pos="V" label="to beat">mu-ci-ib-ra-an</w>
</l>
<l n="21" id="c4311.1.21" corresp="t4311.p3">
<supplied/>
<w form="X" lemma="X" label="X">X</w>
<suppliedEnd/>
<w form="X" lemma="X" label="X">X</w>
<w form="zig3-ga" lemma="zig3" pos="V" label="to rise">zig3-ga</w>
<w form="ni2" lemma="ni2" pos="N" label="fear(someness)">ni2</w>
<w form="ri-a" lemma="ri" pos="V" label="to direct">ri-a</w>
<damage/>
<w form="cu" lemma="cu" pos="N" label="hand">cu</w>
<w form="nu-ra-ab-la2-e" lemma="la2" pos="V" label="to hang">nu<damageEnd/>-ra-ab-la2-e</w>
</l>
<l n="22" id="c4311.1.22" corresp="t4311.p3">
<damage/>
<w form="ni2" lemma="ni2" pos="N" label="fear(someness)">ni2</w>
<damageEnd/>
<w form="gur3-ru" lemma="guru3" pos="V" label="to bear">gur3-ru</w>
<w form="su" lemma="su" pos="N" label="flesh">su</w>
<w form="zig3" lemma="zig3" pos="V" label="to rise">zig3</w>
<w form="gur3-ru" lemma="guru3" pos="V" label="to bear">gur3-ru</w>
<w form="ni2" lemma="ni2" pos="N" label="fear(someness)">ni2</w>
<w form="gal" lemma="gal" pos="V" label="to be big">gal</w>
<w form="mu-da-ri" lemma="ri" pos="V" label="to direct">mu-da-ri</w>
</l>
<l n="23" id="c4311.1.23" corresp="t4311.p3">
<w form="u4-ta-u18-lu" lemma="u4-ta-u18-lu" pos="N" type="DN" label="Uta-ulu"><supplied/>u4<suppliedEnd/>-<damage/>ta<damageEnd/>-u18-lu</w>
<w form="lu2-ra" lemma="lu2" pos="N" label="person">lu2-ra</w>
<w form="te-a-me-en" lemma="te" pos="V" label="to approach">te-a-me-en</w>
</l>
<l n="24" id="c4311.1.24" corresp="t4311.p3">
<supplied/>
<w form="X" lemma="X" label="X">X</w>
<suppliedEnd/>
<damage/>
<w form="mah" lemma="mah" pos="V" label="to be majestic">mah</w>
<damageEnd/>
<w form="lu2-ce3" lemma="lu2" pos="N" label="person">lu2-ce3</w>
<w form="ur3-ur3-ra-me-en" lemma="ur3" pos="V" label="to drag" form-type="RR">ur3-ur3-ra-me-en</w>
</l>
<l n="25" id="c4311.1.25" corresp="t4311.p3">
<supplied/>
<w form="X" lemma="X" label="X">X</w>
<w form="X" lemma="X" label="X">X</w>
<suppliedEnd/>
<w form="X" lemma="X" label="X">X</w>
<w form="lu2-ce3" lemma="lu2" pos="N" label="person">lu2-ce3</w>
<w form="bar-bar-ra-me-en" lemma="bar" pos="V" label="to set aside" form-type="RR">bar-bar-ra-me-en</w>
</l>
<l n="26" id="c4311.1.26" corresp="t4311.p3">
<supplied/>
<w form="&X;-gin7" lemma="&X;" label="&X;">&X;<suppliedEnd/>-gin7</w>
<w form="kur-ra" lemma="kur" pos="N" label="(mountain) land">kur-ra</w>
<w form="gana2" lemma="gana2" pos="N" label="field">gana2</w>
<w form="gid2-gid2" lemma="gid2" pos="V" label="to be long" form-type="RR">gid2-gid2</w>
</l>
<l n="27" id="c4311.1.27" corresp="t4311.p3">
<supplied/>
<w form="X" lemma="X" label="X">X</w>
<w form="an-ta" lemma="an" pos="N" label="heaven">an<suppliedEnd/>-<damage/>ta</w>
<damageEnd/>
<w form="cu" lemma="cu" pos="N" label="hand">cu</w>
<w form="bar-ra" lemma="bar" pos="V" label="to set aside">bar-ra</w>
<w form="gaba-cu-jar" lemma="gaba-cu-jar" pos="N" label="rival">gaba-cu-jar</w>
<w form="nu-tuku" lemma="tuku" pos="V" label="to have">nu-tuku</w>
</l>
<l n="28" id="c4311.1.28" corresp="t4311.p3">
<supplied/>
<w form="X" lemma="X" label="X">X</w>
<suppliedEnd/>
<w form="X" lemma="X" label="X">X</w>
<w form="ud" lemma="ud" pos="N" label="day(light)">ud</w>
<w form="kur-ra" lemma="kur" pos="N" label="(mountain) land">kur-ra</w>
<w form="e3-a" lemma="e3" pos="V" label="to go out or in">e3-a</w>
</l>
<l n="29" id="c4311.1.29" corresp="t4311.p3">
<supplied/>
<w form="X" lemma="X" label="X">X</w>
<suppliedEnd/>
<w form="X" lemma="X" label="X">X</w>
<w form="ud" lemma="ud" pos="N" label="day(light)">ud</w>
<w form="dug4-ga" lemma="dug4" pos="V" label="to say">dug4-ga</w>
<w form="du7-du7" lemma="du7" pos="V" label="to push" form-type="RR">du7-du7</w>
</l>
<l n="30" id="c4311.1.30" corresp="t4311.p3">
<supplied/>
<w form="X" lemma="X" label="X">X</w>
<w form="X" lemma="X" label="X">X</w>
<suppliedEnd/>
<w form="UN" lemma="UN" label="UN">UN</w>
<w form="MAC-a-gin7" lemma="MAC" label="MA&C;">MAC-a-gin7</w>
<w form="nim" lemma="nim" pos="N" label="lightning">nim</w>
<w form="jir2-jir2-re" lemma="jir2" pos="V" label="to flash" form-type="RR">jir2-jir2-re</w>
</l>
<l n="31" id="c4311.1.31" corresp="t4311.p4">
<w form="MI.E2.A&mucen;-a" lemma="MI.E2.A" pos="N" label="type of bird" det="&mucen;">MI.E2.A&mucen;-a</w>
<phr type="VP" lemma="zi ir" label="to be troubled">
<w form="zi" lemma="zi" pos="N" label="life (breath)">zi</w>
<w form="ir" lemma="ir" pos="V" label="verb part of multiword verb">ir</w>
</phr>
<w form="lu2-ra" lemma="lu2" pos="N" label="person">lu2-ra</w>
<w form="cub-bu" lemma="cub" pos="V" label="to fall">cub-bu</w>
</l>
<l n="32" id="c4311.1.32" corresp="t4311.p4">
<w form="nam-tar" lemma="nam-tar" pos="N" type="DN" label="Namtar">nam-tar</w>
<w form="cu" lemma="cu" pos="N" label="hand">cu</w>
<w form="nu-tuku" lemma="tuku" pos="V" label="to have">nu-tuku</w>
<w form="jiri3" lemma="jiri3" pos="N" label="foot">jiri3</w>
<w form="nu-tuku" lemma="tuku" pos="V" label="to have">nu-tuku</w>
<w form="lu2" lemma="lu2" pos="N" label="person">lu2</w>
<w form="ji6-a" lemma="ji6" pos="N" label="night">ji6-a</w>
<w form="tum2-mu" lemma="tum2" pos="V" label="to be suitable">tum2-mu</w>
</l>
<l n="33" id="c4311.1.33" corresp="t4311.p4">
<w form="nam-tar-e-gin7" lemma="nam-tar" pos="N" type="DN" label="Namtar">nam-tar-e-gin7</w>
<w form="ji6-a" lemma="ji6" pos="N" label="night">ji6-a</w>
<w form="du-du" lemma="jen" pos="V" label="to go" form-type="RR-isg">du-du</w>
<w form="ZI-LAL3-gin7" lemma="ZI-LAL3" label="ZI-LAL&s3;">ZI-<unclear cert="qry">LAL3</unclear>-<unclear cert="qry">gin7</unclear></w>
<w form="dim2-e" lemma="dim2" pos="V" label="to create">dim2-e</w>
</l>
<l n="34" id="c4311.1.34" corresp="t4311.p4">
<w form="pu2-kiri6" lemma="pu2-kiri6" pos="N" label="orchard">pu2-kiri6</w>
<w form="mu2-sar" lemma="mu2-sar" pos="N" label="garden">mu2-sar</w>
<w form="jic-gi" lemma="jic-gi" pos="N" label="reedbed">jic-gi</w>
<w form="sig7-ga" lemma="sig7" pos="V" label="to be green">sig7-ga</w>
</l>
<l n="35" id="c4311.1.35" corresp="t4311.p4">
<w form="nij2-ur2-limmu2" lemma="nij2-ur2-limmu2" pos="N" label="four-legged creature">nij2-ur2-limmu2</w>
<w form="an-edin" lemma="an-edin" pos="N" label="high plain">an-edin</w>
<w form="dajal-la" lemma="dajal" pos="V" label="to be wide">dajal-la</w>
</l>
<l n="36" id="c4311.1.36" corresp="t4311.p4">
<w form="mac2-ance" lemma="mac2-ance" pos="N" label="animals">mac2-ance</w>
<w form="nij2-zi-jal2" lemma="nij2-zi-jal2" pos="N" label="living creature">nij2-zi-jal2</w>
<w form="edin-na" lemma="edin" pos="N" label="open country">edin-na</w>
</l>
<l n="37" id="c4311.1.37" corresp="t4311.p4">
<w form="ur-saj" lemma="ur-saj" pos="N" label="hero">ur-saj</w>
<w form="&d;cul-pa-e3" lemma="cul-pa-e3" pos="N" type="DN" label="&C;ul-pa-e" det="&d;">&d;cul-pa-e3</w>
<w form="za-e" lemma="za" pos="PD" type="personal" label="you (sg.)">za-e</w>
<w form="lugal-bi-me-en" lemma="lugal" pos="N" label="king">lugal-bi-me-en</w>
</l>
<l n="38" id="c4311.1.38" corresp="t4311.p4">
<w form="an" lemma="an" pos="N" type="DN" label="An">an</w>
<w form="lugal" lemma="lugal" pos="N" label="king">lugal</w>
<w form="dijir-re-e-ne-ke4" lemma="dijir" pos="N" label="deity">dijir-re-e-ne-ke4</w>
<w form="cu-za" lemma="cu" pos="N" label="hand">cu-za</w>
<w form="im-ma-an-cum2" lemma="cum2" pos="V" label="to give">im-ma-an-cum2</w>
</l>
<l n="39" id="c4311.1.39" corresp="t4311.p4">
<supplied/>
<w form="cu-za" lemma="cu" pos="N" label="hand">cu-za</w>
<suppliedEnd/>
<w form="im-ma-an-cum2" lemma="cum2" pos="V" label="to give">im-ma-an-cum2</w>
<w form="za-e" lemma="za" pos="PD" type="personal" label="you (sg.)">za-e</w>
<w form="lugal-bi-me-en" lemma="lugal" pos="N" label="king">lugal-bi-me-en</w>
</l>
<l n="40" id="c4311.1.40" corresp="t4311.p4">
<w form="ur-saj" lemma="ur-saj" pos="N" label="hero">ur-saj</w>
<w form="&d;cul-pa-e3-a" lemma="cul-pa-e3" pos="N" type="DN" label="&C;ul-pa-e" det="&d;">&d;cul-pa-e3-a</w>
<w form="cu-zu" lemma="cu" pos="N" label="hand">cu-zu</w>
<w form="la-ba-ra-e3" lemma="e3" pos="V" label="to go out or in">la-ba-ra-e3</w>
</l>
<l n="41" id="c4311.1.41" corresp="t4311.p5">
<w form="u2" lemma="u2" pos="N" label="plant">u2</w>
<w form="tuku" lemma="tuku" pos="V" label="to have">tuku</w>
<w form="u2-na" lemma="u2" pos="N" label="plant">u2-na</w>
<w form="ba-ni-in-gu7" lemma="gu7" pos="V" label="to eat">ba-ni-in-<unclear cert="cor">gu7</unclear></w>
</l>
<l n="42" id="c4311.1.42" corresp="t4311.p5">
<w form="a" lemma="a" pos="N" label="water">a</w>
<w form="tuku" lemma="tuku" pos="V" label="to have">tuku</w>
<w form="a-na" lemma="a" pos="N" label="water">a-na</w>
<w form="ba-ni-in-naj" lemma="naj" pos="V" label="to drink">ba-ni-in-naj</w>
</l>
<l n="43" id="c4311.1.43" corresp="t4311.p5">
<w form="mu" lemma="mu" pos="N" label="name">mu</w>
<w form="dijir-ra-na" lemma="dijir" pos="N" label="deity">dijir-ra-na</w>
<w form="li-bi-in-pad3-de3" lemma="pad3" pos="V" label="to find">li-bi-in-pad3-<supplied/>de3</w>
<suppliedEnd/>
</l>
<l n="44" id="c4311.1.44" corresp="t4311.p5">
<w form="mu" lemma="mu" pos="N" label="name">mu</w>
<w form="dijir-ra-ni" lemma="dijir" pos="N" label="deity">dijir-ra-ni</w>
<w form="dili-a-bi" lemma="dili" pos="AJ" label="single">dili-a-bi</w>
<w form="ka-ga14" lemma="ka" pos="N" label="mouth">ka-ga14</w>
<w form="mi-ni-X" lemma="X" label="X">mi-ni-X</w>
</l>
<l n="45" id="c4311.1.45" corresp="t4311.p5">
<w form="cu" lemma="cu" pos="N" label="hand">cu</w>
<w form="X" lemma="X" label="X">X</w>
<w form="X" lemma="X" label="X">X</w>
<supplied/>
<w form="&X;" lemma="&X;" label="&X;">&X;</w>
<suppliedEnd/>
<w form="dijir-ra-&X;" lemma="dijir" pos="N" label="deity">dijir-<damage/><unclear cert="qry">ra</unclear><damageEnd/>-<supplied/>&X;</w>
<suppliedEnd/>
</l>
<l n="46" id="c4311.1.46" corresp="t4311.p5">
<w form="cu" lemma="cu" pos="N" label="hand">cu</w>
<w form="la-ba-an-X" lemma="X" label="X">la-ba-an-X</w>
<w form="X" lemma="X" label="X">X</w>
<w form="X" lemma="X" label="X">X</w>
<w form="X-a" lemma="X" label="X">X-a</w>
<w form="KA" lemma="KA" label="KA"><unclear cert="qry">KA</unclear></w>
<w form="la-ba-ab-X" lemma="X" label="X">la-ba-ab-X</w>
<w form="X" lemma="X" label="X">X</w>
<supplied/>
<w form="X" lemma="X" label="X">X</w>
<suppliedEnd/>
</l>
<l n="47" id="c4311.1.47" corresp="t4311.p5">
<supplied/>
<w form="&X;" lemma="&X;" label="&X;">&X;</w>
<suppliedEnd/>
<w form="NA" lemma="NA" label="NA">NA</w>
<supplied/>
<w form="&X;" lemma="&X;" label="&X;">&X;</w>
<suppliedEnd/>
<w form="X" lemma="X" label="X">X</w>
<w form="ba-an-tum2-mu" lemma="de6" pos="V" label="to carry" form-type="isg">ba-an-tum2-mu</w>
</l>
<l n="48" id="c4311.1.48" corresp="t4311.p5">
<supplied/>
<w form="&X;-na" lemma="&X;" label="&X;">&X;<suppliedEnd/>-na</w>
<supplied/>
<w form="&X;-zu" lemma="&X;" label="&X;">&X;<suppliedEnd/>-zu</w>
<w form="ma-ra-an-cum2-mu" lemma="cum2" pos="V" label="to give">ma-ra-an-cum2-mu</w>
</l>
<l n="49" id="c4311.1.49" corresp="t4311.p6">
<w form="gu-za-la2" lemma="gu-za-la2" pos="N" label="throne bearer">gu-za-la2</w>
<w form="an" lemma="an" pos="N" type="DN" label="An">an</w>
<w form="&d;en-lil2-la2-me-en" lemma="en-lil2" pos="N" type="DN" label="Enlil" det="&d;">&d;en-lil2-la2-me-en</w>
</l>
<l n="50" id="c4311.1.50" corresp="t4311.p6">
<w form="mackim" lemma="mackim" pos="N" label="judicial officer">mackim</w>
<w form="sumur" lemma="sumur" pos="V" label="to be angry">sumur</w>
<w form="dijir-re-e-ne-me-en" lemma="dijir" pos="N" label="deity">dijir-re-e-ne-me-en</w>
</l>
<l n="51" id="c4311.1.51" corresp="t4311.p6">
<w form="en" lemma="en" pos="N" label="lord">en</w>
<w form="&jic;bancur-ra" lemma="bancur" pos="N" label="(offering) table" bound="L,ak" det="&jic;">&jic;bancur-ra</w>
<w form="&d;en-lil2-la2-me-en" lemma="en-lil2" pos="N" type="DN" label="Enlil" det="&d;">&d;en-lil2-la2-me-en</w>
</l>
<l n="52" id="c4311.1.52" corresp="t4311.p6">
<w form="lu2-bi" lemma="lu2" pos="N" label="person">lu2-bi</w>
<w form="nij2" lemma="nij2" pos="N" label="thing">nij2</w>
<w form="jar-ra-zu" lemma="jar" pos="V" label="to place">jar-ra-zu</w>
<w form="la-ba-an-gid2-de3-en" lemma="gid2" pos="V" label="to be long">la-ba-an-gid2-de3-en</w>
</l>
<l n="53" id="c4311.1.53" corresp="t4311.p6">
<supplied/>
<w form="&X;" lemma="&X;" label="&X;">&X;</w>
<suppliedEnd/>
<w form="MI-a" lemma="MI" label="MI">MI-a</w>
<w form="mu-ra-an-DU" lemma="DU" pos="V" label="DU">mu-ra-an-DU</w>
</l>
<l n="54" id="c4311.1.54" corresp="t4311.p6">
<supplied/>
<w form="&X;" lemma="&X;" label="&X;">&X;</w>
<suppliedEnd/>
<w form="X" lemma="X" label="X">X</w>
<w form="nim-ma" lemma="nim" pos="N" label="upper (land)">nim-<unclear cert="cor">ma</unclear></w>
<w form="mu-ra-ab-si-a" lemma="si" pos="V" label="to fill">mu-ra-ab-si-a</w>
</l>
<l n="55" id="c4311.1.55" corresp="t4311.p6">
<supplied/>
<w form="&X;" lemma="&X;" label="&X;">&X;</w>
<suppliedEnd/>
<w form="X" lemma="X" label="X">X</w>
<w form="an-ta" lemma="an" pos="N" label="heaven">an-ta</w>
<w form="u3-mu-X-jal2" lemma="jal2" pos="V" label="to be (located)">u3-mu-X-jal2</w>
</l>
<l n="56" id="c4311.1.56" corresp="t4311.p6">
<supplied/>
<w form="&X;" lemma="&X;" label="&X;">&X;</w>
<suppliedEnd/>
<w form="dugud-da" lemma="dugud" pos="V" label="to be heavy">dugud-da</w>
<w form="tug2-gin7" lemma="tug2" pos="N" label="garment">tug2-gin7</w>
<w form="ci-mi-dul" lemma="dul" pos="V" label="to cover (together)">ci-mi-dul</w>
</l>
<l n="57" id="c4311.1.57" corresp="t4311.p6">
<supplied/>
<w form="&X;" lemma="&X;" label="&X;">&X;</w>
<suppliedEnd/>
<w form="X-zu" lemma="X" label="X">X-zu</w>
<w form="mi-ni-ib-dug4-ga-ta" lemma="dug4" pos="V" label="to say">mi-ni-ib-dug4-ga-ta</w>
</l>
<l n="58" id="c4311.1.58" corresp="t4311.p6">
<supplied/>
<w form="&X;" lemma="&X;" label="&X;">&X;</w>
<suppliedEnd/>
<w form="X" lemma="X" label="X">X</w>
<w form="saj" lemma="saj" pos="N" label="head">saj</w>
<w form="ja2-ja2" lemma="jar" pos="V" label="to place" form-type="rr">ja2-ja2</w>
<w form="a-ra-zu" lemma="a-ra-zu" pos="N" label="supplication">a-ra-zu</w>
<w form="ma-ra-ab-be2" lemma="dug4" pos="V" label="to say" form-type="ppli">ma-ra-ab-be2</w>
</l>
<l n="59" id="c4311.1.59" corresp="t4311.p6">
<supplied/>
<w form="&X;" lemma="&X;" label="&X;">&X;</w>
<suppliedEnd/>
<w form="cag4-ne-ca4" lemma="cag4-ne-ca4" pos="N" label="intercession"><unclear cert="qry">cag4</unclear>-ne-ca4</w>
<w form="KA-ni" lemma="KA" label="KA"><unclear cert="qry">KA</unclear>-ni</w>
<w form="um-ma-ra-an-pad3" lemma="pad3" pos="V" label="to find">um-ma-ra-an-pad3</w>
</l>
<l n="60" id="c4311.1.60" corresp="t4311.p6">
<supplied/>
<w form="&X;" lemma="&X;" label="&X;">&X;</w>
<suppliedEnd/>
<w form="X" lemma="X" label="X">X</w>
<w form="ma2-gin7" lemma="ma2" pos="N" label="boat">ma2-gin7</w>
<w form="a-ji6-a-ta" lemma="a-ji6" pos="N" label="flooding">a-ji6-a-ta</w>
<w form="im-ma-ra-an-ad-DU" lemma="DU" pos="V" label="DU">im-ma-ra-an-ad-DU</w>
</l>
<l n="61" id="c4311.1.61" corresp="t4311.p6">
<supplied/>
<w form="&X;" lemma="&X;" label="&X;">&X;</w>
<suppliedEnd/>
<w form="X-ma" lemma="X" label="X">X-ma</w>
<w form="im-ma-ra-an-zi-zi" lemma="zig3" pos="V" label="to rise" form-type="rr">im-ma-ra-an-zi-zi</w>
</l>
<l n="62" id="c4311.1.62" corresp="t4311.p7">
<supplied/>
<w form="kug-sig17-gin7" lemma="kug-sig17" pos="N" label="gold">kug<suppliedEnd/>-<damage/><unclear cert="qry">sig17</unclear><damageEnd/>-gin7</w>
<w form="ba-an-dadag-ge-en" lemma="dadag" pos="V" label="to be bright" form-type="RR">ba-an-dadag-ge-en</w>
</l>
<l n="63" id="c4311.1.63" corresp="t4311.p7">
<supplied/>
<w form="zabar-gin7" lemma="zabar" pos="N" label="bronze">zabar<suppliedEnd/>-gin7</w>
<w form="nij2-su-ub" lemma="nij2-su-ub" pos="N" label="polishing">nij2-su-ub</w>
<w form="im-ma-ak-en" lemma="ak" pos="V" label="to do">im-ma-ak-en</w>
</l>
<l n="64" id="c4311.1.64" corresp="t4311.p7">
<supplied/>
<w form="cu" lemma="cu" pos="N" label="hand">cu</w>
<w form="sag9-ga" lemma="sag9" pos="V" label="to be good">sag9<suppliedEnd/>-<damage/>ga</w>
<damageEnd/>
<w form="dijir-ra-na-ce3" lemma="dijir" pos="N" label="deity">dijir-ra-na-ce3</w>
<w form="im-ci-in-gi4-gi4" lemma="gi4" pos="V" label="to return" form-type="RR">im-ci-in-gi4-gi4</w>
</l>
<l n="65" id="c4311.1.65" corresp="t4311.p7">
<supplied/>
<w form="&X;" lemma="&X;" label="&X;">&X;</w>
<suppliedEnd/>
<w form="X" lemma="X" label="X">X</w>
<w form="mu-un-zalag" lemma="zalag" pos="V" label="to be shining">mu-un-zalag</w>
<w form="gu2" lemma="gu2" pos="N" label="neck">gu2</w>
<w form="mu-un-zig3" lemma="zig3" pos="V" label="to rise">mu-un-zig3</w>
</l>
<l n="66" id="c4311.1.66" corresp="t4311.p7">
<supplied/>
<w form="&X;" lemma="&X;" label="&X;">&X;</w>
<suppliedEnd/>
<damage/>
<w form="kalam-ma" lemma="kalam" pos="N" label="the Land"><unclear cert="qry">kalam</unclear><damageEnd/>-ma</w>
<w form="dalla" lemma="dalla" pos="V" label="to be bright">dalla</w>
<w form="mu-ni-in-e3" lemma="e3" pos="V" label="to go out or in">mu-ni-in-e3</w>
</l>
<l n="67" id="c4311.1.67" corresp="t4311.p7">
<supplied/>
<w form="&X;" lemma="&X;" label="&X;">&X;</w>
<suppliedEnd/>
<w form="X-ba" lemma="X" label="X">X-<unclear cert="qry">ba</unclear></w>
<w form="mu-un-zu-a-e" lemma="zu" pos="V" label="to know">mu-un-zu-a-e</w>
</l>
<l n="68" id="c4311.1.68" corresp="t4311.p7">
<supplied/>
<w form="&X;" lemma="&X;" label="&X;">&X;</w>
<suppliedEnd/>
<w form="X" lemma="X" label="X">X</w>
<w form="RA" lemma="RA" label="RA">RA</w>
<w form="mu-un-e-du3" lemma="du3" pos="V" label="to erect">mu-un-e-du3</w>
</l>
<l n="69" id="c4311.1.69" corresp="t4311.p7">
<supplied/>
<w form="&X;" lemma="&X;" label="&X;">&X;</w>
<suppliedEnd/>
<damage/>
<w form="inim-ma-bi" lemma="inim" pos="N" label="word">inim<damageEnd/>-<unclear cert="qry">ma</unclear>-bi</w>
<w form="ma-ra-an-ja2-ja2" lemma="jar" pos="V" label="to place" form-type="rr">ma-ra-an-ja2-ja2</w>
</l>
<l n="70" id="c4311.1.70" corresp="t4311.p7">
<supplied/>
<w form="&X;" lemma="&X;" label="&X;">&X;</w>
<suppliedEnd/>
<w form="dug4-ga" lemma="dug4" pos="V" label="to say">dug4-ga</w>
<w form="ma-ra-an-de2-e" lemma="de2" pos="V" label="to pour">ma-ra-an-de2-e</w>
</l>
<l n="71" id="c4311.1.71" corresp="t4311.p7">
<supplied/>
<w form="&X;" lemma="&X;" label="&X;">&X;</w>
<suppliedEnd/>
<w form="X-la" lemma="X" label="X">X-la</w>
<w form="ma-ra-an-ja2-ja2" lemma="jar" pos="V" label="to place" form-type="rr">ma-ra-an-ja2-ja2</w>
</l>
<l n="72" id="c4311.1.72" corresp="t4311.p7">
<supplied/>
<w form="&X;" lemma="&X;" label="&X;">&X;</w>
<suppliedEnd/>
<w form="ki" lemma="ki" pos="N" label="place">ki</w>
<w form="aj2-zu" lemma="aj2" pos="V" label="to measure">aj2-zu</w>
<w form="za-e" lemma="za" pos="PD" type="personal" label="you (sg.)">za-e</w>
<w form="ma-ra-an-du8-e" lemma="du8" pos="V" label="to spread">ma-ra-an-du8-e</w>
</l>
<l n="73" id="c4311.1.73" corresp="t4311.p7">
<supplied/>
<w form="&X;" lemma="&X;" label="&X;">&X;</w>
<suppliedEnd/>
<w form="X" lemma="X" label="X">X</w>
<w form="di4-di4-la2-zu-ne" lemma="di4-di4" pos="V" label="to be small" form-type="RR">di4-di4-la2-zu-ne</w>
<w form="za-e" lemma="za" pos="PD" type="personal" label="you (sg.)">za-e</w>
<w form="ma-ra-an-ja2-ja2" lemma="jar" pos="V" label="to place" form-type="rr">ma-ra-an-ja2-ja2</w>
</l>
<l n="74" id="c4311.1.74" corresp="t4311.p7">
<supplied/>
<w form="&X;" lemma="&X;" label="&X;">&X;</w>
<suppliedEnd/>
<w form="X" lemma="X" label="X">X</w>
<w form="di4-di4-la2-zu-ne" lemma="di4-di4" pos="V" label="to be small" form-type="RR">di4-di4-la2-zu-ne</w>
<w form="za-e" lemma="za" pos="PD" type="personal" label="you (sg.)">za-e</w>
<w form="ma-ra-an-du8-e" lemma="du8" pos="V" label="to spread">ma-ra-an-du8-e</w>
</l>
<l n="75" id="c4311.1.75" corresp="t4311.p7">
<supplied/>
<w form="&X;" lemma="&X;" label="&X;">&X;</w>
<suppliedEnd/>
<w form="X" lemma="X" label="X">X</w>
<w form="X" lemma="X" label="X">X</w>
<w form="X" lemma="X" label="X">X</w>
<w form="za" lemma="za" pos="PD" type="personal" label="you (sg.)">za</w>
<w form="gal-gal-la-zu-ne" lemma="gal" pos="V" label="to be big" form-type="RR">gal-gal-la-zu-ne</w>
<w form="za-e" lemma="za" pos="PD" type="personal" label="you (sg.)">za-e</w>
<w form="ma-ra-an-du8-e" lemma="du8" pos="V" label="to spread">ma-ra-an-du8-e</w>
</l>
<l n="76" id="c4311.1.76" corresp="t4311.p7">
<supplied/>
<w form="&X;" lemma="&X;" label="&X;">&X;</w>
<suppliedEnd/>
<w form="X" lemma="X" label="X">X</w>
<w form="X-am3" lemma="X" label="X">X-am3</w>
<w form="sur-ra-zu" lemma="sur" pos="V" label="to drip">sur-ra-zu</w>
</l>
<l n="77" id="c4311.1.77" corresp="t4311.p7">
<supplied/>
<w form="&X;" lemma="&X;" label="&X;">&X;</w>
<suppliedEnd/>
<w form="X" lemma="X" label="X">X</w>
<w form="X" lemma="X" label="X">X</w>
<w form="X" lemma="X" label="X">X</w>
<w form="X" lemma="X" label="X">X</w>
<w form="X" lemma="X" label="X">X</w>
<w form="X" lemma="X" label="X">X</w>
<w form="za-e" lemma="za" pos="PD" type="personal" label="you (sg.)">za-e</w>
<w form="ma-ra-an-de2-e" lemma="de2" pos="V" label="to pour">ma-ra-an-de2-e</w>
</l>
<l n="78" id="c4311.1.78" corresp="t4311.p7">
<supplied/>
<w form="&X;" lemma="&X;" label="&X;">&X;</w>
<suppliedEnd/>
<w form="X" lemma="X" label="X">X</w>
<w form="X" lemma="X" label="X">X</w>
<w form="X" lemma="X" label="X">X</w>
<w form="RA" lemma="RA" label="RA">RA</w>
<w form="ud" lemma="ud" pos="N" label="day(light)">ud</w>
<w form="15-kam" lemma="15-kam-ma" pos="NU" type="ordinal" label="15th">15-kam</w>
</l>
<l n="79" id="c4311.1.79" corresp="t4311.p7">
<supplied/>
<w form="&X;" lemma="&X;" label="&X;">&X;</w>
<suppliedEnd/>
<w form="X" lemma="X" label="X">X</w>
<w form="X-ra-zu" lemma="X" label="X">X-<unclear cert="qry">ra</unclear>-zu</w>
<w form="saj" lemma="saj" pos="N" label="head">saj</w>
<w form="im-X" lemma="X" pos="V" label="X">im-X</w>
<w form="X" lemma="X" label="X">X</w>
<supplied/>
<w form="&X;" lemma="&X;" label="&X;">&X;</w>
<suppliedEnd/>
</l>
<l n="80" id="c4311.1.80" corresp="t4311.p7">
<supplied/>
<w form="&X;" lemma="&X;" label="&X;">&X;</w>
<suppliedEnd/>
<w form="X" lemma="X" label="X">X</w>
<w form="X" lemma="X" label="X">X</w>
<damage/>
<w form="cir3-ra-a" lemma="cir3" pos="N" label="song">cir3<damageEnd/>-ra-a</w>
<w form="mu-X" lemma="X" label="X">mu-X</w>
<supplied/>
<w form="&X;" lemma="&X;" label="&X;">&X;</w>
<suppliedEnd/>
</l>
<l n="81" id="c4311.1.81" corresp="t4311.p7">
<supplied/>
<w form="&X;" lemma="&X;" label="&X;">&X;</w>
<suppliedEnd/>
<w form="X" lemma="X" label="X">X</w>
<w form="X" lemma="X" label="X">X</w>
<w form="en3-du-a" lemma="en3-du" pos="N" label="song">en3-du-a</w>
<damage/>
<w form="mu-&X;" lemma="&X;" label="&X;">mu<damageEnd/>-<supplied/>&X;</w>
<suppliedEnd/>
</l>
<l n="82" id="c4311.1.82" corresp="t4311.p7">
<supplied/>
<w form="&X;" lemma="&X;" label="&X;">&X;</w>
<suppliedEnd/>
<w form="me" lemma="me" pos="N" label="essence">me</w>
<distinct type="emesal">
<w form="ze2-eb-a-bi" lemma="dug3" pos="V" label="to be good" emesal="ze2-eb">ze2-<unclear cert="qry">eb</unclear>-a-bi</w>
</distinct>
<w form="LA" lemma="LA" label="LA">LA</w>
<w form="X" lemma="X" label="X">X</w>
<supplied/>
<w form="&X;" lemma="&X;" label="&X;">&X;</w>
<suppliedEnd/>
</l>
<l n="83" id="c4311.1.83" corresp="t4311.p7">
<damage/>
<w form="lugal" lemma="lugal" pos="N" label="king">lugal</w>
<damageEnd/>
<w form="cag4-la2" lemma="cag4-la2" pos="N" label="mercy">cag4-la2</w>
<w form="sug4" lemma="sug4" pos="V" label="to be full">sug4</w>
<w form="kur-kur-ra-me-en" lemma="kur" pos="N" label="(mountain) land" form-type="RR">kur-kur-ra-me-en</w>
<supplied/>
<w form="&X;" lemma="&X;" label="&X;">&X;</w>
<suppliedEnd/>
</l>
<l n="84" id="c4311.1.84" corresp="t4311.p7">
<supplied/>
<w form="cag4-la2" lemma="cag4-la2" pos="N" label="mercy">cag4<suppliedEnd/>-la2</w>
<w form="sug4" lemma="sug4" pos="V" label="to be full">sug4</w>
<w form="igi" lemma="igi" pos="N" label="eye">igi</w>
<w form="du8-a" lemma="du8" pos="V" label="to spread">du8-a</w>
<w form="jal2" lemma="jal2" pos="V" label="to be (located)">jal2</w>
<w form="A" lemma="A" label="A"><unclear cert="qry">A</unclear></w>
<supplied/>
<w form="&X;" lemma="&X;" label="&X;">&X;</w>
<suppliedEnd/>
</l>
<l n="85" id="c4311.1.85" corresp="t4311.p7">
<supplied/>
<w form="X" lemma="X" label="X">X</w>
<suppliedEnd/>
<w form="KI" lemma="KI" label="KI">KI</w>
<w form="tur3-ra" lemma="tur3" pos="N" label="animal stall">tur3-<damage/><unclear cert="qry">ra</unclear></w>
<damageEnd/>
<w form="X" lemma="X" label="X">X</w>
<supplied/>
<w form="&X;" lemma="&X;" label="&X;">&X;</w>
<suppliedEnd/>
</l>
</body>
</text>
<text n="2">
<body>
<head lang="eng">Version B (fragment of a divergent version)</head>
<gap extent="uknown no. of lines missing"/>
<l n="1" id="c4311.2.1" corresp="t4311.p8">
<supplied/>
<w form="&X;" lemma="&X;" label="&X;">&X;</w><suppliedEnd/>
<w form="A" lemma="A" label="A"><unclear cert="qry">A</unclear></w>
</l>
<l n="2" id="c4311.2.2" corresp="t4311.p8">
<supplied/>
<w form="&X;" lemma="&X;" label="&X;">&X;</w>
<suppliedEnd/>
<w form="X" lemma="X" label="X">X</w>
</l>
<l n="3" id="c4311.2.3" corresp="t4311.p8">
<supplied/>
<w form="&X;" lemma="&X;" label="&X;">&X;</w>
<suppliedEnd/>
<w form="X" lemma="X" label="X">X</w>
<w form="cag4-ne-za-ra" lemma="cag4-ne-ca4" pos="N" label="intercession">cag4-ne-za-ra</w>
</l>
<l n="4" id="c4311.2.4" corresp="t4311.p8">
<supplied/>
<w form="&X;" lemma="&X;" label="&X;">&X;</w>
<suppliedEnd/>
<w form="AN" lemma="AN" label="AN">AN</w>
<w form="DI" lemma="DI" label="DI">DI</w>
</l>
<l n="5" id="c4311.2.5" corresp="t4311.p8">
<supplied/>
<w form="X" lemma="X" label="X">X</w>
<w form="X" lemma="X" label="X">X</w>
<suppliedEnd/>
<w form="X" lemma="X" label="X">X</w>
<w form="X" lemma="X" label="X">X</w>
<w form="X" lemma="X" label="X">X</w>
<w form="X" lemma="X" label="X">X</w>
<w form="X" lemma="X" label="X">X</w>
<w form="X" lemma="X" label="X">X</w>
<w form="kug-ra" lemma="kug" pos="AJ" label="shining">kug-ra</w>
<w form="ma-ra-kece2" lemma="kece2" pos="V" label="to bind">ma-ra-kece2</w>
</l>
<l n="6" id="c4311.2.6" corresp="t4311.p8">
<supplied/>
<w form="X" lemma="X" label="X">X</w>
<w form="X" lemma="X" label="X">X</w>
<suppliedEnd/>
<w form="IGI" lemma="IGI" label="IGI">IGI</w>
<w form="u3-sa2" lemma="u3-sa2" pos="N" label="sleep">u3-sa2</w>
<w form="tud-da" lemma="tud" pos="V" label="to give birth">tud-da</w>
<w form="a-su-ra-ba" lemma="a-sur-ra" pos="N" label="subterranean water">a-su-ra-ba</w>
</l>
<l n="7" id="c4311.2.7" corresp="t4311.p8">
<supplied/>
<w form="X" lemma="X" label="X">X</w>
<w form="X" lemma="X" label="X">X</w>
<suppliedEnd/>
<w form="su-ul-pa3-e-a-gin7" lemma="cul-pa-e3" pos="N" type="DN" label="&C;ul-pa-e">su-<unclear cert="cor">ul</unclear>-pa3-e-a-<unclear cert="qry">gin7</unclear></w>
<w form="SI-en-da-hu-la" lemma="hul2" pos="V" label="to be happy">SI-en-da-hu-la</w>
</l>
<l n="8" id="c4311.2.8" corresp="t4311.p8">
<supplied/>
<w form="X" lemma="X" label="X">X</w>
<w form="X" lemma="X" label="X">X</w>
<suppliedEnd/>
<w form="tud-de3" lemma="tud" pos="V" label="to give birth">tud-de3</w>
<w form="lu2-gal-ju10" lemma="lugal" pos="N" label="king">lu2-gal-ju10</w>
<w form="mu-zu" lemma="mu" pos="N" label="name">mu-zu</w>
<w form="he-pad3-de" lemma="pad3" pos="V" label="to find">he-pad3-de</w>
</l>
</body>
</text>
</group>
</text>
</TEI.2>
