<TEI.2 id="c.4.22.4">
<teiHeader lang="eng">
<fileDesc>
<titleStmt>
<title>A hymn to Ninisina (Ninisina D) -- a composite transliteration</title>
<respStmt><name>Jeremy Black</name><resp>Project Director and Editor</resp></respStmt>
<respStmt><name>G&aacute;bor Z&oacute;lyomi</name><resp>Editor</resp></respStmt>
<respStmt><name>Graham Cunningham</name><resp>Editor</resp></respStmt>
<respStmt><name>Eleanor Robson</name><resp>Technical Developer</resp></respStmt>
<respStmt><name>Jarle Ebeling</name><resp>Technical Developer</resp></respStmt>
</titleStmt>
<publicationStmt>
<distributor>The Electronic Text Corpus of Sumerian Literature
</distributor><address><addrLine>The Oriental Institute, University of Oxford, Pusey Lane, Oxford OX1 2LE, UK, email etcsl&commat;orinst.ox.ac.uk, http://etcsl.orinst.ox.ac.uk</addrLine></address>
<date>1999</date>
</publicationStmt>
<seriesStmt><p>The Electronic Text Corpus of Sumerian Literature aims to make accessible over 400 literary works composed in the Sumerian language in ancient Mesopotamia during the late third and early second millennia BC. The works are in Sumerian composite transliteration and English prose translation with bibliographical information on each composition.</p></seriesStmt>
<sourceDesc>
<listBibl type="secondary">
<bibl><xref from="b308">Krecher 1996a</xref><biblScope type="contents">composite text, translation</biblScope><note>electronic source</note></bibl>
<bibl><xref from="b600">Sj&ouml;berg 1982</xref><biblScope type="page">64-67</biblScope><biblScope type="contents">composite text, translation, commentary</biblScope></bibl>
</listBibl>
<listBibl type="tablets">
<bibl><biblScope type="museumNumber">CBS 14065 (SEM 100)</biblScope></bibl>
<bibl><biblScope type="museumNumber">UET 6 188 = U 17900K</biblScope></bibl>
</listBibl>
</sourceDesc>
</fileDesc>
<revisionDesc>
<change><date>30.vii.1999-11.viii.1999</date><respStmt><name>JAB</name><resp>editor</resp></respStmt>
<item>standardisation</item></change>
<change><date>22.x.1999</date><respStmt><name>GZ</name><resp>editor</resp></respStmt>
<item>proofreading</item></change>
<change><date>22.x.1999</date><respStmt><name>GZ</name><resp>editor</resp></respStmt>
<item>SGML tagging</item></change>
<change><date>22.xii.1999</date><respStmt><name>ER</name><resp>editor</resp></respStmt>
<item>proofreading SGML</item></change>
<change><date>22.xii.1999</date><respStmt><name>ER</name><resp>editor</resp></respStmt>
<item>web publication</item></change>
<change><date>01.vi.2003</date><respStmt><name>GC/JE</name><resp>editor/technical developer</resp></respStmt>
<item>XML/TEI conversion</item></change>
<change><date>30.iii.2005</date><respStmt><name>GC/JE</name><resp>senior editor/technical developer</resp></respStmt>
<item>lemmatised version published</item></change>
</revisionDesc>
</teiHeader>
<text lang="sux">
<body>
<div1 type="segment" n="A">
<l n="1" id="c4224.A.1" corresp="t4224.p1">
<w form="nin" lemma="nin" pos="N" label="lady">nin</w>
<w form="me" lemma="me" pos="N" label="essence">me</w>
<w form="mah" lemma="mah" pos="V" label="to be majestic">mah</w>
<w form="dib" lemma="dib" pos="V" label="to pass">dib</w>
<w form="saj" lemma="saj" pos="N" label="head">saj</w>
<w form="il2" lemma="il2" pos="V" label="to raise">il2</w>
<w form="ni2" lemma="ni2" pos="N" label="fear(someness)">ni2</w>
<w form="guru3" lemma="guru3" pos="V" label="to bear">guru3</w>
<w form="dumu" lemma="dumu" pos="N" label="child">dumu</w>
<w form="ki" lemma="ki" pos="N" label="place">ki</w>
<w form="aj2" lemma="aj2" pos="V" label="to measure">aj2</w>
<w form="an" lemma="an" pos="N" type="DN" label="An">an</w>
<w form="gal-la" lemma="gal" pos="V" label="to be big">gal-la</w>
</l>
<l n="2" id="c4224.A.2" corresp="t4224.p1">
<w form="&d;nin-isin2-na" lemma="nin-isin2-na" pos="N" type="DN" label="Ninisina" det="&d;">&d;nin-<term id="c4224.t1">isin2</term><gloss lang="sux" target="c4224.t1">si</gloss>-na</w>
<w form="&d;urac-e" lemma="urac" pos="N" type="DN" label="Ura&c;" det="&d;">&d;urac-e</w>
<w form="tud-da" lemma="tud" pos="V" label="to give birth">tud-da</w>
<w form="cag4" lemma="cag4" pos="N" label="heart">cag4</w>
<w form="gal" lemma="gal" pos="V" label="to be big">gal</w>
<w form="nam" lemma="nam" pos="N" label="destiny">nam</w>
<w form="gal" lemma="gal" pos="V" label="to be big">gal</w>
<w form="DU" lemma="DU" label="DU">DU</w>
</l>
<l n="3" id="c4224.A.3" corresp="t4224.p1">
<supplied/>
<w form="ad" lemma="ad" pos="N" label="voice">ad</w>
<suppliedEnd/>
<damage/>
<w form="gi4-gi4" lemma="gi4" pos="V" label="to return" form-type="RR">gi4<damageEnd/>-gi4</w>
<w form="gal-di" lemma="gal-di" pos="AJ" label="important">gal-di</w>
<w form="a-a" lemma="a-a" pos="N" label="father">a-a</w>
<w form="ugu-na" lemma="ugu" pos="V" label="to give birth">ugu-na</w>
<w form="ajrig" lemma="ajrig" pos="N" label="housekeeper">ajrig</w>
<w form="zid" lemma="zid" pos="AJ" label="right">zid</w>
<w form="e2-kur-ra" lemma="e2-kur" pos="N" type="TN" label="E-kur">e2-kur-ra</w>
</l>
<l n="4" id="c4224.A.4" corresp="t4224.p1">
<supplied/>
<w form="&X;" lemma="&X;" label="&X;">&X;</w>
<suppliedEnd/>
<damage/>
<w form="ec2" lemma="ec2" pos="N" label="rope">ec2</w>
<damageEnd/>
<w form="sig7-ga" lemma="sig7" pos="V" label="to be green">sig7-ga</w>
<w form="barag" lemma="barag" pos="N" label="dais">barag</w>
<w form="kug-ge" lemma="kug" pos="AJ" label="shining">kug-ge</w>
<w form="he2-du7" lemma="he2-du7" pos="N" label="(fitting) ornament">he2-<damage/>du7</w>
<damageEnd/>
<supplied/>
<w form="Xbr" lemma="Xbr" label="Xbr">(X)</w>
<suppliedEnd/>
</l>
<l n="5" id="c4224.A.5" corresp="t4224.p1">
<w form="arhuc2" lemma="arhuc" pos="N" label="compassion">arhuc2</w>
<w form="tuku" lemma="tuku" pos="V" label="to have">tuku</w>
<w form="X" lemma="X" label="X">X</w>
<w form="Xbr" lemma="Xbr" label="Xbr">(X)</w>
<w form="saj" lemma="saj" pos="N" label="head">saj</w>
<w form="gig2-ga" lemma="gig2" pos="V" label="to be black">gig2-ga</w>
<w form="kug" lemma="kug" pos="AJ" label="shining">kug</w>
<w form="&d;nin-isin2-na" lemma="nin-isin2-na" pos="N" type="DN" label="Ninisina" det="&d;">&d;nin-<term id="c4224.t2">isin2</term><gloss lang="sux" target="c4224.t2">si</gloss>-na</w>
<w form="nij2-nam-ma-ni" lemma="nij2-nam" pos="PD" type="indefinite" label="anything">nij2-nam-ma-ni</w>
<w form="pa" lemma="pa" pos="N" label="branch">pa</w>
<w form="e3" lemma="e3" pos="V" label="to go out or in">e3</w>
<supplied/>
<w form="X" lemma="X" label="X">X</w>
<suppliedEnd/>
</l>
<l n="6" id="c4224.A.6" corresp="t4224.p1">
<w form="nin" lemma="nin" pos="N" label="lady">nin</w>
<w form="tug2" lemma="tug2" pos="N" label="garment">tug2</w>
<w form="babbar2" lemma="babbar" pos="AJ" label="white">babbar2</w>
<w form="tug2-ba13" lemma="tug2-ba13" pos="N" label="type of garment">tug2-ba13</w>
<supplied/>
<w form="X" lemma="X" label="X">X</w>
<w form="Xbr-ju10" lemma="Xbr" label="Xbr">(X)<suppliedEnd/>-ju10</w>
</l>
<l n="7" id="c4224.A.7" corresp="t4224.p1">
<w form="nam-gur4" lemma="nam-gur4" pos="N" label="magnitude">nam-gur4</w>
<w form="dirig" lemma="dirig" pos="V" label="to be superior">dirig</w>
<w form="dug4-ge" lemma="dug4" pos="V" label="to say">dug4-ge</w>
<supplied/>
<w form="dib-ba-zu" lemma="dib" pos="V" label="to pass">dib<suppliedEnd/>-ba-zu</w>
<w form="a-ra2" lemma="a-ra2" pos="N" label="way">a-ra2</w>
<w form="mah-bi" lemma="mah" pos="V" label="to be majestic">mah-bi</w>
<w form="ca-an-i-i" lemma="i" pos="V" label="to bring out" form-type="RR">ca-an-i-i</w>
</l>
<l n="8" id="c4224.A.8" corresp="t4224.p2">
<w form="a-a" lemma="a-a" pos="N" label="father">a-a</w>
<w form="ugu-zu" lemma="ugu" pos="V" label="to give birth">ugu-zu</w>
<w form="X" lemma="X" label="X">X</w>
<w form="Xbr" lemma="Xbr" label="Xbr">(X)</w>
<w form="an" lemma="an" pos="N" type="DN" label="An">an</w>
<w form="kug" lemma="kug" pos="AJ" label="shining">kug</w>
<w form="X" lemma="X" label="X">X</w>
<w form="X" lemma="X" label="X">X</w>
<w form="me-me" lemma="me" pos="N" label="essence" form-type="RR">me-me</w>
<w form="dirig-ga" lemma="dirig" pos="V" label="to be superior">dirig-ga</w>
<w form="za-ar" lemma="za" pos="PD" type="personal" label="you (sg.)">za-ar</w>
<w form="ma-ra-an-ri" lemma="ri" pos="V" label="to direct">ma-ra-an-ri</w>
</l>
<l n="9" id="c4224.A.9" corresp="t4224.p2">
<w form="nin" lemma="nin" pos="N" label="lady">nin</w>
<w form="cag4" lemma="cag4" pos="N" label="heart">cag4</w>
<w form="cu" lemma="cu" pos="N" label="hand">cu</w>
<w form="nijin2" lemma="nijin2" pos="V" label="to go around">nijin2</w>
<w form="X" lemma="X" label="X">X</w>
<supplied/>
<w form="X" lemma="X" label="X">X</w>
<suppliedEnd/>
<w form="lu2" lemma="lu2" pos="N" label="person">lu2</w>
<w form="X" lemma="X" label="X">X</w>
<w form="X" lemma="X" label="X">X</w>
<w form="gi4" lemma="gi4" pos="V" label="to return">gi4</w>
<w form="lu2" lemma="lu2" pos="N" label="person">lu2</w>
<w form="dub-ba" lemma="dub" pos="V" label="to heap up">dub-ba</w>
<w form="zi-zi-i" lemma="zig3" pos="V" label="to rise" form-type="rr">zi-zi-i</w>
<w form="cag4-ta" lemma="cag4" pos="N" label="heart">cag4-ta</w>
<w form="mu-e-de6" lemma="de6" pos="V" label="to carry">mu-e-de6</w>
</l>
<l n="10" id="c4224.A.10" corresp="t4224.p2">
<w form="nam-a-zu" lemma="nam-a-zu" pos="N" label="healer's craft">nam-a-<damage/>zu</w>
<damageEnd/>
<w form="lu2" lemma="lu2" pos="N" label="person">lu2</w>
<w form="til3-le" lemma="til3" pos="V" label="to live">til3-le</w>
<w form="lu2" lemma="lu2" pos="N" label="person">lu2</w>
<w form="X" lemma="X" label="X">X</w>
<w form="X" lemma="X" label="X">X</w>
<supplied/>
<w form="&X;" lemma="&X;" label="&X;">&X;</w>
<suppliedEnd/>
</l>
<l n="11" id="c4224.A.11" corresp="t4224.p2">
<w form="nin" lemma="nin" pos="N" label="lady">nin</w>
<w form="tu6" lemma="tu6" pos="N" label="incantation">tu6</w>
<w form="dug4-ga-ni-ta" lemma="dug4" pos="V" label="to say">dug4-ga-<supplied/>ni<suppliedEnd/>-ta</w>
<w form="lu2" lemma="lu2" pos="N" label="person">lu2</w>
<supplied/>
<w form="X" lemma="X" label="X">X</w>
<suppliedEnd/>
<w form="sag9" lemma="sag9" pos="V" label="to be good">sag9</w>
<supplied/>
<w form="X" lemma="X" label="X">X</w>
<w form="X" lemma="X" label="X">X</w>
<suppliedEnd/>
<w form="X" lemma="X" label="X">X</w>
<w form="X" lemma="X" label="X">X</w>
<w form="cum2-mu" lemma="cum2" pos="V" label="to give">cum2-mu</w>
</l>
<l n="12" id="c4224.A.12" corresp="t4224.p2">
<w form="simx-simx-ma" lemma="simx-ma" pos="N" label="sore" form-type="RR">simx(GIG)-simx(GIG)-ma</w>
<w form="su" lemma="su" pos="N" label="flesh">su</w>
<w form="lu2-ulu3" lemma="lu2-ulu3" pos="N" label="person">lu2-ulu3</w>
<w form="he2-X" lemma="X" label="X">he2-<supplied/>X</w>
<suppliedEnd/>
<w form="mu7-mu7-ga-ni" lemma="mu7-mu7" pos="N" label="incantation">mu7-mu7-ga-ni</w>
<w form="ed3-de3" lemma="ed3" pos="V" label="to go down or up">ed3-de3</w>
</l>
<l n="13" id="c4224.A.13" corresp="t4224.p2">
<w form="bulug" lemma="bulug" pos="N" label="sharp object">bulug</w>
<w form="nij2" lemma="nij2" pos="N" label="thing">nij2</w>
<w form="zi-pa-aj2-ja2-na" lemma="zi-pa-aj2" pos="N" label="throat">zi-pa-aj2-<supplied/>ja2<suppliedEnd/>-na</w>
<w form="su-a-na" lemma="su" pos="N" label="flesh">su-a-<supplied/>na</w>
<w form="&X;" lemma="&X;" label="&X;">&X;</w>
<suppliedEnd/>
</l>
<l n="14" id="c4224.A.14" corresp="t4224.p2">
<w form="nin" lemma="nin" pos="N" label="lady">nin</w>
<w form="u2" lemma="u2" pos="N" label="plant">u2</w>
<w form="nam-til3-la" lemma="nam-til3" pos="N" label="life">nam-til3-la</w>
<w form="X" lemma="X" label="X">X</w>
<w form="Xbr" lemma="Xbr" label="Xbr">(X)</w>
<w form="ab-ba" lemma="ab-ba" pos="N" label="father">ab-ba</w>
<w form="X" lemma="X" label="X">X</w>
<supplied/>
<w form="&X;" lemma="&X;" label="&X;">&X;</w>
<suppliedEnd/>
</l>
<l n="15" id="c4224.A.15" corresp="t4224.p2">
<w form="lu2" lemma="lu2" pos="N" label="person">lu2</w>
<w form="ug5-ge" lemma="uc2" pos="V" label="to die" form-type="plisg">ug5-ge</w>
<w form="lu2" lemma="lu2" pos="N" label="person">lu2</w>
<supplied/>
<w form="&X;-ba" lemma="&X;" label="&X;">&X;<suppliedEnd/>-ba</w>
</l>
<l n="16" id="c4224.A.16" corresp="t4224.p2">
<w form="&d;nin-til3-mud" lemma="nin-til3-mud" pos="N" type="DN" label="Nintilmud" det="&d;">&d;nin-til3-mud</w>
<w form="X" lemma="X" label="X">X</w>
<w form="X" lemma="X" label="X">X</w>
<w form="X" lemma="X" label="X">X</w>
<w form="lu2" lemma="lu2" pos="N" label="person">lu2</w>
<w form="X" lemma="X" label="X">X</w>
<supplied/>
<w form="X" lemma="X" label="X">X</w>
<w form="X" lemma="X" label="X">X</w>
<suppliedEnd/>
<w form="luh" lemma="luh" pos="V" label="to clean">luh</w>
<w form="UD" lemma="UD" label="UD">UD</w>
<w form="dadag-ga" lemma="dadag" pos="V" label="to be bright" form-type="RR">dadag-ga</w>
</l>
<l n="17" id="c4224.A.17" corresp="t4224.p2">
<w form="cu" lemma="cu" pos="N" label="hand">cu</w>
<w form="zid" lemma="zid" pos="AJ" label="right">zid</w>
<w form="dijir-ra-na-ce3" lemma="dijir" pos="N" label="deity">dijir-ra-na-ce3</w>
<w form="cu" lemma="cu" pos="N" label="hand">cu</w>
<w form="X" lemma="X" label="X">X</w>
<w form="X" lemma="X" label="X">X</w>
<w form="X" lemma="X" label="X">X</w>
<supplied/>
<w form="&X;" lemma="&X;" label="&X;">&X;</w>
<suppliedEnd/>
</l>
<l n="18" id="c4224.A.18" corresp="t4224.p2">
<supplied/>
<w form="&X;" lemma="&X;" label="&X;">&X;</w>
<suppliedEnd/>
<w form="X" lemma="X" label="X">X</w>
<supplied/>
<w form="&X;" lemma="&X;" label="&X;">&X;</w>
<suppliedEnd/>
<w form="X" lemma="X" label="X">X</w>
<supplied/>
<w form="&X;" lemma="&X;" label="&X;">&X;</w>
<suppliedEnd/>
<w form="X" lemma="X" label="X">X</w>
<supplied/>
<w form="&X;" lemma="&X;" label="&X;">&X;</w>
<suppliedEnd/>
</l>
<gap extent="approx. 40 lines missing"/>
</div1>
<div1 type="segment" n="B">
<l n="1" id="c4224.B.1" corresp="t4224.p3">
<w form="X" lemma="X" label="X">X</w>
<supplied/>
<w form="&X;" lemma="&X;" label="&X;">&X;</w>
<suppliedEnd/>
</l>
<l n="2" id="c4224.B.2" corresp="t4224.p3">
<w form="AN" lemma="AN" label="AN">AN</w>
<w form="X" lemma="X" label="X">X</w>
<supplied/>
<w form="&X;" lemma="&X;" label="&X;">&X;</w>
<suppliedEnd/>
</l>
<l n="3" id="c4224.B.3" corresp="t4224.p3">
<w form="i3-si-in&ki;" lemma="isin2" pos="N" type="SN" label="Isin" det="&ki;">i3-si-in&ki;</w>
<w form="iri" lemma="iri" pos="N" label="town">iri</w>
<w form="X" lemma="X" label="X">X</w>
<supplied/>
<w form="&X;" lemma="&X;" label="&X;">&X;</w>
<suppliedEnd/>
</l>
<l n="4" id="c4224.B.4" corresp="t4224.p3">
<w form="lu2-erim2-ma-ke4" lemma="lu2-erim2" pos="N" label="enemy">lu2-erim2-ma-ke4</w>
<w form="X" lemma="X" label="X">X</w>
<supplied/>
<w form="&X;" lemma="&X;" label="&X;">&X;</w>
<suppliedEnd/>
</l>
<l n="5" id="c4224.B.5" corresp="t4224.p3">
<w form="&d;nin-isin2-na" lemma="nin-isin2-na" pos="N" type="DN" label="Ninisina" det="&d;">&d;nin-<term id="c4224.t3">isin2</term><gloss lang="sux" target="c4224.t3">si</gloss>-na</w>
<w form="AN" lemma="AN" label="AN">AN</w>
<w form="X" lemma="X" label="X">X</w>
<supplied/>
<w form="&X;" lemma="&X;" label="&X;">&X;</w>
<suppliedEnd/>
<w form="AN" lemma="AN" label="AN">AN</w>
<supplied/>
<w form="&X;" lemma="&X;" label="&X;">&X;</w>
<suppliedEnd/>
</l>
<l n="6" id="c4224.B.6" corresp="t4224.p3">
<w form="e2-gal-mah" lemma="e2-gal-mah" pos="N" type="TN" label="Egal-ma&h;">e2-gal-mah</w>
<w form="barag" lemma="barag" pos="N" label="dais">barag</w>
<w form="babbar2" lemma="babbar" pos="AJ" label="white">babbar2</w>
<supplied/>
<w form="&X;" lemma="&X;" label="&X;">&X;</w>
<suppliedEnd/>
<w form="GAN" lemma="GAN" label="GAN">GAN</w>
<supplied/>
<w form="&X;" lemma="&X;" label="&X;">&X;</w>
<suppliedEnd/>
</l>
<l n="7" id="c4224.B.7" corresp="t4224.p3">
<w form="2-na-ne-ne" lemma="2" pos="NU" type="cardinal" label="2">2-na-ne-ne</w>
<w form="X" lemma="X" label="X">X</w>
<supplied/>
<w form="&X;" lemma="&X;" label="&X;">&X;</w>
<suppliedEnd/>
<w form="X" lemma="X" label="X">X</w>
<w form="LA2" lemma="LA2" label="LA&s2;">LA2</w>
<supplied/>
<w form="&X;" lemma="&X;" label="&X;">&X;</w>
<suppliedEnd/>
</l>
<l n="8" id="c4224.B.8" corresp="t4224.p3">
<w form="lugal" lemma="lugal" pos="N" label="king">lugal</w>
<damage/>
<w form="mu" lemma="mu" pos="N" label="name">mu</w>
<damageEnd/>
<w form="pad3" lemma="pad3" pos="V" label="to find">pad3</w>
<supplied/>
<w form="&X;" lemma="&X;" label="&X;">&X;</w>
<suppliedEnd/>
</l>
<l n="9" id="c4224.B.9" corresp="t4224.p3">
<w form="&d;nin-isin2-na" lemma="nin-isin2-na" pos="N" type="DN" label="Ninisina" det="&d;">&d;nin-<term id="c4224.t4"><damage/>isin2<damageEnd/></term><gloss lang="sux" target="c4224.t4"><supplied/>si<suppliedEnd/></gloss>-<supplied/>na<suppliedEnd/></w>
<supplied/>
<w form="&X;" lemma="&X;" label="&X;">&X;</w>
<suppliedEnd/>
</l>
<l n="10" id="c4224.B.10" corresp="t4224.p3">
<w form="cag4-ge" lemma="cag4" pos="N" label="heart">cag4-ge</w>
<damage/>
<w form="guru7" lemma="guru7" pos="V" label="to heap up">guru7</w>
<damageEnd/>
<supplied/>
<w form="&X;" lemma="&X;" label="&X;">&X;</w>
<suppliedEnd/>
<w form="X" lemma="X" label="X">X</w>
<w form="RU" lemma="RU" label="RU">RU</w>
<supplied/>
<w form="&X;" lemma="&X;" label="&X;">&X;</w>
<suppliedEnd/>
<w form="nu-ce-ga" lemma="ce" pos="V" label="to agree">nu-ce-ga</w>
</l>
<l n="11" id="c4224.B.11" corresp="t4224.p3">
<w form="KA" lemma="KA" label="KA">KA</w>
<w form="nu-jar" lemma="jar" pos="V" label="to place">nu-jar</w>
<supplied/>
<w form="&X;" lemma="&X;" label="&X;">&X;</w>
<suppliedEnd/>
<w form="X" lemma="X" label="X">X</w>
<w form="LA" lemma="LA" label="LA">LA</w>
<w form="za-ar" lemma="za" pos="PD" type="personal" label="you (sg.)">za-ar</w>
<w form="hu-&X;-X-te-ce3" lemma="te" pos="V" label="to approach">hu-<supplied/>&X;<suppliedEnd/>-X-te-ce3</w>
</l>
<l n="12" id="c4224.B.12" corresp="t4224.p3">
<w form="i3-si-in&ki;" lemma="isin2" pos="N" type="SN" label="Isin" det="&ki;">i3-si-<damage/>in<damageEnd/><supplied/>&ki;<suppliedEnd/></w>
<w form="X" lemma="X" label="X">X</w>
<w form="nidba" lemma="nidba" pos="N" label="(food) offering">nidba</w>
<w form="kadra-bi" lemma="kadra" pos="N" label="greeting gift">kadra-bi</w>
<supplied/>
<w form="&X;" lemma="&X;" label="&X;">&X;</w>
<suppliedEnd/>
<w form="gal-bi" lemma="gal" pos="V" label="to be big">gal-bi</w>
</l>
<l n="13" id="c4224.B.13" corresp="t4224.p3">
<supplied/>
<w form="&X;" lemma="&X;" label="&X;">&X;</w>
<suppliedEnd/>
<w form="gu2-za" lemma="gu2" pos="N" label="neck">gu2-za</w>
<w form="hu-mu-ra-an-X" lemma="X" label="X">hu-mu-ra-an-X</w>
<supplied/>
<w form="&X;" lemma="&X;" label="&X;">&X;</w>
<suppliedEnd/>
<w form="us2" lemma="us2" pos="V" label="to be adjacent">us2</w>
</l>
<l n="14" id="c4224.B.14" corresp="t4224.p3">
<supplied/>
<w form="&X;" lemma="&X;" label="&X;">&X;</w>
<suppliedEnd/>
<w form="nibru&ki;-ce3" lemma="nibru" pos="N" type="SN" label="Nibru" det="&ki;">nibru&ki;-ce3</w>
<w form="za-e" lemma="za" pos="PD" type="personal" label="you (sg.)">za-e</w>
<w form="kur9-X-X-ni-ib" lemma="kur9" pos="V" label="to enter">kur9-X-X-ni-ib</w>
</l>
<l n="15" id="c4224.B.15" corresp="t4224.p3">
<supplied/>
<w form="&X;" lemma="&X;" label="&X;">&X;</w>
<suppliedEnd/>
<w form="zid-de3-ec" lemma="zid" pos="AJ" label="right">zid-de3-ec</w>
<w form="X" lemma="X" label="X">X</w>
<w form="X" lemma="X" label="X">X</w>
<supplied/>
<w form="&X;-me-en" lemma="&X;" label="&X;">&X;<suppliedEnd/>-me-en</w>
</l>
<l n="16" id="c4224.B.16" corresp="t4224.p3">
<supplied/>
<w form="&X;" lemma="&X;" label="&X;">&X;</w>
<w form="dijir-re-e-ne-ke4" lemma="dijir" pos="N" label="deity">dijir<suppliedEnd/>-re-e-ne-ke4</w>
<supplied/>
<w form="&X;" lemma="&X;" label="&X;">&X;</w>
<suppliedEnd/>
<w form="TE" lemma="TE" label="TE">TE</w>
<w form="A" lemma="A" label="A">A</w>
<w form="MU" lemma="MU" label="MU">MU</w>
</l>
<l n="17" id="c4224.B.17" corresp="t4224.p3">
<supplied/>
<w form="&X;" lemma="&X;" label="&X;">&X;</w>
<suppliedEnd/>
<w form="ki" lemma="ki" pos="N" label="place">ki</w>
<supplied/>
<w form="&X;-a-ba" lemma="&X;" label="&X;">&X;<suppliedEnd/>-a-ba</w>
</l>
<l n="18" id="c4224.B.18" corresp="t4224.p3">
<supplied/>
<w form="&X;" lemma="&X;" label="&X;">&X;</w>
<suppliedEnd/>
<w form="MU" lemma="MU" label="MU">MU</w>
<w form="X" lemma="X" label="X">X</w>
<w form="za-a-am3" lemma="za" pos="PD" type="personal" label="you (sg.)">za-a-am3</w>
</l>
<l n="19" id="c4224.B.19" corresp="t4224.p3">
<supplied/>
<w form="&X;" lemma="&X;" label="&X;">&X;</w>
<suppliedEnd/>
<w form="su-bi" lemma="su" pos="N" label="flesh">su-bi</w>
</l>
<l n="20" id="c4224.B.20" corresp="t4224.p3">
<supplied/>
<w form="&X;" lemma="&X;" label="&X;">&X;</w>
<suppliedEnd/>
<w form="kar2" lemma="kar2" pos="V" label="to blow">kar2</w>
<supplied/>
<w form="&X;-me-en" lemma="&X;" label="&X;">&X;<suppliedEnd/>-me-en</w>
</l>
<l n="21" id="c4224.B.21" corresp="t4224.p3">
<w form="&d;nin-isin2-na" lemma="nin-isin2-na" pos="N" type="DN" label="Ninisina" det="&d;"><supplied/>&d;nin<suppliedEnd/>-<term id="c4224.t5"><supplied/>isin2<suppliedEnd/></term><gloss lang="sux" target="c4224.t5">si</gloss>-na</w>
<w form="dumu" lemma="dumu" pos="N" label="child">dumu</w>
<w form="mah" lemma="mah" pos="V" label="to be majestic">mah</w>
<w form="an-na" lemma="an" pos="N" type="DN" label="An">an-na</w>
<supplied/>
<w form="X" lemma="X" label="X">X</w>
<w form="X" lemma="X" label="X">X</w>
<suppliedEnd/>
</l>
<l n="22" id="c4224.B.22" corresp="t4224.p3">
<w form="za3-mi2-zu" lemma="za3-mi2" pos="N" label="praise">za3-mi2-zu</w>
<w form="dug3-ga-am3" lemma="dug3" pos="V" label="to be good">dug3-ga-am3</w>
</l>
</div1>
</body>
</text>
</TEI.2>
