<TEI.2 id="c.4.08.31">
<teiHeader lang="eng">
<fileDesc>
<titleStmt>
<title>A <foreign lang="sux">balbale</foreign> to Inana (Dumuzid-Inana E1) -- a composite transliteration</title>
<respStmt><name>Jeremy Black</name><resp>Project Director and Editor</resp></respStmt>
<respStmt><name>G&aacute;bor Z&oacute;lyomi</name><resp>Editor</resp></respStmt>
<respStmt><name>Graham Cunningham</name><resp>Editor</resp></respStmt>
<respStmt><name>Eleanor Robson</name><resp>Technical Developer</resp></respStmt>
<respStmt><name>Jarle Ebeling</name><resp>Technical Developer</resp></respStmt>
</titleStmt>
<publicationStmt>
<distributor>The Electronic Text Corpus of Sumerian Literature
</distributor><address><addrLine>The Oriental Institute, University of Oxford, Pusey Lane, Oxford OX1 2LE, UK, email etcsl&commat;orinst.ox.ac.uk, http://etcsl.orinst.ox.ac.uk</addrLine></address>
<date>1999</date>
</publicationStmt>
<seriesStmt><p>The Electronic Text Corpus of Sumerian Literature aims to make accessible over 400 literary works composed in the Sumerian language in ancient Mesopotamia during the late third and early second millennia BC. The works are in Sumerian composite transliteration and English prose translation with bibliographical information on each composition.</p></seriesStmt>
<sourceDesc>
<listBibl type="secondary">
<bibl><xref from="b244">Sefati 1998</xref><biblScope type="page">312-319</biblScope><biblScope type="plate">XL</biblScope><biblScope type="contents">score transliteration, translation, photograph, commentary</biblScope></bibl>
<bibl><xref from="b605">Sefati 1999</xref><biblScope type="contents">composite text, translation</biblScope><note>electronic source</note></bibl>
</listBibl>
<listBibl type="tablets">
<bibl><biblScope type="museumNumber">Ni 4563 (TAD 8/2 pl. 28f.)</biblScope></bibl>
</listBibl>
</sourceDesc>
</fileDesc>
<revisionDesc>
<change><date>06.ii.1999</date><respStmt><name>JAB</name><resp>editor</resp></respStmt>
<item>standardisation</item></change>
<change><date>03.xii.1999</date><respStmt><name>GC</name><resp>editor</resp></respStmt>
<item>proofreading</item></change>
<change><date>04.xii.1999</date><respStmt><name>GC</name><resp>editor</resp></respStmt>
<item>SGML tagging</item></change>
<change><date>18.ii.2000</date><respStmt><name>ER</name><resp>editor</resp></respStmt>
<item>proofreading SGML</item></change>
<change><date>18.ii.2000</date><respStmt><name>ER</name><resp>editor</resp></respStmt>
<item>web publication</item></change>
<change><date>01.vi.2003</date><respStmt><name>GC/JE</name><resp>editor/technical developer</resp></respStmt>
<item>XML/TEI conversion</item></change>
<change><date>30.iii.2005</date><respStmt><name>GC/JE</name><resp>senior editor/technical developer</resp></respStmt>
<item>lemmatised version published</item></change>
</revisionDesc>
</teiHeader>
<text lang="sux">
<body>
<div1 type="segment" n="A">
<gap extent="unknown no. of lines missing"/>
<l n="1" id="c40831.A.1" corresp="t40831.p1">
<w form="X" lemma="X" label="X">X</w>
<supplied/>
<w form="&X;" lemma="&X;" label="&X;">&X;</w>
<suppliedEnd/>
</l>
<l n="2" id="c40831.A.2" corresp="t40831.p1">
<w form="iri" lemma="iri" pos="N" label="town"><unclear cert="qry">iri</unclear></w>
<damage/>
<w form="A" lemma="A" label="A">A</w>
<damageEnd/>
<supplied/>
<w form="&X;" lemma="&X;" label="&X;">&X;</w>
<suppliedEnd/>
</l>
<l n="3" id="c40831.A.3" corresp="t40831.p1">
<w form="UD" lemma="UD" label="UD">UD</w>
<w form="X" lemma="X" label="X">X</w>
<supplied/>
<w form="&X;" lemma="&X;" label="&X;">&X;</w>
<suppliedEnd/>
</l>
<l n="4" id="c40831.A.4" corresp="t40831.p1">
<w form="HA" lemma="HA" label="&H;A">HA</w>
<w form="X" lemma="X" label="X">X</w>
<supplied/>
<w form="&X;" lemma="&X;" label="&X;">&X;</w>
<suppliedEnd/>
</l>
<l n="5" id="c40831.A.5" corresp="t40831.p1">
<w form="X" lemma="X" label="X">X</w>
<w form="X" lemma="X" label="X">X</w>
<supplied/>
<w form="&X;" lemma="&X;" label="&X;">&X;</w>
<suppliedEnd/>
</l>
<l n="6" id="c40831.A.6" corresp="t40831.p1">
<supplied/>
<w form="X" lemma="X" label="X">X</w>
<suppliedEnd/>
<w form="X" lemma="X" label="X">X</w>
<supplied/>
<w form="&X;" lemma="&X;" label="&X;">&X;</w>
<suppliedEnd/>
</l>
<l n="7" id="c40831.A.7" corresp="t40831.p1">
<supplied/>
<w form="&X;" lemma="&X;" label="&X;">&X;</w>
<suppliedEnd/>
<w form="X" lemma="X" label="X">X</w>
<w form="me-tec2" lemma="me-tec2" pos="N" label="praise">me-tec2</w>
<w form="X" lemma="X" label="X">X</w>
<supplied/>
<w form="&X;" lemma="&X;" label="&X;">&X;</w>
<suppliedEnd/>
</l>
<l n="8" id="c40831.A.8" corresp="t40831.p1">
<w form="X" lemma="X" label="X">X</w>
<w form="X" lemma="X" label="X">X</w>
<w form="X" lemma="X" label="X">X</w>
<supplied/>
<w form="&X;" lemma="&X;" label="&X;">&X;</w>
<suppliedEnd/>
<w form="EZEN" lemma="EZEN" label="EZEN">EZEN</w>
<supplied/>
<w form="&X;" lemma="&X;" label="&X;">&X;</w>
<suppliedEnd/>
</l>
<l n="9" id="c40831.A.9" corresp="t40831.p1">
<w form="cul-e" lemma="cul" pos="N" label="young man"><unclear cert="qry">cul</unclear>-<unclear cert="qry">e</unclear></w>
<w form="X" lemma="X" label="X">X</w>
<w form="X" lemma="X" label="X">X</w>
<w form="MU" lemma="MU" label="MU">MU</w>
<w form="U3" lemma="U3" label="U&s3;">U3</w>
<w form="X" lemma="X" label="X">X</w>
<supplied/>
<w form="&X;" lemma="&X;" label="&X;">&X;</w>
<suppliedEnd/>
</l>
<l n="10" id="c40831.A.10" corresp="t40831.p1">
<w form="bur-e" lemma="bur" pos="N" label="type of bowl">bur-e</w>
<w form="bur-ta" lemma="bur" pos="N" label="type of bowl">bur-ta</w>
<supplied/>
<w form="&X;" lemma="&X;" label="&X;">&X;</w>
<suppliedEnd/>
</l>
<l n="11" id="c40831.A.11" corresp="t40831.p1">
<distinct type="emesal">
<w form="ku6-ma-al" lemma="ku3-jal2" pos="N" label="canal inspector" emesal="ku6-ma-al">ku6-ma-al</w>
</distinct>
<w form="id2-ta" lemma="id2" pos="N" label="watercourse"><unclear cert="qry">id2</unclear>-<unclear cert="qry">ta</unclear></w>
<w form="X" lemma="X" label="X">X</w>
<supplied/>
<w form="&X;" lemma="&X;" label="&X;">&X;</w>
<suppliedEnd/>
</l>
<l n="12" id="c40831.A.12" corresp="t40831.p1">
<w form="MUC2" lemma="MUC2" label="MU&C;&s2;">MUC2</w>
<w form="X" lemma="X" label="X">X</w>
<w form="X" lemma="X" label="X">X</w>
<w form="MUC2" lemma="MUC2" label="MU&C;&s2;"><unclear cert="qry">MUC2</unclear></w>
<w form="X" lemma="X" label="X">X</w>
<w form="balaj-ta" lemma="balaj" pos="N" label="type of instrument and composition"><unclear cert="qry">balaj</unclear>-ta</w>
<w form="I" lemma="I" label="I"><unclear cert="qry">I</unclear></w>
<supplied/>
<w form="&X;" lemma="&X;" label="&X;">&X;</w>
<suppliedEnd/>
</l>
<l n="13" id="c40831.A.13" corresp="t40831.p1">
<w form="ud-bi-a" lemma="ud" pos="N" label="day(light)">ud-bi-a</w>
<w form="MUC2" lemma="MUC2" label="MU&C;&s2;">MUC2</w>
<w form="nitah" lemma="nitah" pos="N" label="male"><unclear cert="qry">nitah</unclear></w>
<w form="UD" lemma="UD" label="UD">UD</w>
<w form="NE" lemma="NE" label="NE">NE</w>
<supplied/>
<w form="&X;" lemma="&X;" label="&X;">&X;</w>
<suppliedEnd/>
</l>
<l n="14" id="c40831.A.14" corresp="t40831.p1">
<w form="X" lemma="X" label="X">X</w>
<w form="ki" lemma="ki" pos="N" label="place">ki</w>
<w form="jic" lemma="jic" pos="N" label="tree">jic</w>
<w form="gid2" lemma="gid2" pos="V" label="to be long">gid2</w>
<supplied/>
<w form="&X;" lemma="&X;" label="&X;">&X;</w>
<suppliedEnd/>
</l>
<l n="15" id="c40831.A.15" corresp="t40831.p1">
<w form="saj" lemma="saj" pos="N" label="head">saj</w>
<w form="TI" lemma="TI" label="TI">TI</w>
<w form="X" lemma="X" label="X">X</w>
<w form="MES" lemma="MES" label="MES"><unclear cert="qry">MES</unclear></w>
<w form="la2" lemma="la2" pos="V" label="to hang">la2</w>
<supplied/>
<w form="&X;" lemma="&X;" label="&X;">&X;</w>
<suppliedEnd/>
</l>
<l n="16" id="c40831.A.16" corresp="t40831.p1">
<w form="tur-tur-ra" lemma="tur" pos="V" label="to be small" form-type="RR">tur-tur-<unclear cert="qry">ra</unclear></w>
<w form="SA" lemma="SA" label="SA"><unclear cert="qry">SA</unclear></w>
<w form="A2" lemma="A2" label="A&s2;"><unclear cert="qry">A2</unclear></w>
<w form="E" lemma="E" label="E">E</w>
<w form="X" lemma="X" label="X">X</w>
<supplied/>
<w form="&X;" lemma="&X;" label="&X;">&X;</w>
<suppliedEnd/>
</l>
<l n="17" id="c40831.A.17" corresp="t40831.p2">
<w form="ki-sikil" lemma="ki-sikil" pos="N" label="young woman">ki-sikil</w>
<w form="tur-ra" lemma="tur" pos="V" label="to be small">tur-ra</w>
<w form="suh" lemma="suh10" pos="N" label="crown">suh</w>
<damage/>
<w form="mu-&X;" lemma="&X;" label="&X;">mu<damageEnd/>-<supplied/>&X;</w>
<suppliedEnd/>
</l>
<l n="18" id="c40831.A.18" corresp="t40831.p2">
<w form="juruc" lemma="juruc" pos="N" label="young man">juruc</w>
<w form="tur-ra" lemma="tur" pos="V" label="to be small">tur-ra</w>
<w form="&tug2;nij2-la2" lemma="nij2-la2" pos="N" label="binding" det="&tug2;">&tug2;nij2-la2</w>
<w form="mu-&X;" lemma="&X;" label="&X;">mu-<supplied/>&X;</w>
<suppliedEnd/>
</l>
<l n="19" id="c40831.A.19" corresp="t40831.p2">
<w form="ki" lemma="ki" pos="N" label="place"><unclear cert="qry">ki</unclear></w>
<w form="ezem-ma-ce3" lemma="ezen" pos="N" label="festival"><unclear cert="qry">ezem</unclear>-ma-ce3</w>
<w form="ma-la-ju10-u3" lemma="ma-la" pos="N" label="girlfriend">ma-la-ju10-u3</w>
<damage/>
<w form="he2-&X;" lemma="&X;" label="&X;"><unclear cert="qry">he2</unclear><damageEnd/>-<supplied/>&X;</w>
<suppliedEnd/>
</l>
<l n="20" id="c40831.A.20" corresp="t40831.p2">
<w form="ur-ra" lemma="ur" pos="N" label="dog">ur-ra</w>
<w form="mu-un-u5" lemma="u5" pos="V" label="to ride">mu-un-u5</w>
<w form="ur-ra" lemma="ur" pos="N" label="dog">ur-ra</w>
<damage/>
<w form="mu-&X;" lemma="&X;" label="&X;">mu<damageEnd/>-<supplied/>&X;</w>
<suppliedEnd/>
</l>
<l n="21" id="c40831.A.21" corresp="t40831.p2">
<supplied/>
<w form="X" lemma="X" label="X">X</w>
<suppliedEnd/>
<w form="X" lemma="X" label="X">X</w>
<w form="X" lemma="X" label="X">X</w>
<w form="ur-mah-a" lemma="ur-mah" pos="N" label="lion">ur-mah-a</w>
<damage/>
<w form="mu-&X;" lemma="&X;" label="&X;">mu<damageEnd/>-<supplied/>&X;</w>
<suppliedEnd/>
</l>
<l n="22" id="c40831.A.22" corresp="t40831.p2">
<supplied/>
<w form="&X;" lemma="&X;" label="&X;">&X;</w>
<suppliedEnd/>
<w form="X" lemma="X" label="X">X</w>
<w form="ur" lemma="ur" pos="N" label="dog">ur</w>
<w form="gal-la" lemma="gal" pos="V" label="to be big">gal-la</w>
<supplied/>
<w form="&X;" lemma="&X;" label="&X;">&X;</w>
<suppliedEnd/>
</l>
<gap extent="unknown no. of lines missing"/>
</div1>
<div1 type="segment" n="B">
<l n="1" id="c40831.B.1" corresp="t40831.p3">
<supplied/>
<w form="&X;" lemma="&X;" label="&X;">&X;</w>
<suppliedEnd/>
<w form="X" lemma="X" label="X">X</w>
<w form="X" lemma="X" label="X">X</w>
<w form="X" lemma="X" label="X">X</w>
<supplied/>
<w form="&X;" lemma="&X;" label="&X;">&X;</w>
<suppliedEnd/>
</l>
<l n="2" id="c40831.B.2" corresp="t40831.p3">
<supplied/>
<w form="X" lemma="X" label="X">X</w>
<w form="X" lemma="X" label="X">X</w>
<suppliedEnd/>
<damage/>
<w form="mu-un-de5-de5" lemma="de5" pos="V" label="to collect" form-type="RR"><unclear cert="qry">mu</unclear>-<unclear cert="qry">un</unclear><damageEnd/>-de5-de5</w>
<w form="jectug2-ga" lemma="jectug2" pos="N" label="ear">jectug2-<damage/><unclear cert="qry">ga</unclear></w>
<damageEnd/>
<supplied/>
<w form="&X;" lemma="&X;" label="&X;">&X;</w>
<suppliedEnd/>
</l>
<l n="3" id="c40831.B.3" corresp="t40831.p3">
<w form="im-da-du7-ru" lemma="du7" pos="V" label="to be perfect">im-da-du7-ru</w>
<w form="im-da-du7-ru" lemma="du7" pos="V" label="to be perfect">im-da-du7-ru</w>
<w form="X" lemma="X" label="X">X</w>
<w form="X" lemma="X" label="X">X</w>
<w form="i-&X;" lemma="&X;" pos="V" label="&X;">i-<supplied/>&X;</w>
<suppliedEnd/>
</l>
<l n="4" id="c40831.B.4" corresp="t40831.p3">
<w form="cem-bi-zid-da" lemma="cembi2-zid" pos="N" label="kohl">cem-bi-zid-da</w>
<w form="im-da-du7-ru" lemma="du7" pos="V" label="to be perfect">im-da-<damage/>du7<damageEnd/>-<supplied/>ru</w>
<suppliedEnd/>
</l>
<l n="5" id="c40831.B.5" corresp="t40831.p3">
<w form="mu-un-dub-dub-be2" lemma="dub" pos="V" label="to heap up" form-type="RR">mu-un-dub-dub-be2</w>
<w form="mu-un-bur2-bur2-re" lemma="bur2" pos="V" label="to release" form-type="RR">mu-un-bur2-<damage/>bur2<damageEnd/>-<supplied/>re</w>
<suppliedEnd/>
</l>
<l n="6" id="c40831.B.6" corresp="t40831.p3">
<w form="a" lemma="a" pos="N" label="water">a</w>
<w form="im-ma-tu5" lemma="tu5" pos="V" label="to wash">im-ma-tu5</w>
<w form="naja" lemma="naja" pos="N" label="potash">naja</w>
<w form="im-ma-su-ub" lemma="su-ub" pos="V" label="to rub">im-ma-<supplied/>su-ub</w>
<suppliedEnd/>
</l>
<l n="7" id="c40831.B.7" corresp="t40831.p3">
<distinct type="emesal">
<w form="na-ma" lemma="naja" pos="N" label="potash" emesal="na-ma">na-ma</w>
</distinct>
<w form="bur" lemma="bur" pos="N" label="type of bowl">bur</w>
<w form="babbar-ra" lemma="babbar" pos="AJ" label="white">babbar-ra</w>
<w form="im-ma-su-ub" lemma="su-ub" pos="V" label="to rub">im-ma-<supplied/>su-ub</w>
<suppliedEnd/>
</l>
<l n="8" id="c40831.B.8" corresp="t40831.p3">
<w form="a" lemma="a" pos="N" label="water">a</w>
<w form="&urud;cen-dilim2" lemma="cen-dilim2" pos="N" label="type of cauldron" det="&urud;">&urud;cen-dilim2</w>
<w form="kug-ga" lemma="kug" pos="AJ" label="shining">kug-ga</w>
<w form="im-ma-tu5" lemma="tu5" pos="V" label="to wash">im-ma-<supplied/>tu5</w>
<suppliedEnd/>
</l>
<l n="9" id="c40831.B.9" corresp="t40831.p3">
<distinct type="emesal">
<w form="u5" lemma="i3" pos="N" label="fatty substance" emesal="u5">u5</w>
<w form="ze2-ba" lemma="dug3" pos="V" label="to be good" emesal="ze2-eb">ze2-ba</w>
</distinct>
<w form="&na4;bur-ra" lemma="bur" pos="N" label="type of bowl" bound="L,ak" det="&na4;">&na4;bur-ra</w>
<damage/>
<w form="im-ma-cec4" lemma="cec2" pos="V" label="to anoint">im<damageEnd/>-ma-<supplied/>cec4</w>
<suppliedEnd/>
</l>
<l n="10" id="c40831.B.10" corresp="t40831.p3">
<w form="tug2" lemma="tug2" pos="N" label="garment">tug2</w>
<w form="dan3-na-ni" lemma="dan3" pos="V" label="to be clean">dan3-na-ni</w>
<w form="im-ma-mur10" lemma="mur10" pos="V" label="to dress">im-ma-<supplied/>mur10</w>
<suppliedEnd/>
</l>
<l n="11" id="c40831.B.11" corresp="t40831.p3">
<w form="mu-un-bur2-bur2-re" lemma="bur2" pos="V" label="to release" form-type="RR">mu-un-bur2-bur2-re</w>
<w form="mu-un-dub-dub-be2" lemma="dub" pos="V" label="to heap up" form-type="RR">mu-un-<damage/>dub<damageEnd/>-<supplied/>dub-be2</w>
<suppliedEnd/>
</l>
<l n="12" id="c40831.B.12" corresp="t40831.p3">
<distinct type="emesal">
<w form="i-bi2-ni" lemma="igi" pos="N" label="eye" emesal="i-bi2">i-bi2-ni</w>
</distinct>
<w form="cem-bi-zid-da" lemma="cembi2-zid" pos="N" label="kohl">cem-bi-zid-da</w>
<distinct type="emesal">
<supplied/>
<w form="&X;-mar" lemma="jar" pos="V" label="to place" emesal="mar">&X;-mar</w>
<suppliedEnd/>
</distinct>
</l>
<l n="13" id="c40831.B.13" corresp="t40831.p3">
<w form="&na4;za-gin3" lemma="za-gin3" pos="N" label="lapis lazuli" det="&na4;">&na4;za-gin3</w>
<w form="gu2-ni-a" lemma="gu2" pos="N" label="neck">gu2-<corr sic="si">ni</corr>-a</w>
<w form="im-ma-sig9" lemma="sig9" pos="V" label="to put">im-ma-<supplied/>sig9</w>
<suppliedEnd/>
</l>
<l n="14" id="c40831.B.14" corresp="t40831.p3">
<w form="murub2-bi" lemma="murub4" pos="N" label="middle">murub2-bi</w>
<w form="gu2" lemma="gu2" pos="N" label="neck">gu2</w>
<w form="sa-na" lemma="sa" pos="N" label="sinew">sa-na</w>
<phr type="VP" lemma="si sa2" label="to make straight">
<w form="si" lemma="si" pos="N" label="horn">si</w>
<w form="bi2-sa2" lemma="sa2" pos="V" label="to equal">bi2-<supplied/>sa2</w>
</phr>
<suppliedEnd/>
</l>
<l n="15" id="c40831.B.15" corresp="t40831.p3">
<w form="&na4;kicib" lemma="kicib" pos="N" label="cylinder seal" det="&na4;">&na4;kicib</w>
<w form="gu2-bar-ra-na" lemma="gu2-bar" pos="N" label="neck (hair)">gu2-bar-ra-na</w>
<w form="im-mi-&X;" lemma="&X;" label="&X;">im-mi-<supplied/>&X;</w>
<suppliedEnd/>
</l>
<l n="16" id="c40831.B.16" corresp="t40831.p3">
<w form="&tug2;pala3" lemma="pala3" pos="N" label="type of garment" det="&tug2;">&tug2;pala3</w>
<distinct type="emesal">
<w form="na-aj2-ga-ca-an-na-ka" lemma="nam-nin" pos="N" label="ladyship" emesal="na-aj2-ga-ca-an">na-aj2-ga-ca-an-na-ka</w>
</distinct>
<w form="bar-ra" lemma="bar" pos="N" label="outside">bar-<damage/>ra</w>
<damageEnd/>
<supplied/>
<w form="&X;-dul" lemma="dul" pos="V" label="to cover (together)">&X;-dul</w>
<suppliedEnd/>
</l>
<l n="17" id="c40831.B.17" corresp="t40831.p4">
<w form="&d;dur7-tur" lemma="dur7-tur" pos="N" type="DN" label="Durtur" det="&d;">&d;dur7-tur</w>
<w form="e2" lemma="e2" pos="N" label="house(hold)">e2</w>
<w form="ma-la-ga" lemma="ma-la" pos="N" label="girlfriend">ma-la-<unclear cert="qry">ga</unclear></w>
<supplied/>
<w form="&X;" lemma="&X;" label="&X;">&X;</w>
<suppliedEnd/>
</l>
<l n="18" id="c40831.B.18" corresp="t40831.p4">
<w form="&d;dur7-tur" lemma="dur7-tur" pos="N" type="DN" label="Durtur" det="&d;">&d;dur7-tur</w>
<w form="il2-la" lemma="il2" pos="V" label="to raise">il2-la</w>
<w form="du-a" lemma="jen" pos="V" label="to go" form-type="isg">du-a</w>
<w form="KU" lemma="KU" label="KU">KU</w>
<w form="BI" lemma="BI" label="BI"><unclear cert="qry">BI</unclear></w>
<w form="X" lemma="X" label="X">X</w>
<supplied/>
<w form="&X;" lemma="&X;" label="&X;">&X;</w>
<suppliedEnd/>
</l>
<l n="19" id="c40831.B.19" corresp="t40831.p4">
<w form="&d;dur7-tur" lemma="dur7-tur" pos="N" type="DN" label="Durtur" det="&d;">&d;dur7-tur</w>
<w form="du5-la2-ta" lemma="dul2" pos="V" label="to lower">du5-la2-ta</w>
<damage/>
<w form="du7-du7" lemma="du7-du7" pos="V" label="to circle around" form-type="RR">du7<damageEnd/>-<supplied/>du7</w>
<w form="&X;" lemma="&X;" label="&X;">&X;</w>
<suppliedEnd/>
</l>
<l n="20" id="c40831.B.20" corresp="t40831.p4">
<w form="&d;dur7-tur" lemma="dur7-tur" pos="N" type="DN" label="Durtur" det="&d;">&d;dur7-tur</w>
<w form="ma-la-ga" lemma="ma-la" pos="N" label="girlfriend">ma-la-ga</w>
<supplied/>
<w form="&X;" lemma="&X;" label="&X;">&X;</w>
<suppliedEnd/>
</l>
<l n="21" id="c40831.B.21" corresp="t40831.p4">
<damage/>
<w form="&d;dur7-tur" lemma="dur7-tur" pos="N" type="DN" label="Durtur" det="&d;">&d;dur7-<unclear cert="qry">tur</unclear></w>
<damageEnd/>
<w form="X" lemma="X" label="X">X</w>
<supplied/>
<w form="X" lemma="X" label="X">X</w>
<suppliedEnd/>
<w form="X" lemma="X" label="X">X</w>
<supplied/>
<w form="&X;" lemma="&X;" label="&X;">&X;</w>
<suppliedEnd/>
</l>
<gap extent="unknown no. of lines missing"/>
</div1>
<div1 type="segment" n="C">
<l n="1" id="c40831.C.1" corresp="t40831.p5">
<supplied/>
<w form="&X;" lemma="&X;" label="&X;">&X;</w>
<suppliedEnd/>
<w form="X" lemma="X" label="X">X</w>
<w form="HA" lemma="HA" label="&H;A">HA</w>
<w form="E" lemma="E" label="E">E</w>
<w form="X" lemma="X" label="X">X</w>
<w form="AN" lemma="AN" label="AN">AN</w>
<w form="X" lemma="X" label="X">X</w>
<w form="X" lemma="X" label="X">X</w>
</l>
<l n="2" id="c40831.C.2" corresp="t40831.p5">
<supplied/>
<w form="&X;" lemma="&X;" label="&X;">&X;</w>
<suppliedEnd/>
<w form="X" lemma="X" label="X">X</w>
<w form="X" lemma="X" label="X">X</w>
<w form="X" lemma="X" label="X">X</w>
<w form="X" lemma="X" label="X">X</w>
<w form="na-an-na" lemma="me" pos="V" label="to be">na-an-na</w>
</l>
<l n="3" id="c40831.C.3" corresp="t40831.p5">
<supplied/>
<w form="&X;" lemma="&X;" label="&X;">&X;</w>
<suppliedEnd/>
<distinct type="emesal">
<w form="&d;u3-mu-un-ban3-da" lemma="lugal-ban3-da" pos="N" type="DN" label="Lugalbanda" emesal="u3-mu-un-ban3-da" det="&d;">&d;u3-mu-un-ban3-da</w>
</distinct>
</l>
<l n="4" id="c40831.C.4" corresp="t40831.p5">
<supplied/>
<w form="&X;" lemma="&X;" label="&X;">&X;</w>
<suppliedEnd/>
<distinct type="emesal">
<w form="&d;ga-ca-an-sumun2-na" lemma="nin-sumun2" pos="N" type="DN" label="Ninsumun" emesal="ga-ca-an-sumun2" det="&d;"><supplied/>&d;ga<suppliedEnd/>-<damage/>ca<damageEnd/>-an-<unclear cert="qry">sumun2</unclear>-na</w>
</distinct>
</l>
<l n="5" id="c40831.C.5" corresp="t40831.p5">
<w form="&d;dur7-tur" lemma="dur7-tur" pos="N" type="DN" label="Durtur" det="&d;">&d;dur7-tur</w>
<w form="X" lemma="X" label="X">X</w>
<w form="X" lemma="X" label="X">X</w>
<w form="CE3-bi-ta" lemma="CE3" label="&C;E&s3;">CE3-bi-ta</w>
<w form="cembi2-zid" lemma="cembi2-zid" pos="N" label="kohl">cembi2-zid</w>
<distinct type="emesal">
<w form="i-bi2-na" lemma="igi" pos="N" label="eye" emesal="i-bi2">i-bi2-<supplied/>na</w>
<suppliedEnd/>
</distinct>
<supplied/>
<w form="&X;" lemma="&X;" label="&X;">&X;</w>
<suppliedEnd/>
</l>
<l n="6" id="c40831.C.6" corresp="t40831.p5">
<w form="X" lemma="X" label="X">X</w>
<w form="X" lemma="X" label="X">X</w>
<w form="di-de3" lemma="dug4" pos="V" label="to say" form-type="nfi">di-de3</w>
<w form="X" lemma="X" label="X">X</w>
<w form="X" lemma="X" label="X">X</w>
<w form="in-na-an-cum2-ma" lemma="cum2" pos="V" label="to give">in-<unclear cert="qry">na</unclear>-an-cum2-ma</w>
<w form="X" lemma="X" label="X">X</w>
<supplied/>
<w form="&X;" lemma="&X;" label="&X;">&X;</w>
<suppliedEnd/>
</l>
<l n="7" id="c40831.C.7" corresp="t40831.p5">
<w form="X" lemma="X" label="X">X</w>
<w form="ALAM" lemma="ALAM" label="ALAM"><unclear cert="qry">ALAM</unclear></w>
<w form="jic" lemma="jic" pos="N" label="tree">jic</w>
<w form="ki" lemma="ki" pos="N" label="place">ki</w>
<supplied/>
<w form="&X;" lemma="&X;" label="&X;">&X;</w>
<suppliedEnd/>
&hr;
</l>
<trailer place="subscript" type="balbale">
<l n="8" id="c40831.C.8" corresp="t40831.p6">
<w form="bal-bal-e" lemma="bal-bal-e" pos="N" label="type of composition" form-type="RR">bal-bal-e</w>
<w form="&d;inana-kam" lemma="inana" pos="N" type="DN" label="Inana" det="&d;">&d;<damage/>inana<damageEnd/>-<supplied/>kam<suppliedEnd/></w>
</l>
</trailer>
</div1>
</body>
</text>
</TEI.2>
