<TEI.2 id="c.4.19.4">
<teiHeader lang="eng">
<fileDesc>
<titleStmt>
<title>A <foreign lang="sux">balbale</foreign> (?) to Nin&g;i&c;zida (Nin&g;i&c;zida D) -- a composite transliteration</title>
<respStmt><name>Jeremy Black</name><resp>Project Director and Editor</resp></respStmt>
<respStmt><name>G&aacute;bor Z&oacute;lyomi</name><resp>Editor</resp></respStmt>
<respStmt><name>Graham Cunningham</name><resp>Editor</resp></respStmt>
<respStmt><name>Eleanor Robson</name><resp>Technical Developer</resp></respStmt>
<respStmt><name>Jarle Ebeling</name><resp>Technical Developer</resp></respStmt>
</titleStmt>
<publicationStmt>
<distributor>The Electronic Text Corpus of Sumerian Literature
</distributor><address><addrLine>The Oriental Institute, University of Oxford, Pusey Lane, Oxford OX1 2LE, UK, email etcsl&commat;orinst.ox.ac.uk, http://etcsl.orinst.ox.ac.uk</addrLine></address>
<date>1999</date>
</publicationStmt>
<seriesStmt><p>The Electronic Text Corpus of Sumerian Literature aims to make accessible over 400 literary works composed in the Sumerian language in ancient Mesopotamia during the late third and early second millennia BC. The works are in Sumerian composite transliteration and English prose translation with bibliographical information on each composition.</p></seriesStmt>
<sourceDesc>
<listBibl type="secondary">
<bibl><xref from="b563">Sj&ouml;berg 1975a</xref><biblScope type="page">309-310, 322</biblScope><biblScope type="contents">photograph, commentary, translation, score transliteration</biblScope></bibl>
</listBibl>
<listBibl type="tablets">
<bibl><biblScope type="museumNumber">CBS 10222 r. 8ff. (photo StOr 46 322)</biblScope></bibl>
</listBibl>
</sourceDesc>
</fileDesc>
<revisionDesc>
<change><date>28.vii.1999</date><respStmt><name>JAB</name><resp>editor</resp></respStmt>
<item>standardisation</item></change>
<change><date>02.xii.1999</date><respStmt><name>GZ</name><resp>editor</resp></respStmt>
<item>proofreading</item></change>
<change><date>03.xii.1999</date><respStmt><name>GC</name><resp>editor</resp></respStmt>
<item>SGML tagging</item></change>
<change><date>11.ii.2000</date><respStmt><name>ER</name><resp>editor</resp></respStmt>
<item>proofreading SGML</item></change>
<change><date>11.ii.2000</date><respStmt><name>ER</name><resp>editor</resp></respStmt>
<item>web publication</item></change>
<change><date>01.vi.2003</date><respStmt><name>GC/JE</name><resp>editor/technical developer</resp></respStmt>
<item>XML/TEI conversion</item></change>
<change><date>30.iii.2005</date><respStmt><name>GC/JE</name><resp>senior editor/technical developer</resp></respStmt>
<item>lemmatised version published</item></change>
</revisionDesc>
</teiHeader>
<text lang="sux">
<body>
<l n="1" id="c4194.1" corresp="t4194.p1">
<supplied/>
<w form="X" lemma="X" label="X">X</w>
<w form="X" lemma="X" label="X">X</w>
<suppliedEnd/>
<w form="il2" lemma="il2" pos="V" label="to raise">il2</w>
<w form="nir-jal2" lemma="nir-jal2" pos="AJ" label="authoritative">nir-jal2</w>
<w form="an" lemma="an" pos="N" type="DN" label="An">an</w>
<w form="kug-ga" lemma="kug" pos="AJ" label="shining">kug-ga</w>
<w form="barag" lemma="barag" pos="N" label="dais">barag</w>
<w form="mah-a" lemma="mah" pos="V" label="to be majestic">mah-a</w>
<w form="IM" lemma="IM" label="IM">IM</w>
<damage/>
<w form="il2" lemma="il2" pos="V" label="to raise">il2</w>
<damageEnd/>
<supplied/>
<w form="X" lemma="X" label="X">X</w>
<suppliedEnd/>
<w form="X" lemma="X" label="X">X</w>
</l>
<l n="2" id="c4194.2" corresp="t4194.p1">
<w form="X" lemma="X" label="X">X</w>
<supplied/>
<w form="X" lemma="X" label="X">X</w>
<suppliedEnd/>
<w form="X" lemma="X" label="X">X</w>
<w form="jal2-la" lemma="jal2" pos="V" label="to be (located)">jal2-la</w>
<w form="en" lemma="en" pos="N" label="lord">en</w>
<w form="&d;nin-jic-zid-da-ke4" lemma="nin-jic-zid-da" pos="N" type="DN" label="Nin&g;i&c;zida" det="&d;">&d;nin-jic-zid-da-ke4</w>
<w form="en" lemma="en" pos="N" label="lord">en</w>
<w form="X" lemma="X" label="X">X</w>
<supplied/>
<w form="&X;" lemma="&X;" label="&X;">&X;</w>
<suppliedEnd/>
</l>
<l n="3" id="c4194.3" corresp="t4194.p1">
<w form="KA" lemma="KA" label="KA">KA</w>
<supplied/>
<w form="X" lemma="X" label="X">X</w>
<suppliedEnd/>
<w form="X" lemma="X" label="X">X</w>
<w form="&d;a-nun-ke4-ne" lemma="a-nun-na" pos="N" type="DN" label="Anuna" det="&d;">&d;a-nun-ke4-ne</w>
<w form="dijir" lemma="dijir" pos="N" label="deity">dijir</w>
<w form="ki-a" lemma="ki" pos="N" label="place">ki-a</w>
<supplied/>
<w form="&X;" lemma="&X;" label="&X;">&X;</w>
<suppliedEnd/>
</l>
<l n="4" id="c4194.4" corresp="t4194.p1">
<w form="&d;nin-jic-zid-da" lemma="nin-jic-zid-da" pos="N" type="DN" label="Nin&g;i&c;zida" det="&d;">&d;nin-jic-zid-da</w>
<w form="&d;a-nun-ke4-ne" lemma="a-nun-na" pos="N" type="DN" label="Anuna" det="&d;">&d;a-nun-ke4-ne</w>
<w form="dijir" lemma="dijir" pos="N" label="deity">dijir</w>
<damage/>
<w form="ki-a" lemma="ki" pos="N" label="place">ki<damageEnd/>-<supplied/>a</w>
<w form="&X;" lemma="&X;" label="&X;">&X;</w>
<suppliedEnd/>
</l>
<l n="5" id="c4194.5" corresp="t4194.p1">
<w form="dumu" lemma="dumu" pos="N" label="child">dumu</w>
<w form="nun" lemma="nun" pos="N" label="prince">nun</w>
<w form="an-ne2" lemma="an" pos="N" type="DN" label="An">an-ne2</w>
<w form="a2" lemma="a2" pos="N" label="arm">a2</w>
<w form="ma-ra-an-cum2" lemma="cum2" pos="V" label="to give">ma-ra-an-cum2</w>
<w form="X" lemma="X" label="X">X</w>
<supplied/>
<w form="&X;" lemma="&X;" label="&X;">&X;</w>
<suppliedEnd/>
</l>
<l n="6" id="c4194.6" corresp="t4194.p1">
<w form="&d;nin-jic-zid-da" lemma="nin-jic-zid-da" pos="N" type="DN" label="Nin&g;i&c;zida" det="&d;">&d;nin-jic-zid-da</w>
<w form="a2" lemma="a2" pos="N" label="arm">a2</w>
<w form="an-ne2" lemma="an" pos="N" type="DN" label="An">an-ne2</w>
<w form="ma-ra-an-cum2" lemma="cum2" pos="V" label="to give">ma-ra-<supplied/>an-cum2</w>
<w form="&X;" lemma="&X;" label="&X;">&X;</w>
<suppliedEnd/>
</l>
<l n="7" id="c4194.7" corresp="t4194.p1">
<supplied/>
<w form="&X;" lemma="&X;" label="&X;">&X;</w>
<suppliedEnd/>
<w form="&d;a-nun-ke4-ne" lemma="a-nun-na" pos="N" type="DN" label="Anuna" det="&d;"><supplied/>&d;a<suppliedEnd/>-nun-ke4-ne</w>
<supplied/>
<w form="&X;" lemma="&X;" label="&X;">&X;</w>
<suppliedEnd/>
</l>
<gap extent="unknown no. of lines missing"/>
</body>
</text>
</TEI.2>
