<TEI.2 id="c.5.2.4">
<teiHeader lang="eng">
<fileDesc>
<titleStmt>
<title>A man and his god -- a composite transliteration</title>
<respStmt><name>Jeremy Black</name><resp>Project Director and Editor</resp></respStmt>
<respStmt><name>G&aacute;bor Z&oacute;lyomi</name><resp>Editor</resp></respStmt>
<respStmt><name>Graham Cunningham</name><resp>Editor</resp></respStmt>
<respStmt><name>Eleanor Robson</name><resp>Technical Developer</resp></respStmt>
<respStmt><name>Jarle Ebeling</name><resp>Technical Developer</resp></respStmt>
</titleStmt>
<publicationStmt>
<distributor>The Electronic Text Corpus of Sumerian Literature
</distributor><address><addrLine>The Oriental Institute, University of Oxford, Pusey Lane, Oxford OX1 2LE, UK, email etcsl&commat;orinst.ox.ac.uk, http://etcsl.orinst.ox.ac.uk</addrLine></address>
<date>1999</date>
</publicationStmt>
<seriesStmt><p>The Electronic Text Corpus of Sumerian Literature aims to make accessible over 400 literary works composed in the Sumerian language in ancient Mesopotamia during the late third and early second millennia BC. The works are in Sumerian composite transliteration and English prose translation with bibliographical information on each composition.</p></seriesStmt>
<sourceDesc>
<listBibl type="secondary">
<bibl><xref from="b95">Klein 1997c</xref><biblScope type="contents">commentary, translation</biblScope><note>partial translation: ll. 28-30, 33-40, 46-47, 69-80, 98-132</note></bibl>
<bibl><xref from="b96">Kramer 1955</xref><biblScope type="page">170-182</biblScope><biblScope type="plate">i-iv</biblScope><biblScope type="contents">commentary, composite text, translation</biblScope><note>partial edition</note></bibl>
<bibl><xref from="b52">Jacobsen 1976</xref><biblScope type="page">152-153</biblScope><biblScope type="contents">translation, commentary</biblScope><note>partial translation</note></bibl>
<bibl><xref from="b97">Klein 1982</xref><biblScope type="page">297-302</biblScope><biblScope type="contents">commentary</biblScope></bibl>
<bibl><xref from="b99">Mattingly 1990</xref><biblScope type="page">305-348</biblScope><biblScope type="contents">commentary</biblScope></bibl>
<bibl><xref from="b98">Hallo 1968</xref><biblScope type="contents">commentary</biblScope></bibl>
<bibl><xref from="b235">Gordon 1960</xref><biblScope type="page">149-150</biblScope><biblScope type="plate">2</biblScope><biblScope type="contents">translation, composite text, photograph</biblScope><note>partial edition</note></bibl>
<bibl><xref from="b123">R&ouml;mer 1990a</xref><biblScope type="page">102-109</biblScope><biblScope type="contents">translation</biblScope><note>partial translation</note></bibl>
<bibl><xref from="b236">van Dijk 1953</xref><biblScope type="page">122-127</biblScope><biblScope type="contents">translation, composite text</biblScope><note>partial edition</note></bibl>
<bibl><xref from="b237">Kramer 1963a</xref><biblScope type="page">127-129</biblScope><biblScope type="contents">translation, commentary</biblScope><note>partial translation</note></bibl>
<bibl><xref from="b238">Weinfeld 1988</xref><biblScope type="page">217-226</biblScope><biblScope type="contents">commentary</biblScope></bibl>
<bibl><xref from="b261">Kramer 1969c</xref><biblScope type="page">589-591</biblScope><biblScope type="contents">translation</biblScope><note>partial translation</note></bibl>
<bibl><xref from="b309">Krecher 1996b</xref><biblScope type="contents">composite text, translation</biblScope><note>electronic source</note></bibl>
</listBibl>
<listBibl type="tablets">
<bibl><biblScope type="museumNumber">(STVC 1)</biblScope><biblScope type="provenance">Nippur</biblScope></bibl>
<bibl><biblScope type="museumNumber">(STVC 2) + Ni 4137 (ISET 2 90)</biblScope><biblScope type="provenance">Nippur</biblScope></bibl>
<bibl><biblScope type="museumNumber">Ni 45787 (ISET 2 90) + CBS 15205 (Kramer, FTS 132, pl 48)</biblScope><biblScope type="provenance">Nippur</biblScope></bibl>
<bibl><biblScope type="museumNumber">UM 29-16-726 (BiOr 17 pl. II, after p. 120)</biblScope><biblScope type="provenance">Nippur</biblScope></bibl>
<bibl><biblScope type="museumNumber">CBS 15154 + UM 29-13-991 (Gerardi, Bibl. 188)</biblScope></bibl>
<bibl><biblScope type="museumNumber">UM 29-13-376 (Gerardi, Bibl. 201)</biblScope></bibl>
<bibl><biblScope type="museumNumber">UM 29-15-643 (Gerardi, Bibl. 209)</biblScope></bibl>
<bibl><biblScope type="museumNumber">N 2467 (Gerardi, Bibl. 245)</biblScope></bibl>
<bibl><biblScope type="museumNumber">N 3151 (Gerardi, Bibl. 248)</biblScope></bibl>
</listBibl>
</sourceDesc>
</fileDesc><revisionDesc>
<change><date>28.viii.1998-09.x.1998</date><respStmt><name>GC</name><resp>editor</resp></respStmt>
<item>standardisation</item></change>
<change><date>09.iv.1999</date><respStmt><name>JAB</name><resp>editor</resp></respStmt>
<item>proofreading</item></change>
<change><date>08.vi.1999</date><respStmt><name>GZ</name><resp>editor</resp></respStmt>
<item>SGML tagging</item></change>
<change><date>11.vi.1999</date><respStmt><name>ER</name><resp>editor</resp></respStmt>
<item>proofreading SGML</item></change>
<change><date>11.vi.1999</date><respStmt><name>ER</name><resp>editor</resp></respStmt>
<item>web publication</item></change>
<change><date>01.vi.2003</date><respStmt><name>GC/JE</name><resp>editor/technical developer</resp></respStmt>
<item>XML/TEI conversion</item></change>
<change><date>30.iii.2005</date><respStmt><name>GC/JE</name><resp>senior editor/technical developer</resp></respStmt>
<item>lemmatised version published</item></change>
</revisionDesc>
</teiHeader><text lang="sux">
<body>
<lg n="A" type="jicgijal">
<l n="1" id="c524.A.1" corresp="t524.p1">
<w form="lu2-ulu3" lemma="lu2-ulu3" pos="N" label="person">lu2-ulu3</w>
<w form="nam-mah" lemma="nam-mah" pos="N" label="majesty">nam-mah</w>
<w form="dijir-ra-na" lemma="dijir" pos="N" label="deity">dijir-ra-na</w>
<w form="zid-de3-ec-ce3" lemma="zid" pos="AJ" label="right">zid-de3-ec-ce3</w>
<w form="he2-em-me" lemma="dug4" pos="V" label="to say" form-type="ppli">he2-em-me</w>
<note lang="eng">Cited in <xref doc="c.0.2.02" from="c0202.45">OB catalogue in the Louvre, 0.2.02, line 45</xref></note>
</l>
<l n="2" id="c524.A.2" corresp="t524.p1">
<w form="juruc-e" lemma="juruc" pos="N" label="young man">juruc-e</w>
<w form="inim" lemma="inim" pos="N" label="word">inim</w>
<w form="dijir-ra-na" lemma="dijir" pos="N" label="deity">dijir-ra-na</w>
<w form="kug-ge-ec" lemma="kug" pos="AJ" label="shining">kug-ge-ec</w>
<w form="he2-em-i-i" lemma="i" pos="V" label="to bring out" form-type="RR">he2-em-i-i</w>
</l>
<l n="3" id="c524.A.3" corresp="t524.p1">
<w form="kalam" lemma="kalam" pos="N" label="the Land">kalam</w>
<w form="zid-de-a" lemma="zid" pos="AJ" label="right"><unclear cert="qry">zid</unclear>-de-a</w>
<w form="uj3" lemma="uj3" pos="N" label="people">uj3</w>
<w form="dur2-ru-na-bi" lemma="tuc" pos="V" label="to sit" form-type="pl">dur2-ru-na-bi</w>
<w form="gu-gin7" lemma="gu" pos="N" label="(flax) thread">gu-gin7</w>
<w form="ha-ba-si-il-e" lemma="si-il" pos="V" label="to split apart">ha-ba-si-il-e</w>
</l>
<l n="4" id="c524.A.4" corresp="t524.p1">
<w form="&jic;balaj" lemma="balaj" pos="N" label="type of instrument and composition" det="&jic;">&jic;balaj</w>
<w form="di" lemma="dug4" pos="V" label="to say" form-type="nfi">di</w>
<w form="ucur" lemma="ucur" pos="N" label="neighbour">ucur</w>
<w form="gu5-li-ni" lemma="gu5-li" pos="N" label="friend">gu5-li-ni</w>
<w form="ur5" lemma="ur5" pos="N" label="liver"><corr sic="IR">ur5</corr></w>
<damage/>
<w form="hu-mu-un-na-bur2-e" lemma="bur2" pos="V" label="to release">hu<damageEnd/>-mu-un-na-bur2-e</w>
</l>
<l n="5" id="c524.A.5" corresp="t524.p1">
<w form="cag4" lemma="cag4" pos="N" label="heart">cag4</w>
<w form="X" lemma="X" label="X">X</w>
<w form="he2-eb-huj-e" lemma="huj" pos="V" label="to hire">he2-eb-huj-e</w>
</l>
<l n="6" id="c524.A.6" corresp="t524.p1">
<w form="X" lemma="X" label="X">X</w>
<supplied/>
<w form="he2-ni-in-e3" lemma="e3" pos="V" label="to go out or in">he2-ni<suppliedEnd/>-<damage/>in<damageEnd/>-e3</w>
<supplied/>
<w form="&X;-bi" lemma="&X;" label="&X;">&X;<suppliedEnd/>-bi</w>
<w form="he2-ni-ib-be2" lemma="dug4" pos="V" label="to say" form-type="ppli">he2-ni-ib-be2</w>
</l>
<l n="7" id="c524.A.7" corresp="t524.p1">
<supplied/>
<w form="X" lemma="X" label="X">X</w>
<suppliedEnd/>
<w form="X" lemma="X" label="X">X</w>
<w form="X" lemma="X" label="X">X</w>
<damage/>
<w form="he2-aj2-e" lemma="dug4" pos="V" label="to say" form-type="ppli">he2<damageEnd/>-aj2-e</w>
</l>
<l n="8" id="c524.A.8" corresp="t524.p1">
<w form="ka" lemma="ka" pos="N" label="mouth">ka</w>
<w form="i-si-ic" lemma="i-si-ic" pos="N" label="tears (of joy)">i-si-ic</w>
<w form="jal2-la-ni" lemma="jal2" pos="V" label="to be (located)">jal2-la-ni</w>
<w form="cag4" lemma="cag4" pos="N" label="heart">cag4</w>
<w form="dijir-ra-na" lemma="dijir" pos="N" label="deity">dijir-ra-na</w>
<w form="he2-em-huj-e" lemma="huj" pos="V" label="to hire">he2-em-huj-e</w>
</l>
<l n="9" id="c524.A.9" corresp="t524.p1">
<w form="lu2-ulu3" lemma="lu2-ulu3" pos="N" label="person">lu2-ulu3</w>
<w form="dijir-da" lemma="dijir" pos="N" label="deity">dijir-da</w>
<w form="nu-me-a" lemma="me" pos="V" label="to be">nu-me-a</w>
<w form="u2-gu7" lemma="u2-gu7" pos="N" label="food">u2-gu7</w>
<w form="la-ba-ak-e" lemma="ak" pos="V" label="to do">la-ba-ak-e</w>
</l>
<l n="10" id="c524.A.10" corresp="t524.p2">
<w form="juruc-e" lemma="juruc" pos="N" label="young man">juruc-e</w>
<w form="a2-ni" lemma="a2" pos="N" label="arm">a2-ni</w>
<w form="ki-lul-la" lemma="ki-lul-la" pos="N" label="place of iniquity">ki-lul-la</w>
<w form="hul" lemma="hul" pos="V" label="to be bad">hul</w>
<w form="la-ba-e-ja2-ja2" lemma="jar" pos="V" label="to place" form-type="rr">la-ba-e-ja2-ja2</w>
</l>
<l n="11" id="c524.A.11" corresp="t524.p2">
<supplied/>
<w form="a-nir" lemma="a-nir" pos="N" label="lament">a<suppliedEnd/>-<damage/>nir</w>
<damageEnd/>
<w form="a2-sag3" lemma="a2-sag3" pos="N" type="DN" label="Asag">a2-sag3</w>
<w form="du-lum" lemma="du-lum" pos="N" label="toil">du-lum</w>
<w form="gig-ga" lemma="gig" pos="V" label="to be ill">gig-ga</w>
<damage/>
<w form="ud" lemma="ud" pos="N" label="day(light)">ud</w>
<damageEnd/>
<w form="im-ma-ni-in-zal" lemma="zal" pos="V" label="to pass">im-ma-ni-in-<damage/>zal</w>
<damageEnd/>
</l>
<l n="12" id="c524.A.12" corresp="t524.p2">
<supplied/>
<w form="X" lemma="X" label="X">X</w>
<suppliedEnd/>
<w form="X" lemma="X" label="X">X</w>
<w form="RA" lemma="RA" label="RA">RA</w>
<w form="nam-tar-e" lemma="nam-tar" pos="N" type="DN" label="Namtar">nam-tar-<unclear cert="qry">e</unclear></w>
<w form="su-gu7-e" lemma="su-gu7" pos="N" label="need">su-gu7-e</w>
<supplied/>
<w form="X-ge" lemma="X" label="X">X<suppliedEnd/>-<damage/>ge</w>
<damageEnd/>
<w form="mu-un-ni-ib-te" lemma="te" pos="V" label="to approach">mu-un-ni-ib-te</w>
</l>
<l n="13" id="c524.A.13" corresp="t524.p2">
<supplied/>
<w form="X" lemma="X" label="X">X</w>
<w form="X" lemma="X" label="X">X</w>
<suppliedEnd/>
<damage/>
<w form="gig-ga" lemma="gig" pos="V" label="to be ill">gig<damageEnd/>-ga</w>
<w form="umuc-bi" lemma="umuc" pos="N" label="(fore)thought"><unclear cert="qry">umuc</unclear>-bi</w>
<w form="mu-suh3" lemma="suh3" pos="V" label="to blur">mu-suh3</w>
<w form="X" lemma="X" label="X">X</w>
<w form="Xbr" lemma="Xbr" label="Xbr">(X)</w>
<w form="X-na" lemma="X" label="X">X-na</w>
<w form="mu-un-dul" lemma="dul" pos="V" label="to cover (together)">mu-un-dul</w>
</l>
<l n="14" id="c524.A.14" corresp="t524.p2">
<w form="a-ga-e" lemma="a-ga" pos="N" label="rear (chamber)">a-ga-e</w>
<w form="cu" lemma="cu" pos="N" label="hand">cu</w>
<w form="hul" lemma="hul" pos="V" label="to be bad">hul</w>
<w form="mu-ni-ib-dug4" lemma="dug4" pos="V" label="to say">mu-ni-ib-dug4</w>
<w form="X" lemma="X" label="X">X</w>
<w form="X-ce3" lemma="X" label="X">X-ce3</w>
</l>
<l n="15" id="c524.A.15" corresp="t524.p2">
<w form="cul-e" lemma="cul" pos="N" label="young man">cul-e</w>
<w form="igi" lemma="igi" pos="N" label="eye">igi</w>
<w form="dijir-ra-na" lemma="dijir" pos="N" label="deity">dijir-ra-na</w>
</l>
<l n="16" id="c524.A.16" corresp="t524.p2">
<w form="juruc-e" lemma="juruc" pos="N" label="young man">juruc-e</w>
<w form="a2" lemma="a2" pos="N" label="arm">a2</w>
<w form="hul" lemma="hul" pos="V" label="to be bad">hul</w>
<w form="jar-ra-na" lemma="jar" pos="V" label="to place">jar-ra-na</w>
<w form="er2" lemma="er2" pos="N" label="tear">er2</w>
<damage/>
<w form="gig" lemma="gig" pos="V" label="to be ill">gig</w>
<damageEnd/>
<w form="i3-ce8-ce8" lemma="cec2" pos="V" label="to weep" form-type="rr">i3-ce8-ce8</w>
</l>
<l n="17" id="c524.A.17" corresp="t524.p2">
<w form="ni2" lemma="ni2" pos="N" label="fear(someness)">ni2</w>
<w form="mu-un-tuku" lemma="tuku" pos="V" label="to have">mu-un-tuku</w>
<w form="cu-kin" lemma="cu-kin" pos="N" label="obeisance">cu-kin</w>
<phr type="VP" lemma="si sa2" label="to make straight">
<w form="si" lemma="si" pos="N" label="horn">si</w>
<w form="bi2-in-sa2" lemma="sa2" pos="V" label="to equal">bi2-in-sa2</w>
</phr>
</l>
<l n="18" id="c524.A.18" corresp="t524.p3">
<supplied/>
<w form="&X;" lemma="&X;" label="&X;">&X;</w>
<suppliedEnd/>
<damage/>
<w form="du-lum-ma-ni" lemma="du-lum" pos="N" label="toil">du<damageEnd/>-lum-ma-ni</w>
<w form="KA" lemma="KA" label="KA"><unclear cert="qry">KA</unclear></w>
<w form="A" lemma="A" label="A"><unclear cert="qry">A</unclear></w>
<w form="mi-ni-ib-be2" lemma="dug4" pos="V" label="to say" form-type="ppli">mi-ni-ib-be2</w>
</l>
<l n="19" id="c524.A.19" corresp="t524.p3">
<supplied/>
<w form="&X;" lemma="&X;" label="&X;">&X;</w>
<suppliedEnd/>
<w form="cag4" lemma="cag4" pos="N" label="heart">cag4</w>
<w form="kuc2" lemma="kuc2" pos="V" label="to be tired">kuc2</w>
<w form="si-a-na" lemma="si" pos="V" label="to fill">si-a-na</w>
</l>
<l n="20" id="c524.A.20" corresp="t524.p3">
<supplied/>
<w form="X" lemma="X" label="X">X</w>
<suppliedEnd/>
<w form="X-ni" lemma="X" label="X">X-ni</w>
<w form="er2" lemma="er2" pos="N" label="tear">er2</w>
<damage/>
<w form="mu-ni-in-jar" lemma="jar" pos="V" label="to place">mu<damageEnd/>-ni-in-jar</w>
</l>
<l n="21" id="c524.A.21" corresp="t524.p3">
<supplied/>
<w form="&X;" lemma="&X;" label="&X;">&X;</w>
<suppliedEnd/>
<w form="kar-ra" lemma="kar" pos="V" label="to flee">kar-ra</w>
<supplied/>
<w form="&X;" lemma="&X;" label="&X;">&X;</w>
<suppliedEnd/>
</l>
<l n="22" id="c524.A.22" corresp="t524.p3">
<supplied/>
<w form="&X;" lemma="&X;" label="&X;">&X;</w>
<suppliedEnd/>
<w form="er2" lemma="er2" pos="N" label="tear">er2</w>
<w form="gig-ga" lemma="gig" pos="V" label="to be ill">gig-<damage/><unclear cert="qry">ga</unclear></w>
<damageEnd/>
<w form="mu-un-ja2-ja2" lemma="jar" pos="V" label="to place" form-type="rr">mu-un-ja2-ja2</w>
</l>
<l n="23" id="c524.A.23" corresp="t524.p3">
<supplied/>
<w form="&X;" lemma="&X;" label="&X;">&X;</w>
<suppliedEnd/>
<w form="mu-na-da-si" lemma="si" pos="V" label="to fill">mu-na-da-si</w>
</l>
<l n="24" id="c524.A.24" corresp="t524.p3">
<supplied/>
<w form="&X;" lemma="&X;" label="&X;">&X;</w>
<suppliedEnd/>
<w form="mu-na-an-DU" lemma="DU" pos="V" label="DU">mu-na-an-<damage/>DU</w>
<damageEnd/>
<supplied/>
<w form="mu-na-ab-be2" lemma="dug4" pos="V" label="to say" form-type="ppli">mu<suppliedEnd/>-na-ab-be2</w>
</l>
<l n="25" id="c524.A.25" corresp="t524.p4">
<supplied/>
<w form="&X;" lemma="&X;" label="&X;">&X;</w>
<w form="a-nir" lemma="a-nir" pos="N" label="lament">a<suppliedEnd/>-nir</w>
<w form="mu-ne-du3" lemma="du3" pos="V" label="to erect">mu-ne-du3</w>
</l>
<l n="26" id="c524.A.26" corresp="t524.p4">
<supplied/>
<w form="&X;" lemma="&X;" label="&X;">&X;</w>
<w form="ur5" lemma="ur5" pos="N" label="liver">ur5</w>
<suppliedEnd/>
<w form="uc2-a" lemma="uc2" pos="V" label="to die">uc2-a</w>
<supplied/>
<w form="&X;" lemma="&X;" label="&X;">&X;</w>
<suppliedEnd/>
<w form="X" lemma="X" label="X">X</w>
<w form="DU.DU" lemma="DU" label="DU">DU.DU</w>
</l>
<l n="27" id="c524.A.27" corresp="t524.p4">
<supplied/>
<w form="&X;" lemma="&X;" label="&X;">&X;</w>
<suppliedEnd/>
<w form="mi-ni-in-jar" lemma="jar" pos="V" label="to place">mi-ni-<damage/>in-<unclear cert="qry">jar</unclear></w>
<damageEnd/>
</l>
<l n="28" id="c524.A.28" corresp="t524.p4">
<w form="juruc-me-en" lemma="juruc" pos="N" label="young man">juruc-me-en</w>
<w form="zu-me-en" lemma="zu" pos="V" label="to know">zu-me-en</w>
<supplied/>
<w form="nij2-zu-ju10" lemma="nij2-zu" pos="N" label="knowledge">nij2<suppliedEnd/>-zu-ju10</w>
<phr type="VP" lemma="si sa2" label="to make straight">
<w form="si" lemma="si" pos="N" label="horn">si</w>
<w form="nu-mu-da-sa2-e" lemma="sa2" pos="V" label="to equal">nu-mu-da-sa2-e</w>
</phr>
</l>
<l n="29" id="c524.A.29" corresp="t524.p4">
<w form="zid" lemma="zid" pos="AJ" label="right">zid</w>
<w form="dug4-ga-ju10" lemma="dug4" pos="V" label="to say">dug4-ga-ju10</w>
<w form="lul-ce3" lemma="lul" pos="V" label="to be false">lul-ce3</w>
<w form="i3-kur9" lemma="kur9" pos="V" label="to enter">i3-kur9</w>
</l>
<l n="30" id="c524.A.30" corresp="t524.p4">
<w form="lu2-lul-la-ke4" lemma="lu2-lul-la" pos="N" label="liar">lu2-lul-la-ke4</w>
<w form="u18-lu" lemma="ulu3" pos="N" label="south wind (storm)">u18-lu</w>
<w form="mu-un-dul" lemma="dul" pos="V" label="to cover (together)">mu-un-dul</w>
<w form="cu-kin" lemma="cu-kin" pos="N" label="obeisance">cu-kin</w>
<w form="mu-un-na-dab5" lemma="dab5" pos="V" label="to seize">mu-un-na-dab5</w>
</l>
<l n="31" id="c524.A.31" corresp="t524.p4">
<w form="a2" lemma="a2" pos="N" label="arm">a2</w>
<w form="nu-zu-ju10" lemma="zu" pos="V" label="to know">nu-zu-ju10</w>
<w form="ma-ra-pe-la2-en" lemma="pe-el" pos="V" label="to defile">ma-ra-pe-la2-en</w>
</l>
<l n="32" id="c524.A.32" corresp="t524.p4">
<w form="du-lum-ma" lemma="du-lum" pos="N" label="toil">du-lum-ma</w>
<w form="ki" lemma="ki" pos="N" label="place">ki</w>
<w form="gibil-gibil-la-bi" lemma="gibil" pos="V" label="to be new" form-type="RR">gibil-gibil-la-bi</w>
<w form="saj-e-ec" lemma="saj" pos="N" label="head">saj-e-ec</w>
<w form="mu-e-rig7" lemma="rig7" pos="V" label="to bestow">mu-e-rig7</w>
</l>
<l n="33" id="c524.A.33" corresp="t524.p4">
<w form="e2-a" lemma="e2" pos="N" label="house(hold)">e2-a</w>
<w form="u3-mu-un-kur9-re-en" lemma="kur9" pos="V" label="to enter">u3-mu-un-kur9-re-en</w>
<w form="ur5" lemma="ur5" pos="N" label="liver">ur5</w>
<w form="mu-uc2" lemma="uc2" pos="V" label="to die">mu-uc2</w>
</l>
<l n="34" id="c524.A.34" corresp="t524.p4">
<w form="juruc-me-en" lemma="juruc" pos="N" label="young man">juruc-me-en</w>
<w form="sila-ce3" lemma="sila" pos="N" label="street">sila-ce3</w>
<w form="um-e3-en" lemma="e3" pos="V" label="to go out or in">um-e3-en</w>
<w form="cag4" lemma="cag4" pos="N" label="heart">cag4</w>
<w form="mu-un-sag3" lemma="sag3" pos="V" label="to beat">mu-un-sag3</w>
</l>
<l n="35" id="c524.A.35" corresp="t524.p5">
<w form="cul-me-en" lemma="cul" pos="N" label="young man">cul-me-en</w>
<w form="sipad" lemma="sipad" pos="N" label="shepherd">sipad</w>
<w form="zid-ju10" lemma="zid" pos="AJ" label="right">zid-ju10</w>
<w form="mu-da-ib2" lemma="ib2" pos="V" label="to be furious">mu-da-ib2</w>
<w form="igi" lemma="igi" pos="N" label="eye">igi</w>
<w form="erim2" lemma="erim2" pos="N" label="enemy">erim2</w>
<w form="mu-un-du8" lemma="du8" pos="V" label="to spread">mu-un-du8</w>
</l>
<l n="36" id="c524.A.36" corresp="t524.p5">
<w form="na-gada-ju10" lemma="na-gada" pos="N" label="herdsman">na-gada-ju10</w>
<w form="lu2-erim2" lemma="lu2-erim2" pos="N" label="enemy">lu2-erim2</w>
<w form="nu-me-en-na" lemma="dug4" pos="V" label="to say" form-type="ppli">nu-me-en-na</w>
<w form="a2" lemma="a2" pos="N" label="arm">a2</w>
<w form="hul" lemma="hul" pos="V" label="to be bad">hul</w>
<w form="ma-kij2-kij2" lemma="kij2" pos="V" label="to seek" form-type="RR">ma-kij2-kij2</w>
</l>
<l n="37" id="c524.A.37" corresp="t524.p5">
<w form="dub3-sa-ju10" lemma="dub3-us2-sa" pos="N" label="companion">dub3-sa-ju10</w>
<w form="inim" lemma="inim" pos="N" label="word">inim</w>
<w form="gen6-na" lemma="gen6" pos="V" label="to be firm">gen6-na</w>
<w form="na-ma-ab-be2" lemma="dug4" pos="V" label="to say" form-type="ppli">na-ma-ab-be2</w>
</l>
<l n="38" id="c524.A.38" corresp="t524.p5">
<w form="gu5-li-ju10" lemma="gu5-li" pos="N" label="friend">gu5-li-ju10</w>
<w form="inim" lemma="inim" pos="N" label="word">inim</w>
<w form="zid" lemma="zid" pos="AJ" label="right">zid</w>
<w form="dug4-ga-ju10-uc" lemma="dug4" pos="V" label="to say">dug4-ga-ju10-uc</w>
<w form="lul" lemma="lul" pos="V" label="to be false">lul</w>
<w form="ma-ci-ja2-ja2" lemma="jar" pos="V" label="to place" form-type="rr">ma-ci-ja2-ja2</w>
</l>
<l n="39" id="c524.A.39" corresp="t524.p5">
<w form="lu2-lul-la-ke4" lemma="lu2-lul-la" pos="N" label="liar">lu2-lul-la-ke4</w>
<w form="inim" lemma="inim" pos="N" label="word">inim</w>
<w form="tec2" lemma="tec2" pos="N" label="pride">tec2</w>
<w form="mu-un-dug4" lemma="dug4" pos="V" label="to say">mu-un-dug4</w>
</l>
<l n="40" id="c524.A.40" corresp="t524.p5">
<w form="dijir-ju10" lemma="dijir" pos="N" label="deity">dijir-ju10</w>
<w form="nu-mu-na-ni-ib-gi4-gi4-in" lemma="gi4" pos="V" label="to return" form-type="RR">nu-mu-na-ni-ib-gi4-gi4-in</w>
</l>
<l n="41" id="c524.A.41" corresp="t524.p5">
<w form="umuc-ju10" lemma="umuc" pos="N" label="(fore)thought">umuc-ju10</w>
<w form="ba-an-ta-DU-un" lemma="DU" pos="V" label="DU">ba-an-ta-DU-un</w>
</l>
<l n="42" id="c524.A.42" corresp="t524.p5">
<w form="hul-jal2-e" lemma="hul-jal2" pos="AJ" label="evil">hul-jal2-e</w>
<w form="inim" lemma="inim" pos="N" label="word">inim</w>
<w form="tec2" lemma="tec2" pos="N" label="pride">tec2</w>
<w form="mu-du" lemma="jen" pos="V" label="to go" form-type="isg">mu-du</w>
</l>
<l n="43" id="c524.A.43" corresp="t524.p5">
<w form="mu-un-ib2-en" lemma="ib2" pos="V" label="to be furious">mu-un-ib2-en</w>
<w form="ud-gin7" lemma="ud" pos="N" label="storm">ud-gin7</w>
<w form="mu-un-du3" lemma="du3" pos="V" label="to erect">mu-un-du3</w>
<w form="cag4" lemma="cag4" pos="N" label="heart">cag4</w>
<w form="hul" lemma="hul" pos="V" label="to be bad">hul</w>
<w form="mu-un-dim2" lemma="dim2" pos="V" label="to create">mu-un-dim2</w>
</l>
<l n="44" id="c524.A.44" corresp="t524.p5">
<w form="gal-an-zu-me-en" lemma="gal-an-zu" pos="AJ" label="wise">gal-an-zu-me-en</w>
<w form="cul" lemma="cul" pos="N" label="young man">cul</w>
<w form="nu-zu-ra" lemma="zu" pos="V" label="to know">nu-zu-ra</w>
<w form="a-na-ac" lemma="a-na-ac" pos="AV" label="why">a-na-ac</w>
<w form="mu-un-na-la2-en" lemma="la2" pos="V" label="to hang">mu-un-na-la2-en</w>
</l>
<l n="45" id="c524.A.45" corresp="t524.p5">
<w form="zu-me-en" lemma="zu" pos="V" label="to know">zu-me-en</w>
<w form="murub4" lemma="murub4" pos="N" label="middle">murub4</w>
<w form="lu2" lemma="lu2" pos="N" label="person">lu2</w>
<w form="nu-zu-ka" lemma="zu" pos="V" label="to know">nu-zu-ka</w>
<w form="a-na-ac" lemma="a-na-ac" pos="AV" label="why">a-na-ac</w>
<w form="mu-un-na-la2-en" lemma="la2" pos="V" label="to hang">mu-un-na-la2-en</w>
</l>
<l n="46" id="c524.A.46" corresp="t524.p6">
<w form="ninda" lemma="ninda" pos="N" label="bread">ninda</w>
<w form="i3-jal2-jal2" lemma="jal2" pos="V" label="to be (located)" form-type="RR">i3-jal2-jal2</w>
<w form="su-gu7" lemma="su-gu7" pos="N" label="need">su-gu7</w>
<w form="ninda-ju10-um" lemma="ninda" pos="N" label="bread">ninda-ju10-um</w>
</l>
<l n="47" id="c524.A.47" corresp="t524.p6">
<w form="ud" lemma="ud" pos="N" label="day(light)">ud</w>
<w form="uj3" lemma="uj3" pos="N" label="people">uj3</w>
<w form="car2-re" lemma="car2" pos="V" label="to be numerous">car2-re</w>
<w form="ha-la" lemma="ha-la" pos="N" label="share">ha-la</w>
<w form="ba-ba" lemma="ba" pos="V" label="to allot" form-type="RR">ba-ba</w>
<w form="du-lum" lemma="du-lum" pos="N" label="toil">du-lum</w>
<w form="ha-la" lemma="ha-la" pos="N" label="share">ha-la</w>
<w form="ba-ju10-um" lemma="ba" pos="V" label="to allot">ba-ju10-um</w>
</l>
<l n="48" id="c524.A.48" corresp="t524.p6">
<w form="cec" lemma="cec" pos="N" label="brother">cec</w>
<w form="X" lemma="X" label="X">X</w>
<w form="X" lemma="X" label="X">X</w>
<w form="in" lemma="in" pos="N" label="abuse">in</w>
<w form="mu-un-dub2" lemma="dub2" pos="V" label="to tremble">mu-un-dub2</w>
<supplied/>
<w form="cag4" lemma="cag4" pos="N" label="heart">cag4</w>
<suppliedEnd/>
<damage/>
<w form="hul" lemma="hul" pos="V" label="to be bad">hul</w>
<damageEnd/>
<w form="mu-un-dim2" lemma="dim2" pos="V" label="to create">mu-un-dim2</w>
</l>
<l n="49" id="c524.A.49" corresp="t524.p6">
<supplied/>
<w form="&X;" lemma="&X;" label="&X;">&X;</w>
<suppliedEnd/>
<w form="X-ga-ju10" lemma="X" label="X">X-ga-ju10</w>
<supplied/>
<w form="&X;" lemma="&X;" label="&X;">&X;</w>
<suppliedEnd/>
<w form="X" lemma="X" label="X">X</w>
</l>
<l n="50" id="c524.A.50" corresp="t524.p6">
<supplied/>
<w form="&X;" lemma="&X;" label="&X;">&X;</w>
<suppliedEnd/>
<w form="X" lemma="X" label="X">X</w>
<w form="HU" lemma="HU" label="&H;U"><unclear cert="qry">HU</unclear></w>
<w form="cu" lemma="cu" pos="N" label="hand">cu</w>
<w form="mu-un-zi-zi" lemma="zig3" pos="V" label="to rise" form-type="rr">mu-un-<unclear cert="qry">zi</unclear>-<unclear cert="qry">zi</unclear></w>
</l>
<l n="51" id="c524.A.51" corresp="t524.p6">
<supplied/>
<w form="&X;" lemma="&X;" label="&X;">&X;</w>
<suppliedEnd/>
<damage/>
<w form="an-da-tum2-mu" lemma="de6" pos="V" label="to carry" form-type="isg">an<damageEnd/>-da-tum2-mu</w>
</l>
<l n="52" id="c524.A.52" corresp="t524.p6">
<supplied/>
<w form="&X;" lemma="&X;" label="&X;">&X;</w>
<suppliedEnd/>
<damage/>
<w form="erim2" lemma="erim2" pos="N" label="enemy"><unclear cert="qry">erim2</unclear></w>
<damageEnd/>
<w form="igi-jal2" lemma="igi-jal2" pos="AJ" label="wise">igi-jal2</w>
<w form="nu-tuku-e" lemma="tuku" pos="V" label="to have"><unclear cert="qry">nu</unclear>-<unclear cert="qry">tuku</unclear>-e</w>
<w form="im" lemma="im" pos="N" label="clay">im</w>
<w form="mu-sar-sar-re" lemma="sar" pos="V" label="to write" form-type="RR">mu-sar-sar-re</w>
</l>
<l n="53" id="c524.A.53" corresp="t524.p6">
<w form="har-ra-an-na" lemma="har-ra-an" pos="N" label="route">har-ra-an-<supplied/>na</w>
<suppliedEnd/>
<w form="DI" lemma="DI" label="DI">DI</w>
<w form="sumur-bi" lemma="sumur" pos="V" label="to be angry"><unclear cert="qry">sumur</unclear>-bi</w>
<w form="X-kij2-kij2" lemma="kij2" pos="V" label="to seek">X-kij2-kij2</w>
</l>
<l n="54" id="c524.A.54" corresp="t524.p6">
<w form="kaskal-la" lemma="kaskal" pos="N" label="(high)way">kaskal-la</w>
<w form="DI" lemma="DI" label="DI"><unclear cert="qry">DI</unclear></w>
<w form="X-la-bi" lemma="X" label="X">X-la-bi</w>
<w form="jic-gin7" lemma="jic" pos="N" label="tree">jic-gin7</w>
<w form="mu-un-kud-e" lemma="kud" pos="V" label="to cut">mu-un-kud-e</w>
</l>
<l n="55" id="c524.A.55" corresp="t524.p6">
<w form="ugula-a" lemma="ugula" pos="N" label="overseer">ugula-a</w>
<w form="a-ga" lemma="a-ga" pos="N" label="rear (chamber)">a-ga</w>
<supplied/>
<w form="&X;" lemma="&X;" label="&X;">&X;</w>
<suppliedEnd/>
<w form="X" lemma="X" label="X">X</w>
<w form="X" lemma="X" label="X">X</w>
<supplied/>
<w form="&X;" lemma="&X;" label="&X;">&X;</w>
<suppliedEnd/>
</l>
<l n="56" id="c524.A.56" corresp="t524.p6">
<w form="nu-banda3-ju10" lemma="nu-banda3" pos="N" label="overseer">nu-banda3-ju10</w>
<supplied/>
<w form="&X;" lemma="&X;" label="&X;">&X;</w>
<suppliedEnd/>
<w form="X" lemma="X" label="X">X</w>
<supplied/>
<w form="&X;" lemma="&X;" label="&X;">&X;</w>
<suppliedEnd/>
<w form="JA2" lemma="JA2" label="&G;A&s2;"><unclear cert="qry">JA2</unclear></w>
<supplied/>
<w form="&X;" lemma="&X;" label="&X;">&X;</w>
<suppliedEnd/>
</l>
<l n="57" id="c524.A.57" corresp="t524.p7">
<w form="dijir-ju10" lemma="dijir" pos="N" label="deity">dijir-ju10</w>
<w form="X" lemma="X" label="X">X</w>
<supplied/>
<w form="&X;" lemma="&X;" label="&X;">&X;</w>
<suppliedEnd/>
<w form="igi-zu-ce3" lemma="igi" pos="N" label="eye">igi-zu-ce3</w>
<supplied/>
<w form="&X;" lemma="&X;" label="&X;">&X;</w>
<suppliedEnd/>
</l>
<l n="58" id="c524.A.58" corresp="t524.p7">
<w form="ga-mu-ra-ab-dug4" lemma="dug4" pos="V" label="to say">ga-mu-ra-ab-dug4</w>
<w form="er2-ju10" lemma="er2" pos="N" label="tear">er2-ju10</w>
<w form="dirig" lemma="dirig" pos="V" label="to be superior"><unclear cert="qry">dirig</unclear></w>
<w form="inim-ju10" lemma="inim" pos="N" label="word">inim-ju10</w>
<w form="cag4-ne-ca4" lemma="cag4-ne-ca4" pos="N" label="intercession">cag4-ne-ca4</w>
</l>
<l n="59" id="c524.A.59" corresp="t524.p7">
<w form="ga-ra-ni-ib-dug4" lemma="dug4" pos="V" label="to say">ga-ra-ni-ib-dug4</w>
<w form="a-ra2-ja2" lemma="a-ra2" pos="N" label="way">a-ra2-ja2</w>
<w form="nij2-hul-bi" lemma="nij2-hul" pos="N" label="evil action">nij2-<unclear cert="qry">hul</unclear>-<unclear cert="qry">bi</unclear></w>
<w form="gu-gin7" lemma="gu" pos="N" label="(flax) thread">gu-gin7</w>
<w form="ga-mu-ra-si-il" lemma="si-il" pos="V" label="to split apart">ga-mu-ra-si-il</w>
</l>
<l n="60" id="c524.A.60" corresp="t524.p7">
<w form="nij2" lemma="nij2" pos="N" label="thing">nij2</w>
<w form="ak-en" lemma="ak" pos="V" label="to do">ak-en</w>
<w form="suh3-a-bi" lemma="suh3" pos="V" label="to blur">suh3-a-bi</w>
<w form="X" lemma="X" label="X">X</w>
<w form="X" lemma="X" label="X">X</w>
<supplied/>
<w form="&X;" lemma="&X;" label="&X;">&X;</w>
<suppliedEnd/>
</l>
<l n="61" id="c524.A.61" corresp="t524.p7">
<w form="jic-hur-ja2" lemma="jic-hur" pos="N" label="design">jic-hur-ja2</w>
<w form="gal-an-zu" lemma="gal-an-zu" pos="AJ" label="wise">gal-an-zu</w>
<w form="hu-mu-un-X" lemma="X" label="X">hu-mu-<damage/>un<damageEnd/>-X</w>
<w form="nij2" lemma="nij2" pos="N" label="thing">nij2</w>
<w form="er2" lemma="er2" pos="N" label="tear">er2</w>
<w form="nu-gul-lu-dam" lemma="gul" pos="V" label="to destroy">nu-gul-lu-dam</w>
</l>
<l n="62" id="c524.A.62" corresp="t524.p7">
<w form="gu5-li-ju10-ur2" lemma="gu5-li" pos="N" label="friend">gu5-li-ju10-ur2</w>
<w form="mu-na-an-la2-en" lemma="la2" pos="V" label="to hang">mu-na-an-la2-en</w>
</l>
<l n="63" id="c524.A.63" corresp="t524.p7">
<w form="dub3-sa-ju10-ur2" lemma="dub3-us2-sa" pos="N" label="companion">dub3-sa-ju10-ur2</w>
<w form="a-ga-ce3" lemma="a-ga" pos="N" label="rear (chamber)">a-ga-ce3</w>
<w form="mu-un-ci-gi4-in" lemma="gi4" pos="V" label="to return">mu-un-ci-gi4-in</w>
</l>
<l n="64" id="c524.A.64" corresp="t524.p8">
<w form="a2-ce" lemma="a2-ce" pos="AV" label="now">a2-ce</w>
<w form="ama" lemma="ama" pos="N" label="mother">ama</w>
<w form="ugu-ju10" lemma="ugu" pos="V" label="to give birth">ugu-ju10</w>
<w form="er2-ju10" lemma="er2" pos="N" label="tear">er2-ju10</w>
<w form="igi-zu-ce3" lemma="igi" pos="N" label="eye">igi-zu-ce3</w>
<w form="na-an-gul-e" lemma="gul" pos="V" label="to destroy">na-an-gul-e</w>
</l>
<l n="65" id="c524.A.65" corresp="t524.p8">
<w form="nin9-ju10" lemma="nin9" pos="N" label="sister">nin9-ju10</w>
<w form="balaj" lemma="balaj" pos="N" label="type of instrument and composition">balaj</w>
<w form="di" lemma="dug4" pos="V" label="to say" form-type="nfi">di</w>
<w form="ad" lemma="ad" pos="N" label="voice">ad</w>
<w form="dug3" lemma="dug3" pos="V" label="to be good">dug3</w>
<w form="na-nam" lemma="me" pos="V" label="to be">na-<damage/><unclear cert="qry">nam</unclear></w>
<damageEnd/>
</l>
<l n="66" id="c524.A.66" corresp="t524.p8">
<w form="nij2" lemma="nij2" pos="N" label="thing">nij2</w>
<w form="ak" lemma="ak" pos="V" label="to do">ak</w>
<w form="cu" lemma="cu" pos="N" label="hand">cu</w>
<w form="hul" lemma="hul" pos="V" label="to be bad">hul</w>
<w form="dug4-ga-ju10" lemma="dug4" pos="V" label="to say">dug4-ga-ju10</w>
<w form="er2-ra" lemma="er2" pos="N" label="tear">er2-ra</w>
<w form="ha-ra-ni-ib-be2" lemma="dug4" pos="V" label="to say" form-type="ppli">ha-ra-ni-ib-be2</w>
</l>
<l n="67" id="c524.A.67" corresp="t524.p8">
<w form="dam-ju10" lemma="dam" pos="N" label="spouse">dam-ju10</w>
<w form="du-lum-ju10" lemma="du-lum" pos="N" label="toil">du-lum-ju10</w>
<w form="girid2" lemma="girid2" pos="N" label="meaning unknown">girid2</w>
<w form="X" lemma="X" label="X">X</w>
<w form="ha-ra-ni-ib-pad3-pad3-de3" lemma="pad3" pos="V" label="to find" form-type="RR">ha-ra-ni-ib-pad3-pad3-de3</w>
</l>
<l n="68" id="c524.A.68" corresp="t524.p8">
<w form="nar" lemma="nar" pos="N" label="musician">nar</w>
<w form="cir3" lemma="cir3" pos="N" label="song">cir3</w>
<w form="zu-e" lemma="zu" pos="V" label="to know">zu-e</w>
<w form="nam-tar" lemma="nam-tar" pos="N" label="destiny">nam-tar</w>
<w form="gig-ga-ju10" lemma="gig" pos="V" label="to be ill">gig-ga-ju10</w>
<w form="gu-gin7" lemma="gu" pos="N" label="(flax) thread">gu-gin7</w>
<w form="ha-ra-si-il-e" lemma="si-il" pos="V" label="to split apart">ha-ra-si-il-e</w>
</l>
<l n="69" id="c524.A.69" corresp="t524.p9">
<w form="dijir-ju10" lemma="dijir" pos="N" label="deity">dijir-ju10</w>
<w form="kalam-e" lemma="kalam" pos="N" label="the Land">kalam-e</w>
<w form="ud" lemma="ud" pos="N" label="day(light)">ud</w>
<w form="ba-zalag" lemma="zalag" pos="V" label="to be shining">ba-zalag</w>
<w form="ja2-ar" lemma="je26" pos="PD" type="personal" label="I">ja2-ar</w>
<w form="ud" lemma="ud" pos="N" label="day(light)">ud</w>
<w form="ma-ku10-ku10" lemma="ku10-ku10" pos="V" label="to be dark" form-type="RR">ma-ku10-ku10</w>
</l>
<l n="70" id="c524.A.70" corresp="t524.p9">
<w form="ud" lemma="ud" pos="N" label="day(light)">ud</w>
<w form="zalag-ga" lemma="zalag" pos="V" label="to be shining">zalag-ga</w>
<w form="ud" lemma="ud" pos="N" label="day(light)">ud</w>
<w form="hi-da-gin7" lemma="hi" pos="V" label="to mix up">hi-<corr sic="A2">da</corr>-gin7</w>
<w form="X" lemma="X" label="X">X</w>
<w form="DU" lemma="DU" label="DU">DU</w>
<w form="X" lemma="X" label="X">X</w>
</l>
<l n="71" id="c524.A.71" corresp="t524.p9">
<w form="er2" lemma="er2" pos="N" label="tear">er2</w>
<w form="a-nir" lemma="a-nir" pos="N" label="lament">a-nir</w>
<w form="cag4" lemma="cag4" pos="N" label="heart">cag4</w>
<w form="sag3" lemma="sag3" pos="V" label="to beat">sag3</w>
<w form="ur5" lemma="ur5" pos="N" label="liver">ur5</w>
<w form="uc2-a" lemma="uc2" pos="V" label="to die">uc2-a</w>
<w form="cag4-ga" lemma="cag4" pos="N" label="heart">cag4-ga</w>
<w form="mu-un-ja2-ja2" lemma="jar" pos="V" label="to place" form-type="rr">mu-un-ja2-<damage/>ja2</w>
<damageEnd/>
</l>
<l n="72" id="c524.A.72" corresp="t524.p9">
<w form="du-lum-e" lemma="du-lum" pos="N" label="toil">du-lum-e</w>
<w form="dumu" lemma="dumu" pos="N" label="child">dumu</w>
<w form="er2" lemma="er2" pos="N" label="tear">er2</w>
<w form="pad3-da-gin7" lemma="pad3" pos="V" label="to find">pad3-da-gin7</w>
<w form="cu" lemma="cu" pos="N" label="hand">cu</w>
<w form="mu-un-dul-dul-e" lemma="dul" pos="V" label="to cover (together)" form-type="RR">mu-un-dul-dul-e</w>
</l>
<l n="73" id="c524.A.73" corresp="t524.p9">
<w form="nam-tar-ra" lemma="nam-tar" pos="N" type="DN" label="Namtar">nam-tar-ra</w>
<w form="cu-ba" lemma="cu" pos="N" label="hand">cu-ba</w>
<w form="igi" lemma="igi" pos="N" label="eye">igi</w>
<w form="mi-ni-in-kur2" lemma="kur2" pos="V" label="to be different">mi-ni-in-kur2</w>
<w form="zi-ju10" lemma="zi" pos="N" label="life (breath)">zi-ju10</w>
<w form="mi-ni-tum3-tum3" lemma="de6" pos="V" label="to carry" form-type="RR-isg">mi-ni-tum3-tum3</w>
</l>
<l n="74" id="c524.A.74" corresp="t524.p9">
<w form="su-ja2" lemma="su" pos="N" label="flesh">su-ja2</w>
<w form="a2-sag3" lemma="a2-sag3" pos="N" type="DN" label="Asag">a2-sag3</w>
<w form="nij2" lemma="nij2" pos="N" label="thing">nij2</w>
<w form="hul" lemma="hul" pos="V" label="to be bad">hul</w>
<w form="jal2-e" lemma="jal2" pos="V" label="to be (located)">jal2-e</w>
<w form="a" lemma="a" pos="N" label="water">a</w>
<w form="im-ma-ni-ib-tu5" lemma="tu5" pos="V" label="to wash">im-ma-<supplied/>ni<suppliedEnd/>-ib-tu5</w>
</l>
<l n="75" id="c524.A.75" corresp="t524.p10">
<w form="a-ra2-ja2" lemma="a-ra2" pos="N" label="way">a-ra2-ja2</w>
<w form="nij2-gig-ga-bi" lemma="nij2-gig" pos="N" label="abomination">nij2-gig-ga-bi</w>
<w form="cu" lemma="cu" pos="N" label="hand">cu</w>
<w form="hul" lemma="hul" pos="V" label="to be bad">hul</w>
<w form="dug4-ga-bi" lemma="dug4" pos="V" label="to say">dug4-<supplied/>ga-bi</w>
<suppliedEnd/>
</l>
<l n="76" id="c524.A.76" corresp="t524.p10">
<w form="ma-mu2-da" lemma="ma-mu2" pos="N" label="dream">ma-mu2-da</w>
<w form="sag9-ga" lemma="sag9" pos="V" label="to be good">sag9-ga</w>
<w form="igi" lemma="igi" pos="N" label="eye">igi</w>
<w form="li-bi2-du8-ru-un" lemma="du8" pos="V" label="to spread">li-bi2-du8-ru-un</w>
</l>
<l n="77" id="c524.A.77" corresp="t524.p10">
<w form="ud" lemma="ud" pos="N" label="day(light)">ud</w>
<w form="cu2-uc-e" lemma="cu2" pos="V" label="to cover">cu2-uc-e</w>
<w form="mac2-ji6" lemma="mac2-ji6" pos="N" label="nocturnal vision">mac2-ji6</w>
<w form="nu-jar-ra" lemma="nu-jar-ra" pos="AJ" label="malicious">nu-jar-ra</w>
<phr type="VP" lemma="ja2-la dag" label="to cease">
<w form="ja2-la" lemma="ja2-la" pos="N" label="noun part of multiword verb">ja2-la</w>
<w form="nu-mu-ta-dag-ge" lemma="dag" pos="V" label="to roam around">nu-mu-ta-dag-ge</w>
</phr>
</l>
<l n="78" id="c524.A.78" corresp="t524.p10">
<w form="cag4" lemma="cag4" pos="N" label="heart">cag4</w>
<w form="sag3-e" lemma="sag3" pos="V" label="to beat">sag3-e</w>
<w form="dam-bi" lemma="dam" pos="N" label="spouse">dam-bi</w>
<w form="nu-me-en-na" lemma="dug4" pos="V" label="to say" form-type="ppli">nu-me-en-na</w>
<w form="gu2-da" lemma="gu2" pos="N" label="neck">gu2-da</w>
<w form="in-da-la2" lemma="la2" pos="V" label="to hang">in-da-la2</w>
<w form="a" lemma="a" pos="N" label="water">a</w>
<w form="im-mi-X" lemma="X" label="X">im-mi-<supplied/>X</w>
<suppliedEnd/>
</l>
<l n="79" id="c524.A.79" corresp="t524.p10">
<w form="zarah-e" lemma="zarah" pos="N" label="grief">zarah-e</w>
<w form="dumu" lemma="dumu" pos="N" label="child">dumu</w>
<w form="tur-bi" lemma="tur" pos="V" label="to be small">tur-bi</w>
<w form="nu-me-en-na" lemma="dug4" pos="V" label="to say" form-type="ppli">nu-me-en-na</w>
<w form="ur2" lemma="ur2" pos="N" label="root">ur2</w>
<w form="mu-ub-tal2-tal2" lemma="tal2" pos="V" label="to be broad" form-type="RR">mu-ub-tal2-tal2</w>
</l>
<l n="80" id="c524.A.80" corresp="t524.p10">
<w form="a-nir" lemma="a-nir" pos="N" label="lament">a-nir</w>
<w form="ulu3" lemma="ulu3" pos="N" label="south wind (storm)">ulu3</w>
<w form="ak-gin7" lemma="ak" pos="V" label="to do">ak-gin7</w>
<w form="mu-un-sig10" lemma="sig10" pos="V" label="to place">mu-un-sig10</w>
<w form="cu" lemma="cu" pos="N" label="hand">cu</w>
<w form="nu-mu-&X;" lemma="&X;" label="&X;">nu-<damage/><unclear cert="qry">mu</unclear><damageEnd/>-<supplied/>&X;</w>
<suppliedEnd/>
</l>
<l n="81" id="c524.A.81" corresp="t524.p10">
<w form="cec-ju10" lemma="cec" pos="N" label="brother">cec-ju10</w>
<w form="u8-e-a" lemma="u5-a" pos="I" label="soothing expression">u8-e-a</w>
<w form="im-ma-ab-dug4" lemma="dug4" pos="V" label="to say">im-ma-ab-dug4</w>
</l>
<l n="82" id="c524.A.82" corresp="t524.p10">
<supplied/>
<w form="&X;" lemma="&X;" label="&X;">&X;</w>
<suppliedEnd/>
<w form="X" lemma="X" label="X">X</w>
<supplied/>
<w form="&X;" lemma="&X;" label="&X;">&X;</w>
<suppliedEnd/>
</l>
<l n="83" id="c524.A.83" corresp="t524.p10">
<supplied/>
<w form="&X;" lemma="&X;" label="&X;">&X;</w>
<suppliedEnd/>
<w form="X" lemma="X" label="X">X</w>
<w form="X" lemma="X" label="X">X</w>
<w form="MA" lemma="MA" label="MA"><unclear cert="qry">MA</unclear></w>
<w form="DU" lemma="DU" label="DU">DU</w>
<supplied/>
<w form="&X;" lemma="&X;" label="&X;">&X;</w>
<suppliedEnd/>
<w form="X" lemma="X" label="X">X</w>
<w form="X" lemma="X" label="X">X</w>
<w form="X" lemma="X" label="X">X</w>
<w form="X" lemma="X" label="X">X</w>
<w form="AN" lemma="AN" label="AN">AN</w>
<supplied/>
<w form="&X;" lemma="&X;" label="&X;">&X;</w>
<suppliedEnd/>
</l>
<l n="84" id="c524.A.84" corresp="t524.p10">
<supplied/>
<w form="&X;" lemma="&X;" label="&X;">&X;</w>
<suppliedEnd/>
<w form="X" lemma="X" label="X">X</w>
<w form="X" lemma="X" label="X">X</w>
<w form="HA" lemma="HA" label="&H;A"><unclear cert="qry">HA</unclear></w>
<w form="X" lemma="X" label="X">X</w>
<w form="X" lemma="X" label="X">X</w>
<w form="I" lemma="I" label="I"><unclear cert="qry">I</unclear></w>
</l>
<l n="85" id="c524.A.85" corresp="t524.p10">
<supplied/>
<w form="&X;" lemma="&X;" label="&X;">&X;</w>
<suppliedEnd/>
<w form="X" lemma="X" label="X">X</w>
<w form="X" lemma="X" label="X">X</w>
<w form="X" lemma="X" label="X">X</w>
<w form="ba-sag3-ge-en" lemma="sag3" pos="V" label="to beat"><unclear cert="qry">ba</unclear>-sag3-ge-en</w>
</l>
<l n="86" id="c524.A.86" corresp="t524.p10">
<supplied/>
<w form="&X;" lemma="&X;" label="&X;">&X;</w>
<suppliedEnd/>
<w form="X" lemma="X" label="X">X</w>
<w form="X" lemma="X" label="X">X</w>
<w form="X" lemma="X" label="X">X</w>
<w form="X" lemma="X" label="X">X</w>
<w form="saj" lemma="saj" pos="N" label="head"><unclear cert="qry">saj</unclear></w>
<w form="mu-il2" lemma="il2" pos="V" label="to raise">mu-il2</w>
</l>
<l n="87" id="c524.A.87" corresp="t524.p10">
<supplied/>
<w form="&X;" lemma="&X;" label="&X;">&X;</w>
<suppliedEnd/>
<w form="zi" lemma="zi" pos="N" label="life (breath)"><unclear cert="qry">zi</unclear></w>
<w form="mu-ni-in-tum3-tum3" lemma="de6" pos="V" label="to carry" form-type="RR-isg">mu-ni-in-tum3-<unclear cert="qry">tum3</unclear></w>
</l>
<l n="88" id="c524.A.88" corresp="t524.p10">
<supplied/>
<w form="&X;" lemma="&X;" label="&X;">&X;</w>
<suppliedEnd/>
<w form="X" lemma="X" label="X">X</w>
<w form="mu-ni-X" lemma="X" label="X">mu-ni-X</w>
<supplied/>
<w form="&X;" lemma="&X;" label="&X;">&X;</w>
<suppliedEnd/>
</l>
<l n="89" id="c524.A.89" corresp="t524.p10">
<supplied/>
<w form="&X;" lemma="&X;" label="&X;">&X;</w>
<suppliedEnd/>
<w form="X" lemma="X" label="X">X</w>
<w form="JAR" lemma="JAR" label="&G;AR"><unclear cert="qry">JAR</unclear></w>
<w form="X" lemma="X" label="X">X</w>
<w form="X" lemma="X" label="X">X</w>
<supplied/>
<w form="X" lemma="X" label="X">X</w>
<suppliedEnd/>
<w form="X-en" lemma="X" label="X">X-en</w>
</l>
<l n="90" id="c524.A.90" corresp="t524.p10">
<supplied/>
<w form="&X;" lemma="&X;" label="&X;">&X;</w>
<suppliedEnd/>
<w form="X" lemma="X" label="X">X</w>
<w form="X-pad3-de3" lemma="pad3" pos="V" label="to find">X-pad3-<unclear cert="qry">de3</unclear></w>
</l>
<l n="91" id="c524.A.91" corresp="t524.p10">
<supplied/>
<w form="&X;" lemma="&X;" label="&X;">&X;</w>
<suppliedEnd/>
<w form="X" lemma="X" label="X">X</w>
<w form="im-mi-ib-DU" lemma="DU" pos="V" label="DU">im-mi-ib-DU</w>
</l>
<gap extent="5 lines missing"/>
<l n="97" id="c524.A.97" corresp="t524.p11">
<supplied/>
<w form="&X;" lemma="&X;" label="&X;">&X;</w>
<suppliedEnd/>
<w form="mu-ce8-ce8" lemma="cec2" pos="V" label="to weep" form-type="rr"><unclear cert="qry">mu</unclear>-ce8-ce8</w>
<supplied/>
<w form="&X;" lemma="&X;" label="&X;">&X;</w>
<suppliedEnd/>
</l>
<l n="98" id="c524.A.98" corresp="t524.p11">
<w form="dijir-ju10" lemma="dijir" pos="N" label="deity">dijir-ju10</w>
<w form="za-e" lemma="za" pos="PD" type="personal" label="you (sg.)">za-e</w>
<w form="a-a" lemma="a-a" pos="N" label="father">a-a</w>
<w form="ugu-ju10-me-en" lemma="ugu" pos="V" label="to give birth">ugu-ju10-me-en</w>
<w form="igi-ju10" lemma="igi" pos="N" label="eye">igi-ju10</w>
<w form="he2-ci-&X;-il2" lemma="il2" pos="V" label="to raise">he2-<damage/>ci<damageEnd/>-<supplied/>&X;-il2</w>
<suppliedEnd/>
</l>
<l n="99" id="c524.A.99" corresp="t524.p11">
<w form="ab2" lemma="ab2" pos="N" label="cow">ab2</w>
<w form="zid" lemma="zid" pos="AJ" label="right">zid</w>
<w form="dijir" lemma="dijir" pos="N" label="deity"><unclear cert="qry">dijir</unclear></w>
<damage/>
<w form="arhuc-a" lemma="arhuc" pos="N" label="compassion">arhuc<damageEnd/>-a</w>
<w form="cag4-ne-ca4" lemma="cag4-ne-ca4" pos="N" label="intercession">cag4-ne-ca4</w>
<w form="a2" lemma="a2" pos="N" label="arm">a2</w>
<w form="nun" lemma="nun" pos="N" label="prince">nun</w>
<damage/>
<w form="he2-&X;" lemma="&X;" label="&X;">he2<damageEnd/>-<supplied/>&X;</w>
<suppliedEnd/>
</l>
<l n="100" id="c524.A.100" corresp="t524.p11">
<w form="en-na-me-ce3" lemma="en-na-me-ce3" pos="AV" label="how long">en-na-me-<damage/>ce3</w>
<damageEnd/>
<phr type="VP" lemma="en3 tar" label="to ask">
<w form="en3-ju10" lemma="en3" pos="N" label="noun part of multiword verb">en3-ju10</w>
<w form="nu-tar-re-en" lemma="tar" pos="V" label="to cut">nu-tar-re-en</w>
</phr>
<w form="ki-ju10" lemma="ki" pos="N" label="place">ki-ju10</w>
<w form="nu-kij2-kij2-en" lemma="kij2" pos="V" label="to seek" form-type="RR">nu-kij2-kij2-en</w>
</l>
<l n="101" id="c524.A.101" corresp="t524.p11">
<w form="gud-gin7" lemma="gud" pos="N" label="bull">gud-gin7</w>
<damage/>
<w form="ga-ci-ib-zig3" lemma="zig3" pos="V" label="to rise"><unclear cert="qry">ga</unclear><damageEnd/>-ci-ib-zig3</w>
<w form="nu-mu-ra-ab-zig3-ge-en6" lemma="zig3" pos="V" label="to rise">nu-mu-ra-ab-zig3-ge-<damage/>en6</w>
<damageEnd/>
</l>
<l n="102" id="c524.A.102" corresp="t524.p11">
<w form="us2" lemma="us2" pos="N" label="path">us2</w>
<w form="zid" lemma="zid" pos="AJ" label="right">zid</w>
<w form="nu-mu-ub-dab5-be2-en" lemma="dab5" pos="V" label="to seize">nu-mu-ub-dab5-be2-en</w>
</l>
<l n="103" id="c524.A.103" corresp="t524.p11">
<w form="mi-ni-ib-be2-ne" lemma="dug4" pos="V" label="to say" form-type="ppli">mi-ni-ib-be2-ne</w>
<w form="cul" lemma="cul" pos="N" label="young man">cul</w>
<w form="gal-an-zu-ne" lemma="gal-an-zu" pos="AJ" label="wise">gal-an-zu-ne</w>
<w form="inim" lemma="inim" pos="N" label="word">inim</w>
<w form="zid" lemma="zid" pos="AJ" label="right">zid</w>
<phr type="VP" lemma="si sa2" label="to make straight">
<w form="si" lemma="si" pos="N" label="horn">si</w>
<w form="sa2" lemma="sa2" pos="V" label="to equal">sa2</w>
</phr>
</l>
<l n="104" id="c524.A.104" corresp="t524.p11">
<w form="ud" lemma="ud" pos="N" label="day(light)">ud</w>
<w form="na-me" lemma="na-me" pos="PD" type="indefinite" label="any">na-me</w>
<w form="dumu" lemma="dumu" pos="N" label="child">dumu</w>
<w form="nam-tag" lemma="nam-tag" pos="N" label="sin">nam-tag</w>
<w form="nu-tuku" lemma="tuku" pos="V" label="to have">nu-tuku</w>
<w form="ama-a-ni" lemma="ama" pos="N" label="mother">ama-a-ni</w>
<w form="nu-tu-ud" lemma="tud" pos="V" label="to give birth">nu-tu-ud</w>
</l>
<l n="105" id="c524.A.105" corresp="t524.p11">
<w form="kuc2" lemma="kuc2" pos="V" label="to be tired">kuc2</w>
<w form="la-ba-sa2" lemma="sa2" pos="V" label="to equal">la-ba-sa2</w>
<w form="erin2" lemma="erin2" pos="N" label="group of people">erin2</w>
<w form="nam-tag" lemma="nam-tag" pos="N" label="sin">nam-tag</w>
<w form="nu-tuku" lemma="tuku" pos="V" label="to have">nu-tuku</w>
<w form="ul-ta" lemma="ul" pos="N" label="distant time">ul-ta</w>
<w form="nu-jal2-la-am3" lemma="jal2" pos="V" label="to be (located)">nu-jal2-la-am3</w>
</l>
<l n="106" id="c524.A.106" corresp="t524.p12">
<w form="dijir-ju10" lemma="dijir" pos="N" label="deity">dijir-ju10</w>
<w form="ha-lam-ma" lemma="ha-lam" pos="V" label="to be lost">ha-lam-ma</w>
<w form="nij2" lemma="nij2" pos="N" label="thing">nij2</w>
<w form="saj-bi-ce3" lemma="saj" pos="N" label="head">saj-bi-ce3</w>
<w form="mu-da-ab-sud-da-ju10" lemma="sud" pos="V" label="to be distant">mu-da-ab-sud-da-ju10</w>
</l>
<l n="107" id="c524.A.107" corresp="t524.p12">
<w form="nij2" lemma="nij2" pos="N" label="thing">nij2</w>
<w form="bur2-ra" lemma="bur2" pos="V" label="to release">bur2-ra</w>
<w form="X-bi" lemma="X" label="X">X-bi</w>
<w form="igi-zu-ce3" lemma="igi" pos="N" label="eye">igi-zu-ce3</w>
<w form="je26-e" lemma="je26" pos="PD" type="personal" label="I">je26-e</w>
<w form="bi2-ak-a-ju10" lemma="ak" pos="V" label="to do">bi2-ak-a-ju10</w>
</l>
<l n="108" id="c524.A.108" corresp="t524.p12">
<w form="juruc" lemma="juruc" pos="N" label="young man">juruc</w>
<w form="na-an-cej6-je26" lemma="cej6" pos="V" label="to be hot">na-<damage/>an<damageEnd/>-cej6-je26</w>
<w form="kug-zu-a" lemma="kug" pos="AJ" label="shining">kug-zu-a</w>
<w form="inim" lemma="inim" pos="N" label="word">inim</w>
<w form="hi-li-a" lemma="hi-li" pos="N" label="attractiveness">hi-li-a</w>
<w form="he2-ni-be7" lemma="dug4" pos="V" label="to say" form-type="ppli">he2-ni-be7</w>
</l>
<l n="109" id="c524.A.109" corresp="t524.p12">
<w form="ud" lemma="ud" pos="N" label="day(light)">ud</w>
<w form="nu-sikil" lemma="sikil" pos="V" label="to be pure">nu-sikil</w>
<w form="a2-ja2" lemma="a2" pos="N" label="arm">a2-ja2</w>
<w form="nu2-a-ja2" lemma="nu2" pos="V" label="to lie down">nu2-a-ja2</w>
<w form="igi-zu-ce3" lemma="igi" pos="N" label="eye">igi-zu-ce3</w>
<w form="ha-ba-ab-dib-be2-en" lemma="dib" pos="V" label="to pass">ha-ba-ab-dib-be2-en</w>
</l>
<l n="110" id="c524.A.110" corresp="t524.p12">
<w form="nu-ku3-ug" lemma="kug" pos="V" label="to be shining">nu-ku3-ug</w>
<w form="nu-dadag-ju10-ne" lemma="dadag" pos="V" label="to be bright" form-type="RR">nu-dadag-ju10-ne</w>
<w form="iri" lemma="iri" pos="N" label="town">iri</w>
<w form="silim-ba" lemma="silim" pos="V" label="to be healthy">silim-ba</w>
<w form="ha-ba-tag-ge-en" lemma="tag" pos="V" label="to touch">ha-ba-tag-ge-en</w>
</l>
<l n="111" id="c524.A.111" corresp="t524.p12">
<w form="ud" lemma="ud" pos="N" label="day(light)">ud</w>
<w form="ib2-ba" lemma="ib2" pos="V" label="to be furious">ib2-ba</w>
<w form="cag4" lemma="cag4" pos="N" label="heart">cag4</w>
<w form="hul" lemma="hul" pos="V" label="to be bad">hul</w>
<w form="du3-a" lemma="du3" pos="V" label="to erect">du3-a</w>
<w form="zu" lemma="zu" pos="V" label="to know">zu</w>
<w form="inim" lemma="inim" pos="N" label="word">inim</w>
<w form="hi-li-a" lemma="hi-li" pos="N" label="attractiveness">hi-li-a</w>
<w form="he2-ni-be7" lemma="dug4" pos="V" label="to say" form-type="ppli">he2-ni-be7</w>
</l>
<l n="112" id="c524.A.112" corresp="t524.p12">
<w form="ud" lemma="ud" pos="N" label="day(light)">ud</w>
<w form="su-mu-ug" lemma="su-mu-ug" pos="N" label="distress">su-mu-ug</w>
<w form="X" lemma="X" label="X">X</w>
<w form="tab2-tab2-ba" lemma="tab2" pos="V" label="to burn" form-type="RR">tab2-tab2-ba</w>
<w form="zu" lemma="zu" pos="V" label="to know">zu</w>
<w form="e-ne" lemma="e-ne" pos="PD" type="personal" label="he, she">e-ne</w>
<w form="hul2-la" lemma="hul2" pos="V" label="to be happy">hul2-la</w>
<w form="hu-mu-dug4" lemma="dug4" pos="V" label="to say">hu-mu-dug4</w>
</l>
<l n="113" id="c524.A.113" corresp="t524.p13">
<w form="dijir-ju10" lemma="dijir" pos="N" label="deity">dijir-ju10</w>
<w form="X" lemma="X" label="X">X</w>
<w form="X" lemma="X" label="X">X</w>
<w form="nam-tag-ju10" lemma="nam-tag" pos="N" label="sin">nam-tag-ju10</w>
<w form="igi-ju10" lemma="igi" pos="N" label="eye">igi-ju10</w>
<w form="u3-mi-zu" lemma="zu" pos="V" label="to know">u3-mi-zu</w>
</l>
<l n="114" id="c524.A.114" corresp="t524.p13">
<w form="kan4" lemma="kan4" pos="N" label="gate">kan4</w>
<w form="iri-ka" lemma="iri" pos="N" label="town"><unclear cert="qry">iri</unclear>-ka</w>
<w form="ha-lam-ma-bi" lemma="ha-lam" pos="V" label="to be lost">ha-lam-ma-bi</w>
<w form="dili" lemma="dili" pos="AJ" label="single">dili</w>
<w form="bad-bi" lemma="bad" pos="V" label="to open">bad-bi</w>
<w form="ga-am3-dug4" lemma="dug4" pos="V" label="to say">ga-am3-dug4</w>
</l>
<l n="115" id="c524.A.115" corresp="t524.p13">
<w form="juruc-me-en" lemma="juruc" pos="N" label="young man">juruc-me-en</w>
<w form="ka" lemma="ka" pos="N" label="mouth">ka</w>
<w form="tar" lemma="tar" pos="V" label="to cut">tar</w>
<w form="nam-tag-ju10" lemma="nam-tag" pos="N" label="sin">nam-tag-ju10</w>
<w form="igi-zu-ce3" lemma="igi" pos="N" label="eye">igi-zu-ce3</w>
<w form="ga-si-il" lemma="si-il" pos="V" label="to split apart">ga-si-il</w>
</l>
<l n="116" id="c524.A.116" corresp="t524.p13">
<w form="unken-e" lemma="unken" pos="N" label="assembly">unken-e</w>
<w form="u2-KU" lemma="u2-KU" pos="N" label="tear?">u2-KU</w>
<w form="muru9-gin7" lemma="muru9" pos="N" label="cloud">muru9-gin7</w>
<w form="hu-mu-ub-cej3-cej3-e" lemma="cej3" pos="V" label="to rain" form-type="RR">hu-mu-ub-cej3-cej3-e</w>
</l>
<l n="117" id="c524.A.117" corresp="t524.p13">
<w form="e2-zu" lemma="e2" pos="N" label="house(hold)">e2-zu</w>
<w form="ama" lemma="ama" pos="N" label="mother">ama</w>
<w form="cag4-ne-ca4-ju10" lemma="cag4-ne-ca4" pos="N" label="intercession">cag4-ne-ca4-ju10</w>
<w form="er2-ju10" lemma="er2" pos="N" label="tear">er2-ju10</w>
<w form="he2-ce8-X" lemma="cec2" pos="V" label="to weep">he2-ce8-X</w>
<supplied/>
<w form="&X;" lemma="&X;" label="&X;">&X;</w>
<suppliedEnd/>
</l>
<l n="118" id="c524.A.118" corresp="t524.p13">
<w form="cul-me-en" lemma="cul" pos="N" label="young man">cul-me-en</w>
<w form="arhuc" lemma="arhuc" pos="N" label="compassion">arhuc</w>
<w form="cag4-ne-ca4-a-ju10" lemma="cag4-ne-ca4" pos="N" label="intercession">cag4-ne-ca4-a-ju10</w>
<damage/>
<w form="cag4" lemma="cag4" pos="N" label="heart"><unclear cert="qry">cag4</unclear></w>
<damageEnd/>
<w form="kug-zu" lemma="kug" pos="AJ" label="shining">kug-zu</w>
<w form="he2-em-mi-tuku" lemma="tuku" pos="V" label="to have">he2-em-<damage/>mi<damageEnd/>-<supplied/>tuku</w>
<suppliedEnd/>
</l>
<l n="119" id="c524.A.119" corresp="t524.p13">
<w form="juruc-me-en" lemma="juruc" pos="N" label="young man">juruc-me-en</w>
<w form="cag4" lemma="cag4" pos="N" label="heart">cag4</w>
<w form="i-zi" lemma="i-zi" pos="N" label="wave">i-zi</w>
<w form="ni2" lemma="ni2" pos="N" label="fear(someness)">ni2</w>
<w form="ri-a-zu" lemma="ri" pos="V" label="to direct">ri-a-zu</w>
<w form="ki-bi" lemma="ki" pos="N" label="place">ki-bi</w>
<w form="ha-ma-gi4-gi4" lemma="gi4" pos="V" label="to return" form-type="RR">ha-ma-gi4-gi4</w>
</l>
<l n="120" id="c524.A.120" corresp="t524.p14">
<w form="lu2-ulu3" lemma="lu2-ulu3" pos="N" label="person">lu2-ulu3</w>
<w form="er2" lemma="er2" pos="N" label="tear">er2</w>
<w form="gig-ga" lemma="gig" pos="V" label="to be ill">gig-ga</w>
<w form="cec2-a-ni" lemma="cec2" pos="V" label="to weep">cec2-a-ni</w>
<w form="dijir-ra-ni" lemma="dijir" pos="N" label="deity">dijir-ra-ni</w>
<w form="jic" lemma="jic" pos="N" label="tree">jic</w>
<w form="ba-an-tuku-am3" lemma="tuku" pos="V" label="to have">ba-an-tuku-am3</w>
</l>
<l n="121" id="c524.A.121" corresp="t524.p14">
<damage/>
<w form="juruc-ra" lemma="juruc" pos="N" label="young man">juruc<damageEnd/>-ra</w>
<w form="a-nir" lemma="a-nir" pos="N" label="lament">a-nir</w>
<w form="jal2" lemma="jal2" pos="V" label="to be (located)">jal2</w>
<w form="i-si-ic" lemma="i-si-ic" pos="N" label="tears (of joy)">i-si-ic</w>
<w form="la2-la2-a-ni" lemma="la2" pos="V" label="to hang" form-type="RR">la2-la2-a-ni</w>
<w form="cag4" lemma="cag4" pos="N" label="heart">cag4</w>
<w form="dijir-ra-na" lemma="dijir" pos="N" label="deity">dijir-ra-na</w>
<w form="u3-mu-un-na-huj" lemma="huj" pos="V" label="to hire">u3-mu-un-na-huj</w>
</l>
<l n="122" id="c524.A.122" corresp="t524.p14">
<w form="inim" lemma="inim" pos="N" label="word">inim</w>
<w form="zid" lemma="zid" pos="AJ" label="right">zid</w>
<w form="inim" lemma="inim" pos="N" label="word">inim</w>
<w form="kug-ga" lemma="kug" pos="AJ" label="shining">kug-ga</w>
<w form="dug4-ga-ni" lemma="dug4" pos="V" label="to say">dug4-ga-ni</w>
<w form="dijir-ra-ni" lemma="dijir" pos="N" label="deity">dijir-ra-ni</w>
<w form="cu" lemma="cu" pos="N" label="hand">cu</w>
<w form="ba-ci-in-ti" lemma="te" pos="V" label="to approach">ba-ci-in-ti</w>
</l>
<l n="123" id="c524.A.123" corresp="t524.p14">
<w form="juruc-e" lemma="juruc" pos="N" label="young man">juruc-e</w>
<w form="inim" lemma="inim" pos="N" label="word">inim</w>
<w form="a-ra-zu-a" lemma="a-ra-zu" pos="N" label="supplication">a-ra-zu-a</w>
<w form="mi-ni-in-zu-a-ni" lemma="zu" pos="V" label="to know">mi-ni-in-zu-a-ni</w>
</l>
<l n="124" id="c524.A.124" corresp="t524.p14">
<damage/>
<w form="cudu3" lemma="cudu3" pos="N" label="prayer">cudu3</w>
<damageEnd/>
<w form="ku3-ug" lemma="kug" pos="AJ" label="shining">ku3-ug</w>
<w form="su" lemma="su" pos="N" label="flesh">su</w>
<w form="dijir-ra-na-ka" lemma="dijir" pos="N" label="deity">dijir-ra-na-ka</w>
<w form="i3" lemma="i3" pos="N" label="fatty substance">i3</w>
<w form="li" lemma="li" pos="AJ" label="fine">li</w>
<w form="i3-ak" lemma="ak" pos="V" label="to do">i3-ak</w>
</l>
<l n="125" id="c524.A.125" corresp="t524.p14">
<w form="dijir-ra-ni" lemma="dijir" pos="N" label="deity">dijir-ra-ni</w>
<w form="inim" lemma="inim" pos="N" label="word">inim</w>
<w form="hul-jal2-ta" lemma="hul-jal2" pos="AJ" label="evil">hul-jal2-ta</w>
<w form="cu-ni" lemma="cu" pos="N" label="hand">cu-ni</w>
<w form="ba-ra-an-gid2" lemma="gid2" pos="V" label="to be long">ba-ra-an-gid2</w>
</l>
<l n="126" id="c524.A.126" corresp="t524.p14">
<w form="cag4" lemma="cag4" pos="N" label="heart">cag4</w>
<w form="sag3-ge" lemma="sag3" pos="V" label="to beat">sag3-ge</w>
<w form="dam-bi" lemma="dam" pos="N" label="spouse">dam-bi</w>
<w form="nu-me-en-na" lemma="dug4" pos="V" label="to say" form-type="ppli">nu-me-en-na</w>
<w form="gu2" lemma="gu2" pos="N" label="neck">gu2</w>
<w form="in-da-la2-e" lemma="la2" pos="V" label="to hang">in-da-la2-e</w>
<w form="a" lemma="a" pos="N" label="water">a</w>
<w form="cejx" lemma="cej3" pos="N" label="rain">cejx(IM.A)</w>
<w form="im-ma-ab-X" lemma="X" pos="V" label="X">im-ma-ab-<supplied/>X</w>
<suppliedEnd/>
</l>
<l n="127" id="c524.A.127" corresp="t524.p14">
<w form="zarah-e" lemma="zarah" pos="N" label="grief">zarah-e</w>
<w form="a2" lemma="a2" pos="N" label="arm">a2</w>
<w form="mu-ni-tal2-tal2-la" lemma="tal2" pos="V" label="to be broad" form-type="RR">mu-ni-tal2-tal2-la</w>
<w form="lil2-ce3" lemma="lil2" pos="N" label="ghost">lil2-ce3</w>
<w form="im-mi-in-sag3" lemma="sag3" pos="V" label="to beat">im-mi-in-sag3</w>
</l>
<l n="128" id="c524.A.128" corresp="t524.p14">
<supplied/>
<w form="a-nir" lemma="a-nir" pos="N" label="lament">a<suppliedEnd/>-<damage/>nir</w>
<damageEnd/>
<w form="URU&ki;" lemma="ulu3" pos="N" label="south wind (storm)" det="&ki;">URU&ki;</w>
<w form="ak-gin7" lemma="ak" pos="V" label="to do">ak-gin7</w>
<w form="mu-un-sig10-ga" lemma="sig10" pos="V" label="to place">mu-un-sig10-ga</w>
<w form="sug-ge4" lemma="sug" pos="N" label="marsh">sug-ge4</w>
<w form="im-mi-in-gu7" lemma="gu7" pos="V" label="to eat">im-mi-in-gu7</w>
</l>
<l n="129" id="c524.A.129" corresp="t524.p14">
<supplied/>
<w form="nam-tar-ra" lemma="nam-tar" pos="N" type="DN" label="Namtar">nam<suppliedEnd/>-<damage/>tar<damageEnd/>-ra</w>
<w form="su-a-na" lemma="su" pos="N" label="flesh">su-a-na</w>
<w form="mu-un-jal2-la" lemma="jal2" pos="V" label="to be (located)">mu-un-jal2-la</w>
<w form="bu3" lemma="bur12" pos="V" label="to tear out">bu3</w>
<w form="mu-na-an-ak" lemma="ak" pos="V" label="to do">mu-na-an-ak</w>
</l>
<l n="130" id="c524.A.130" corresp="t524.p15">
<damage/>
<w form="juruc-a" lemma="juruc" pos="N" label="young man">juruc<damageEnd/>-a</w>
<w form="du-lum-ma-ni" lemma="du-lum" pos="N" label="toil">du-lum-ma-ni</w>
<w form="hul2-la" lemma="hul2" pos="V" label="to be happy">hul2-la</w>
<w form="mu-ni-in-kur9" lemma="kur9" pos="V" label="to enter">mu-ni-in-kur9</w>
</l>
<l n="131" id="c524.A.131" corresp="t524.p15">
<w form="&d;udug" lemma="udug" pos="N" label="type of demon" det="&d;">&d;udug</w>
<w form="sig5" lemma="sig5" pos="V" label="to be fine">sig5</w>
<w form="ka-e" lemma="ka" pos="N" label="mouth"><unclear cert="qry">ka</unclear>-e</w>
<w form="en-nu-uj3" lemma="en-nu-uj3" pos="N" label="guard">en-nu-uj3</w>
<w form="ak" lemma="ak" pos="V" label="to do">ak</w>
<w form="mackim" lemma="mackim" pos="N" label="judicial officer">mackim</w>
<w form="mu-un-da-an-tab" lemma="tab" pos="V" label="to be parallel">mu-un-da-an-tab</w>
</l>
<l n="132" id="c524.A.132" corresp="t524.p15">
<w form="&d;lamma-&d;lamma" lemma="lamma" pos="N" label="guardian deity" form-type="RR" det="&d;">&d;lamma-&d;lamma</w>
<w form="igi" lemma="igi" pos="N" label="eye">igi</w>
<w form="sag9" lemma="sag9" pos="V" label="to be good">sag9</w>
<w form="mu-na-an-cum2" lemma="cum2" pos="V" label="to give">mu-na-an-cum2</w>
</l>
<l n="133" id="c524.A.133" corresp="t524.p15">
<supplied/>
<w form="juruc-e" lemma="juruc" pos="N" label="young man">juruc-e</w>
<suppliedEnd/>
<w form="nam-mah" lemma="nam-mah" pos="N" label="majesty">nam-mah</w>
<w form="dijir-ra-na" lemma="dijir" pos="N" label="deity">dijir-ra-na</w>
<w form="zid-de3-ec-ce3" lemma="zid" pos="AJ" label="right">zid-de3-ec-<damage/>ce3</w>
<damageEnd/>
<supplied/>
<w form="im-me" lemma="dug4" pos="V" label="to say" form-type="ppli">im-me</w>
<suppliedEnd/>
</l>
<l n="134" id="c524.A.134" corresp="t524.p15">
<supplied/>
<w form="&X;" lemma="&X;" label="&X;">&X;</w>
<suppliedEnd/>
<w form="X" lemma="X" label="X">X</w>
<w form="mi-ni-ib-e3-ec" lemma="e3" pos="V" label="to go out or in">mi-ni-ib-e3-<unclear cert="qry">ec</unclear></w>
<supplied/>
<w form="&X;" lemma="&X;" label="&X;">&X;</w>
<suppliedEnd/>
<w form="E" lemma="E" label="E"><unclear cert="qry">E</unclear></w>
<w form="bi2-zu-zu" lemma="zu" pos="V" label="to know" form-type="RR">bi2-zu-<unclear cert="cor">zu</unclear></w>
<supplied/>
<w form="&X;" lemma="&X;" label="&X;">&X;</w>
<suppliedEnd/>
</l>
<l n="135" id="c524.A.135" corresp="t524.p15">
<supplied/>
<w form="&X;-te-en-te-en" lemma="ten" pos="V" label="to extinguish">&X;<suppliedEnd/>-te-en-te-<supplied/>en</w>
<suppliedEnd/>
</l>
<l n="136" id="c524.A.136" corresp="t524.p15">
<supplied/>
<w form="za-da" lemma="za" pos="PD" type="personal" label="you (sg.)">za-da</w>
<w form="nir" lemma="nir" pos="N" label="authority">nir</w>
<w form="ha-ba-an-jal2" lemma="jal2" pos="V" label="to be (located)">ha<suppliedEnd/>-<damage/>ba<damageEnd/>-an-jal2</w>
<supplied/>
<w form="&X;-ba" lemma="&X;" label="&X;">&X;<suppliedEnd/>-<damage/>ba</w>
<damageEnd/>
<w form="zi-bi" lemma="zi" pos="N" label="life (breath)">zi-bi</w>
<w form="ga-i-i" lemma="i" pos="V" label="to bring out" form-type="RR">ga-i-<unclear cert="qry">i</unclear></w>
</l>
<l n="137" id="c524.A.137" corresp="t524.p16">
<supplied/>
<w form="X" lemma="X" label="X">X</w>
<w form="X" lemma="X" label="X">X</w>
<suppliedEnd/>
<w form="za-ra" lemma="za" pos="PD" type="personal" label="you (sg.)">za-ra</w>
<w form="&d;utu" lemma="utu" pos="N" type="DN" label="Utu" det="&d;">&d;utu</w>
<w form="e3-gin7" lemma="e3" pos="V" label="to go out or in">e3-gin7</w>
<w form="igi-ju10" lemma="igi" pos="N" label="eye">igi-ju10</w>
<w form="he2-mu-e-ci-ni-jal2" lemma="jal2" pos="V" label="to be (located)">he2-mu-e-ci-ni-jal2</w>
</l>
<l n="138" id="c524.A.138" corresp="t524.p16">
<w form="&d;nin-mah" lemma="nin-mah" pos="N" type="DN" label="Ninma&h;" det="&d;"><supplied/>&d;<suppliedEnd/><damage/>nin<damageEnd/>-mah</w>
<w form="UN" lemma="UN" label="UN">UN</w>
<w form="jickim" lemma="jickim" pos="N" label="sign">jickim</w>
<w form="til3-la-gin7" lemma="til3" pos="V" label="to live">til3-la-gin7</w>
<w form="a2" lemma="a2" pos="N" label="arm">a2</w>
<w form="nun" lemma="nun" pos="N" label="prince">nun</w>
<w form="he2-me-te-jal2" lemma="jal2" pos="V" label="to be (located)">he2-me-te-jal2</w>
</l>
<l n="139" id="c524.A.139" corresp="t524.p16">
<damage/>
<w form="dijir-ju10" lemma="dijir" pos="N" label="deity">dijir<damageEnd/>-ju10</w>
<w form="igi" lemma="igi" pos="N" label="eye">igi</w>
<w form="zid" lemma="zid" pos="AJ" label="right">zid</w>
<w form="nam-til3-la-zu" lemma="nam-til3" pos="N" label="life">nam-til3-la-zu</w>
<w form="su3-ud-ce3" lemma="sud" pos="V" label="to be distant">su3-ud-ce3</w>
<w form="he2-me-du8" lemma="du8" pos="V" label="to spread">he2-me-du8</w>
</l>
<l n="140" id="c524.A.140" corresp="t524.p16">
<supplied/>
<w form="X" lemma="X" label="X">X</w>
<w form="X" lemma="X" label="X">X</w>
<w form="nam-kalag" lemma="nam-kalag-ga" pos="N" label="strength">nam<suppliedEnd/>-<unclear cert="qry">kalag</unclear></w>
<w form="kug-kug-ga-zu" lemma="kug" pos="AJ" label="shining" form-type="RR">kug-kug-ga-zu</w>
<supplied/>
<w form="dug3-ge-ec2" lemma="dug3" pos="V" label="to be good">dug3<suppliedEnd/>-<damage/><unclear cert="qry">ge</unclear><damageEnd/>-ec2</w>
<w form="ga-an-pad3-pad3" lemma="pad3" pos="V" label="to find" form-type="RR">ga-an-pad3-pad3</w>
</l>
<l n="141" id="c524.A.141" corresp="t524.p16">
<supplied/>
<w form="cag4" lemma="cag4" pos="N" label="heart">cag4</w>
<w form="X" lemma="X" label="X">X</w>
<suppliedEnd/>
<w form="X" lemma="X" label="X">X</w>
<damage/>
<w form="a" lemma="a" pos="N" label="water">a</w>
<damageEnd/>
<w form="zig3-zu" lemma="zig3" pos="V" label="to rise">zig3-zu</w>
<w form="ki-bi" lemma="ki" pos="N" label="place"><unclear cert="qry">ki</unclear>-<supplied/>bi</w>
<suppliedEnd/>
<w form="ha-ma-gi4-gi4" lemma="gi4" pos="V" label="to return" form-type="RR">ha-ma-gi4-gi4</w>
</l>
<l n="142" id="c524.A.142" corresp="t524.p16">
<supplied/>
<w form="nam-tag-ju10" lemma="nam-tag" pos="N" label="sin">nam-tag-ju10</w>
<suppliedEnd/>
<w form="he2-mu-e-du8" lemma="du8" pos="V" label="to spread">he2-mu-e-du8</w>
</l>
<l n="143" id="c524.A.143" corresp="t524.p16">
<supplied/>
<w form="cag4-zu" lemma="cag4" pos="N" label="heart">cag4<suppliedEnd/>-<damage/><unclear cert="qry">zu</unclear></w>
<damageEnd/>
<w form="ha-ma-huj-e" lemma="huj" pos="V" label="to hire">ha-ma-<unclear cert="qry">huj</unclear>-e</w>
</l>
<trailer place="rubric" type="jicgijal">
<l n="144" id="c524.A.144" corresp="t524.p17">
<damage/>
<w form="jic-gi4-jal2" lemma="jic-gi4-jal2" pos="N" label="composition-division">jic<damageEnd/>-gi4-jal2</w>
</l>
</trailer>
</lg>
<trailer place="subscript" type="ercagneca">
<l n="145" id="c524.A.145" corresp="t524.p18">
<w form="er2-cag4-ne-ca4" lemma="er2-cag4-ne-ca4" pos="N" label="type of composition">er2-cag4-ne-ca4</w>
</l>
<l n="146" id="c524.A.146" corresp="t524.p18">
<w form="dijir" lemma="dijir" pos="N" label="deity">dijir</w>
<w form="lu2-ulu3-kam" lemma="lu2-ulu3" pos="N" label="person">lu2-ulu3-kam</w>
<note lang="eng" target="c524.A.145">lines 144 and 145 are written as one line in source</note>
</l>
</trailer>
</body>
</text>
</TEI.2>
