<TEI.2 id="c.5.7.a">
<teiHeader lang="eng">
<fileDesc>
<titleStmt>
<title>Public announcement of the loss of a seal -- a composite transliteration</title>
<respStmt><name>John Baines</name><resp>Project Director</resp></respStmt>
<respStmt><name>Graham Cunningham</name><resp>Senior Editor</resp></respStmt>
<respStmt><name>Jarle Ebeling</name><resp>Technical Developer</resp></respStmt>
<respStmt><name>Eleanor Robson</name><resp>Project Associate</resp></respStmt>
<respStmt><name>Jon Taylor</name><resp>Project Associate</resp></respStmt>
<respStmt><name>G&aacute;bor Z&oacute;lyomi</name><resp>Project Associate</resp></respStmt>
</titleStmt>
<publicationStmt>
<distributor>The Electronic Text Corpus of Sumerian Literature
</distributor><address><addrLine>The Oriental Institute, University of Oxford, Pusey Lane, Oxford OX1 2LE, UK, email etcsl&commat;orinst.ox.ac.uk, http://etcsl.orinst.ox.ac.uk</addrLine></address>
<date>2005</date>
</publicationStmt>
<seriesStmt><p>The Electronic Text Corpus of Sumerian Literature aims to make accessible over 400 literary works composed in the Sumerian language in ancient Mesopotamia during the late third and early second millennia BCE. The works are in Sumerian composite transliteration and English prose translation with bibliographical information on each composition.</p></seriesStmt>
<sourceDesc>
<listBibl type="secondary">
<bibl><xref from="b194">Ali 1964</xref><biblScope type="page">113-116</biblScope><biblScope type="contents">composite text, score transliteration, translation, handcopy, commentary</biblScope><note>hand copies in pls.</note></bibl>
<bibl><xref from="b936">Ali 1964a</xref><biblScope type="contents">composite text, translation</biblScope><note>improved edition</note></bibl>
<bibl><xref from="b937">Hallo 1977</xref><biblScope type="page">56-57</biblScope><biblScope type="contents">commentary</biblScope><note>partly transliterated new mss.: NBC 7800, YBC 12074</note></bibl>
<bibl><xref from="b678">Civil 1972</xref><biblScope type="page">89-90</biblScope><biblScope type="contents">commentary</biblScope><note>new ms.: CBS 10346</note></bibl>
<bibl><xref from="b98">Hallo 1968</xref><biblScope type="page">88 note 113</biblScope><biblScope type="contents">commentary</biblScope><note>new mss.: NBC 7800, YBC 12074</note></bibl>
<bibl><xref from="b742">Neumann 1992</xref><biblScope type="page">87-88</biblScope><biblScope type="contents">commentary</biblScope></bibl>
<bibl><xref from="b938">Steinkeller 1977</xref><biblScope type="page">48-49</biblScope><biblScope type="contents">commentary</biblScope></bibl>
<bibl><xref from="b737">Wilcke 1970a</xref><biblScope type="page">67-69</biblScope><biblScope type="contents">commentary</biblScope><note></note></bibl>
</listBibl>
<listBibl type="tablets">
<bibl><biblScope type="museumNumber">Ni 3023 (SLTN 131) + Ni 4144 (ISET 2 123) + Ni 4452 (ISET 2 121) + Ni 4473 (ISET 2 22) + Ni 4483 (ISET 1 101) + Ni 4484 (ISET 1 67)</biblScope><biblScope type="provenance">Nippur</biblScope><biblScope type="composLines">Ni 3023 rev. i 6'-17' = 1-12</biblScope><note>cf. Civil, OrNS 41 (1972) 89</note></bibl>
<bibl><biblScope type="museumNumber">CBS 2231 (PBS 5 65) rev. ii 4' -15'</biblScope><biblScope type="provenance">Nippur</biblScope><biblScope type="composLines">1-11</biblScope></bibl>
<bibl><biblScope type="museumNumber">Ni 9701 (ISET 2 114) + N 3264 + N 3266 + N 3294 + N 3301 + N 3303 + N 3308 + N 3310 + UM 29-16-139 (Ali, SL pls. 24-25)</biblScope><biblScope type="provenance">Nippur</biblScope><biblScope type="composLines">UM 29-16-139 rev. i 8'-14' = 1-7</biblScope><note>cf. Civil, Farmer's 177</note></bibl>
<bibl><biblScope type="museumNumber">CBS 13968 (Ali, SL pl. 39) rev. 9'-19'</biblScope><biblScope type="provenance">Nippur</biblScope><biblScope type="composLines">1-11</biblScope><note>1-11</note></bibl>
<bibl><biblScope type="museumNumber">UM 29-15-384 obv. 1-3</biblScope><biblScope type="provenance">Nippur</biblScope><biblScope type="composLines">10-12</biblScope></bibl>
<bibl><biblScope type="museumNumber">NBC 7800</biblScope><note>cf. Hallo, JAOS 88 (1968) 88 note 113, and BiMes 6 (1977) 56</note></bibl>
<bibl><biblScope type="museumNumber">YBC 12074</biblScope><note>cf. Hallo, JAOS 88 (1968) 88, note 113, and BiMes 6 (1977) 56</note></bibl>
<bibl><biblScope type="museumNumber">CBS 10346</biblScope><biblScope type="provenance">Nippur</biblScope><note>cf. Civil, OrNS 41 (1972) 90, s.v. G</note></bibl>
</listBibl>
</sourceDesc>
</fileDesc>
<profileDesc>
<textClass>
<classCode scheme="LCB"/>
</textClass>
</profileDesc>
<revisionDesc>
<change><date>10.x.2005-21.x.2005</date><respStmt><name>GC</name><resp>senior editor</resp></respStmt>
<item>standardisation</item></change>
<change><date>24.x.2005-28.x.2005</date><respStmt><name>GC</name><resp>senior editor</resp></respStmt>
<item>lemmatisation</item></change>
<change><date>31.x.2005-11.xi.2005</date><respStmt><name>GC</name><resp>senior editor</resp></respStmt>
<item>XML/TEI conversion</item></change>
<change><date>16.i.2006-27.i.2006</date><respStmt><name>ER/GZ</name><resp>project associate/project associate</resp></respStmt>
<item>proofreading</item></change>
<change><date>28.ii.2006</date><respStmt><name>JE</name><resp>technical developer</resp></respStmt>
<item>XML/TEI validation</item></change>
<change><date>01.iii.2006</date><respStmt><name>JE</name><resp>technical developer</resp></respStmt>
<item>web publication</item></change>
</revisionDesc>
</teiHeader>
<text lang="sux">
<body>
<l n="1" id="c57a.1" corresp="t57a.p1">
<w form="kicib" lemma="kicib" pos="N" label="cylinder seal">kicib</w>
<w form="mu" lemma="mu" pos="N" label="name">mu</w>
<w form="sar" lemma="sar" pos="V" label="to write">sar</w>
<w form="ur-DUN" lemma="ur-DUN" pos="N" type="PN" label="Ur-DUN">ur-DUN</w>
<w form="dam-gar3-ra" lemma="dam-gara3" pos="N" label="merchant">dam-gar3-ra</w>
<phr type="VP" lemma="u2-gu de2" label="to lose">
<w form="u2-gu" lemma="u2-gu" pos="N" label="noun part of multiword verb">u2-gu</w>
<w form="ba-an-de2" lemma="de2" pos="V" label="to pour">ba-an-de2</w>
</phr>
</l>
<l n="2" id="c57a.2" corresp="t57a.p1">
<w form="inim" lemma="inim" pos="N" label="word">inim</w>
<w form="pu-uh2-ru-um-ma-ta" lemma="pu-uh2-ru-um" pos="N" label="assembly">pu-uh2-ru-um-ma-ta</w>
</l>
<l n="3" id="c57a.3" corresp="t57a.p1">
<w form="nijir-e" lemma="nijir" pos="N" label="herald">nijir-e</w>
<w form="sila-sila-a" lemma="sila" pos="N" label="street" form-type="RR">sila-sila-a</w>
<w form="si" lemma="si" pos="N" label="horn">si</w>
<w form="gu3" lemma="gu3" pos="N" label="voice">gu3</w>
<w form="ba-ni-in-ra" lemma="ra" pos="V" label="to beat">ba-ni-in-ra</w>
</l>
<l n="4" id="c57a.4" corresp="t57a.p1">
<w form="lu2" lemma="lu2" pos="N" label="person">lu2</w>
<w form="na-me" lemma="na-me" pos="PD" type="indefinite" label="any">na-me</w>
<w form="nij2" lemma="nij2" pos="N" label="thing">nij2</w>
<w form="na-me" lemma="na-me" pos="PD" type="indefinite" label="any">na-me</w>
<w form="ugu-na" lemma="ugu" pos="N" label="skull">ugu-na</w>
<w form="li-bi2-in-tuku" lemma="tuku" pos="V" label="to have">li-bi2-in-tuku</w>
</l>
<l n="5" id="c57a.5" corresp="t57a.p2">
<addSpan to="c57a.v1" type="primary"/>
<w form="&m;lu2-&d;suen-na" lemma="lu2-suen-na" pos="N" type="PN" label="Lu-Suena" npart="DN:Suen" det="&m; &d;">&m;lu2-&d;suen-na</w>
<anchor id="c57a.v1"/>
<addSpan to="c57a.v2" type="secondary"/>
<note id="c57a.n1" lang="eng" target="c57a.v1">1 ms. has instead:</note>
<w form="lu2-gen6-na" lemma="lu2-gen6-na" pos="N" type="PN" label="Lu-gena">lu2-gen6-na</w>
<anchor id="c57a.v2"/>
<w form="cagina" lemma="cagina" pos="N" label="general">cagina</w>
</l>
<altGrp><alt targType="addSpan" targets="c57a.v1 c57a.v2"/></altGrp>
<l n="6" id="c57a.6" corresp="t57a.p2">
<w form="&m;lugal-me-lem4" lemma="lugal-me-lem4" pos="N" type="PN" label="Lugal-melem">&m;lugal-me-lem4</w>
<w form="ensi2" lemma="ensi2" pos="N" label="(city) ruler">ensi2</w>
<w form="sajja" lemma="sajja" pos="N" label="temple administrator">sajja</w>
</l>
<addSpan to="c57a.v3" type="additional"/>
<note id="c57a.n2" lang="eng" target="c57a.v3">1 ms. adds the line:</note>
<l n="6A" id="c57a.6A" corresp="t57a.p2">
<w form="KA-KA-ne-ne" lemma="KA" label="KA" form-type="RR">KA-KA-ne-<unclear cert="qry">ne</unclear></w>
<w form="ba-an-me-ec" lemma="me" pos="V" label="to be">ba-an-me-ec</w>
<w form="kicib-ba-ne-ne" lemma="kicib" pos="N" label="cylinder seal">kicib-ba-ne-ne</w>
<w form="in-X-ec" lemma="X" pos="V" label="X">in-X-ec</w>
</l>
<anchor id="c57a.v3"/>
<l n="7" id="c57a.7" corresp="t57a.p2">
<w form="&m;zu-zu" lemma="zu-zu" pos="N" type="PN" label="Zuzu" form-type="RR" det="&m;">&m;zu-zu</w>
<w form="um-mi-a" lemma="um-mi-a" pos="N" label="scholar">um-mi-a</w>
</l>
<l n="8" id="c57a.8" corresp="t57a.p2">
<w form="&m;si-du3" lemma="si-du3" pos="N" type="PN" label="Si-du" det="&m;">&m;si-du3</w>
<w form="dub-sar" lemma="dub-sar" pos="N" label="scribe">dub-sar</w>
</l>
<l n="9" id="c57a.9" corresp="t57a.p2">
<w form="&m;al-lub" lemma="al-lub" pos="N" type="PN" label="Allub" det="&m;">&m;al-lub</w>
<damage/>
<w form="ajrig" lemma="ajrig" pos="N" label="housekeeper">ajrig</w>
<damageEnd/>
</l>
<l n="10" id="c57a.10" corresp="t57a.p2">
<w form="&m;ba-an-sag9-ge-en" lemma="ba-an-sag9-ge-en" pos="N" type="PN" label="Bansagen" det="&m;">&m;ba-an-sag9-ge-en</w>
<w form="gala" lemma="gala" pos="N" label="lament singer">gala</w>
</l>
<l n="11" id="c57a.11" corresp="t57a.p2">
<w form="&m;ul-li2-a" lemma="ul-li2-a" pos="N" type="PN" label="Ullia" det="&m;">&m;ul-li2-a</w>
<w form="ha-za-nu-um" lemma="ha-za-nu-um" pos="N" label="mayor">ha-za-nu-um</w>
</l>
<l n="12" id="c57a.12" corresp="t57a.p2">
<w form="nijir" lemma="nijir" pos="N" label="herald">nijir</w>
<w form="lu2-ki-inim-ma-me" lemma="lu2-ki-inim-ma" pos="N" label="witness">lu2-ki-inim-ma-<supplied/>me</w>
<suppliedEnd/>
</l>
</body>
</text>
</TEI.2>
