<TEI.2 id="c.6.1.22">
<teiHeader lang="eng">
<fileDesc>
<titleStmt>
<title>Proverbs: collection 22 -- a composite transliteration</title>
<respStmt><name>Jeremy Black</name><resp>Project Director and Editor</resp></respStmt>
<respStmt><name>G&aacute;bor Z&oacute;lyomi</name><resp>Editor</resp></respStmt>
<respStmt><name>Graham Cunningham</name><resp>Senior Editor</resp></respStmt>
<respStmt><name>Jon Taylor</name><resp>Editor</resp></respStmt>
<respStmt><name>Eleanor Robson</name><resp>Technical Developer</resp></respStmt>
<respStmt><name>Jarle Ebeling</name><resp>Technical Developer</resp></respStmt>
</titleStmt>
<publicationStmt>
<distributor>The Electronic Text Corpus of Sumerian Literature
</distributor><address><addrLine>The Oriental Institute, University of Oxford, Pusey Lane, Oxford OX1 2LE, UK, email etcsl&commat;orinst.ox.ac.uk, http://etcsl.orinst.ox.ac.uk</addrLine></address>
<date>2003</date>
</publicationStmt>
<seriesStmt><p>The Electronic Text Corpus of Sumerian Literature aims to make accessible over 400 literary works composed in the Sumerian language in ancient Mesopotamia during the late third and early second millennia BC. The works are in Sumerian composite transliteration and English prose translation with bibliographical information on each composition.</p></seriesStmt>
<sourceDesc>
<listBibl type="secondary">
<bibl><xref from="b83">Alster 1997a</xref><biblScope type="page">261-269, 445-448</biblScope><biblScope type="contents">translation, score transliteration</biblScope></bibl>
</listBibl>
<listBibl type="tablets">
<bibl><biblScope type="museumNumber">Oriental Institute, Chicago, unnumbered</biblScope></bibl>
</listBibl>
</sourceDesc>
</fileDesc>
<revisionDesc>
<change><date>24.i.2002</date><respStmt><name>JT</name><resp>editor</resp></respStmt>
<item>standardisation</item></change>
<change><date>27.iii.2002</date><respStmt><name>JAB</name><resp>editor</resp></respStmt>
<item>proofreading</item></change>
<change><date>13.xii.2002</date><respStmt><name>GC</name><resp>editor</resp></respStmt>
<item>SGML tagging</item></change>
<change><date>20.vi.2003</date><respStmt><name>JE</name><resp>editor</resp></respStmt>
<item>web publication</item></change>
<change><date>01.vi.2003</date><respStmt><name>GC/JE</name><resp>editor/technical developer</resp></respStmt>
<item>XML/TEI conversion</item></change>
<change><date>30.iii.2005</date><respStmt><name>GC/JE</name><resp>senior editor/technical developer</resp></respStmt>
<item>lemmatised version published</item></change>
</revisionDesc>
</teiHeader>
<text lang="sux">
<body>
<gap extent="approx. 18 lines missing"/>
<lg id="c.6.1.22.19" type="proverb" n="22.ll.19-20">
<note lang="eng">cf. <xref doc="c.6.1.03" from="c.6.1.03.112">6.1.03.112</xref>, <xref doc="c.6.1.28" from="c.6.1.28.28">6.1.28.28</xref>, <xref doc="c.6.2.3" from="c623.31.4">6.2.3: UET 6/2 311 ll. 4-5</xref></note>
<l n="19" id="c6122.22.ll.19-20.19" corresp="t6122.p1">
<supplied/>
<w form="&X;" lemma="&X;" label="&X;">&X;</w>
<suppliedEnd/>
<w form="NA" lemma="NA" label="NA"><unclear cert="qry">NA</unclear></w>
<supplied/>
<w form="&X;-de3" lemma="&X;" label="&X;">&X;<suppliedEnd/>-de3</w>
</l>
<l n="20" id="c6122.22.ll.19-20.20" corresp="t6122.p1">
<supplied/>
<w form="ku6-ta" lemma="ku6" pos="N" label="fish">ku6-ta</w>
<suppliedEnd/>
<w form="jiri3-pax-ra2" lemma="jiri3-pax-ra2" pos="N" label="bone">jiri3-pax(PAD)-ra2</w>
<supplied/>
<w form="&X;" lemma="&X;" label="&X;">&X;</w>
<suppliedEnd/>
<damage/>
<w form="ab-de5-de5-ge" lemma="de5" pos="V" label="to collect" form-type="RR"><unclear cert="qry">ab</unclear><damageEnd/>-de5-de5-ge</w>
</l>
</lg>
<lg id="c.6.1.22.21" type="proverb" n="22.ll.21-25">
<note lang="eng">cf. <xref doc="c.6.2.3" from="c623.31.6">6.2.3: UET 6/2 311 l. 6</xref></note>
<l n="21" id="c6122.22.ll.21-25.21" corresp="t6122.p2">
<supplied/>
<w form="&X;-ju10" lemma="&X;" label="&X;">&X;<suppliedEnd/>-<damage/>ju10</w>
<damageEnd/>
<w form="za-e" lemma="za" pos="PD" type="personal" label="you (sg.)">za-e</w>
<w form="NE" lemma="NE" label="NE">NE</w>
<w form="KA" lemma="KA" label="KA">KA</w>
</l>
<l n="22" id="c6122.22.ll.21-25.22" corresp="t6122.p2">
<supplied/>
<w form="&X;-da-la2-en" lemma="la2" pos="V" label="to hang">&X;<suppliedEnd/>-da-la2-en</w>
</l>
<l n="23" id="c6122.22.ll.21-25.23" corresp="t6122.p2">
<supplied/>
<w form="&X;-sag9-ge" lemma="sag9" pos="V" label="to be good">&X;<suppliedEnd/>-<damage/>sag9<damageEnd/>-ge</w>
</l>
<l n="24" id="c6122.22.ll.21-25.24" corresp="t6122.p2">
<supplied/>
<w form="&X;" lemma="&X;" label="&X;">&X;</w>
<suppliedEnd/>
<w form="X-te-e" lemma="te" pos="V" label="to approach">X-<damage/><unclear cert="qry">te</unclear>-e</w>
<damageEnd/>
</l>
<l n="25" id="c6122.22.ll.21-25.25" corresp="t6122.p2">
<supplied/>
<w form="&X;" lemma="&X;" label="&X;">&X;</w>
<suppliedEnd/>
<w form="X-e" lemma="X" label="X">X-<damage/>e</w>
<damageEnd/>
</l>
</lg>
<lg id="c.6.1.22.26" type="proverb" n="22.ll.26-27">
<note lang="eng">cf. <xref doc="c.6.1.01" from="c.6.1.01.153">6.1.01.153</xref>, <xref doc="c.6.1.03" from="c.6.1.03.9">6.1.03.9</xref>, <xref doc="c.6.1.16" from="c.6.1.16.b5">6.1.16.b5</xref>, <xref doc="c.6.1.23" from="c.6.1.23.7">6.1.23.7</xref></note>
<l n="26" id="c6122.22.ll.26-27.26" corresp="t6122.p3">
<supplied/>
<w form="&X;" lemma="&X;" label="&X;">&X;</w>
<suppliedEnd/>
<w form="X" lemma="X" label="X">X</w>
<w form="il2" lemma="il2" pos="V" label="to raise">il2</w>
</l>
<l n="27" id="c6122.22.ll.26-27.27" corresp="t6122.p3">
<supplied/>
<w form="&X;" lemma="&X;" label="&X;">&X;</w>
<suppliedEnd/>
<damage/>
<w form="il2" lemma="il2" pos="V" label="to raise">il2</w>
<damageEnd/>
</l>
</lg>
<gap extent="4 lines missing"/>
<lg id="c.6.1.22.32" type="proverb" n="22.l.32">
<l n="32" id="c6122.22.l.32.32" corresp="t6122.p4">
<supplied/>
<w form="&X;" lemma="&X;" label="&X;">&X;</w>
<suppliedEnd/>
<w form="X" lemma="X" label="X">X</w>
</l>
</lg>
<lg id="c.6.1.22.33" type="proverb" n="22.l.33">
<note lang="eng">cf. <xref doc="c.6.1.01" from="c.6.1.01.125">6.1.01.125</xref>, <xref doc="c.6.1.14" from="c.6.1.14.41">6.1.14.41</xref>, <xref doc="c.6.1.23" from="c.6.1.23.2">6.1.23.2</xref></note>
<l n="33" id="c6122.22.l.33.33" corresp="t6122.p5">
<distinct type="emesal">
<supplied/>
<w form="mu-ud-na-ju10" lemma="nitalam" pos="N" label="spouse" emesal="mu-ud-na">mu<suppliedEnd/>-<damage/>ud<damageEnd/>-na-<supplied/>ju10</w>
<suppliedEnd/>
</distinct>
<supplied/>
<w form="jiri3-pax-ra2" lemma="jiri3-pax-ra2" pos="N" label="bone">jiri3-pax(PAD)-ra2</w>
<suppliedEnd/>
<damage/>
<w form="cag4" lemma="cag4" pos="N" label="heart">cag4</w>
<w form="ku6-ta" lemma="ku6" pos="N" label="fish">ku6-ta</w>
<damageEnd/>
<supplied/>
<w form="&X;-de5-de5-ge" lemma="de5" pos="V" label="to collect">&X;<suppliedEnd/>-<damage/>de5<damageEnd/>-de5-ge</w>
</l>
</lg>
<lg id="c.6.1.22.34" type="proverb" n="22.l.34">
<note lang="eng">cf. <xref doc="c.6.1.01" from="c.6.1.01.126">6.1.01.126</xref>, <xref doc="c.6.1.14" from="c.6.1.14.42">6.1.14.42</xref>, <xref doc="c.6.1.19" from="c.6.1.19.c6">6.1.19.c6</xref>, <xref doc="c.6.2.3" from="c623.h8">6.2.3: UET 6/2 284</xref></note>
<l n="34" id="c6122.22.l.34.34" corresp="t6122.p6">
<supplied/>
<w form="u2" lemma="u2" pos="N" label="plant">u2</w>
<w form="dam-gin7" lemma="dam" pos="N" label="spouse">dam<suppliedEnd/>-<damage/><unclear cert="qry">gin7</unclear></w>
<damageEnd/>
<distinct type="emesal">
<w form="ze2-ba" lemma="dug3" pos="V" label="to be good" emesal="ze2-eb">ze2-ba</w>
</distinct>
<supplied/>
<w form="edin-na" lemma="edin" pos="N" label="open country">edin-na</w>
<w form="nu-un-mu2" lemma="mu2" pos="V" label="to grow">nu<suppliedEnd/>-<damage/>un<damageEnd/>-mu2</w>
</l>
</lg>
<lg id="c.6.1.22.35" type="proverb" n="22.ll.35-37">
<note lang="eng">cf. <xref doc="c.6.1.14" from="c.6.1.14.45">6.1.14.45</xref>, <xref doc="c.6.2.5" from="c625.9.6">6.2.5: UM 29-15-748 ll. 6-7</xref></note>
<l n="35" id="c6122.22.ll.35-37.35" corresp="t6122.p7">
<supplied/>
<w form="cah2" lemma="cah2" pos="N" label="pig">cah2</w>
<w form="&X;" lemma="&X;" label="&X;">&X;</w>
<suppliedEnd/>
<w form="X" lemma="X" label="X">X</w>
<w form="il2-e" lemma="il2" pos="V" label="to raise">il2-e</w>
</l>
<l n="36" id="c6122.22.ll.35-37.36" corresp="t6122.p7">
<supplied/>
<w form="me-a" lemma="me-a" pos="AV" label="where">me-a</w>
<w form="dam-ju10" lemma="dam" pos="N" label="spouse">dam<suppliedEnd/>-<damage/>ju10</w>
<damageEnd/>
<w form="im-me" lemma="dug4" pos="V" label="to say" form-type="ppli">im-me</w>
</l>
<l n="37" id="c6122.22.ll.35-37.37" corresp="t6122.p7">
<supplied/>
<w form="nam-tar" lemma="nam-tar" pos="N" label="destiny">nam-tar</w>
<w form="&X;-na-te" lemma="te" pos="V" label="to approach">&X;<suppliedEnd/>-<damage/>na-te</w>
<damageEnd/>
</l>
</lg>
<gap extent="approx. 11 lines missing"/>
<lg id="c.6.1.22.49" type="proverb" n="22.ll.49-50">
<note lang="eng">cf. <xref doc="c.6.1.26" from="c.6.1.26.a4">6.1.26.a4</xref>, <xref doc="c.6.2.3" from="c623.h74">6.2.3: UET 6/2 259</xref>, <xref doc="c.6.2.5" from="c625.4.B.4">6.2.5: UM 29-16-519 Seg. B ll. 4-5</xref>, <xref doc="c.6.2.5" from="c625.h17">6.2.5: YBC 7351</xref></note>
<l n="49" id="c6122.22.ll.49-50.49" corresp="t6122.p8">
<supplied/>
<w form="dumu-nitah" lemma="dumu-nitah" pos="N" label="son">dumu-nitah</w>
<w form="tur-ra-am3" lemma="tur" pos="V" label="to be small">tur<suppliedEnd/>-<damage/><unclear cert="qry">ra</unclear><damageEnd/>-am3</w>
<supplied/>
<w form="e2" lemma="e2" pos="N" label="house(hold)">e2</w>
<w form="ad-da-ni" lemma="ad-da" pos="N" label="father">ad<suppliedEnd/>-da-ni</w>
<supplied/>
<w form="sar-ra" lemma="sar" pos="V" label="to run">sar<suppliedEnd/>-ra</w>
</l>
<l n="50" id="c6122.22.ll.49-50.50" corresp="t6122.p8">
<damage/>
<w form="nij2-gig" lemma="nij2-gig" pos="N" label="abomination">nij2-gig</w>
<damageEnd/>
<w form="&d;nin-urta-kam" lemma="nin-urta" pos="N" type="DN" label="Ninurta" det="&d;"><damage/>&d;<damageEnd/>nin-urta-kam</w>
</l>
</lg>
<lg id="c.6.1.22.51" type="proverb" n="22.ll.51-52">
<l n="51" id="c6122.22.ll.51-52.51" corresp="t6122.p9">
<damage/>
<w form="dug4-ga-ab" lemma="dug4" pos="V" label="to say">dug4-ga<damageEnd/>-ab</w>
<w form="dug4-ga" lemma="dug4" pos="V" label="to say">dug4-ga</w>
</l>
<l n="52" id="c6122.22.ll.51-52.52" corresp="t6122.p9">
<damage/>
<w form="zig3-ga-ab" lemma="zig3" pos="V" label="to rise">zig3<damageEnd/>-ga-ab</w>
<w form="zig3-ga" lemma="zig3" pos="V" label="to rise">zig3-ga</w>
</l>
</lg>
<lg id="c.6.1.22.53" type="proverb" n="22.ll.53-61">
<l n="53" id="c6122.22.ll.53-61.53" corresp="t6122.p10">
<damage/>
<w form="ga-ab-X" lemma="X" label="X"><unclear cert="qry">ga</unclear><damageEnd/>-ab-X</w>
<w form="ga-ab-SAR" lemma="SAR" pos="V" label="SAR">ga-ab-<unclear cert="qry">SAR</unclear></w>
</l>
<l n="54" id="c6122.22.ll.53-61.54" corresp="t6122.p10">
<w form="lu2" lemma="lu2" pos="N" label="person">lu2</w>
<damage/>
<w form="ki" lemma="ki" pos="N" label="place">ki</w>
<damageEnd/>
<w form="X" lemma="X" label="X">X</w>
<w form="GA" lemma="GA" label="GA"><unclear cert="qry">GA</unclear></w>
</l>
<l n="55" id="c6122.22.ll.53-61.55" corresp="t6122.p10">
<w form="KA" lemma="KA" label="KA">KA</w>
<damage/>
<w form="AN" lemma="AN" label="AN">AN</w>
<damageEnd/>
<w form="X" lemma="X" label="X">X</w>
<supplied/>
<w form="X" lemma="X" label="X">X</w>
<suppliedEnd/>
<w form="RA" lemma="RA" label="RA">RA</w>
</l>
<l n="56" id="c6122.22.ll.53-61.56" corresp="t6122.p10">
<damage/>
<w form="nu-mu-da-DI-DI-e" lemma="DI" pos="V" label="DI">nu<damageEnd/>-mu-<supplied/>da<suppliedEnd/>-<damage/><unclear cert="qry">DI</unclear><damageEnd/>-DI-e</w>
</l>
<l n="57" id="c6122.22.ll.53-61.57" corresp="t6122.p10">
<w form="DI" lemma="DI" label="DI">DI</w>
<w form="X" lemma="X" label="X">X</w>
<supplied/>
<w form="X" lemma="X" label="X">X</w>
<w form="Xbr-DI" lemma="DI" label="DI">(X)<suppliedEnd/>-DI</w>
</l>
<l n="58" id="c6122.22.ll.53-61.58" corresp="t6122.p10">
<w form="kud-kud-da-bi" lemma="kud" pos="V" label="to cut" form-type="RR">kud-<damage/>kud<damageEnd/>-da-bi</w>
</l>
<l n="59" id="c6122.22.ll.53-61.59" corresp="t6122.p10">
<w form="nij2-erim2-e" lemma="nij2-erim2" pos="N" label="fraudulent action">nij2-erim2-e</w>
</l>
<l n="60" id="c6122.22.ll.53-61.60" corresp="t6122.p10">
<w form="ha-lam-me-de3" lemma="ha-lam" pos="V" label="to be lost">ha-lam-me-<damage/>de3</w>
<damageEnd/>
</l>
<l n="61" id="c6122.22.ll.53-61.61" corresp="t6122.p10">
<w form="&d;utu" lemma="utu" pos="N" type="DN" label="Utu" det="&d;">&d;utu</w>
<w form="ki" lemma="ki" pos="N" label="place"><unclear cert="qry">ki</unclear></w>
<w form="aj2" lemma="aj2" pos="V" label="to measure">aj2</w>
<w form="X" lemma="X" label="X">X</w>
<damage/>
<w form="A" lemma="A" label="A">A</w>
<damageEnd/>
</l>
</lg>
<lg id="c.6.1.22.62" type="proverb" n="22.ll.62-63">
<note lang="eng">cf. <xref doc="c.6.2.3" from="c623.24.7">6.2.3: UET 6/3 31 l. 7</xref>, <xref doc="c.5.6.1" from="c561.195">5.6.1: l. 195</xref></note>
<l n="62" id="c6122.22.ll.62-63.62" corresp="t6122.p11">
<w form="sag9-ga" lemma="sag9" pos="V" label="to be good">sag9-ga</w>
<damage/>
<w form="cu-am3" lemma="cu" pos="N" label="hand">cu-am3</w>
<damageEnd/>
</l>
<l n="63" id="c6122.22.ll.62-63.63" corresp="t6122.p11">
<w form="hul" lemma="hul" pos="V" label="to be bad">hul</w>
<w form="cu" lemma="cu" pos="N" label="hand">cu</w>
<w form="am3-ga-am3" lemma="me" pos="V" label="to be">am3-ga-am3</w>
</l>
</lg>
<lg id="c.6.1.22.64" type="proverb" n="22.ll.64-66">
<note lang="eng">cf. <xref doc="c.5.6.1" from="c561.196">5.6.1: ll. 196-198</xref></note>
<l n="64" id="c6122.22.ll.64-66.64" corresp="t6122.p12">
<supplied/>
<w form="sag9-ga" lemma="sag9" pos="V" label="to be good">sag9-ga</w>
<suppliedEnd/>
<w form="cag4-ge" lemma="cag4" pos="N" label="heart">cag4-ge</w>
<supplied/>
<w form="cu" lemma="cu" pos="N" label="hand">cu</w>
<w form="nu-bar-re" lemma="bar" pos="V" label="to set aside">nu-bar<suppliedEnd/>-re</w>
</l>
<l n="65" id="c6122.22.ll.64-66.65" corresp="t6122.p12">
<supplied/>
<w form="hul" lemma="hul" pos="V" label="to be bad">hul</w>
<w form="cag4-ge" lemma="cag4" pos="N" label="heart">cag4-ge</w>
<w form="cu" lemma="cu" pos="N" label="hand">cu</w>
<w form="nu-di-ni-bar-re" lemma="bar" pos="V" label="to set aside">nu-di-ni-bar-re</w>
<suppliedEnd/>
</l>
<l n="66" id="c6122.22.ll.64-66.66" corresp="t6122.p12">
<supplied/>
<w form="sag9-ge" lemma="sag9" pos="V" label="to be good">sag9-ge</w>
<w form="ki" lemma="ki" pos="N" label="place">ki</w>
<w form="dur5-ru-am3" lemma="duru5" pos="V" label="to be wet">dur5-ru-am3</w>
<w form="cag4-ge" lemma="cag4" pos="N" label="heart">cag4-ge</w>
<w form="nu-da13-da13" lemma="taka4" pos="V" label="to leave behind" form-type="rr">nu-da13-da13</w>
<suppliedEnd/>
</l>
</lg>
<lg id="c.6.1.22.67" type="proverb" n="22.l.67">
<note lang="eng">cf. <xref doc="c.6.2.3" from="c623.24.8">6.2.3: UET 6/3 31 l. 8</xref>, <xref doc="c.5.6.1" from="c561.199">5.6.1: l. 199</xref></note>
<l n="67" id="c6122.22.l.67.67" corresp="t6122.p13">
<supplied/>
<w form="hul" lemma="hul" pos="V" label="to be bad">hul</w>
<suppliedEnd/>
<w form="e2" lemma="e2" pos="N" label="house(hold)">e2</w>
<damage/>
<w form="nij2-gur11-ra" lemma="nij2-gur11" pos="N" label="possessions">nij2<damageEnd/>-<supplied/>gur11-ra</w>
<w form="ur5-e" lemma="ur5" pos="N" label="financial obligation">ur5-e</w>
<w form="la-ba-an-gu7-e" lemma="gu7" pos="V" label="to eat">la<suppliedEnd/>-<damage/>ba<damageEnd/>-an-<damage/>gu7<damageEnd/>-<supplied/>e</w>
<suppliedEnd/>
</l>
</lg>
<lg id="c.6.1.22.68" type="proverb" n="22.l.68">
<note lang="eng">cf. <xref doc="c.5.6.1" from="c561.200">5.6.1: l. 200</xref></note>
<l n="68" id="c6122.22.l.68.68" corresp="t6122.p14">
<w form="hul-da" lemma="hul" pos="V" label="to be bad">hul-da</w>
<w form="id2-da" lemma="id2" pos="N" label="watercourse">id2-da</w>
<w form="ma2" lemma="ma2" pos="N" label="boat">ma2</w>
<w form="he2-en-da-an-su" lemma="su" pos="V" label="to sink">he2-en-da-an-su</w>
</l>
</lg>
<lg id="c.6.1.22.69" type="proverb" n="22.l.69">
<note lang="eng">cf. <xref doc="c.5.6.1" from="c561.201">5.6.1: l. 201</xref></note>
<l n="69" id="c6122.22.l.69.69" corresp="t6122.p15">
<w form="an-edin-na" lemma="an-edin" pos="N" label="high plain">an-edin-na</w>
<damage/>
<w form="&kuc;ummud" lemma="ummud" pos="N" label="waterskin" det="&kuc;">&kuc;<damageEnd/>ummud</w>
<supplied/>
<w form="he2-dar-dar" lemma="dar" pos="V" label="to split" form-type="RR">he2<suppliedEnd/>-dar-dar</w>
</l>
</lg>
<gap extent="approx. 10 lines missing"/>
<lg id="c.6.1.22.80" type="proverb" n="22.l.80">
<note lang="eng">cf. <xref doc="c.6.1.02" from="c.6.1.02.133">6.1.02.133</xref>, <xref doc="c.6.1.11" from="c.6.1.11.6">6.1.11.6</xref>, <xref doc="c.6.1.26" from="c.6.1.26.d3">6.1.26.d3</xref></note>
<l n="80" id="c6122.22.l.80.80" corresp="t6122.p16">
<damage/>
<w form="kalag-ga-ce3" lemma="kalag" pos="V" label="to be strong">kalag-<unclear cert="qry">ga</unclear><damageEnd/>-<supplied/>ce3</w>
<suppliedEnd/>
<w form="sig9-ga" lemma="sig" pos="V" label="to be low">sig9-ga</w>
<supplied/>
<w form="bar-rim4-ma" lemma="bar-rim4" pos="N" label="arid land">bar-rim4-ma</w>
<suppliedEnd/>
<w form="nam" lemma="nam" pos="N" label="destiny">nam</w>
<w form="X" lemma="X" label="X">X</w>
<supplied/>
<w form="&X;" lemma="&X;" label="&X;">&X;</w>
<suppliedEnd/>
</l>
</lg>
<lg id="c.6.1.22.81" type="proverb" n="22.l.81">
<note lang="eng">cf. <xref doc="c.5.6.1" from="c561.38">5.6.1: l. 38</xref></note>
<l n="81" id="c6122.22.l.81.81" corresp="t6122.p17">
<damage/>
<w form="ad" lemma="ad" pos="N" label="voice"><unclear cert="qry">ad</unclear></w>
<damageEnd/>
<supplied/>
<w form="X" lemma="X" label="X">X</w>
<w form="X" lemma="X" label="X">X</w>
<w form="X" lemma="X" label="X">X</w>
<suppliedEnd/>
<w form="nam-ba-an-gi4-gi4" lemma="gi4" pos="V" label="to return" form-type="RR">nam-ba-<damage/>an<damageEnd/>-<supplied/>gi4<suppliedEnd/>-<damage/>gi4</w>
<damageEnd/>
</l>
</lg>
<lg id="c.6.1.22.82" type="proverb" n="22.ll.82-84">
<l n="82" id="c6122.22.ll.82-84.82" corresp="t6122.p18">
<w form="NUN" lemma="NUN" label="NUN">NUN</w>
<w form="ME-ME" lemma="ME" label="ME" form-type="RR">ME-ME</w>
<supplied/>
<w form="X" lemma="X" label="X">X</w>
<w form="X" lemma="X" label="X">X</w>
<suppliedEnd/>
</l>
<l n="83" id="c6122.22.ll.82-84.83" corresp="t6122.p18">
<w form="X" lemma="X" label="X">X</w>
<w form="NI" lemma="NI" label="NI">NI</w>
<supplied/>
<w form="X" lemma="X" label="X">X</w>
<w form="X" lemma="X" label="X">X</w>
<suppliedEnd/>
</l>
<l n="84" id="c6122.22.ll.82-84.84" corresp="t6122.p18">
<w form="lu2" lemma="lu2" pos="N" label="person">lu2</w>
<w form="PA" lemma="PA" label="PA"><unclear cert="qry">PA</unclear></w>
<supplied/>
<w form="X" lemma="X" label="X">X</w>
<w form="X" lemma="X" label="X">X</w>
<w form="X" lemma="X" label="X">X</w>
<suppliedEnd/>
</l>
</lg>
<lg id="c.6.1.22.85" type="proverb" n="22.l.85">
<note lang="eng">cf. <xref doc="c.6.1.03" from="c.6.1.03.83">6.1.03.83</xref></note>
<l n="85" id="c6122.22.l.85.85" corresp="t6122.p19">
<w form="ud" lemma="ud" pos="N" label="day(light)">ud</w>
<w form="al-e3" lemma="e3" pos="V" label="to go out or in">al-<supplied/>e3</w>
<w form="&X;" lemma="&X;" label="&X;">&X;</w>
<suppliedEnd/>
<damage/>
<w form="nam" lemma="nam" pos="N" label="destiny"><unclear cert="qry">nam</unclear></w>
<w form="al-tar" lemma="tar" pos="V" label="to cut"><unclear cert="qry">al</unclear><damageEnd/>-<supplied/>tar</w>
<w form="&X;" lemma="&X;" label="&X;">&X;</w>
<suppliedEnd/>
</l>
</lg>
<lg id="c.6.1.22.86" type="proverb" n="22.l.86">
<l n="86" id="c6122.22.l.86.86" corresp="t6122.p20">
<w form="igi-zu" lemma="igi" pos="N" label="eye">igi-zu</w>
<w form="X" lemma="X" label="X">X</w>
<w form="X" lemma="X" label="X">X</w>
<supplied/>
<w form="&X;" lemma="&X;" label="&X;">&X;</w>
<suppliedEnd/>
<w form="he2-en-ci-jal2" lemma="jal2" pos="V" label="to be (located)">he2-en-ci-<damage/>jal2</w>
<damageEnd/>
</l>
</lg>
<lg id="c.6.1.22.87" type="proverb" n="22.ll.87-88">
<note lang="eng">cf. <xref doc="c.6.1.01" from="c.6.1.01.145">6.1.01.145</xref>, <xref doc="c.6.1.19" from="c.6.1.19.c3">6.1.19.c3</xref>, <xref doc="c.6.1.28" from="c.6.1.28.4">6.1.28.4</xref></note>
<l n="87" id="c6122.22.ll.87-88.87" corresp="t6122.p21">
<damage/>
<w form="jic-cub" lemma="jic-cub-ba" pos="N" label="lot">jic-<unclear cert="qry">cub</unclear></w>
<damageEnd/>
<w form="u3-us2-sa-ab" lemma="us2" pos="V" label="to be adjacent">u3-<damage/>us2<damageEnd/>-<supplied/>sa-ab</w>
<suppliedEnd/>
<damage/>
<w form="ama-zu" lemma="ama" pos="N" label="mother">ama<damageEnd/>-zu</w>
<w form="hul2-la-ab" lemma="hul2" pos="V" label="to be happy">hul2-<supplied/>la-ab</w>
<suppliedEnd/>
</l>
<l n="88" id="c6122.22.ll.87-88.88" corresp="t6122.p21">
<damage/>
<w form="kac4" lemma="kac4" pos="V" label="to run">kac4</w>
<damageEnd/>
<w form="dug4-ga-ab" lemma="dug4" pos="V" label="to say">dug4-ga-<supplied/>ab</w>
<suppliedEnd/>
<w form="dijir-zu" lemma="dijir" pos="N" label="deity">dijir-zu</w>
<w form="hul2-la-ab" lemma="hul2" pos="V" label="to be happy">hul2-<supplied/>la-ab</w>
<suppliedEnd/>
</l>
</lg>
<lg id="c.6.1.22.89" type="proverb" n="22.ll.89-93">
<l n="89" id="c6122.22.ll.89-93.89" corresp="t6122.p22">
<damage/>
<w form="dam" lemma="dam" pos="N" label="spouse"><unclear cert="qry">dam</unclear></w>
<w form="ki" lemma="ki" pos="N" label="place"><unclear cert="qry">ki</unclear></w>
<damageEnd/>
<supplied/>
<w form="&X;" lemma="&X;" label="&X;">&X;</w>
<suppliedEnd/>
<w form="NI" lemma="NI" label="NI">NI</w>
</l>
<l n="90" id="c6122.22.ll.89-93.90" corresp="t6122.p22">
<damage/>
<w form="UC" lemma="UC" label="U&C;">UC</w>
<damageEnd/>
<w form="X" lemma="X" label="X">X</w>
<supplied/>
<w form="X" lemma="X" label="X">X</w>
<suppliedEnd/>
<damage/>
<w form="he2-dug3-dug3" lemma="dug3" pos="V" label="to be good" form-type="RR"><unclear cert="qry">he2</unclear><damageEnd/>-dug3-<damage/><unclear cert="qry">dug3</unclear></w>
<damageEnd/>
</l>
<l n="91" id="c6122.22.ll.89-93.91" corresp="t6122.p22">
<w form="jectin" lemma="jectin" pos="N" label="grape (wine)"><unclear cert="qry">jectin</unclear></w>
<w form="X" lemma="X" label="X">X</w>
<supplied/>
<w form="Xbr" lemma="Xbr" label="Xbr">(X)</w>
<suppliedEnd/>
<w form="X" lemma="X" label="X">X</w>
</l>
<l n="92" id="c6122.22.ll.89-93.92" corresp="t6122.p22">
<supplied/>
<w form="X" lemma="X" label="X">X</w>
<w form="X" lemma="X" label="X">X</w>
<w form="X" lemma="X" label="X">X</w>
<suppliedEnd/>
<w form="X" lemma="X" label="X">X</w>
<w form="X" lemma="X" label="X">X</w>
</l>
<l n="93" id="c6122.22.ll.89-93.93" corresp="t6122.p22">
<supplied/>
<w form="&X;" lemma="&X;" label="&X;">&X;</w>
<suppliedEnd/>
<w form="X-ga" lemma="X" label="X">X-ga</w>
</l>
</lg>
<gap extent="approx. 4 lines missing"/>
<lg id="c.6.1.22.98" type="proverb" n="22.ll.98-101">
<l n="98" id="c6122.22.ll.98-101.98" corresp="t6122.p23">
<damage/>
<w form="lu2" lemma="lu2" pos="N" label="person"><unclear cert="qry">lu2</unclear></w>
<damageEnd/>
<supplied/>
<w form="&X;" lemma="&X;" label="&X;">&X;</w>
<suppliedEnd/>
</l>
<l n="99" id="c6122.22.ll.98-101.99" corresp="t6122.p23">
<w form="dumu" lemma="dumu" pos="N" label="child">dumu</w>
<supplied/>
<w form="&X;" lemma="&X;" label="&X;">&X;</w>
<suppliedEnd/>
</l>
<l n="100" id="c6122.22.ll.98-101.100" corresp="t6122.p23">
<w form="dumu" lemma="dumu" pos="N" label="child">dumu</w>
<supplied/>
<w form="&X;" lemma="&X;" label="&X;">&X;</w>
<suppliedEnd/>
</l>
<l n="101" id="c6122.22.ll.98-101.101" corresp="t6122.p23">
<damage/>
<w form="ukur3" lemma="ukur3" pos="V" label="to be poor"><unclear cert="qry">ukur3</unclear></w>
<damageEnd/>
<supplied/>
<w form="&X;" lemma="&X;" label="&X;">&X;</w>
<suppliedEnd/>
</l>
</lg>
<gap extent="approx. 25 lines missing"/>
<lg id="c.6.1.22.127" type="proverb" n="22.ll.127-133">
<l n="127" id="c6122.22.ll.127-133.127" corresp="t6122.p24">
<supplied/>
<w form="X" lemma="X" label="X">X</w>
<w form="X" lemma="X" label="X">X</w>
<suppliedEnd/>
<w form="X" lemma="X" label="X">X</w>
<w form="X" lemma="X" label="X">X</w>
<supplied/>
<w form="&X;" lemma="&X;" label="&X;">&X;</w>
<suppliedEnd/>
</l>
<l n="128" id="c6122.22.ll.127-133.128" corresp="t6122.p24">
<w form="AN" lemma="AN" label="AN">AN</w>
<supplied/>
<w form="X" lemma="X" label="X">X</w>
<w form="X" lemma="X" label="X">X</w>
<suppliedEnd/>
<damage/>
<w form="LI" lemma="LI" label="LI"><unclear cert="qry">LI</unclear></w>
<damageEnd/>
<w form="X" lemma="X" label="X">X</w>
<supplied/>
<w form="X" lemma="X" label="X">X</w>
<suppliedEnd/>
</l>
<l n="129" id="c6122.22.ll.127-133.129" corresp="t6122.p24">
<supplied/>
<w form="&X;" lemma="&X;" label="&X;">&X;</w>
<suppliedEnd/>
</l>
<l n="130" id="c6122.22.ll.127-133.130" corresp="t6122.p24">
<w form="X" lemma="X" label="X">X</w>
<supplied/>
<w form="&X;" lemma="&X;" label="&X;">&X;</w>
<suppliedEnd/>
<w form="X" lemma="X" label="X">X</w>
<supplied/>
<w form="X" lemma="X" label="X">X</w>
<suppliedEnd/>
</l>
<l n="131" id="c6122.22.ll.127-133.131" corresp="t6122.p24">
<damage/>
<w form="2" lemma="2" pos="NU" type="cardinal" label="2">2(MIN)</w>
<damageEnd/>
<supplied/>
<w form="i3-lul-lul" lemma="lul" pos="V" label="to be false" form-type="RR">i3<suppliedEnd/>-<damage/>lul<damageEnd/>-lul</w>
<supplied/>
<w form="X" lemma="X" label="X">X</w>
<suppliedEnd/>
</l>
<l n="132" id="c6122.22.ll.127-133.132" corresp="t6122.p24">
<supplied/>
<w form="X" lemma="X" label="X">X</w>
<w form="X" lemma="X" label="X">X</w>
<suppliedEnd/>
<w form="X" lemma="X" label="X">X</w>
<w form="ha-ba-X" lemma="X" label="X">ha-ba-X</w>
<supplied/>
<w form="X" lemma="X" label="X">X</w>
<suppliedEnd/>
</l>
<l n="133" id="c6122.22.ll.127-133.133" corresp="t6122.p24">
<supplied/>
<w form="X" lemma="X" label="X">X</w>
<suppliedEnd/>
<w form="TUG2" lemma="TUG2" label="TUG&s2;">TUG2</w>
<w form="X" lemma="X" label="X">X</w>
<w form="ba-ra-X" lemma="X" label="X">ba-<damage/><unclear cert="qry">ra</unclear><damageEnd/>-<supplied/>X</w>
<suppliedEnd/>
</l>
</lg>
<gap extent="approx. 6 lines missing"/>
<lg id="c.6.1.22.140" type="proverb" n="22.ll.140-145">
<note lang="eng">cf. <xref doc="c.6.1.01" from="c.6.1.01.9">6.1.01.9</xref>, <xref doc="c.6.2.3" from="c623.h3">6.2.3: UET 6/2 239</xref>, <xref doc="c.6.2.3" from="c623.h4">6.2.3: UET 6/2 320</xref>, <xref doc="c.6.2.3" from="c623.3.2">6.2.3: UET 6/2 339 + UET 6/3 235 Seg. B l. 2</xref></note>
<l n="140" id="c6122.22.ll.140-145.140" corresp="t6122.p25">
<supplied/>
<w form="&X;" lemma="&X;" label="&X;">&X;</w>
<suppliedEnd/>
</l>
<l n="141" id="c6122.22.ll.140-145.141" corresp="t6122.p25">
<w form="X" lemma="X" label="X">X</w>
<supplied/>
<w form="&X;" lemma="&X;" label="&X;">&X;</w>
<suppliedEnd/>
</l>
<l n="142" id="c6122.22.ll.140-145.142" corresp="t6122.p25">
<w form="BAR" lemma="BAR" label="BAR">BAR</w>
<supplied/>
<w form="&X;" lemma="&X;" label="&X;">&X;</w>
<suppliedEnd/>
</l>
<l n="143" id="c6122.22.ll.140-145.143" corresp="t6122.p25">
<w form="lu2" lemma="lu2" pos="N" label="person">lu2</w>
<w form="X" lemma="X" label="X">X</w>
<supplied/>
<w form="&X;" lemma="&X;" label="&X;">&X;</w>
<suppliedEnd/>
</l>
<l n="144" id="c6122.22.ll.140-145.144" corresp="t6122.p25">
<w form="HA" lemma="HA" label="&H;A">HA</w>
<w form="X" lemma="X" label="X">X</w>
<supplied/>
<w form="&X;" lemma="&X;" label="&X;">&X;</w>
<suppliedEnd/>
</l>
<l n="145" id="c6122.22.ll.140-145.145" corresp="t6122.p25">
<damage/>
<w form="ha-ma-jal2-e" lemma="jal2" pos="V" label="to be (located)"><unclear cert="qry">ha</unclear>-<unclear cert="qry">ma</unclear><damageEnd/>-<supplied/>jal2-e</w>
<suppliedEnd/>
<damage/>
<w form="lu2-kur2-ra" lemma="lu2-kur2-ra" pos="N" label="stranger">lu2<damageEnd/>-kur2-<damage/>ra</w>
<damageEnd/>
<supplied/>
<w form="ib2-gu7" lemma="gu7" pos="V" label="to eat">ib2-gu7</w>
<suppliedEnd/>
</l>
</lg>
<lg id="c.6.1.22.146" type="proverb" n="22.ll.146-147">
<note lang="eng">cf. <xref doc="c.6.1.01" from="c.6.1.01.128">6.1.01.128</xref>, <xref doc="c.6.1.23" from="c.6.1.23.9">6.1.23.9</xref>, <xref doc="c.6.2.3" from="c623.h9">6.2.3: UET 6/2 210</xref></note>
<l n="146" id="c6122.22.ll.146-147.146" corresp="t6122.p26">
<w form="an" lemma="an" pos="N" label="heaven">an</w>
<damage/>
<w form="uga&mucen;-am3" lemma="uga" pos="N" label="raven" bound="L,am" det="&mucen;">uga<damageEnd/><supplied/>&mucen;-am3</w>
<suppliedEnd/>
<w form="ki" lemma="ki" pos="N" label="place">ki</w>
<w form="&d;nin-kilim-am3" lemma="nin-kilim" pos="N" label="mongoose" det="&d;"><damage/>&d;nin<damageEnd/>-<supplied/>kilim-am3<suppliedEnd/></w>
</l>
<l n="147" id="c6122.22.ll.146-147.147" corresp="t6122.p26">
<w form="edin-e" lemma="edin" pos="N" label="open country">edin-e</w>
<supplied/>
<w form="ur-mah-e" lemma="ur-mah" pos="N" label="lion">ur-mah-e</w>
<suppliedEnd/>
<w form="e2" lemma="e2" pos="N" label="house(hold)"><unclear cert="qry">e2</unclear></w>
<w form="X" lemma="X" label="X">X</w>
<supplied/>
<w form="&X;" lemma="&X;" label="&X;">&X;</w>
<w form="me-ce3" lemma="me-ce3" pos="AV" label="where">me-ce3</w>
<w form="ga-jen" lemma="jen" pos="V" label="to go">ga-jen</w>
<suppliedEnd/>
</l>
</lg>
<lg id="c.6.1.22.148" type="proverb" n="22.ll.148-150">
<note lang="eng">cf. <xref doc="c.6.1.03" from="c.6.1.03.158">6.1.03.158</xref></note>
<l n="148" id="c6122.22.ll.148-150.148" corresp="t6122.p27">
<w form="alan" lemma="alan" pos="N" label="statue">alan</w>
<supplied/>
<w form="mu-sag9" lemma="sag9" pos="V" label="to be good">mu-sag9</w>
<suppliedEnd/>
</l>
<l n="149" id="c6122.22.ll.148-150.149" corresp="t6122.p27">
<w form="ucbar7" lemma="ucbar" pos="N" label="relative-by-marriage">ucbar7</w>
<w form="mu-un-da-hul2" lemma="hul2" pos="V" label="to be happy">mu-<supplied/>un-da-hul2</w>
<suppliedEnd/>
</l>
<l n="150" id="c6122.22.ll.148-150.150" corresp="t6122.p27">
<w form="i-gi4-in-zu" lemma="i-gi4-in-zu" pos="AV" label="as it were">i-<damage/>gi4<damageEnd/>-<supplied/>in-zu</w>
<w form="lu2-ulu3-am3" lemma="lu2-ulu3" pos="N" label="person">lu2-ulu3-am3</w>
<suppliedEnd/>
</l>
</lg>
<lg id="c.6.1.22.151" type="proverb" n="22.ll.151-154">
<l n="151" id="c6122.22.ll.151-154.151" corresp="t6122.p28">
<w form="X" lemma="X" label="X">X</w>
<w form="PA" lemma="PA" label="PA">PA</w>
<supplied/>
<w form="&X;" lemma="&X;" label="&X;">&X;</w>
<suppliedEnd/>
</l>
<l n="152" id="c6122.22.ll.151-154.152" corresp="t6122.p28">
<w form="E" lemma="E" label="E">E</w>
<w form="ZI-ZI" lemma="ZI" label="ZI" form-type="RR">ZI-ZI</w>
<supplied/>
<w form="&X;" lemma="&X;" label="&X;">&X;</w>
<suppliedEnd/>
</l>
<l n="153" id="c6122.22.ll.151-154.153" corresp="t6122.p28">
<w form="X" lemma="X" label="X">X</w>
<w form="X" lemma="X" label="X">X</w>
<w form="E" lemma="E" label="E">E</w>
<supplied/>
<w form="&X;" lemma="&X;" label="&X;">&X;</w>
<suppliedEnd/>
</l>
<l n="154" id="c6122.22.ll.151-154.154" corresp="t6122.p28">
<supplied/>
<w form="X" lemma="X" label="X">X</w>
<w form="X" lemma="X" label="X">X</w>
<suppliedEnd/>
<w form="X" lemma="X" label="X">X</w>
<w form="X" lemma="X" label="X">X</w>
<supplied/>
<w form="&X;" lemma="&X;" label="&X;">&X;</w>
<suppliedEnd/>
</l>
</lg>
<gap extent="4 lines missing"/>
<lg id="c.6.1.22.159" type="proverb" n="22.ll.159-171">
<l n="159" id="c6122.22.ll.159-171.159" corresp="t6122.p29">
<w form="mucen" lemma="mucen" pos="N" label="bird">mucen</w>
<supplied/>
<w form="&X;" lemma="&X;" label="&X;">&X;</w>
<suppliedEnd/>
</l>
<l n="160" id="c6122.22.ll.159-171.160" corresp="t6122.p29">
<w form="mucen" lemma="mucen" pos="N" label="bird">mucen</w>
<w form="X" lemma="X" label="X">X</w>
<supplied/>
<w form="&X;" lemma="&X;" label="&X;">&X;</w>
<suppliedEnd/>
</l>
<l n="161" id="c6122.22.ll.159-171.161" corresp="t6122.p29">
<w form="sa-zu" lemma="sa" pos="N" label="sinew">sa-<damage/>zu</w>
<damageEnd/>
<supplied/>
<w form="&X;" lemma="&X;" label="&X;">&X;</w>
<suppliedEnd/>
</l>
<l n="162" id="c6122.22.ll.159-171.162" corresp="t6122.p29">
<w form="i3-DU" lemma="DU" pos="V" label="DU">i3-<damage/>DU</w>
<damageEnd/>
<supplied/>
<w form="&X;" lemma="&X;" label="&X;">&X;</w>
<suppliedEnd/>
</l>
<l n="163" id="c6122.22.ll.159-171.163" corresp="t6122.p29">
<w form="i3-suh3-suh3" lemma="suh3" pos="V" label="to blur" form-type="RR">i3-suh3-<damage/>suh3</w>
<damageEnd/>
<supplied/>
<w form="&X;" lemma="&X;" label="&X;">&X;</w>
<suppliedEnd/>
</l>
<l n="164" id="c6122.22.ll.159-171.164" corresp="t6122.p29">
<w form="ba-an-DU" lemma="DU" pos="V" label="DU">ba-an-DU</w>
<supplied/>
<w form="&X;" lemma="&X;" label="&X;">&X;</w>
<suppliedEnd/>
</l>
<l n="165" id="c6122.22.ll.159-171.165" corresp="t6122.p29">
<w form="mu-ni-ce3" lemma="mu" pos="N" label="name">mu-ni-ce3</w>
<damage/>
<w form="ib2-X" lemma="X" label="X"><unclear cert="qry">ib2</unclear><damageEnd/>-<supplied/>X</w>
<suppliedEnd/>
</l>
<l n="166" id="c6122.22.ll.159-171.166" corresp="t6122.p29">
<w form="&gi;en3-bar" lemma="en3-bar" pos="N" label="marsh reed" det="&gi;">&gi;en3-bar</w>
<supplied/>
<w form="X" lemma="X" label="X">X</w>
<suppliedEnd/>
</l>
<l n="167" id="c6122.22.ll.159-171.167" corresp="t6122.p29">
<w form="a" lemma="a" pos="N" label="water">a</w>
<w form="gal-la" lemma="gal" pos="V" label="to be big">gal-la</w>
<w form="gub-ba" lemma="gub" pos="V" label="to stand">gub-<damage/><unclear cert="qry">ba</unclear></w>
<damageEnd/>
</l>
<l n="168" id="c6122.22.ll.159-171.168" corresp="t6122.p29">
<w form="igi-ni" lemma="igi" pos="N" label="eye">igi-ni</w>
<w form="&d;utu" lemma="utu" pos="N" type="DN" label="Utu" det="&d;">&d;utu</w>
<damage/>
<w form="AN" lemma="AN" label="AN">AN</w>
<damageEnd/>
<supplied/>
<w form="X" lemma="X" label="X">X</w>
<w form="X" lemma="X" label="X">X</w>
<suppliedEnd/>
</l>
<l n="169" id="c6122.22.ll.159-171.169" corresp="t6122.p29">
<w form="ki-sikil" lemma="ki-sikil" pos="N" label="young woman">ki-sikil</w>
<w form="e2" lemma="e2" pos="N" label="house(hold)">e2</w>
<damage/>
<w form="ucbar7" lemma="ucbar" pos="N" label="relative-by-marriage"><unclear cert="qry">ucbar7</unclear></w>
<damageEnd/>
<supplied/>
<w form="&X;" lemma="&X;" label="&X;">&X;</w>
<suppliedEnd/>
</l>
<l n="170" id="c6122.22.ll.159-171.170" corresp="t6122.p29">
<w form="tuc-a" lemma="tuc" pos="V" label="to sit">tuc-a</w>
<damage/>
<w form="tuc" lemma="tuc" pos="V" label="to sit"><unclear cert="qry">tuc</unclear></w>
<damageEnd/>
<supplied/>
<w form="X" lemma="X" label="X">X</w>
<w form="X" lemma="X" label="X">X</w>
<suppliedEnd/>
</l>
<l n="171" id="c6122.22.ll.159-171.171" corresp="t6122.p29">
<w form="igi-ni" lemma="igi" pos="N" label="eye">igi-ni</w>
<w form="ama5-ni" lemma="e2-mi2" pos="N" label="woman's estate">ama5-ni</w>
<supplied/>
<w form="X" lemma="X" label="X">X</w>
<w form="X" lemma="X" label="X">X</w>
<suppliedEnd/>
</l>
</lg>
<lg id="c.6.1.22.172" type="proverb" n="22.ll.172-175">
<note lang="eng">cf. <xref doc="c.6.1.03" from="c.6.1.03.149">6.1.03.149</xref>, <xref doc="c.6.1.14" from="c.6.1.14.6">6.1.14.6</xref>, <xref doc="c.6.1.16" from="c.6.1.16.c5">6.1.16.c5</xref>, <xref doc="c.6.1.25" from="c.6.1.25.1">6.1.25.1</xref></note>
<l n="172" id="c6122.22.ll.172-175.172" corresp="t6122.p30">
<w form="an" lemma="an" pos="N" label="heaven">an</w>
<w form="al-cu2-cu2-ru" lemma="cu2" pos="V" label="to cover" form-type="RR">al-cu2-cu2-<supplied/>ru</w>
<suppliedEnd/>
<w form="im" lemma="im" pos="N" label="rain(storm)">im</w>
<w form="nu-cej3-am3" lemma="cej3" pos="V" label="to rain">nu-cej3-<supplied/>am3</w>
<suppliedEnd/>
</l>
<l n="173" id="c6122.22.ll.172-175.173" corresp="t6122.p30">
<w form="im" lemma="im" pos="N" label="rain(storm)">im</w>
<w form="al-cej3" lemma="cej3" pos="V" label="to rain">al-<damage/>cej3</w>
<damageEnd/>
<w form="&kuc;e-sir2" lemma="e-sir2" pos="N" label="sandal" det="&kuc;">&kuc;e-sir2</w>
<supplied/>
<w form="nu-du8-e" lemma="du8" pos="V" label="to spread">nu-du8-e</w>
<suppliedEnd/>
</l>
<l n="174" id="c6122.22.ll.172-175.174" corresp="t6122.p30">
<w form="&id2;idigna" lemma="idigna" pos="N" type="WN" label="Tigris" det="&id2;">&id2;idigna</w>
<supplied/>
<w form="ka-ba" lemma="ka" pos="N" label="mouth">ka-ba</w>
<suppliedEnd/>
<w form="nu-un-zur-re" lemma="zur" pos="V" label="to roil">nu-un-<supplied/>zur-re</w>
<suppliedEnd/>
</l>
<l n="175" id="c6122.22.ll.172-175.175" corresp="t6122.p30">
<w form="a-gar3-re" lemma="a-gar3" pos="N" label="meadow">a-<damage/>gar3<damageEnd/>-<supplied/>re</w>
<w form="nu-si-si" lemma="si" pos="V" label="to fill" form-type="RR">nu-si-si</w>
<suppliedEnd/>
</l>
</lg>
<lg id="c.6.1.22.176" type="proverb" n="22.ll.176-178">
<l n="176" id="c6122.22.ll.176-178.176" corresp="t6122.p31">
<w form="nu-&X;" lemma="&X;" label="&X;">nu-<supplied/>&X;</w>
<suppliedEnd/>
</l>
<l n="177" id="c6122.22.ll.176-178.177" corresp="t6122.p31">
<w form="igi" lemma="igi" pos="N" label="eye">igi</w>
<w form="X" lemma="X" label="X">X</w>
<supplied/>
<w form="&X;" lemma="&X;" label="&X;">&X;</w>
<suppliedEnd/>
</l>
<l n="178" id="c6122.22.ll.176-178.178" corresp="t6122.p31">
<damage/>
<w form="lu2" lemma="lu2" pos="N" label="person"><unclear cert="qry">lu2</unclear></w>
<damageEnd/>
<supplied/>
<w form="&X;" lemma="&X;" label="&X;">&X;</w>
<suppliedEnd/>
</l>
</lg>
<gap extent="1 line missing"/>
<lg id="c.6.1.22.180" type="proverb" n="22.ll.180-182">
<l n="180" id="c6122.22.ll.180-182.180" corresp="t6122.p32">
<supplied/>
<w form="X" lemma="X" label="X">X</w>
<w form="Xbr" lemma="Xbr" label="Xbr">(X)</w>
<suppliedEnd/>
<w form="X" lemma="X" label="X">X</w>
<w form="he2-jal2" lemma="he2-jal2" pos="N" label="plenty">he2-<damage/>jal2</w>
<damageEnd/>
</l>
<l n="181" id="c6122.22.ll.180-182.181" corresp="t6122.p32">
<supplied/>
<w form="X" lemma="X" label="X">X</w>
<suppliedEnd/>
<w form="X" lemma="X" label="X">X</w>
<w form="gu7" lemma="gu7" pos="V" label="to eat">gu7</w>
<w form="DU" lemma="DU" label="DU">DU</w>
</l>
<l n="182" id="c6122.22.ll.180-182.182" corresp="t6122.p32">
<w form="&lu2;ni2-zu-ka-kam" lemma="ni2-zuh" pos="N" label="thief" det="&lu2;">&lu2;ni2-zu-ka-kam</w>
</l>
</lg>
<lg id="c.6.1.22.183" type="proverb" n="22.ll.183-186">
<l n="183" id="c6122.22.ll.183-186.183" corresp="t6122.p33">
<w form="il2-mu-ub" lemma="il2" pos="V" label="to raise">il2-mu-ub</w>
</l>
<l n="184" id="c6122.22.ll.183-186.184" corresp="t6122.p33">
<w form="ga-ba-ab-il2" lemma="il2" pos="V" label="to raise">ga-ba-ab-il2</w>
</l>
<l n="185" id="c6122.22.ll.183-186.185" corresp="t6122.p33">
<w form="tah-mu-ub" lemma="tah" pos="V" label="to add">tah-mu-ub</w>
</l>
<l n="186" id="c6122.22.ll.183-186.186" corresp="t6122.p33">
<w form="ga-ba-ab-dug4" lemma="dug4" pos="V" label="to say">ga-ba-ab-dug4</w>
</l>
</lg>
<lg id="c.6.1.22.187" type="proverb" n="22.ll.187-188">
<note lang="eng">cf. 5.4.01: l. 99</note>
<l n="187" id="c6122.22.ll.187-188.187" corresp="t6122.p34">
<w form="lu2-lul-la-ce3" lemma="lu2-lul-la" pos="N" label="liar">lu2-lul-la-ce3</w>
<w form="ni2" lemma="ni2" pos="N" label="self">ni2</w>
<w form="buluj5" lemma="buluj3" pos="V" label="to flourish">buluj5</w>
</l>
<l n="188" id="c6122.22.ll.187-188.188" corresp="t6122.p34">
<w form="ni2" lemma="ni2" pos="N" label="self">ni2</w>
<w form="nu-il2" lemma="il2" pos="V" label="to raise">nu-il2</w>
<w form="&kuc;a2-ja2-la2" lemma="a-ja2-la2" pos="N" label="sack" det="&kuc;">&kuc;a2-ja2-la2</w>
<w form="cu-ce3" lemma="cu" pos="N" label="hand">cu-ce3</w>
<w form="la2" lemma="la2" pos="V" label="to hang">la2</w>
</l>
</lg>
<lg id="c.6.1.22.189" type="proverb" n="22.l.189">
<note lang="eng">cf. <xref doc="c.6.1.03" from="c.6.1.03.167">6.1.03.167</xref>, <xref doc="c.6.1.04" from="c.6.1.04.4">6.1.04.4</xref>, <xref doc="c.6.2.4" from="c624.1.B.2">6.2.4: VAT 21604 (+) 21605 Seg. B l. 2</xref></note>
<l n="189" id="c6122.22.l.189.189" corresp="t6122.p35">
<w form="an" lemma="an" pos="N" label="heaven">an</w>
<w form="i3-gur3-ru" lemma="guru3" pos="V" label="to bear">i3-gur3-ru</w>
<w form="ki" lemma="ki" pos="N" label="place">ki</w>
<w form="cu-ni-ce3" lemma="cu" pos="N" label="hand">cu-ni-ce3</w>
<w form="la2" lemma="la2" pos="V" label="to hang">la2</w>
</l>
</lg>
<lg id="c.6.1.22.190" type="proverb" n="22.l.190">
<note lang="eng">cf. <xref doc="c.6.1.09" from="c.6.1.09.a4">6.1.09.a4</xref>, <xref doc="c.6.1.10" from="c.6.1.10.5">6.1.10.5</xref>, <xref doc="c.6.2.3" from="c623.76.18">6.2.3: UET 6/3 80 l. 18</xref></note>
<l n="190" id="c6122.22.l.190.190" corresp="t6122.p36">
<w form="usu-tuku" lemma="usu-tuku" pos="AJ" label="strong">usu-tuku</w>
<w form="lugal" lemma="lugal" pos="N" label="king">lugal</w>
<w form="ki-in-du-ke4" lemma="ki-in-du" pos="N" label="(stretch of) earth">ki-in-du-ke4</w>
</l>
</lg>
<lg id="c.6.1.22.191" type="proverb" n="22.ll.191-193">
<note lang="eng">cf. <xref doc="c.6.1.03" from="c.6.1.03.148">6.1.03.148</xref>, <xref doc="c.6.1.28" from="c.6.1.28.27">6.1.28.27</xref></note>
<l n="191" id="c6122.22.ll.191-193.191" corresp="t6122.p37">
<w form="ha-ma-da-gub-be2-en" lemma="gub" pos="V" label="to stand">ha-ma-da-gub-be2-en</w>
<w form="gudug-e-ne" lemma="gudug" pos="N" label="type of priest">gudug-e-ne</w>
</l>
<l n="192" id="c6122.22.ll.191-193.192" corresp="t6122.p37">
<w form="ib2-a" lemma="ib2" pos="N" label="hip">ib2-a</w>
<w form="gam-me-en" lemma="gam" pos="V" label="to bow down">gam-me-en</w>
<w form="acgab-e-ne" lemma="acgab" pos="N" label="leatherworker"><unclear cert="cor">acgab</unclear>-e-ne</w>
</l>
<l n="193" id="c6122.22.ll.191-193.193" corresp="t6122.p37">
<w form="zi" lemma="zi" pos="N" label="life (breath)">zi</w>
<w form="&d;en-ki" lemma="en-ki" pos="N" type="DN" label="Enki" det="&d;">&d;en-<damage/>ki<damageEnd/></w>
<w form="e2-a" lemma="e2" pos="N" label="house(hold)">e2-a</w>
<w form="ba-ra-zal-zal-e" lemma="zal" pos="V" label="to pass" form-type="RR">ba-ra-zal-zal-<supplied/>e</w>
<suppliedEnd/>
<w form="&lu2;azlag2-e-ne" lemma="azlag2" pos="N" label="fuller" bound="L,ene" det="&lu2;">&lu2;<unclear cert="cor">azlag2</unclear>-e-<supplied/>ne</w>
<suppliedEnd/>
</l>
</lg>
<lg id="c.6.1.22.194" type="proverb" n="22.ll.194-196">
<note lang="eng">cf. <xref doc="c.6.1.01" from="c.6.1.01.165">6.1.01.165</xref>, <xref doc="c.6.1.03" from="c.6.1.03.65">6.1.03.65</xref>, <xref doc="c.6.1.17" from="c.6.1.17.b8">6.1.17.b8</xref></note>
<l n="194" id="c6122.22.ll.194-196.194" corresp="t6122.p38">
<w form="dumu" lemma="dumu" pos="N" label="child">dumu</w>
<w form="dam-e-ne" lemma="dam" pos="N" label="spouse">dam-<damage/>e<damageEnd/>-<supplied/>ne</w>
<suppliedEnd/>
<w form="cajan-la2-e-ne" lemma="cajan-la2" pos="N" label="trader">cajan-la2-<supplied/>e<suppliedEnd/>-<damage/>ne</w>
<damageEnd/>
</l>
<l n="195" id="c6122.22.ll.194-196.195" corresp="t6122.p38">
<w form="kug" lemma="kug" pos="N" label="precious metal">kug</w>
<distinct type="emesal">
<w form="ta" lemma="a-na" pos="PD" type="interrogative" label="what" emesal="ta">ta</w>
</distinct>
<damage/>
<w form="ba-an-de6" lemma="de6" pos="V" label="to carry">ba-an<damageEnd/>-de6</w>
</l>
<l n="196" id="c6122.22.ll.194-196.196" corresp="t6122.p38">
<w form="u3" lemma="u3" pos="C" label="and">u3</w>
<w form="ce" lemma="ce" pos="N" label="barley">ce</w>
<distinct type="emesal">
<damage/>
<w form="ta" lemma="a-na" pos="PD" type="interrogative" label="what" emesal="ta">ta</w>
<damageEnd/>
</distinct>
<supplied/>
<w form="ba-an-de6" lemma="de6" pos="V" label="to carry">ba<suppliedEnd/>-<damage/>an<damageEnd/>-de6</w>
</l>
</lg>
<lg id="c.6.1.22.197" type="proverb" n="22.l.197">
<note lang="eng">cf. <xref doc="c.6.1.03" from="c.6.1.03.66">6.1.03.66</xref></note>
<l n="197" id="c6122.22.l.197.197" corresp="t6122.p39">
<w form="tur-tur" lemma="tur" pos="V" label="to be small" form-type="RR">tur-<supplied/>tur</w>
<w form="Xbr-ra" lemma="Xbr" label="Xbr">(X)<suppliedEnd/>-ra</w>
<w form="lagab" lemma="lagab" pos="N" label="slab">lagab</w>
<damage/>
<w form="&na4;za-gin3-na" lemma="za-gin3" pos="N" label="lapis lazuli" bound="L,ak" det="&na4;">&na4;za<damageEnd/>-gin3-na</w>
</l>
</lg>
<lg id="c.6.1.22.198" type="proverb" n="22.ll.198-199">
<l n="198" id="c6122.22.ll.198-199.198" corresp="t6122.p40">
<w form="kug" lemma="kug" pos="N" label="precious metal">kug</w>
<supplied/>
<w form="X" lemma="X" label="X">X</w>
<w form="X" lemma="X" label="X">X</w>
<suppliedEnd/>
<damage/>
<w form="ib2-dirig" lemma="dirig" pos="V" label="to be superior">ib2<damageEnd/>-dirig</w>
</l>
<l n="199" id="c6122.22.ll.198-199.199" corresp="t6122.p40">
<supplied/>
<w form="X" lemma="X" label="X">X</w>
<w form="X" lemma="X" label="X">X</w>
<suppliedEnd/>
<w form="ga-ba-an-lu" lemma="lu" pos="V" label="to be abundant">ga-ba-an-lu</w>
</l>
</lg>
<lg id="c.6.1.22.200" type="proverb" n="22.l.200">
<l n="200" id="c6122.22.l.200.200" corresp="t6122.p41">
<supplied/>
<w form="X" lemma="X" label="X">X</w>
<w form="X" lemma="X" label="X">X</w>
<suppliedEnd/>
<w form="tec2-bi" lemma="tec2" pos="N" label="unity">tec2-bi</w>
<supplied/>
<w form="dumu" lemma="dumu" pos="N" label="child">dumu</w>
<suppliedEnd/>
<w form="lugal-la-kam" lemma="lugal" pos="N" label="king">lugal-la-kam</w>
</l>
</lg>
<lg id="c.6.1.22.201" type="proverb" n="22.ll.201-202">
<note lang="eng">cf. <xref doc="c.6.1.01" from="c.6.1.01.96">6.1.01.96</xref></note>
<l n="201" id="c6122.22.ll.201-202.201" corresp="t6122.p42">
<supplied/>
<w form="cag4" lemma="cag4" pos="N" label="heart">cag4</w>
<suppliedEnd/>
<damage/>
<w form="gu7" lemma="gu7" pos="V" label="to eat">gu7</w>
<damageEnd/>
<w form="ub-dirig" lemma="dirig" pos="V" label="to be superior">ub-dirig</w>
<supplied/>
<w form="a-nir-ra" lemma="a-nir" pos="N" label="lament">a<suppliedEnd/>-nir-ra</w>
</l>
<l n="202" id="c6122.22.ll.201-202.202" corresp="t6122.p42">
<w form="cag4" lemma="cag4" pos="N" label="heart">cag4</w>
<w form="gu3" lemma="gu3" pos="N" label="voice">gu3</w>
<w form="sig10-ga" lemma="sig10" pos="V" label="to place">sig10-ga</w>
<w form="dumu" lemma="dumu" pos="N" label="child">dumu</w>
<w form="lugal-la-ke4" lemma="lugal" pos="N" label="king">lugal-la-ke4</w>
</l>
</lg>
<lg id="c.6.1.22.203" type="proverb" n="22.ll.203-206">
<note lang="eng">cf. <xref doc="c.6.1.17" from="c.6.1.17.b2">6.1.17.b2</xref>, <xref doc="c.1.8.1.5" from="c1815.28">1.8.1.5: ll. 28-29</xref>, <xref doc="c.1.8.1.5.1" from="c18151.12">1.8.1.5.1: ll. 12-13</xref>, 6.3.a: ll. 17-18</note>
<l n="203" id="c6122.22.ll.203-206.203" corresp="t6122.p43">
<w form="sukux-ra2" lemma="sukud" pos="V" label="to be high">sukux(SUKUD)-ra2</w>
<w form="an-na" lemma="an" pos="N" label="heaven">an-na</w>
<w form="cu" lemma="cu" pos="N" label="hand">cu</w>
<w form="nu-um-la2" lemma="la2" pos="V" label="to hang">nu-um-la2</w>
</l>
<l n="204" id="c6122.22.ll.203-206.204" corresp="t6122.p43">
<w form="dajal-e" lemma="dajal" pos="V" label="to be wide">dajal-e</w>
<w form="ki-in-du" lemma="ki-in-du" pos="N" label="(stretch of) earth">ki-in-du</w>
<damage/>
<w form="la-ba-an-cu2-cu2" lemma="cu2" pos="V" label="to cover" form-type="RR"><unclear cert="qry">la</unclear><damageEnd/>-<supplied/>ba<suppliedEnd/>-an-cu2-cu2</w>
</l>
<l n="205" id="c6122.22.ll.203-206.205" corresp="t6122.p43">
<supplied/>
<w form="kalag-ga" lemma="kalag" pos="V" label="to be strong">kalag<suppliedEnd/>-<damage/>ga</w>
<damageEnd/>
<w form="ki-nu2" lemma="ki-nu2" pos="N" label="sleeping quarter">ki-nu2</w>
<damage/>
<w form="ni2" lemma="ni2" pos="N" label="self">ni2</w>
<w form="nu-mu-un-gid2-de3" lemma="gid2" pos="V" label="to be long">nu<damageEnd/>-mu-un-gid2-de3</w>
</l>
<l n="206" id="c6122.22.ll.203-206.206" corresp="t6122.p43">
<supplied/>
<w form="za-e-me-en" lemma="za" pos="PD" type="personal" label="you (sg.)">za-e<suppliedEnd/>-me-en</w>
<supplied/>
<w form="ud-gin7" lemma="ud" pos="N" label="storm">ud<suppliedEnd/>-<damage/>gin7</w>
<damageEnd/>
<w form="dug4-dug4-ga" lemma="dug4" pos="V" label="to say" form-type="RR">dug4-dug4-ga</w>
<damage/>
<w form="pirij-gin7" lemma="pirij" pos="N" label="lion">pirij<damageEnd/>-gin7</w>
<w form="ni2" lemma="ni2" pos="N" label="self">ni2</w>
<w form="he2-gub" lemma="gub" pos="V" label="to stand">he2-gub</w>
</l>
</lg>
<lg id="c.6.1.22.207" type="proverb" n="22.ll.207-208">
<l n="207" id="c6122.22.ll.207-208.207" corresp="t6122.p44">
<supplied/>
<w form="X" lemma="X" label="X">X</w>
<w form="X" lemma="X" label="X">X</w>
<w form="Xbr" lemma="Xbr" label="Xbr">(X)</w>
<suppliedEnd/>
<w form="X" lemma="X" label="X">X</w>
<w form="kiri6-a" lemma="kiri6" pos="N" label="orchard">kiri6-a</w>
</l>
<l n="208" id="c6122.22.ll.207-208.208" corresp="t6122.p44">
<supplied/>
<w form="&X;" lemma="&X;" label="&X;">&X;</w>
<suppliedEnd/>
<w form="X" lemma="X" label="X">X</w>
</l>
</lg>
<gap extent="approx. 3 lines missing"/>
<lg id="c.6.1.22.212" type="proverb" n="22.ll.212-213">
<l n="212" id="c6122.22.ll.212-213.212" corresp="t6122.p45">
<damage/>
<w form="engar" lemma="engar" pos="N" label="farmer">engar</w>
<w form="DU" lemma="DU" label="DU">DU</w>
<damageEnd/>
<supplied/>
<w form="X" lemma="X" label="X">X</w>
<w form="X" lemma="X" label="X">X</w>
<suppliedEnd/>
<w form="X" lemma="X" label="X">X</w>
<w form="U3" lemma="U3" label="U&s3;">U3</w>
</l>
<l n="213" id="c6122.22.ll.212-213.213" corresp="t6122.p45">
<w form="TUR" lemma="TUR" label="TUR">TUR</w>
<w form="X" lemma="X" label="X">X</w>
<supplied/>
<w form="&X;" lemma="&X;" label="&X;">&X;</w>
<suppliedEnd/>
<w form="ki" lemma="ki" pos="N" label="place">ki</w>
</l>
</lg>
<lg id="c.6.1.22.214" type="proverb" n="22.ll.214-215">
<note lang="eng">cf. <xref doc="c.1.4.3" from="c143.121">1.4.3: l. 121</xref></note>
<l n="214" id="c6122.22.ll.214-215.214" corresp="t6122.p46">
<w form="cu-ni" lemma="cu" pos="N" label="hand">cu-ni</w>
<w form="&jic;bancur-ra" lemma="bancur" pos="N" label="(offering) table" bound="L,ak" det="&jic;">&jic;bancur-ra</w>
</l>
<l n="215" id="c6122.22.ll.214-215.215" corresp="t6122.p46">
<w form="eme-ni" lemma="eme" pos="N" label="tongue">eme-ni</w>
<w form="e2-gal-la" lemma="e2-gal" pos="N" label="palace">e2-gal-la</w>
</l>
</lg>
<lg id="c.6.1.22.216" type="proverb" n="22.ll.216-217">
<note lang="eng">cf. <xref doc="c.6.1.03" from="c.6.1.03.15">6.1.03.15</xref></note>
<l n="216" id="c6122.22.ll.216-217.216" corresp="t6122.p47">
<w form="tur-bi" lemma="tur" pos="V" label="to be small">tur-bi</w>
<w form="gu7-a" lemma="gu7" pos="V" label="to eat">gu7-a</w>
<w form="mah-bi" lemma="mah" pos="V" label="to be majestic">mah-bi</w>
<w form="til3-la" lemma="til3" pos="V" label="to live">til3-<damage/>la</w>
<damageEnd/>
</l>
<l n="217" id="c6122.22.ll.216-217.217" corresp="t6122.p47">
<w form="di4-di4-ba" lemma="dib" pos="V" label="to pass">di4-di4-<damage/><unclear cert="qry">ba</unclear></w>
<w form="jen-na" lemma="jen" pos="V" label="to go">jen<damageEnd/>-na</w>
<w form="jiri3-zu" lemma="jiri3" pos="N" label="foot">jiri3-zu</w>
<damage/>
<w form="ki-a" lemma="ki" pos="N" label="place"><unclear cert="qry">ki</unclear><damageEnd/>-<supplied/>a</w>
<suppliedEnd/>
<damage/>
<w form="gub-ba" lemma="gub" pos="V" label="to stand">gub<damageEnd/>-ba</w>
</l>
</lg>
<lg id="c.6.1.22.218" type="proverb" n="22.ll.218-223">
<l n="218" id="c6122.22.ll.218-223.218" corresp="t6122.p48">
<w form="ib2" lemma="ib2" pos="V" label="to be furious">ib2</w>
<w form="dab" lemma="dab5" pos="V" label="to seize">dab</w>
<w form="ba-an-de2" lemma="de2" pos="V" label="to pour">ba-an-de2</w>
</l>
<l n="219" id="c6122.22.ll.218-223.219" corresp="t6122.p48">
<w form="igi" lemma="igi" pos="N" label="eye">igi</w>
<w form="bar-ra" lemma="bar" pos="V" label="to set aside">bar-ra</w>
<w form="ga-ba-ab-il2" lemma="il2" pos="V" label="to raise">ga-ba-ab-il2</w>
</l>
<l n="220" id="c6122.22.ll.218-223.220" corresp="t6122.p48">
<w form="cag4" lemma="cag4" pos="N" label="heart">cag4</w>
<w form="si-ju10" lemma="si" pos="V" label="to fill">si-ju10</w>
<w form="im-du3-a" lemma="im-du3-a" pos="N" label="mud wall">im-du3-a</w>
<w form="ga-ra-a-gul" lemma="gul" pos="V" label="to destroy">ga-ra-a-gul</w>
</l>
<l n="221" id="c6122.22.ll.218-223.221" corresp="t6122.p48">
<w form="ib2" lemma="ib2" pos="V" label="to be furious">ib2</w>
<w form="he2-hul" lemma="hul" pos="V" label="to be bad">he2-hul</w>
</l>
<l n="222" id="c6122.22.ll.218-223.222" corresp="t6122.p48">
<w form="ib2" lemma="ib2" pos="V" label="to be furious">ib2</w>
<w form="dab" lemma="dab5" pos="V" label="to seize">dab</w>
<w form="ba-an-de2" lemma="de2" pos="V" label="to pour">ba-an-de2</w>
</l>
<l n="223" id="c6122.22.ll.218-223.223" corresp="t6122.p48">
<w form="nu-mu-un-kal-la" lemma="kal" pos="V" label="to be rare">nu-mu-un-kal-la</w>
</l>
</lg>
<lg id="c.6.1.22.224" type="proverb" n="22.ll.224-226">
<l n="224" id="c6122.22.ll.224-226.224" corresp="t6122.p49">
<w form="a-na" lemma="a-na" pos="PD" type="interrogative" label="what">a-na</w>
<w form="ga-ab-dug4" lemma="dug4" pos="V" label="to say">ga-ab-dug4</w>
</l>
<l n="225" id="c6122.22.ll.224-226.225" corresp="t6122.p49">
<w form="2" lemma="2" pos="NU" type="cardinal" label="2">2(MIN)</w>
<w form="ga-ab-dug4" lemma="dug4" pos="V" label="to say">ga-ab-dug4</w>
</l>
<l n="226" id="c6122.22.ll.224-226.226" corresp="t6122.p49">
<w form="2" lemma="2" pos="NU" type="cardinal" label="2">2(MIN)</w>
<w form="ga-ab-tah" lemma="tah" pos="V" label="to add">ga-ab-tah</w>
</l>
</lg>
<lg id="c.6.1.22.227" type="proverb" n="22.ll.227-229">
<l n="227" id="c6122.22.ll.227-229.227" corresp="t6122.p50">
<w form="lul" lemma="lul" pos="V" label="to be false">lul</w>
<w form="i3-sun7" lemma="sun7" pos="V" label="to be haughty">i3-sun7</w>
</l>
<l n="228" id="c6122.22.ll.227-229.228" corresp="t6122.p50">
<w form="lul" lemma="lul" pos="V" label="to be false">lul</w>
<w form="dug4-dug4" lemma="dug4" pos="V" label="to say" form-type="RR">dug4-dug4</w>
</l>
<l n="229" id="c6122.22.ll.227-229.229" corresp="t6122.p50">
<w form="eme" lemma="eme" pos="N" label="tongue">eme</w>
<w form="sig" lemma="sig" pos="V" label="to be low">sig</w>
<w form="dug4-dug4" lemma="dug4" pos="V" label="to say" form-type="RR">dug4-dug4</w>
</l>
</lg>
<lg id="c.6.1.22.230" type="proverb" n="22.ll.230-232">
<l n="230" id="c6122.22.ll.230-232.230" corresp="t6122.p51">
<w form="an-kur2" lemma="kur2" pos="V" label="to be different">an-kur2</w>
</l>
<l n="231" id="c6122.22.ll.230-232.231" corresp="t6122.p51">
<w form="an-kur2-kur2" lemma="kur2" pos="V" label="to be different" form-type="RR">an-kur2-kur2</w>
</l>
<l n="232" id="c6122.22.ll.230-232.232" corresp="t6122.p51">
<w form="igi" lemma="igi" pos="N" label="eye">igi</w>
<w form="an-kur2-kur2" lemma="kur2" pos="V" label="to be different" form-type="RR">an-kur2-kur2</w>
</l>
</lg>
<lg id="c.6.1.22.233" type="proverb" n="22.ll.233-235">
<note lang="eng">cf. <xref doc="c.6.1.02" from="c.6.1.02.120">6.1.02.120</xref></note>
<l n="233" id="c6122.22.ll.233-235.233" corresp="t6122.p52">
<w form="bi2-za-za" lemma="bi2-za-za" pos="N" label="frog">bi2-za-za</w>
</l>
<l n="234" id="c6122.22.ll.233-235.234" corresp="t6122.p52">
<w form="a-na-am3" lemma="a-na" pos="PD" type="interrogative" label="what">a-na-am3</w>
<w form="gub-ba-ni" lemma="gub" pos="V" label="to stand">gub-ba-ni</w>
</l>
<l n="235" id="c6122.22.ll.233-235.235" corresp="t6122.p52">
<w form="a-na-am3" lemma="a-na" pos="PD" type="interrogative" label="what">a-na-am3</w>
<w form="tuc-a-ni" lemma="tuc" pos="V" label="to sit">tuc-a-ni</w>
</l>
</lg>
<lg id="c.6.1.22.236" type="proverb" n="22.l.236">
<note lang="eng">cf. <xref doc="c.6.1.02" from="c.6.1.02.28">6.1.02.28</xref>, <xref doc="c.6.1.02" from="c.6.1.02.34A">6.1.02.34A</xref>, <xref doc="c.6.2.3" from="c623.16.1">6.2.3: UET 6/2 260 l. 1</xref></note>
<l n="236" id="c6122.22.l.236.236" corresp="t6122.p53">
<w form="du-du" lemma="jen" pos="V" label="to go" form-type="RR-isg">du-du</w>
<w form="nam-gir5-re" lemma="nam-gir5" pos="N" label="status as foreigner">nam-gir5-re</w>
<w form="a2-bi" lemma="a2" pos="N" label="arm">a2-bi</w>
<w form="in-jal2" lemma="jal2" pos="V" label="to be (located)">in-jal2</w>
</l>
</lg>
<lg id="c.6.1.22.237" type="proverb" n="22.ll.237-249">
<l n="237" id="c6122.22.ll.237-249.237" corresp="t6122.p54">
<w form="di4-di4-ba" lemma="dib" pos="V" label="to pass">di4-di4-ba</w>
<w form="X" lemma="X" label="X">X</w>
<supplied/>
<w form="X" lemma="X" label="X">X</w>
<suppliedEnd/>
</l>
<l n="238" id="c6122.22.ll.237-249.238" corresp="t6122.p54">
<w form="ud" lemma="ud" pos="N" label="day(light)">ud</w>
<w form="mu-da-zal-e" lemma="zal" pos="V" label="to pass">mu-da-<damage/><unclear cert="qry">zal</unclear><damageEnd/>-<supplied/>e</w>
<suppliedEnd/>
</l>
<l n="239" id="c6122.22.ll.237-249.239" corresp="t6122.p54">
<w form="dumu" lemma="dumu" pos="N" label="child">dumu</w>
<w form="X" lemma="X" label="X">X</w>
<supplied/>
<w form="X" lemma="X" label="X">X</w>
<w form="X" lemma="X" label="X">X</w>
<suppliedEnd/>
</l>
<l n="240" id="c6122.22.ll.237-249.240" corresp="t6122.p54">
<w form="AN" lemma="AN" label="AN">AN</w>
<w form="AC" lemma="AC" label="A&C;">AC</w>
<w form="UD" lemma="UD" label="UD">UD</w>
<w form="mu-da-X" lemma="X" label="X">mu-<damage/>da<damageEnd/>-<supplied/>X</w>
<w form="X" lemma="X" label="X">X</w>
<w form="X" lemma="X" label="X">X</w>
<suppliedEnd/>
</l>
<l n="241" id="c6122.22.ll.237-249.241" corresp="t6122.p54">
<w form="cul-cul" lemma="cul" pos="N" label="young man" form-type="RR">cul-cul</w>
<w form="X" lemma="X" label="X">X</w>
<supplied/>
<w form="X-bi" lemma="X" label="X">X<suppliedEnd/>-<damage/>bi</w>
<damageEnd/>
</l>
<l n="242" id="c6122.22.ll.237-249.242" corresp="t6122.p54">
<w form="igi-ni" lemma="igi" pos="N" label="eye">igi-ni</w>
<w form="im-ci-X" lemma="X" label="X">im-<damage/><unclear cert="qry">ci</unclear><damageEnd/>-<supplied/>X</w>
<suppliedEnd/>
<w form="X" lemma="X" label="X">X</w>
</l>
<l n="243" id="c6122.22.ll.237-249.243" corresp="t6122.p54">
<w form="i3-DU" lemma="DU" pos="V" label="DU">i3-DU</w>
<supplied/>
<w form="X" lemma="X" label="X">X</w>
<w form="Xbr" lemma="Xbr" label="Xbr">(X)</w>
<suppliedEnd/>
<w form="X" lemma="X" label="X">X</w>
</l>
<l n="244" id="c6122.22.ll.237-249.244" corresp="t6122.p54">
<w form="a-na-am3" lemma="a-na" pos="PD" type="interrogative" label="what">a-na-<damage/>am3</w>
<damageEnd/>
<w form="X" lemma="X" label="X">X</w>
<supplied/>
<w form="X" lemma="X" label="X">X</w>
<suppliedEnd/>
<w form="X" lemma="X" label="X">X</w>
</l>
<l n="245" id="c6122.22.ll.237-249.245" corresp="t6122.p54">
<damage/>
<w form="saj" lemma="saj" pos="N" label="head">saj</w>
<damageEnd/>
<w form="NI" lemma="NI" label="NI">NI</w>
<w form="X" lemma="X" label="X">X</w>
<supplied/>
<w form="X" lemma="X" label="X">X</w>
<suppliedEnd/>
<w form="RI" lemma="RI" label="RI">RI</w>
</l>
<l n="246" id="c6122.22.ll.237-249.246" corresp="t6122.p54">
<w form="X" lemma="X" label="X">X</w>
<w form="ki" lemma="ki" pos="N" label="place">ki</w>
<w form="lu2" lemma="lu2" pos="N" label="person">lu2</w>
<w form="X" lemma="X" label="X">X</w>
<w form="jal2" lemma="jal2" pos="V" label="to be (located)">jal2</w>
</l>
<l n="247" id="c6122.22.ll.237-249.247" corresp="t6122.p54">
<w form="lu2-lul" lemma="lu2-lul-la" pos="N" label="liar">lu2-lul</w>
<w form="i-lu" lemma="i-lu" pos="N" label="(sad) song">i-lu</w>
</l>
<l n="248" id="c6122.22.ll.237-249.248" corresp="t6122.p54">
<damage/>
<w form="ma-ab-be2-a" lemma="dug4" pos="V" label="to say" form-type="ppli">ma<damageEnd/>-ab-be2-a</w>
</l>
<l n="249" id="c6122.22.ll.237-249.249" corresp="t6122.p54">
<supplied/>
<w form="X" lemma="X" label="X">X</w>
<suppliedEnd/>
<w form="X" lemma="X" label="X">X</w>
<w form="UL" lemma="UL" label="UL"><unclear cert="qry">UL</unclear></w>
<w form="an-de2" lemma="de2" pos="V" label="to pour">an-de2</w>
</l>
</lg>
<gap extent="approx. 6 lines missing"/>
<lg id="c.6.1.22.256" type="proverb" n="22.ll.256-270">
<l n="256" id="c6122.22.ll.256-270.256" corresp="t6122.p55">
<supplied/>
<w form="&X;" lemma="&X;" label="&X;">&X;</w>
<suppliedEnd/>
<w form="X" lemma="X" label="X">X</w>
<supplied/>
<w form="X" lemma="X" label="X">X</w>
<suppliedEnd/>
</l>
<l n="257" id="c6122.22.ll.256-270.257" corresp="t6122.p55">
<supplied/>
<w form="&X;" lemma="&X;" label="&X;">&X;</w>
<suppliedEnd/>
<damage/>
<w form="kur2-ra" lemma="kur2" pos="V" label="to be different">kur2<damageEnd/>-ra</w>
</l>
<l n="258" id="c6122.22.ll.256-270.258" corresp="t6122.p55">
<supplied/>
<w form="&X;-am3" lemma="&X;" label="&X;">&X;<suppliedEnd/>-<damage/><unclear cert="qry">am3</unclear></w>
<damageEnd/>
</l>
<l n="259" id="c6122.22.ll.256-270.259" corresp="t6122.p55">
<supplied/>
<w form="&X;" lemma="&X;" label="&X;">&X;</w>
<suppliedEnd/>
<damage/>
<w form="gi" lemma="gi" pos="N" label="reed">gi</w>
<damageEnd/>
<w form="NE" lemma="NE" label="NE">NE</w>
</l>
<l n="260" id="c6122.22.ll.256-270.260" corresp="t6122.p55">
<supplied/>
<w form="&X;" lemma="&X;" label="&X;">&X;</w>
<suppliedEnd/>
<w form="UL" lemma="UL" label="UL">UL</w>
</l>
<l n="261" id="c6122.22.ll.256-270.261" corresp="t6122.p55">
<supplied/>
<w form="&X;" lemma="&X;" label="&X;">&X;</w>
<suppliedEnd/>
<damage/>
<w form="du-a" lemma="jen" pos="V" label="to go" form-type="isg">du<damageEnd/>-a</w>
</l>
<l n="262" id="c6122.22.ll.256-270.262" corresp="t6122.p55">
<supplied/>
<w form="&X;-bal-a" lemma="bal" pos="V" label="to turn over">&X;<suppliedEnd/>-bal-a</w>
</l>
<l n="263" id="c6122.22.ll.256-270.263" corresp="t6122.p55">
<supplied/>
<w form="&X;" lemma="&X;" label="&X;">&X;</w>
<suppliedEnd/>
<w form="X-ra" lemma="X" label="X">X-ra</w>
</l>
<l n="264" id="c6122.22.ll.256-270.264" corresp="t6122.p55">
<supplied/>
<w form="&X;-ni" lemma="&X;" label="&X;">&X;<suppliedEnd/>-<damage/>ni</w>
<damageEnd/>
</l>
<l n="265" id="c6122.22.ll.256-270.265" corresp="t6122.p55">
<supplied/>
<w form="&X;-ra" lemma="&X;" label="&X;">&X;<suppliedEnd/>-<damage/>ra</w>
<damageEnd/>
</l>
<l n="266" id="c6122.22.ll.256-270.266" corresp="t6122.p55">
<supplied/>
<w form="&X;" lemma="&X;" label="&X;">&X;</w>
<suppliedEnd/>
<w form="X-kam" lemma="X" label="X">X-kam</w>
</l>
<l n="267" id="c6122.22.ll.256-270.267" corresp="t6122.p55">
<supplied/>
<w form="&X;-ra" lemma="&X;" label="&X;">&X;<suppliedEnd/>-ra</w>
</l>
<l n="268" id="c6122.22.ll.256-270.268" corresp="t6122.p55">
<supplied/>
<w form="&X;-un-zu" lemma="zu" pos="V" label="to know">&X;<suppliedEnd/>-un-zu</w>
</l>
<l n="269" id="c6122.22.ll.256-270.269" corresp="t6122.p55">
<supplied/>
<w form="&X;" lemma="&X;" label="&X;">&X;</w>
<suppliedEnd/>
<w form="KI-ma" lemma="KI" label="KI">KI-ma</w>
</l>
<l n="270" id="c6122.22.ll.256-270.270" corresp="t6122.p55">
<w form="X" lemma="X" label="X">X</w>
<supplied/>
<w form="X" lemma="X" label="X">X</w>
<w form="X" lemma="X" label="X">X</w>
<suppliedEnd/>
<w form="X" lemma="X" label="X">X</w>
<w form="tud-da" lemma="tud" pos="V" label="to give birth">tud-da</w>
</l>
</lg>
<lg id="c.6.1.22.271" type="proverb" n="22.ll.271-275">
<l n="271" id="c6122.22.ll.271-275.271" corresp="t6122.p56">
<w form="igi" lemma="igi" pos="N" label="eye">igi</w>
<w form="&d;utu" lemma="utu" pos="N" type="DN" label="Utu" det="&d;">&d;utu</w>
<w form="cudu3-de3" lemma="cudu3" pos="N" label="prayer">cudu3-de3</w>
</l>
<l n="272" id="c6122.22.ll.271-275.272" corresp="t6122.p56">
<w form="cag4" lemma="cag4" pos="N" label="heart">cag4</w>
<w form="&d;utu" lemma="utu" pos="N" type="DN" label="Utu" det="&d;">&d;utu</w>
<w form="dajal-la" lemma="dajal" pos="V" label="to be wide">dajal-la</w>
</l>
<l n="273" id="c6122.22.ll.271-275.273" corresp="t6122.p56">
<w form="dumu" lemma="dumu" pos="N" label="child">dumu</w>
<w form="&d;utu" lemma="utu" pos="N" type="DN" label="Utu" det="&d;">&d;utu</w>
<w form="kug-ga-kam" lemma="kug" pos="AJ" label="shining">kug-ga-kam</w>
</l>
<l n="274" id="c6122.22.ll.271-275.274" corresp="t6122.p56">
<w form="cub-ba" lemma="cub" pos="V" label="to fall">cub-ba</w>
<w form="&d;utu" lemma="utu" pos="N" type="DN" label="Utu" det="&d;">&d;utu</w>
<w form="sag9-ge-de3" lemma="sag9" pos="V" label="to be good">sag9-ge-de3</w>
</l>
<l n="275" id="c6122.22.ll.271-275.275" corresp="t6122.p56">
<w form="ma2" lemma="ma2" pos="N" label="boat">ma2</w>
<w form="gu7-gu7" lemma="gu7" pos="V" label="to eat" form-type="RR">gu7-gu7</w>
<w form="kar-ra" lemma="kar" pos="N" label="quay">kar-ra</w>
<w form="an-dab5-be2" lemma="dab5" pos="V" label="to seize">an-dab5-be2</w>
</l>
</lg>
<lg id="c.6.1.22.276" type="proverb" n="22.ll.276-277">
<l n="276" id="c6122.22.ll.276-277.276" corresp="t6122.p57">
<w form="lu2" lemma="lu2" pos="N" label="person">lu2</w>
<w form="gu7-a" lemma="gu7" pos="V" label="to eat">gu7-a</w>
</l>
<l n="277" id="c6122.22.ll.276-277.277" corresp="t6122.p57">
<w form="dijir" lemma="dijir" pos="N" label="deity">dijir</w>
<w form="an-dab5-be2" lemma="dab5" pos="V" label="to seize">an-dab5-be2</w>
</l>
</lg>
<lg id="c.6.1.22.278" type="proverb" n="22.ll.278-279">
<note lang="eng">cf. <xref doc="c.6.1.03" from="c.6.1.03.42">6.1.03.42</xref>, <xref doc="c.6.2.1" from="c621.7.C.1">6.2.1: Ni 9824 Seg. C ll. 1-2</xref>, <xref doc="c.6.2.5" from="c625.6.7">6.2.5: YBC 8713 l. 7</xref></note>
<l n="278" id="c6122.22.ll.278-279.278" corresp="t6122.p58">
<w form="e2-&na4;kinkin-e" lemma="e2-kinkin" pos="N" label="mill" det="&na4;">e2-<damage/>&na4;<damageEnd/>kinkin(HAR)-<damage/>e</w>
<damageEnd/>
<w form="du14" lemma="du14" pos="N" label="discord">du14</w>
<supplied/>
<w form="he2-en-jal2" lemma="jal2" pos="V" label="to be (located)">he2<suppliedEnd/>-en-<damage/>jal2</w>
<damageEnd/>
</l>
<l n="279" id="c6122.22.ll.278-279.279" corresp="t6122.p58">
<w form="geme2" lemma="geme2" pos="N" label="female slave">geme2</w>
<w form="nij2" lemma="nij2" pos="N" label="thing">nij2</w>
<damage/>
<w form="zuh-a" lemma="zuh" pos="V" label="to steal"><unclear cert="qry">zuh</unclear><damageEnd/>-a</w>
<w form="he2-em-ma-ab-ed3-de3" lemma="ed3" pos="V" label="to go down or up">he2-em-ma-ab-ed3-de3</w>
</l>
</lg>
<lg id="c.6.1.22.280" type="proverb" n="22.ll.280-283">
<note lang="eng">cf. <xref doc="c.6.1.02" from="c.6.1.02.101">6.1.02.101</xref></note>
<l n="280" id="c6122.22.ll.280-283.280" corresp="t6122.p59">
<damage/>
<w form="gala-e" lemma="gala" pos="N" label="lament singer">gala<damageEnd/>-e</w>
<w form="ur-mah-e" lemma="ur-mah" pos="N" label="lion">ur-mah-e</w>
<damage/>
<w form="edin-na" lemma="edin" pos="N" label="open country">edin<damageEnd/>-na</w>
<w form="ni2" lemma="ni2" pos="N" label="fear(someness)">ni2</w>
<w form="mu-ni-ib-tej3-je26" lemma="te" pos="V" label="to approach">mu-ni-ib-tej3-je26</w>
</l>
<l n="281" id="c6122.22.ll.280-283.281" corresp="t6122.p59">
<damage/>
<w form="kan4" lemma="kan4" pos="N" label="gate">kan4</w>
<damageEnd/>
<w form="&d;inana-ta" lemma="inana" pos="N" type="DN" label="Inana" det="&d;">&d;inana-ta</w>
<w form="X-be2-ne" lemma="X" label="X">X-be2-ne</w>
</l>
<l n="282" id="c6122.22.ll.280-283.282" corresp="t6122.p59">
<damage/>
<w form="gudug-ge-ne" lemma="gudug" pos="N" label="type of priest"><unclear cert="qry">gudug</unclear><damageEnd/>-ge-ne</w>
<w form="ba-e-DU" lemma="DU" pos="V" label="DU">ba-e-DU</w>
</l>
<l n="283" id="c6122.22.ll.280-283.283" corresp="t6122.p59">
<supplied/>
<w form="cec-zu" lemma="cec" pos="N" label="brother">cec<suppliedEnd/>-zu</w>
<w form="edin-na" lemma="edin" pos="N" label="open country">edin-na</w>
<distinct type="emesal">
<supplied/>
<w form="ta-am3" lemma="a-na" pos="PD" type="interrogative" label="what" emesal="ta">ta-am3</w>
<suppliedEnd/>
</distinct>
<w form="mu-un-na-ak-e-ce" lemma="ak" pos="V" label="to do">mu-un-na-ak-e-ce</w>
</l>
</lg>
<lg id="c.6.1.22.284" type="proverb" n="22.ll.284-286">
<note lang="eng">cf. <xref doc="c.6.1.03" from="c.6.1.03.23">6.1.03.23</xref>, <xref doc="c.6.2.3" from="c623.2.2">6.2.3: UET 6/2 265 ll. 2-3</xref>, <xref doc="c.6.2.5" from="c625.1.A.7">6.2.5: IM 62823 Seg. A ll. 7-8</xref></note>
<l n="284" id="c6122.22.ll.284-286.284" corresp="t6122.p60">
<supplied/>
<w form="kug" lemma="kug" pos="N" label="precious metal">kug</w>
<suppliedEnd/>
<damage/>
<w form="tuku" lemma="tuku" pos="V" label="to have">tuku</w>
<damageEnd/>
<w form="cag4" lemma="cag4" pos="N" label="heart">cag4</w>
<w form="an-hul2" lemma="hul2" pos="V" label="to be happy">an-hul2</w>
</l>
<l n="285" id="c6122.22.ll.284-286.285" corresp="t6122.p60">
<supplied/>
<w form="ce" lemma="ce" pos="N" label="barley">ce</w>
<suppliedEnd/>
<damage/>
<w form="tuku" lemma="tuku" pos="V" label="to have">tuku</w>
<damageEnd/>
<w form="ur5" lemma="ur5" pos="N" label="liver">ur5</w>
<w form="an-sag9" lemma="sag9" pos="V" label="to be good">an-sag9</w>
</l>
<l n="286" id="c6122.22.ll.284-286.286" corresp="t6122.p60">
<supplied/>
<w form="nij2-ur2-limmu2" lemma="nij2-ur2-limmu2" pos="N" label="four-legged creature">nij2-ur2<suppliedEnd/>-<damage/>limmu2</w>
<damageEnd/>
<w form="tuku-e" lemma="tuku" pos="V" label="to have">tuku-e</w>
<supplied/>
<w form="u3" lemma="u3" pos="N" label="sleep">u3</w>
<w form="nu-un-ci-ku-ku" lemma="ku" pos="V" label="to lay down" form-type="RR">nu-un-ci<suppliedEnd/>-ku-ku</w>
</l>
</lg>
<lg id="c.6.1.22.287" type="proverb" n="22.l.287">
<l n="287" id="c6122.22.l.287.287" corresp="t6122.p61">
<supplied/>
<w form="&X;" lemma="&X;" label="&X;">&X;</w>
<suppliedEnd/>
<w form="AN" lemma="AN" label="AN">AN</w>
</l>
</lg>
<gap extent="approx. 3-4 lines missing"/>
</body>
</text>
</TEI.2>
