<TEI.2 id="c.6.1.24">
<teiHeader lang="eng">
<fileDesc>
<titleStmt>
<title>Proverbs: collection 24 -- a composite transliteration</title>
<respStmt><name>Jeremy Black</name><resp>Project Director and Editor</resp></respStmt>
<respStmt><name>G&aacute;bor Z&oacute;lyomi</name><resp>Editor</resp></respStmt>
<respStmt><name>Graham Cunningham</name><resp>Senior Editor</resp></respStmt>
<respStmt><name>Jon Taylor</name><resp>Editor</resp></respStmt>
<respStmt><name>Eleanor Robson</name><resp>Technical Developer</resp></respStmt>
<respStmt><name>Jarle Ebeling</name><resp>Technical Developer</resp></respStmt>
</titleStmt>
<publicationStmt>
<distributor>The Electronic Text Corpus of Sumerian Literature
</distributor><address><addrLine>The Oriental Institute, University of Oxford, Pusey Lane, Oxford OX1 2LE, UK, email etcsl&commat;orinst.ox.ac.uk, http://etcsl.orinst.ox.ac.uk</addrLine></address>
<date>2003</date>
</publicationStmt>
<seriesStmt><p>The Electronic Text Corpus of Sumerian Literature aims to make accessible over 400 literary works composed in the Sumerian language in ancient Mesopotamia during the late third and early second millennia BC. The works are in Sumerian composite transliteration and English prose translation with bibliographical information on each composition.</p></seriesStmt>
<sourceDesc>
<listBibl type="secondary">
<bibl><xref from="b83">Alster 1997a</xref><biblScope type="page">273-274, 451</biblScope><biblScope type="contents">translation, score transliteration</biblScope></bibl>
<bibl><xref from="b341">Krecher 1995</xref><biblScope type="contents">composite text, translation</biblScope><note>electronic source</note></bibl>
<bibl><xref from="b768">Alster 1980</xref><biblScope type="page">33-50</biblScope><biblScope type="contents">score transliteration, translation, handcopy, commentary</biblScope></bibl>
</listBibl>
<listBibl type="tablets">
<bibl><biblScope type="museumNumber">KNMA 10068</biblScope></bibl>
</listBibl>
</sourceDesc>
</fileDesc>
<revisionDesc>
<change><date>27.i.2002</date><respStmt><name>JT</name><resp>editor</resp></respStmt>
<item>standardisation</item></change>
<change><date>26.iii.2002</date><respStmt><name>JAB</name><resp>editor</resp></respStmt>
<item>proofreading</item></change>
<change><date>16.xii.2002</date><respStmt><name>GC</name><resp>editor</resp></respStmt>
<item>SGML tagging</item></change>
<change><date>20.vi.2003</date><respStmt><name>JE</name><resp>editor</resp></respStmt>
<item>web publication</item></change>
<change><date>01.vi.2003</date><respStmt><name>GC/JE</name><resp>editor/technical developer</resp></respStmt>
<item>XML/TEI conversion</item></change>
<change><date>30.iii.2005</date><respStmt><name>GC/JE</name><resp>senior editor/technical developer</resp></respStmt>
<item>lemmatised version published</item></change>
</revisionDesc>
</teiHeader>
<text lang="sux">
<body>
<gap extent="unknown no. of lines missing"/>
<lg id="c.6.1.24.1" type="proverb" n="24.1">
<l n="1" id="c6124.24.1.1" corresp="t6124.p1">
<supplied/>
<w form="&X;" lemma="&X;" label="&X;">&X;</w>
<suppliedEnd/>
<w form="A" lemma="A" label="A">A</w>
<damage/>
<w form="MU" lemma="MU" label="MU"><unclear cert="qry">MU</unclear></w>
<damageEnd/>
<supplied/>
<w form="&X;" lemma="&X;" label="&X;">&X;</w>
<suppliedEnd/>
</l>
</lg>
<lg id="c.6.1.24.2" type="proverb" n="24.2">
<note lang="eng">cf. <xref doc="c.6.1.09" from="c.6.1.09.a12">6.1.09.a12-13</xref>, <xref doc="c.6.1.19" from="c.6.1.19.b1">6.1.19.b1-2</xref>, <xref doc="c.6.1.21" from="c.6.1.21.b4">6.1.21.b4-5</xref>, <xref doc="c.6.2.5" from="c625.7.11">6.2.5: YBC 4677 ll. 1-4</xref></note>
<l n="2" id="c6124.24.2.2" corresp="t6124.p2">
<damage/>
<w form="cah2" lemma="cah2" pos="N" label="pig">cah2</w>
<damageEnd/>
<supplied/>
<w form="niga" lemma="niga" pos="AJ" label="fattened">niga</w>
<suppliedEnd/>
<damage/>
<w form="ab-cum-de3" lemma="cum" pos="V" label="to slaughter">ab<damageEnd/>-cum-de3</w>
<damage/>
<w form="nij2" lemma="nij2" pos="N" label="thing"><unclear cert="cor">nij2</unclear></w>
<damageEnd/>
<supplied/>
<w form="i3-gu7-a-ju10" lemma="gu7" pos="V" label="to eat">i3-gu7-a-ju10</w>
<w form="ga-ab-sug6-e-ce" lemma="sug6" pos="V" label="to replace">ga-ab-sug6-e-ce</w>
<suppliedEnd/>
</l>
<l n="3" id="c6124.24.2.3" corresp="t6124.p2">
<damage/>
<w form="&cah2;ze2-eh" lemma="ze2-eh" pos="N" label="pig" det="&cah2;">&cah2;ze2<damageEnd/>-eh</w>
<w form="tur-e" lemma="tur" pos="V" label="to be small">tur-e</w>
<damage/>
<w form="cu" lemma="cu" pos="N" label="hand">cu</w>
<damageEnd/>
<supplied/>
<w form="al-gu4-ud-gu4-ud-de3" lemma="gu4-ud" pos="V" label="to jump on" form-type="RR">al-gu4-ud-gu4-ud-de3</w>
<suppliedEnd/>
<w form="sag9-ga-ac-am3" lemma="sag9" pos="V" label="to be good">sag9-ga-ac-am3</w>
<w form="je26-e" lemma="je26" pos="PD" type="personal" label="I">je26-<damage/>e</w>
<damageEnd/>
<supplied/>
<w form="nu-gu7-e-ce" lemma="gu7" pos="V" label="to eat">nu-gu7-e-ce</w>
<suppliedEnd/>
</l>
</lg>
<lg id="c.6.1.24.3" type="proverb" n="24.3">
<note lang="eng">cf. <xref doc="c.6.1.02" from="c.6.1.02.135">6.1.02.135</xref>, <xref doc="c.6.1.19" from="c.6.1.19.b4">6.1.19.b4</xref></note>
<l n="4" id="c6124.24.3.4" corresp="t6124.p3">
<w form="e2" lemma="e2" pos="N" label="house(hold)">e2</w>
<w form="gul-gul-e" lemma="gul" pos="V" label="to destroy" form-type="RR">gul-gul-e</w>
<supplied/>
<w form="kug" lemma="kug" pos="N" label="precious metal">kug</w>
<w form="i3-gul-e" lemma="gul" pos="V" label="to destroy">i3-gul-e</w>
<suppliedEnd/>
</l>
<l n="5" id="c6124.24.3.5" corresp="t6124.p3">
<w form="e2" lemma="e2" pos="N" label="house(hold)">e2</w>
<w form="gul-e" lemma="gul" pos="V" label="to destroy">gul-e</w>
<w form="kug-sig17" lemma="kug-sig17" pos="N" label="gold">kug-<damage/>sig17</w>
<damageEnd/>
<supplied/>
<w form="i3-gul-e" lemma="gul" pos="V" label="to destroy">i3-gul-e</w>
<suppliedEnd/>
</l>
</lg>
<lg id="c.6.1.24.4" type="proverb" n="24.4">
<note lang="eng">cf. <xref doc="c.6.1.09" from="c.6.1.09.a14">6.1.09.a14</xref>, <xref doc="c.6.1.19" from="c.6.1.19.b5">6.1.19.b5</xref></note>
<l n="6" id="c6124.24.4.6" corresp="t6124.p4">
<w form="dam" lemma="dam" pos="N" label="spouse">dam</w>
<distinct type="emesal">
<damage/>
<w form="u3-mu-un-si" lemma="ensi2" pos="N" label="(city) ruler" emesal="u3-mu-un-si">u3<damageEnd/>-mu-<damage/>un-si</w>
<damageEnd/>
</distinct>
<w form="gam-am3" lemma="gam" pos="V" label="to bow down">gam-<supplied/>am3</w>
<w form="geme2" lemma="geme2" pos="N" label="female slave">geme2</w>
<w form="ug5-ga-am3" lemma="uc2" pos="V" label="to die" form-type="plisg">ug5-ga-am3</w>
<suppliedEnd/>
</l>
<l n="7" id="c6124.24.4.7" corresp="t6124.p4">
<distinct type="emesal">
<w form="u3-mu-un-si" lemma="ensi2" pos="N" label="(city) ruler" emesal="u3-mu-un-si">u3-mu-un-<damage/>si</w>
<damageEnd/>
</distinct>
<w form="gam-am3" lemma="gam" pos="V" label="to bow down">gam-<supplied/>am3</w>
<w form="arad" lemma="arad" pos="N" label="slave">arad</w>
<w form="ug5-ga-am3" lemma="uc2" pos="V" label="to die" form-type="plisg">ug5-ga-am3</w>
<suppliedEnd/>
</l>
</lg>
<lg id="c.6.1.24.5" type="proverb" n="24.5">
<note lang="eng">cf. <xref doc="c.6.1.03" from="c.6.1.03.71">6.1.03.71</xref>, <xref doc="c.6.1.11" from="c.6.1.11.19">6.1.11.19</xref>, <xref doc="c.6.1.19" from="c.6.1.19.b6">6.1.19.b6</xref></note>
<l n="8" id="c6124.24.5.8" corresp="t6124.p5">
<w form="ga-gid2" lemma="gid2" pos="V" label="to be long">ga-gid2</w>
<damage/>
<w form="mu-un-da-ku5-ru" lemma="kud" pos="V" label="to cut">mu<damageEnd/>-un-<damage/>da<damageEnd/>-<supplied/>ku5-ru</w>
<w form="cu-bi" lemma="cu" pos="N" label="hand">cu-bi</w>
<w form="bar" lemma="bar" pos="N" label="outside">bar</w>
<w form="edin-na" lemma="edin" pos="N" label="open country">edin-na</w>
<w form="mu-da-an-DU" lemma="DU" pos="V" label="DU">mu-da-an-DU</w>
<suppliedEnd/>
</l>
</lg>
<lg id="c.6.1.24.6" type="proverb" n="24.6">
<l n="9" id="c6124.24.6.9" corresp="t6124.p6">
<w form="im-ba" lemma="im-ba" pos="N" label="deficit">im-ba</w>
<w form="am3-ja2-ja2" lemma="jar" pos="V" label="to place" form-type="rr">am3-ja2-<damage/>ja2</w>
<damageEnd/>
<supplied/>
<w form="&X;" lemma="&X;" label="&X;">&X;</w>
<suppliedEnd/>
</l>
<l n="10" id="c6124.24.6.10" corresp="t6124.p6">
<w form="ba-ab-ak" lemma="ak" pos="V" label="to do">ba-ab-ak</w>
<w form="i3-&X;" lemma="&X;" label="&X;">i3-<supplied/>&X;</w>
<suppliedEnd/>
</l>
</lg>
<lg id="c.6.1.24.7" type="proverb" n="24.7">
<note lang="eng">cf. <xref doc="c.6.1.03" from="c.6.1.03.88">6.1.03.88</xref>, <xref doc="c.6.1.18" from="c.6.1.18.14">6.1.18.14</xref></note>
<l n="11" id="c6124.24.7.11" corresp="t6124.p7">
<w form="saj" lemma="saj" pos="N" label="head">saj</w>
<w form="bul-e" lemma="bul" pos="V" label="to shake">bul-e</w>
<damage/>
<w form="id2-da" lemma="id2" pos="N" label="watercourse">id2<damageEnd/>-<supplied/>da</w>
<w form="bal-e" lemma="bal" pos="V" label="to turn over">bal-e</w>
<suppliedEnd/>
</l>
</lg>
<lg id="c.6.1.24.8" type="proverb" n="24.8">
<note lang="eng">cf. <xref doc="c.6.1.19" from="c.6.1.19.c7">6.1.19.c7</xref>, <xref doc="c.6.1.21" from="c.6.1.21.c1">6.1.21.c1</xref>, <xref doc="c.6.1.23" from="c.6.1.23.18">6.1.23.18</xref></note>
<l n="12" id="c6124.24.8.12" corresp="t6124.p8">
<w form="&kuc;ummud" lemma="ummud" pos="N" label="waterskin" det="&kuc;">&kuc;ummud</w>
<damage/>
<w form="zi" lemma="zi" pos="N" label="life (breath)">zi</w>
<damageEnd/>
<supplied/>
<w form="lu2-kam" lemma="lu2" pos="N" label="person">lu2-kam</w>
<suppliedEnd/>
<w form="&kuc;e-sir2" lemma="e-sir2" pos="N" label="sandal" det="&kuc;">&kuc;e-sir2</w>
<supplied/>
<w form="igi" lemma="igi" pos="N" label="eye">igi</w>
<w form="lu2-kam" lemma="lu2" pos="N" label="person">lu2-kam</w>
<suppliedEnd/>
</l>
<l n="13" id="c6124.24.8.13" corresp="t6124.p8">
<w form="dam" lemma="dam" pos="N" label="spouse">dam</w>
<w form="dim4-ma" lemma="dim4" pos="V" label="to check">dim4-ma</w>
<damage/>
<w form="lu2-kam" lemma="lu2" pos="N" label="person">lu2<damageEnd/>-<supplied/>kam</w>
<suppliedEnd/>
<damage/>
<w form="dumu-nitah" lemma="dumu-nitah" pos="N" label="son">dumu-nitah</w>
<damageEnd/>
<w form="jissu" lemma="jissu" pos="N" label="(protective) shade">jissu</w>
<damage/>
<w form="lu2-kam" lemma="lu2" pos="N" label="person">lu2<damageEnd/>-<supplied/>kam</w>
<suppliedEnd/>
</l>
<l n="14" id="c6124.24.8.14" corresp="t6124.p8">
<w form="dumu-munus" lemma="dumu-munus" pos="N" label="daughter">dumu-munus</w>
<w form="saj" lemma="saj" pos="N" label="head">saj</w>
<w form="cu" lemma="cu" pos="N" label="hand">cu</w>
<w form="jar" lemma="jar" pos="V" label="to place">jar</w>
<w form="lu2-kam" lemma="lu2" pos="N" label="person">lu2-kam</w>
<w form="e2-gi4-a" lemma="e2-gi4-a" pos="N" label="daughter-in-law">e2-gi4-a</w>
<w form="gal5-la2" lemma="gal5-la2" pos="N" label="type of demon">gal5-la2</w>
<damage/>
<w form="lu2-kam" lemma="lu2" pos="N" label="person">lu2<damageEnd/>-<supplied/>kam</w>
<suppliedEnd/>
</l>
</lg>
<lg id="c.6.1.24.9" type="proverb" n="24.9">
<note lang="eng">cf. <xref doc="c.6.1.03" from="c.6.1.03.26">6.1.03.26</xref>, <xref doc="c.6.1.19" from="c.6.1.19.c2">6.1.19.c2</xref></note>
<l n="15" id="c6124.24.9.15" corresp="t6124.p9">
<w form="&d;utu" lemma="utu" pos="N" type="DN" label="Utu" det="&d;">&d;utu</w>
<w form="bar-ra" lemma="bar" pos="N" label="outside">bar-ra</w>
<w form="cu" lemma="cu" pos="N" label="hand">cu</w>
<w form="he2-en-ne-cu2" lemma="cu2" pos="V" label="to cover">he2-<damage/>en-ne<damageEnd/>-<supplied/>cu2</w>
<suppliedEnd/>
<w form="ni2-zu" lemma="ni2-zu" pos="PD" type="reflexive" label="yourself">ni2-zu</w>
<w form="cu" lemma="cu" pos="N" label="hand">cu</w>
<w form="nu-zu-a" lemma="zu" pos="V" label="to know">nu-zu-a</w>
<damage/>
<w form="kur9-ni-ib" lemma="kur9" pos="V" label="to enter">kur9<damageEnd/>-ni-<supplied/>ib</w>
<suppliedEnd/>
</l>
</lg>
<lg id="c.6.1.24.10" type="proverb" n="24.10">
<note lang="eng">cf. <xref doc="c.6.1.21" from="c.6.1.21.c4">6.1.21.c4</xref></note>
<l n="16" id="c6124.24.10.16" corresp="t6124.p10">
<w form="kac" lemma="kac" pos="N" label="beer">kac</w>
<distinct type="emesal">
<w form="ga-an-ze2-eb-ba" lemma="dug3" pos="V" label="to be good" emesal="ze2-eb">ga-an-ze2-eb-ba</w>
</distinct>
<w form="ucur" lemma="ucur" pos="N" label="neighbour"><corr sic="UKUR3">ucur</corr></w>
<supplied/>
<w form="nu-mu-un-kal-e" lemma="kal" pos="V" label="to be rare">nu<suppliedEnd/>-<damage/>mu<damageEnd/>-un-kal-<supplied/>e</w>
<suppliedEnd/>
</l>
</lg>
<lg id="c.6.1.24.11" type="proverb" n="24.11">
<note lang="eng">cf. <xref doc="c.6.1.21" from="c.6.1.21.c5">6.1.21.c5</xref>; edited separately as 5.6.9 The fowler and his wife</note>
<l n="x" id="c6124.24.11.x" corresp="t6124.p11">
</l>
</lg>
<gap extent="unknown no. of lines missing"/>
</body>
</text>
</TEI.2>
