<TEI.2 id="c.6.1.04">
<teiHeader lang="eng">
<fileDesc>
<titleStmt>
<title>Proverbs: collection 4 -- a composite transliteration</title>
<respStmt><name>Jeremy Black</name><resp>Project Director and Editor</resp></respStmt>
<respStmt><name>G&aacute;bor Z&oacute;lyomi</name><resp>Editor</resp></respStmt>
<respStmt><name>Graham Cunningham</name><resp>Senior Editor</resp></respStmt>
<respStmt><name>Jon Taylor</name><resp>Editor</resp></respStmt>
<respStmt><name>Eleanor Robson</name><resp>Technical Developer</resp></respStmt>
<respStmt><name>Jarle Ebeling</name><resp>Technical Developer</resp></respStmt>
</titleStmt>
<publicationStmt>
<distributor>The Electronic Text Corpus of Sumerian Literature
</distributor><address><addrLine>The Oriental Institute, University of Oxford, Pusey Lane, Oxford OX1 2LE, UK, email etcsl&commat;orinst.ox.ac.uk, http://etcsl.orinst.ox.ac.uk</addrLine></address>
<date>2003</date>
</publicationStmt>
<seriesStmt><p>The Electronic Text Corpus of Sumerian Literature aims to make accessible over 400 literary works composed in the Sumerian language in ancient Mesopotamia during the late third and early second millennia BC. The works are in Sumerian composite transliteration and English prose translation with bibliographical information on each composition.</p></seriesStmt>
<sourceDesc>
<listBibl type="secondary">
<bibl><xref from="b123">R&ouml;mer 1990a</xref><biblScope type="page">38</biblScope><biblScope type="contents">translation, commentary</biblScope><note>selections</note></bibl>
<bibl><xref from="b83">Alster 1997a</xref><biblScope type="page">113-118, 396-399</biblScope><biblScope type="contents">translation, score transliteration</biblScope></bibl>
<bibl><xref from="b341">Krecher 1995</xref><biblScope type="contents">composite text, translation</biblScope><note>electronic source</note></bibl>
<bibl><xref from="b674">Alster 1999a</xref><biblScope type="contents">commentary</biblScope></bibl>
</listBibl>
<listBibl type="tablets">
<bibl><biblScope type="museumNumber">CBS 14079</biblScope></bibl>
<bibl><biblScope type="museumNumber">HS 1439 (TMHNF IV 48)</biblScope></bibl>
</listBibl>
</sourceDesc>
</fileDesc>
<revisionDesc>
<change><date>14.v.2002-15.v.2002</date><respStmt><name>JT</name><resp>editor</resp></respStmt>
<item>standardisation</item></change>
<change><date>04.x.2002</date><respStmt><name>JAB</name><resp>editor</resp></respStmt>
<item>proofreading</item></change>
<change><date>16.xii.2002</date><respStmt><name>GC</name><resp>editor</resp></respStmt>
<item>SGML tagging</item></change>
<change><date>20.vi.2003</date><respStmt><name>JE</name><resp>editor</resp></respStmt>
<item>web publication</item></change>
<change><date>01.vi.2003</date><respStmt><name>GC/JE</name><resp>editor/technical developer</resp></respStmt>
<item>XML/TEI conversion</item></change>
<change><date>30.iii.2005</date><respStmt><name>GC/JE</name><resp>senior editor/technical developer</resp></respStmt>
<item>lemmatised version published</item></change>
</revisionDesc>
</teiHeader>
<text lang="sux">
<body>
<div1 type="segment" n="A">
<lg id="c.6.1.04.1" type="proverb" n="4.1">
<l n="1" id="c6104.A.4.1.1" corresp="t6104.p1">
<w form="1" lemma="1" pos="NU" type="cardinal" label="1">1</w>
<w form="dug" lemma="dug" pos="N" label="pot">dug</w>
<w form="sukux-ra2" lemma="sukud" pos="V" label="to be high">sukux(SUKUD)-ra2</w>
<w form="alan" lemma="alan" pos="N" label="statue">alan</w>
<w form="gu3" lemma="gu3" pos="N" label="voice">gu3</w>
<w form="de2-de2" lemma="de2" pos="V" label="to pour" form-type="RR">de2-de2</w>
</l>
</lg>
<lg id="c.6.1.04.2" type="proverb" n="4.2">
<l n="2" id="c6104.A.4.2.2" corresp="t6104.p2">
<w form="nij2" lemma="nij2" pos="N" label="thing">nij2</w>
<w form="izi" lemma="izi" pos="N" label="fire">izi</w>
<w form="sig9" lemma="sig9" pos="V" label="to put">sig9</w>
<w form="me" lemma="me" pos="N" label="essence">me</w>
<w form="i3-kal-kal-am3" lemma="kal" pos="V" label="to be rare" form-type="RR">i3-kal-kal-am3</w>
<w form="ejer-ra-bi" lemma="ejer" pos="N" label="back">ejer-ra-bi</w>
<w form="na" lemma="me" pos="V" label="to be">na</w>
</l>
</lg>
<lg id="c.6.1.04.3" type="proverb" n="4.3">
<l n="3" id="c6104.A.4.3.3" corresp="t6104.p3">
<damage/>
<w form="MAC" lemma="1/2" pos="NU" type="fraction" label="1/2">MAC</w>
<damageEnd/>
<w form="gij4" lemma="gij4" pos="N" label="weight measure">gij4</w>
<w form="MAC" lemma="1/2" pos="NU" type="fraction" label="1/2">MAC</w>
<w form="gij4" lemma="gij4" pos="N" label="weight measure">gij4</w>
<w form="ki" lemma="ki" pos="N" label="place">ki</w>
<w form="im-du-a-kam" lemma="jen" pos="V" label="to go" form-type="isg">im-du-a-kam</w>
</l>
<l n="4" id="c6104.A.4.3.4" corresp="t6104.p3">
<w form="cub" lemma="cub" pos="V" label="to fall">cub</w>
<w form="gij4" lemma="gij4" pos="N" label="weight measure">gij4</w>
<w form="ki" lemma="ki" pos="N" label="place">ki</w>
<w form="am" lemma="am" pos="N" label="wild bull">am</w>
<w form="muc-a-kam" lemma="muc" pos="N" label="snake">muc-a-kam</w>
</l>
</lg>
<lg id="c.6.1.04.4" type="proverb" n="4.4">
<note lang="eng">cf. <xref doc="c.6.1.03" from="c.6.1.03.167">6.1.03.167</xref>, <xref doc="c.6.1.22" from="c.6.1.22.189">6.1.22: l. 189</xref>, <xref doc="c.6.2.4" from="c624.1.B.2">6.2.4: VAT 21604 (+) 21605 Seg. B l. 2</xref></note>
<l n="5" id="c6104.A.4.4.5" corresp="t6104.p4">
<w form="an" lemma="an" pos="N" label="heaven">an</w>
<w form="an-guru3" lemma="guru3" pos="V" label="to bear">an-guru3</w>
<w form="ki" lemma="ki" pos="N" label="place">ki</w>
<w form="cu-ni-ce3" lemma="cu" pos="N" label="hand">cu-ni-ce3</w>
<w form="an-la2" lemma="la2" pos="V" label="to hang">an-la2</w>
</l>
</lg>
<lg id="c.6.1.04.5" type="proverb" n="4.5">
<note lang="eng">cf. <xref doc="c.6.2.4" from="c624.1.B.4">6.2.4: VAT 21604 (+) 21605 Seg. B l. 4</xref></note>
<l n="6" id="c6104.A.4.5.6" corresp="t6104.p5">
<w form="cul-a-lum-bi" lemma="cul-a-lum" pos="N" label="punishment">cul-a-lum-bi</w>
<w form="al-il2-il2" lemma="il2" pos="V" label="to raise" form-type="RR">al-il2-il2</w>
</l>
</lg>
<lg id="c.6.1.04.6" type="proverb" n="4.6">
<note lang="eng">cf. <xref doc="c.6.2.4" from="c624.1.B.7">6.2.4: VAT 21604 (+) 21605 Seg. B l. 7</xref></note>
<l n="7" id="c6104.A.4.6.7" corresp="t6104.p6">
<w form="u2-a-gin7" lemma="u2-a" pos="N" label="provisioner">u2-a-gin7</w>
<w form="saj-gu2-ne-ka-ra" lemma="saj-kug-jal2" pos="AJ" label="proud">saj-gu2-ne-ka-ra</w>
<w form="ba-e-a-ed3-de3-de3-en" lemma="ed3" pos="V" label="to go down or up">ba-e-a-ed3-de3-de3-en</w>
</l>
</lg>
<lg id="c.6.1.04.7" type="proverb" n="4.7">
<l n="8" id="c6104.A.4.7.8" corresp="t6104.p7">
<w form="ud" lemma="ud" pos="N" label="day(light)">ud</w>
<w form="cu2-uc" lemma="cu2" pos="V" label="to cover">cu2-uc</w>
<w form="jic3-e" lemma="jic3" pos="N" label="penis">jic3-e</w>
<phr type="VP" lemma="a ri" label="to engender">
<w form="a" lemma="a" pos="N" label="water">a</w>
<w form="ab-ra-an" lemma="ri" pos="V" label="to direct">ab-ra-an</w>
</phr>
</l>
<l n="9" id="c6104.A.4.7.9" corresp="t6104.p7">
<w form="uc2" lemma="uc2" pos="N" label="gore">uc2</w>
<w form="cag4-ba-gin7" lemma="cag4" pos="N" label="heart">cag4-ba-gin7</w>
<w form="gi" lemma="gi" pos="N" label="reed">gi</w>
<w form="duru5-a" lemma="duru5" pos="V" label="to be wet">duru5-a</w>
<w form="ab-la2-en" lemma="la2" pos="V" label="to hang">ab-la2-en</w>
</l>
</lg>
<lg id="c.6.1.04.8" type="proverb" n="4.8">
<note lang="eng">cf. <xref doc="c.6.2.4" from="c624.1.B.5">6.2.4: VAT 21604 (+) 21605 Seg. B ll. 5-6</xref></note>
<l n="10" id="c6104.A.4.8.10" corresp="t6104.p8">
<w form="lu2" lemma="lu2" pos="N" label="person">lu2</w>
<w form="ga-cum" lemma="ga-cum" pos="N" label="assassin">ga-cum</w>
<w form="dab5-ba-ni" lemma="dab5" pos="V" label="to seize">dab5-ba-ni</w>
<w form="al-me-a" lemma="me" pos="V" label="to be">al-me-a</w>
<w form="lu2" lemma="lu2" pos="N" label="person">lu2</w>
<w form="du14-da-ka-na" lemma="du14" pos="N" label="discord">du14-da-ka-na</w>
<w form="ba-an-kur9" lemma="kur9" pos="V" label="to enter">ba-an-kur9</w>
</l>
</lg>
<lg id="c.6.1.04.9" type="proverb" n="4.9">
<note lang="eng">cf. <xref doc="c.6.2.4" from="c624.1.B.8">6.2.4: VAT 21604 (+) 21605 Seg. B ll. 8-13</xref></note>
<l n="11" id="c6104.A.4.9.11" corresp="t6104.p9">
<w form="&tum9;si-sa2" lemma="si-sa2" pos="N" label="north wind" det="&tum9;">&tum9;si-sa2</w>
<w form="tum9" lemma="tum9" pos="N" label="wind">tum9</w>
<w form="si-am3" lemma="si" pos="V" label="to fill">si-am3</w>
<w form="&tum9;u18-lu" lemma="ulu3" pos="N" label="south wind (storm)" det="&tum9;">&tum9;u18-lu</w>
<w form="lu2-bi" lemma="lu2" pos="N" label="person">lu2-bi</w>
<w form="sig10-ga-am3" lemma="sig10" pos="V" label="to place">sig10-ga-am3</w>
</l>
<l n="12" id="c6104.A.4.9.12" corresp="t6104.p9">
<w form="&tum9;sa12-ti-um" lemma="sa12-ti-um" pos="N" label="east wind" det="&tum9;">&tum9;sa12-ti-um</w>
<w form="tum9" lemma="tum9" pos="N" label="wind">tum9</w>
<w form="cej14-ja2" lemma="cej3" pos="N" label="rain">cej14-ja2</w>
<w form="&tum9;mar-tu" lemma="mar-tu" pos="N" label="west wind" det="&tum9;">&tum9;mar-tu</w>
<w form="lu2" lemma="lu2" pos="N" label="person">lu2</w>
<w form="til3-ba" lemma="til3" pos="V" label="to live">til3-ba</w>
<w form="dirig-ga" lemma="dirig" pos="V" label="to be superior">dirig-ga</w>
</l>
<l n="13" id="c6104.A.4.9.13" corresp="t6104.p9">
<w form="&tum9;sa12-ti-um" lemma="sa12-ti-um" pos="N" label="east wind" det="&tum9;">&tum9;sa12-ti-um</w>
<w form="tum9" lemma="tum9" pos="N" label="wind">tum9</w>
<w form="he2-jal2-la" lemma="he2-jal2" pos="N" label="plenty">he2-jal2-la</w>
<w form="gu5-li" lemma="gu5-li" pos="N" label="friend">gu5-li</w>
<w form="&d;na-ra-am-&d;suen" lemma="na-ra-am-suen" pos="N" type="RN" label="Naram-Suen" npart="DN:Suen" det="&d;">&d;na-ra-am-&d;suen</w>
</l>
</lg>
<lg id="c.6.1.04.10" type="proverb" n="4.10">
<l n="14" id="c6104.A.4.10.14" corresp="t6104.p10">
<w form="nij2" lemma="nij2" pos="N" label="thing">nij2</w>
<w form="zu" lemma="zu" pos="V" label="to know">zu</w>
<w form="a-na-ac" lemma="a-na-ac" pos="AV" label="why">a-na-ac</w>
<w form="he2-en-de3-cu2" lemma="cu2" pos="V" label="to cover">he2-en-de3-cu2</w>
</l>
</lg>
<lg id="c.6.1.04.11" type="proverb" n="4.11">
<l n="15" id="c6104.A.4.11.15" corresp="t6104.p11">
<w form="dim3-ma-ju10" lemma="dim3-ma" pos="N" label="figurine">dim3-ma-ju10</w>
<w form="ki" lemma="ki" pos="N" label="place">ki</w>
<distinct type="emesal">
<w form="na-aj2-ba-al" lemma="ba-al" pos="V" label="to dig" emesal-prefix="na-aj2-">na-<damage/>aj2<damageEnd/>-ba-al</w>
</distinct>
</l>
<l n="16" id="c6104.A.4.11.16" corresp="t6104.p11">
<distinct type="emesal">
<w form="aj2" lemma="nij2" pos="N" label="thing" emesal="aj2">aj2</w>
</distinct>
<phr type="VP" lemma="u2-gu de2" label="to lose">
<w form="u2-gu" lemma="u2-gu" pos="N" label="noun part of multiword verb">u2-gu</w>
<w form="de2-a-ju10" lemma="de2" pos="V" label="to pour">de2-a-ju10</w>
</phr>
<w form="nu-ub-pad3-de3-en" lemma="pad3" pos="V" label="to find">nu-ub-pad3-de3-en</w>
</l>
</lg>
<lg id="c.6.1.04.12" type="proverb" n="4.12">
<l n="17" id="c6104.A.4.12.17" corresp="t6104.p12">
<damage/>
<w form="mac2" lemma="mac2" pos="N" label="(kid) goat">mac2</w>
<damageEnd/>
<w form="a-a" lemma="a" pos="N" label="water">a-a</w>
<w form="lu2" lemma="lu2" pos="N" label="person">lu2</w>
<w form="ba-ni-in-ed3-de3" lemma="ed3" pos="V" label="to go down or up">ba-ni-in-ed3-de3</w>
<w form="kac-a" lemma="kac" pos="N" label="beer">kac-a</w>
<w form="su-bur2" lemma="su-bur2" pos="N" label="quicksand">su-bur2</w>
</l>
</lg>
<lg id="c.6.1.04.13" type="proverb" n="4.13">
<l n="18" id="c6104.A.4.13.18" corresp="t6104.p13">
<supplied/>
<w form="X" lemma="X" label="X">X</w>
<suppliedEnd/>
<damage/>
<w form="UL" lemma="UL" label="UL">UL</w>
<damageEnd/>
<w form="gu7-ju10" lemma="gu7" pos="V" label="to eat">gu7-ju10</w>
<w form="ab-X-e" lemma="X" label="X">ab-X-e</w>
</l>
</lg>
<lg id="c.6.1.04.14" type="proverb" n="4.14">
<l n="19" id="c6104.A.4.14.19" corresp="t6104.p14">
<w form="lu2-tur" lemma="lu2-tur" pos="N" label="child">lu2-tur</w>
<w form="ga" lemma="ga" pos="N" label="milk">ga</w>
<w form="nu-un-da-gu7-a" lemma="gu7" pos="V" label="to eat">nu-un-<damage/>da<damageEnd/>-gu7-a</w>
<w form="ama-zu" lemma="ama" pos="N" label="mother">ama-zu</w>
<w form="sumun2" lemma="sumun2" pos="N" label="wild cow">sumun2</w>
<w form="kurun-a" lemma="kurun" pos="N" label="type of beer">kurun-a</w>
</l>
</lg>
<lg id="c.6.1.04.15" type="proverb" n="4.15">
<l n="20" id="c6104.A.4.15.20" corresp="t6104.p15">
<damage/>
<w form="ni2" lemma="ni2" pos="N" label="fear(someness)"><unclear cert="qry">ni2</unclear></w>
<damageEnd/>
<w form="tej3-ja2-ni" lemma="te" pos="V" label="to approach">tej3-ja2-ni</w>
<w form="nu-ub-da-an-til" lemma="til" pos="V" label="to complete">nu-<damage/>ub<damageEnd/>-da-an-til</w>
<w form="nij2-gu7" lemma="nij2-gu7" pos="N" label="food">nij2-<damage/>gu7</w>
<damageEnd/>
<w form="ab-ta-kud" lemma="kud" pos="V" label="to cut">ab-ta-kud</w>
</l>
</lg>
<lg id="c.6.1.04.16" type="proverb" n="4.16">
<l n="21" id="c6104.A.4.16.21" corresp="t6104.p16">
<supplied/>
<w form="a" lemma="a" pos="N" label="water">a</w>
<suppliedEnd/>
<damage/>
<w form="zig3-ga-gin7" lemma="zig3" pos="V" label="to rise">zig3<damageEnd/>-ga-gin7</w>
<w form="pec10" lemma="pec10" pos="N" label="bank">pec10</w>
<w form="he2-da-hul2" lemma="hul2" pos="V" label="to be happy">he2-da-hul2</w>
</l>
<l n="22" id="c6104.A.4.16.22" corresp="t6104.p16">
<w form="&id2;idigna" lemma="idigna" pos="N" type="WN" label="Tigris" det="&id2;">&id2;idigna</w>
<w form="a-u3-ba" lemma="a-u3" pos="N" label="high water">a-u3-ba</w>
<w form="jal2-la-gin7" lemma="jal2" pos="V" label="to be (located)">jal2-la-<damage/>gin7</w>
<damageEnd/>
<w form="&d;en-lil2" lemma="en-lil2" pos="N" type="DN" label="Enlil" det="&d;">&d;en-lil2</w>
<w form="he2-da-hul2" lemma="hul2" pos="V" label="to be happy">he2-da-hul2</w>
</l>
</lg>
<lg id="c.6.1.04.17" type="proverb" n="4.17">
<l n="23" id="c6104.A.4.17.23" corresp="t6104.p17">
<supplied/>
<w form="X" lemma="X" label="X">X</w>
<suppliedEnd/>
<w form="sag9-ga-zu" lemma="sag9" pos="V" label="to be good">sag9-ga-zu</w>
<w form="zu2" lemma="zu2" pos="N" label="tooth">zu2</w>
<w form="he2-kud" lemma="kud" pos="V" label="to cut">he2-kud</w>
</l>
</lg>
<lg id="c.6.1.04.18" type="proverb" n="4.18">
<note lang="eng">cf. <xref doc="c.5.6.1" from="c561.209">5.6.1: ll. 209-211</xref></note>
<l n="24" id="c6104.A.4.18.24" corresp="t6104.p18">
<supplied/>
<w form="tug2" lemma="tug2" pos="N" label="garment">tug2</w>
<w form="huj-ja2-am3" lemma="huj" pos="V" label="to hire">huj<suppliedEnd/>-<damage/>ja2<damageEnd/>-am3</w>
<w form="gada" lemma="gada" pos="N" label="linen (fibre)">gada</w>
<w form="huj-ja2-am3" lemma="huj" pos="V" label="to hire">huj-<damage/>ja2-am3</w>
<damageEnd/>
</l>
<l n="25" id="c6104.A.4.18.25" corresp="t6104.p18">
<w form="za-gin3" lemma="za-gin3" pos="N" label="lapis lazuli">za-<corr resp="scrOm"/>gin3</w>
<corrEnd/>
<w form="huj-ja2-am3" lemma="huj" pos="V" label="to hire">huj-ja2-am3</w>
<w form="cu" lemma="cu" pos="N" label="hand">cu</w>
<w form="he2-ma-jal2" lemma="jal2" pos="V" label="to be (located)">he2-ma-jal2</w>
</l>
</lg>
<lg id="c.6.1.04.19" type="proverb" n="4.19">
<l n="26" id="c6104.A.4.19.26" corresp="t6104.p19">
<supplied/>
<w form="X" lemma="X" label="X">X</w>
<w form="X" lemma="X" label="X">X</w>
<suppliedEnd/>
<damage/>
<w form="X" lemma="X" label="X">X</w>
<damageEnd/>
<w form="su-ni" lemma="su" pos="N" label="flesh">su-ni</w>
<w form="i3-ce22-ce22" lemma="cec2" pos="V" label="to anoint" form-type="rr">i3-<damage/>ce22-ce22</w>
<damageEnd/>
<w form="X" lemma="X" label="X">X</w>
<supplied/>
<w form="X" lemma="X" label="X">X</w>
<w form="X" lemma="X" label="X">X</w>
<suppliedEnd/>
</l>
<l n="27" id="c6104.A.4.19.27" corresp="t6104.p19">
<w form="X" lemma="X" label="X">X</w>
<w form="engur" lemma="engur" pos="N" label="subterranean water">engur</w>
<w form="a" lemma="a" pos="N" label="water">a</w>
<w form="mu-de3-tah-e" lemma="tah" pos="V" label="to add">mu-de3-tah-e</w>
</l>
</lg>
<lg id="c.6.1.04.20" type="proverb" n="4.20">
<l n="28" id="c6104.A.4.20.28" corresp="t6104.p20">
<supplied/>
<w form="&X;" lemma="&X;" label="&X;">&X;</w>
<suppliedEnd/>
<w form="RI" lemma="RI" label="RI">RI</w>
</l>
</lg>
<gap extent="unknown no. of lines missing"/>
</div1>
<div1 type="segment" n="B">
<lg id="c.6.1.04.41" type="proverb" n="4.41">
<l n="1" id="c6104.B.4.41.1" corresp="t6104.p21">
<supplied/>
<w form="&X;" lemma="&X;" label="&X;">&X;</w>
<suppliedEnd/>
<w form="X" lemma="X" label="X">X</w>
<w form="X" lemma="X" label="X">X</w>
</l>
<l n="2" id="c6104.B.4.41.2" corresp="t6104.p21">
<supplied/>
<w form="&X;-an-na" lemma="&X;" label="&X;">&X;<suppliedEnd/>-an-na</w>
<w form="X" lemma="X" label="X">X</w>
<supplied/>
<w form="&X;" lemma="&X;" label="&X;">&X;</w>
<suppliedEnd/>
<damage/>
<w form="bal-e-da" lemma="bal" pos="V" label="to turn over"><unclear cert="qry">bal</unclear><damageEnd/>-e-da</w>
</l>
<l n="3" id="c6104.B.4.41.3" corresp="t6104.p21">
<supplied/>
<w form="X" lemma="X" label="X">X</w>
<w form="X" lemma="X" label="X">X</w>
<w form="X-ci-ib2-guru3-gur3-ru" lemma="guru3" pos="V" label="to bear" form-type="RR">X<suppliedEnd/>-<damage/>ci<damageEnd/>-ib2-guru3-<damage/>gur3-<unclear cert="qry">ru</unclear></w>
<damageEnd/>
</l>
<l n="4" id="c6104.B.4.41.4" corresp="t6104.p21">
<w form="&jic;tukul" lemma="tukul" pos="N" label="weapon" det="&jic;">&jic;tukul</w>
<w form="a2" lemma="a2" pos="N" label="arm">a2</w>
<w form="gud" lemma="gud" pos="N" label="bull">gud</w>
<damage/>
<phr type="VP" lemma="en3 tar" label="to ask">
<w form="en3" lemma="en3" pos="N" label="noun part of multiword verb">en3</w>
<w form="ma-tar-re-e-ce" lemma="tar" pos="V" label="to cut">ma<damageEnd/>-tar-re-e-ce</w>
</phr>
</l>
</lg>
<lg id="c.6.1.04.42" type="proverb" n="4.42">
<l n="5" id="c6104.B.4.42.5" corresp="t6104.p22">
<supplied/>
<w form="X" lemma="X" label="X">X</w>
<w form="X" lemma="X" label="X">X</w>
<suppliedEnd/>
<w form="mu-na-ab-ci-GI-re-de3-X" lemma="GI" pos="V" label="GI">mu-<damage/>na-ab<damageEnd/>-ci-GI-re-de3-<supplied/>X</w>
<suppliedEnd/>
<damage/>
<w form="jic3-am3" lemma="jic3" pos="N" label="penis">jic3<damageEnd/>-am3</w>
<w form="jic" lemma="jic" pos="N" label="tree">jic</w>
<w form="ab-ra-ra" lemma="ra" pos="V" label="to beat" form-type="RR">ab-ra-ra</w>
</l>
<l n="6" id="c6104.B.4.42.6" corresp="t6104.p22">
<supplied/>
<w form="X" lemma="X" label="X">X</w>
<suppliedEnd/>
<w form="ejer-ra-a-ni" lemma="ejer" pos="N" label="back">ejer-<unclear cert="qry">ra</unclear>-a-ni</w>
<w form="in-su-re-ec-a" lemma="sur" pos="V" label="to drip">in-su-re-ec-a</w>
</l>
<l n="7" id="c6104.B.4.42.7" corresp="t6104.p22">
<w form="ugu-ju10-uc" lemma="ugu" pos="N" label="skull"><unclear cert="qry">ugu</unclear>-ju10-uc</w>
<w form="am3-kum2-e-ce" lemma="kum2" pos="V" label="to be hot">am3-kum2-e-ce</w>
</l>
<l n="8" id="c6104.B.4.42.8" corresp="t6104.p22">
<w form="X" lemma="X" label="X">X</w>
<damage/>
<w form="bi2-ed3-de3-ec" lemma="ed3" pos="V" label="to go down or up">bi2<damageEnd/>-ed3-de3-ec</w>
<w form="jickim" lemma="jickim" pos="N" label="sign">jickim</w>
<w form="ba-ab-til3" lemma="til3" pos="V" label="to live">ba-ab-til3</w>
</l>
</lg>
<lg id="c.6.1.04.43" type="proverb" n="4.43">
<l n="9" id="c6104.B.4.43.9" corresp="t6104.p23">
<w form="tug2" lemma="tug2" pos="N" label="garment">tug2</w>
<w form="ib2-taka4" lemma="ib2-taka4" pos="N" label="remainder">ib2-<damage/>taka4</w>
<damageEnd/>
<w form="ha-la" lemma="ha-la" pos="N" label="share">ha-la</w>
<w form="dumu" lemma="dumu" pos="N" label="child">dumu</w>
<w form="geme2-kam" lemma="geme2" pos="N" label="female slave">geme2-kam</w>
</l>
<l n="10" id="c6104.B.4.43.10" corresp="t6104.p23">
<w form="ib2-ta-cub" lemma="cub" pos="V" label="to fall">ib2-ta-cub</w>
<w form="in-bul-bul-a" lemma="in-bul-bul" pos="N" label="chaff">in-bul-bul-a</w>
<w form="bi2-in-ak" lemma="ak" pos="V" label="to do">bi2-in-ak</w>
</l>
</lg>
<lg id="c.6.1.04.44" type="proverb" n="4.44">
<l n="11" id="c6104.B.4.44.11" corresp="t6104.p24">
<w form="HAR.UC" lemma="HAR.UC" pos="N" label="meaning unknown">HAR.UC</w>
<w form="cu" lemma="cu" pos="N" label="hand">cu</w>
<w form="kece2-da-ni" lemma="kece2" pos="V" label="to bind">kece2-da-ni</w>
<w form="i3" lemma="i3" pos="N" label="fatty substance">i3</w>
<w form="ri-a" lemma="ri" pos="V" label="to direct">ri-a</w>
<w form="i3" lemma="i3" pos="N" label="fatty substance">i3</w>
<damage/>
<w form="cec4-da-ni" lemma="cec2" pos="V" label="to anoint">cec4<damageEnd/>-da-ni</w>
</l>
<l n="12" id="c6104.B.4.44.12" corresp="t6104.p24">
<distinct type="emesal">
<w form="aj2" lemma="nij2" pos="N" label="thing" emesal="aj2">aj2</w>
</distinct>
<w form="sig10-ga" lemma="sig10" pos="V" label="to place">sig10-ga</w>
<w form="A.NUMUN2" lemma="A.NUMUN2" pos="N" label="esparto grass">A.NUMUN2</w>
<distinct type="emesal">
<w form="mu-nu2-da-ni" lemma="jic-nu2" pos="N" label="bed" emesal="mu-nu2">mu-nu2-da-ni</w>
</distinct>
</l>
</lg>
<lg id="c.6.1.04.45" type="proverb" n="4.45">
<l n="13" id="c6104.B.4.45.13" corresp="t6104.p25">
<w form="&jic;kici16" lemma="kici16" pos="N" label="acacia" det="&jic;">&jic;kici16</w>
<w form="nam-lu2-inim-ma" lemma="nam-lu2-inim-ma" pos="N" label="status as witness">nam-lu2-inim-ma</w>
</l>
<l n="14" id="c6104.B.4.45.14" corresp="t6104.p25">
<w form="harub-ba-am3" lemma="harub" pos="N" label="carob (tree)">harub-ba-am3</w>
<w form="im-ta-e3-a" lemma="e3" pos="V" label="to go out or in">im-ta-e3-a</w>
</l>
</lg>
<lg id="c.6.1.04.46" type="proverb" n="4.46">
<l n="15" id="c6104.B.4.46.15" corresp="t6104.p26">
<w form="cag4" lemma="cag4" pos="N" label="heart">cag4</w>
<w form="nij2-kas7" lemma="nij2-kas7" pos="N" label="account">nij2-kas7</w>
<w form="nu-zu" lemma="zu" pos="V" label="to know">nu-zu</w>
<damage/>
<w form="cag4" lemma="cag4" pos="N" label="heart">cag4</w>
<w form="igi-jal2-tuku" lemma="igi-jal2-tuku" pos="AJ" label="wise">igi<damageEnd/>-jal2-tuku</w>
</l>
</lg>
<lg id="c.6.1.04.47" type="proverb" n="4.47">
<l n="16" id="c6104.B.4.47.16" corresp="t6104.p27">
<w form="lu2" lemma="lu2" pos="N" label="person">lu2</w>
<w form="a-cag4" lemma="a-cag4" pos="N" label="field">a-cag4</w>
<w form="ur11-ru-ke4" lemma="ur11-ru" pos="V" label="to plough">ur11-ru-ke4</w>
<w form="a-cag4" lemma="a-cag4" pos="N" label="field">a-cag4</w>
<w form="he2-ur11-ru" lemma="ur11-ru" pos="V" label="to plough">he2-ur11-ru</w>
</l>
<l n="17" id="c6104.B.4.47.17" corresp="t6104.p27">
<w form="lu2" lemma="lu2" pos="N" label="person">lu2</w>
<w form="ce" lemma="ce" pos="N" label="barley">ce</w>
<w form="cu" lemma="cu" pos="N" label="hand">cu</w>
<w form="su-ub-bu-da-ke4" lemma="su-ub" pos="V" label="to rub">su-ub-bu-da-ke4</w>
<w form="ce" lemma="ce" pos="N" label="barley">ce</w>
<w form="cu" lemma="cu" pos="N" label="hand">cu</w>
<damage/>
<w form="he2-eb-su-ub-be2" lemma="su-ub" pos="V" label="to rub">he2<damageEnd/>-eb-su-ub-be2</w>
</l>
</lg>
<lg id="c.6.1.04.48" type="proverb" n="4.48">
<l n="18" id="c6104.B.4.48.18" corresp="t6104.p28">
<w form="ka-bi" lemma="ka" pos="N" label="mouth">ka-bi</w>
<w form="kicib-gin7" lemma="kicib" pos="N" label="cylinder seal">kicib-gin7</w>
<w form="MAC-am3" lemma="1/2" pos="NU" type="fraction" label="1/2">MAC-am3</w>
<w form="bid3-bi" lemma="bid3" pos="N" label="anus">bid3-bi</w>
<w form="u2-a" lemma="u2" pos="N" label="plant">u2-a</w>
<w form="ma3-ur3-am3" lemma="ma2-ur3" pos="N" label="portage-place">ma3-ur3-am3</w>
</l>
</lg>
<lg id="c.6.1.04.49" type="proverb" n="4.49">
<l n="19" id="c6104.B.4.49.19" corresp="t6104.p29">
<w form="muc" lemma="muc" pos="N" label="snake">muc</w>
<w form="un-na-dab5" lemma="dab5" pos="V" label="to seize">un-na-dab5</w>
<w form="e-ne" lemma="e-ne" pos="PD" type="personal" label="he, she">e-ne</w>
<w form="ka-inim-ma" lemma="ka-inim-ma" pos="N" label="incantation formula">ka-inim-ma</w>
<w form="ba-ab-cum2-mu" lemma="cum2" pos="V" label="to give">ba-ab-cum2-mu</w>
</l>
</lg>
<lg id="c.6.1.04.50" type="proverb" n="4.50">
<l n="20" id="c6104.B.4.50.20" corresp="t6104.p30">
<distinct type="emesal">
<damage/>
<w form="ta-am3" lemma="a-na" pos="PD" type="interrogative" label="what" emesal="ta">ta<damageEnd/>-am3</w>
</distinct>
<w form="u8-am3" lemma="u8" pos="N" label="ewe">u8-am3</w>
<distinct type="emesal">
<w form="ta-am3" lemma="a-na" pos="PD" type="interrogative" label="what" emesal="ta">ta-am3</w>
</distinct>
<w form="a-a-lum-am3" lemma="a-a-lum" pos="N" label="stag">a-a-lum-am3</w>
</l>
</lg>
<lg id="c.6.1.04.51" type="proverb" n="4.51">
<l n="21" id="c6104.B.4.51.21" corresp="t6104.p31">
<distinct type="emesal">
<supplied/>
<w form="ta-am3" lemma="a-na" pos="PD" type="interrogative" label="what" emesal="ta">ta<suppliedEnd/>-<damage/>am3</w>
<damageEnd/>
</distinct>
<w form="ma-mu2" lemma="ma-mu2" pos="N" label="dream">ma-mu2</w>
<distinct type="emesal">
<w form="gi4-in-na-kam" lemma="geme2" pos="N" label="female slave" emesal="gi4-in">gi4-in-na-kam</w>
</distinct>
</l>
<l n="22" id="c6104.B.4.51.22" corresp="t6104.p31">
<distinct type="emesal">
<w form="ta-am3" lemma="a-na" pos="PD" type="interrogative" label="what" emesal="ta">ta-am3</w>
</distinct>
<w form="sizkur2" lemma="sizkur2" pos="N" label="prayer">sizkur2</w>
<distinct type="emesal">
<w form="e-re" lemma="arad" pos="N" label="slave" emesal="e-re">e-re</w>
</distinct>
<w form="sig10" lemma="sig10" pos="V" label="to place">sig10</w>
<w form="ki-in-na-kam" lemma="kij2" pos="V" label="to seek">ki-in-na-kam</w>
</l>
</lg>
<lg id="c.6.1.04.52" type="proverb" n="4.52">
<l n="23" id="c6104.B.4.52.23" corresp="t6104.p32">
<supplied/>
<w form="X" lemma="X" label="X">X</w>
<suppliedEnd/>
<w form="X" lemma="X" label="X">X</w>
<w form="e-da-gu7" lemma="gu7" pos="V" label="to eat">e-da-<damage/><unclear cert="qry">gu7</unclear></w>
<damageEnd/>
<w form="til-e-da-gin7" lemma="til" pos="V" label="to complete">til-e-da-gin7</w>
</l>
<l n="24" id="c6104.B.4.52.24" corresp="t6104.p32">
<w form="nij2" lemma="nij2" pos="N" label="thing">nij2</w>
<w form="cu" lemma="cu" pos="N" label="hand">cu</w>
<w form="dug4-ga-ju10" lemma="dug4" pos="V" label="to say">dug4-ga-ju10</w>
<w form="ki" lemma="ki" pos="N" label="place">ki</w>
<w form="dijir-ra-na" lemma="dijir" pos="N" label="deity">dijir-ra-na</w>
<w form="nam-ba-e-til-en" lemma="til" pos="V" label="to complete">nam-ba-e-til-en</w>
</l>
</lg>
<lg id="c.6.1.04.53" type="proverb" n="4.53">
<l n="25" id="c6104.B.4.53.25" corresp="t6104.p33">
<w form="ama" lemma="ama" pos="N" label="mother">ama</w>
<w form="er2" lemma="er2" pos="N" label="tear">er2</w>
<w form="ce8-ce8" lemma="cec2" pos="V" label="to weep" form-type="rr">ce8-ce8</w>
<w form="X" lemma="X" label="X">X</w>
<w form="X" lemma="X" label="X">X</w>
<w form="X" lemma="X" label="X">X</w>
<w form="HAR-ra" lemma="HAR" label="&H;AR">HAR-ra</w>
<w form="bi2-ib2-gu7-en" lemma="gu7" pos="V" label="to eat">bi2-ib2-gu7-en</w>
</l>
</lg>
<lg id="c.6.1.04.54" type="proverb" n="4.54">
<l n="26" id="c6104.B.4.54.26" corresp="t6104.p34">
<w form="ama-ju10" lemma="ama" pos="N" label="mother">ama-ju10</w>
<w form="saj" lemma="saj" pos="N" label="head">saj</w>
<damage/>
<w form="rig7" lemma="rig7" pos="V" label="to bestow">rig7</w>
<damageEnd/>
<supplied/>
<w form="&X;" lemma="&X;" label="&X;">&X;</w>
<suppliedEnd/>
<damage/>
<w form="MU" lemma="MU" label="MU">MU</w>
<damageEnd/>
</l>
<l n="27" id="c6104.B.4.54.27" corresp="t6104.p34">
<w form="geme2-ju10" lemma="geme2" pos="N" label="female slave">geme2-ju10</w>
<w form="al-me-a-gin7" lemma="me" pos="V" label="to be">al-me-a-gin7</w>
<w form="e-ak-e" lemma="ak" pos="V" label="to do">e-ak-e</w>
</l>
</lg>
<lg id="c.6.1.04.55" type="proverb" n="4.55">
<l n="28" id="c6104.B.4.55.28" corresp="t6104.p35">
<w form="SIG7-a" lemma="SIG7-a" pos="N" label="type of profession?">SIG7-a</w>
<w form="a" lemma="a" pos="N" label="water">a</w>
<w form="sig9-sig9" lemma="si-ig" pos="V" label="to be clear" form-type="RR">sig9-sig9</w>
<w form="bi2-in-&X;" lemma="&X;" label="&X;">bi2-<damage/>in<damageEnd/>-<supplied/>&X;</w>
<suppliedEnd/>
</l>
<l n="29" id="c6104.B.4.55.29" corresp="t6104.p35">
<damage/>
<w form="lu2" lemma="lu2" pos="N" label="person">lu2</w>
<damageEnd/>
<w form="X" lemma="X" label="X">X</w>
<supplied/>
<w form="X" lemma="X" label="X">X</w>
<w form="X-ma-ab" lemma="X" label="X">X<suppliedEnd/>-ma-ab</w>
<w form="mu-cum2-e-ce" lemma="cum2" pos="V" label="to give">mu-cum2-e-ce</w>
</l>
</lg>
<lg id="c.6.1.04.56" type="proverb" n="4.56">
<note lang="eng">cf. <xref doc="c.6.1.02" from="c.6.1.02.126">6.1.02.126</xref>, <xref doc="c.6.1.11" from="c.6.1.11.131">6.1.11.131</xref></note>
<l n="30" id="c6104.B.4.56.30" corresp="t6104.p36">
<w form="lu2" lemma="lu2" pos="N" label="person">lu2</w>
<w form="ur3-ra-ke4" lemma="ur3" pos="N" label="roof">ur3-ra-ke4</w>
<w form="lu2" lemma="lu2" pos="N" label="person">lu2</w>
<damage/>
<w form="e2-a" lemma="e2" pos="N" label="house(hold)">e2<damageEnd/>-<supplied/>a</w>
<w form="til3-la-ka" lemma="til3" pos="V" label="to live">til3-la<suppliedEnd/>-<damage/><unclear cert="qry">ka</unclear></w>
<damageEnd/>
</l>
<l n="31" id="c6104.B.4.56.31" corresp="t6104.p36">
<damage/>
<w form="mu-na-ab-be2-a" lemma="dug4" pos="V" label="to say" form-type="ppli">mu<damageEnd/>-<supplied/>na<suppliedEnd/>-<damage/>ab<damageEnd/>-be2-a</w>
<w form="im-ma-zalag-ge-e-ce" lemma="zalag" pos="V" label="to be shining">im-ma-zalag-ge-e-ce</w>
</l>
</lg>
<lg id="c.6.1.04.57" type="proverb" n="4.57">
<l n="32" id="c6104.B.4.57.32" corresp="t6104.p37">
<w form="pirij-e" lemma="pirij" pos="N" label="lion">pirij-e</w>
<w form="e2" lemma="e2" pos="N" label="house(hold)">e2</w>
<w form="ni2-te-na-ka-da" lemma="ni2-te-a-ni" pos="PD" type="reflexive" label="himself, herself">ni2-te-na-ka-da</w>
<w form="du3-a" lemma="du3" pos="V" label="to erect">du3-a</w>
<damage/>
<w form="ab-la2-la2" lemma="la2" pos="V" label="to hang" form-type="RR">ab<damageEnd/>-la2-la2</w>
</l>
</lg>
<lg id="c.6.1.04.58" type="proverb" n="4.58">
<l n="33" id="c6104.B.4.58.33" corresp="t6104.p38">
<w form="lu2-IM" lemma="lu2-IM" pos="N" label="criminal">lu2-IM</w>
<w form="ib2-dab5-ba" lemma="dab5" pos="V" label="to seize">ib2-<unclear cert="qry">dab5</unclear>-ba</w>
<w form="lu2" lemma="lu2" pos="N" label="person">lu2</w>
<w form="gen6-na" lemma="gen6" pos="V" label="to be firm">gen6-na</w>
<w form="ba-an-dim2" lemma="dim2" pos="V" label="to create">ba-<damage/>an<damageEnd/>-dim2</w>
</l>
</lg>
<lg id="c.6.1.04.59" type="proverb" n="4.59">
<l n="34" id="c6104.B.4.59.34" corresp="t6104.p39">
<w form="ki" lemma="ki" pos="N" label="place">ki</w>
<w form="ab-kal" lemma="kal" pos="V" label="to be rare">ab-<damage/>kal</w>
<w form="dijir-ra-kam" lemma="dijir" pos="N" label="deity">dijir<damageEnd/>-ra-kam</w>
<w form="sahar-ra-am3" lemma="sahar" pos="N" label="earth">sahar-ra-am3</w>
<w form="bi2-ib2-cu2-cu2-un" lemma="cu2" pos="V" label="to cover" form-type="RR">bi2-ib2-cu2-cu2-un</w>
</l>
</lg>
<lg id="c.6.1.04.60" type="proverb" n="4.60">
<l n="35" id="c6104.B.4.60.35" corresp="t6104.p40">
<w form="zig3-ga" lemma="zig3" pos="V" label="to rise">zig3-ga</w>
<w form="saj-nij2-gur11-ra-ka" lemma="saj-nij2-gur11-ra" pos="N" label="available assets">saj-nij2-gur11-ra-ka</w>
<w form="bid3" lemma="bid3" pos="N" label="anus">bid3</w>
<w form="ab-gu5-ul" lemma="gal" pos="V" label="to be big">ab-gu5-ul</w>
</l>
</lg>
<lg id="c.6.1.04.61" type="proverb" n="4.61">
<l n="36" id="c6104.B.4.61.36" corresp="t6104.p41">
<w form="nam-sis-a" lemma="nam-sis-a" pos="N" label="bitterness">nam-sis-a</w>
<w form="bid3" lemma="bid3" pos="N" label="anus">bid3</w>
<w form="ib-ra" lemma="ra" pos="V" label="to beat">ib-ra</w>
<w form="ka" lemma="ka" pos="N" label="mouth">ka</w>
<w form="ba-an-kur9" lemma="kur9" pos="V" label="to enter">ba-an-kur9</w>
</l>
</lg>
<lg id="c.6.1.04.62" type="proverb" n="4.62">
<l n="37" id="c6104.B.4.62.37" corresp="t6104.p42">
<w form="gu-du-e" lemma="gu-du" pos="N" label="buttocks">gu-du-<damage/><unclear cert="qry">e</unclear></w>
<damageEnd/>
<w form="ce10" lemma="ce10" pos="N" label="(animal) dung">ce10</w>
<w form="dur2-e" lemma="dur2" pos="N" label="rump">dur2-e</w>
<w form="dug4-ge" lemma="dug4" pos="V" label="to say">dug4-ge</w>
<damage/>
<w form="inim" lemma="inim" pos="N" label="word">inim</w>
<w form="dirig-ge" lemma="dirig" pos="V" label="to be superior">dirig<damageEnd/>-ge</w>
<w form="am3-ta-ab-tum3" lemma="de6" pos="V" label="to carry" form-type="isg">am3-ta-ab-tum3</w>
</l>
</lg>
<lg id="c.6.1.04.63" type="proverb" n="4.63">
<l n="38" id="c6104.B.4.63.38" corresp="t6104.p43">
<w form="ama" lemma="ama" pos="N" label="mother">ama</w>
<damage/>
<w form="sikil-sikil-la" lemma="sikil" pos="V" label="to be pure" form-type="RR"><unclear cert="qry">sikil</unclear>-<unclear cert="qry">sikil</unclear><damageEnd/>-la</w>
<w form="ma2-addir-ra" lemma="ma2-addir" pos="N" label="ferryboat">ma2-<damage/>addir<damageEnd/>-ra</w>
<w form="a" lemma="a" pos="N" label="water">a</w>
<w form="nu-tuku-me-en" lemma="tuku" pos="V" label="to have">nu-tuku-me-en</w>
</l>
</lg>
</div1>
</body>
</text>
</TEI.2>
