<TEI.2 id="c.6.1.08">
<teiHeader lang="eng">
<fileDesc>
<titleStmt>
<title>Proverbs: collection 8 -- a composite transliteration</title>
<respStmt><name>Jeremy Black</name><resp>Project Director and Editor</resp></respStmt>
<respStmt><name>G&aacute;bor Z&oacute;lyomi</name><resp>Editor</resp></respStmt>
<respStmt><name>Graham Cunningham</name><resp>Senior Editor</resp></respStmt>
<respStmt><name>Jon Taylor</name><resp>Editor</resp></respStmt>
<respStmt><name>Eleanor Robson</name><resp>Technical Developer</resp></respStmt>
<respStmt><name>Jarle Ebeling</name><resp>Technical Developer</resp></respStmt>
</titleStmt>
<publicationStmt>
<distributor>The Electronic Text Corpus of Sumerian Literature
</distributor><address><addrLine>The Oriental Institute, University of Oxford, Pusey Lane, Oxford OX1 2LE, UK, email etcsl&commat;orinst.ox.ac.uk, http://etcsl.orinst.ox.ac.uk</addrLine></address>
<date>2003</date>
</publicationStmt>
<seriesStmt><p>The Electronic Text Corpus of Sumerian Literature aims to make accessible over 400 literary works composed in the Sumerian language in ancient Mesopotamia during the late third and early second millennia BC. The works are in Sumerian composite transliteration and English prose translation with bibliographical information on each composition.</p></seriesStmt>
<sourceDesc>
<listBibl type="secondary">
<bibl><xref from="b83">Alster 1997a</xref><biblScope type="page">165-175, 414-418</biblScope><biblScope type="contents">composite text, translation, score transliteration</biblScope></bibl>
<bibl><xref from="b883">Veldhuis 2000c</xref><biblScope type="page">392</biblScope><biblScope type="contents">commentary</biblScope></bibl>
<bibl><xref from="b674">Alster 1999a</xref><biblScope type="contents">commentary</biblScope></bibl>
</listBibl>
<listBibl type="tablets">
<bibl><biblScope type="museumNumber">CBS 2220</biblScope></bibl>
<bibl><biblScope type="museumNumber">CBS 3882 + CBS 19758 (+) N 3852</biblScope></bibl>
<bibl><biblScope type="museumNumber">CBS 13989</biblScope></bibl>
<bibl><biblScope type="museumNumber">HS 1430 (TMHNF III 45; coll. K. Laemmerhirt)</biblScope></bibl>
<bibl><biblScope type="museumNumber">YBC 7163</biblScope></bibl>
</listBibl>
</sourceDesc>
</fileDesc>
<revisionDesc>
<change><date>24.iv.2002</date><respStmt><name>JT</name><resp>editor</resp></respStmt>
<item>standardisation</item></change>
<change><date>01.x.2002</date><respStmt><name>JAB</name><resp>editor</resp></respStmt>
<item>proofreading</item></change>
<change><date>16.xii.2002</date><respStmt><name>GC</name><resp>editor</resp></respStmt>
<item>SGML tagging</item></change>
<change><date>20.vi.2003</date><respStmt><name>JE</name><resp>editor</resp></respStmt>
<item>web publication</item></change>
<change><date>01.vi.2003</date><respStmt><name>GC/JE</name><resp>editor/technical developer</resp></respStmt>
<item>XML/TEI conversion</item></change>
<change><date>30.iii.2005</date><respStmt><name>GC/JE</name><resp>senior editor/technical developer</resp></respStmt>
<item>lemmatised version published</item></change>
</revisionDesc>
</teiHeader>
<text lang="sux">
<body>
<div1 type="segment" n="A">
<gap extent="unknown no. of lines missing"/>
<lg id="c.6.1.08.a1" type="proverb" n="8.a1">
<l n="1" id="c6108.A.8.a1.1" corresp="t6108.p1">
<w form="cah2" lemma="cah2" pos="N" label="pig">cah2</w>
<w form="e2-a" lemma="e2" pos="N" label="house(hold)">e2-a</w>
<w form="ba-al-ba-al" lemma="ba-al" pos="V" label="to dig" form-type="RR">ba-al-ba-al</w>
</l>
</lg>
<lg id="c.6.1.08.a2" type="proverb" n="8.a2">
<l n="2" id="c6108.A.8.a2.2" corresp="t6108.p2">
<w form="cah2" lemma="cah2" pos="N" label="pig">cah2</w>
<w form="lu2-cah2-cum-ma" lemma="lu2-cah2-cum" pos="N" label="pig butcher">lu2-cah2-cum-ma</w>
<w form="mi-ni-ib-cum-e" lemma="cum" pos="V" label="to slaughter">mi-ni-ib-cum-e</w>
</l>
<l n="3" id="c6108.A.8.a2.3" corresp="t6108.p2">
<w form="gu3" lemma="gu3" pos="N" label="voice">gu3</w>
<w form="i3-ra-ra" lemma="ra" pos="V" label="to beat" form-type="RR">i3-ra-<damage/>ra</w>
<damageEnd/>
<w form="kaskal" lemma="kaskal" pos="N" label="(high)way">kaskal</w>
<w form="ninda2-zu" lemma="ninda2" pos="N" label="seed-funnel">ninda2-zu</w>
</l>
<l n="4" id="c6108.A.8.a2.4" corresp="t6108.p2">
<w form="u3" lemma="u8" pos="I" label="soothing expression">u3</w>
<w form="pa-bil-ga-zu" lemma="pap-bil2-ga" pos="N" label="ancestor">pa-bil-<damage/>ga-zu</w>
<damageEnd/>
<w form="i3-re7-ec-am3" lemma="jen" pos="V" label="to go" form-type="ppl">i3-re7-ec-am3</w>
</l>
<l n="5" id="c6108.A.8.a2.5" corresp="t6108.p2">
<w form="u3" lemma="u8" pos="I" label="soothing expression">u3</w>
<w form="za-e" lemma="za" pos="PD" type="personal" label="you (sg.)">za-e</w>
<w form="al-du-un-na-ni" lemma="jen" pos="V" label="to go" form-type="isg">al-du-un-<damage/>na<damageEnd/>-ni</w>
<w form="gu3" lemma="gu3" pos="N" label="voice">gu3</w>
<w form="i3-ra-ra-e-ce" lemma="ra" pos="V" label="to beat" form-type="RR">i3-ra-ra-e-ce</w>
</l>
</lg>
<lg id="c.6.1.08.a3" type="proverb" n="8.a3">
<l n="6" id="c6108.A.8.a3.6" corresp="t6108.p3">
<w form="cah2-gin7" lemma="cah2" pos="N" label="pig">cah2-gin7</w>
<w form="jiri2-zu" lemma="jiri2" pos="N" label="blade">jiri2-zu</w>
<w form="X" lemma="X" label="X">X</w>
<w form="HA" lemma="HA" label="&H;A">HA</w>
<w form="X" lemma="X" label="X">X</w>
<w form="ba-ab-X" lemma="X" label="X">ba-ab-X</w>
</l>
</lg>
<lg id="c.6.1.08.a4" type="proverb" n="8.a4">
<note lang="eng">cf. <xref doc="c.6.2.3" from="c623.h54">6.2.3: UET 6/2 275</xref></note>
<l n="7" id="c6108.A.8.a4.7" corresp="t6108.p4">
<w form="cah2-gin7" lemma="cah2" pos="N" label="pig">cah2-gin7</w>
<w form="cu" lemma="cu" pos="N" label="hand">cu</w>
<w form="ab-kar-kar-re" lemma="kar" pos="V" label="to flee" form-type="RR">ab-<damage/>kar<damageEnd/>-kar-<unclear cert="cor">re</unclear></w>
</l>
<l n="8" id="c6108.A.8.a4.8" corresp="t6108.p4">
<w form="i-gi4-in-zu" lemma="i-gi4-in-zu" pos="AV" label="as it were">i-gi4-in-<damage/>zu</w>
<damageEnd/>
<w form="ni2-te-a-ni" lemma="ni2-te-a-ni" pos="PD" type="reflexive" label="himself, herself">ni2-te-a-ni</w>
<w form="lugal-a-ni-ce3-am3-e-ce" lemma="lugal" pos="N" label="king">lugal-a-ni-<unclear cert="cor">ce3</unclear>-<damage/>am3<damageEnd/>-e-ce</w>
</l>
</lg>
<lg id="c.6.1.08.a5" type="proverb" n="8.a5">
<note lang="eng">cf. <xref doc="c.6.2.3" from="c623.55.1">6.2.3: UET 6/2 300 l. 1</xref></note>
<l n="9" id="c6108.A.8.a5.9" corresp="t6108.p5">
<w form="cah2" lemma="cah2" pos="N" label="pig">cah2</w>
<w form="lu-hu-um-ma" lemma="lu-hu-um" pos="N" label="mud">lu-hu-um-ma</w>
<w form="su3-am3" lemma="su3" pos="V" label="to sprinkle">su3-<unclear cert="cor">am3</unclear></w>
</l>
</lg>
<lg id="c.6.1.08.a6" type="proverb" n="8.a6">
<note lang="eng">cf. <xref doc="c.6.2.3" from="c623.55.2">6.2.3: UET 6/2 300 l. 2</xref></note>
<l n="10" id="c6108.A.8.a6.10" corresp="t6108.p6">
<w form="cah2" lemma="cah2" pos="N" label="pig">cah2</w>
<damage/>
<w form="ninda" lemma="ninda" pos="N" label="bread">ninda</w>
<w form="pax-ra2" lemma="pad" pos="V" label="to break (into bits)">pax(PAD)-ra2</w>
<damageEnd/>
<w form="mu-un-il2" lemma="il2" pos="V" label="to raise">mu-un-il2</w>
</l>
</lg>
<lg id="c.6.1.08.a7" type="proverb" n="8.a7">
<l n="11" id="c6108.A.8.a7.11" corresp="t6108.p7">
<supplied/>
<w form="X" lemma="X" label="X">X</w>
<suppliedEnd/>
<w form="X" lemma="X" label="X">X</w>
<supplied/>
<w form="&X;" lemma="&X;" label="&X;">&X;</w>
<suppliedEnd/>
<w form="X" lemma="X" label="X">X</w>
<supplied/>
<w form="&X;" lemma="&X;" label="&X;">&X;</w>
<suppliedEnd/>
</l>
</lg>
<gap extent="approx. 10 lines missing"/>
</div1>
<div1 type="segment" n="B">
<lg id="c.6.1.08.b1" type="proverb" n="8.b1">
<l n="1" id="c6108.B.8.b1.1" corresp="t6108.p8">
<w form="X" lemma="X" label="X">X</w>
<w form="gun2-ni" lemma="gun2" pos="N" label="weight measure (load)">gun2-ni</w>
<supplied/>
<w form="&X;" lemma="&X;" label="&X;">&X;</w>
<suppliedEnd/>
<w form="X" lemma="X" label="X">X</w>
<w form="Xbr" lemma="Xbr" label="Xbr">(X)</w>
<supplied/>
<w form="X" lemma="X" label="X">X</w>
<w form="X" lemma="X" label="X">X</w>
<suppliedEnd/>
</l>
<l n="2" id="c6108.B.8.b1.2" corresp="t6108.p8">
<w form="nu-ub-dirig" lemma="dirig" pos="V" label="to be superior">nu-ub-dirig</w>
<w form="cag4" lemma="cag4" pos="N" label="heart">cag4</w>
<w form="bi2-zalag-e-ce" lemma="zalag" pos="V" label="to be shining">bi2-zalag-e-<damage/>ce</w>
<damageEnd/>
</l>
</lg>
<lg id="c.6.1.08.b2" type="proverb" n="8.b2">
<l n="3" id="c6108.B.8.b2.3" corresp="t6108.p9">
<w form="megida2" lemma="megida2" pos="N" label="sow"><unclear cert="cor">megida2</unclear></w>
<phr type="VP" lemma="u2-gu de2" label="to lose">
<w form="u2-gu" lemma="u2-gu" pos="N" label="noun part of multiword verb">u2-gu</w>
<w form="de2-a-ta" lemma="de2" pos="V" label="to pour">de2-a-ta</w>
</phr>
<w form="i3-dur2-ru-ne" lemma="tuc" pos="V" label="to sit" form-type="pl">i3-dur2-ru-ne</w>
</l>
<l n="4" id="c6108.B.8.b2.4" corresp="t6108.p9">
<w form="&e2;ir-da" lemma="ir-da" pos="N" label="pigsty" det="&e2;">&e2;ir-<damage/>da</w>
<damageEnd/>
<w form="mu-un-kal-la-ge-ne" lemma="kalag" pos="V" label="to be strong"><unclear cert="cor">mu</unclear>-un-kal-la-ge-ne</w>
</l>
</lg>
<lg id="c.6.1.08.b3" type="proverb" n="8.b3">
<l n="5" id="c6108.B.8.b3.5" corresp="t6108.p10">
<w form="megida2-gin7" lemma="megida2" pos="N" label="sow"><unclear cert="cor">megida2</unclear>-gin7</w>
<w form="hi-li" lemma="hi-li" pos="N" label="attractiveness">hi-li</w>
<w form="nu-mu-ni-in-ak" lemma="ak" pos="V" label="to do">nu-mu-ni-in-ak</w>
</l>
<l n="6" id="c6108.B.8.b3.6" corresp="t6108.p10">
<w form="ji6" lemma="ji6" pos="N" label="night">ji6</w>
<w form="MAC-a-ka" lemma="1/2" pos="NU" type="fraction" label="1/2">MAC-a-ka</w>
<w form="ce" lemma="ce" pos="N" label="barley">ce</w>
<phr type="VP" lemma="al dug4" label="to desire">
<w form="al" lemma="al" pos="N" label="desire">al</w>
<w form="nu-mu-ni-in-dug4-e-ce" lemma="dug4" pos="V" label="to say">nu-mu-ni-in-dug4-e-ce</w>
</phr>
</l>
</lg>
<lg id="c.6.1.08.b4" type="proverb" n="8.b4">
<note lang="eng">cf. <xref doc="c.6.2.3" from="c623.56.2">6.2.3: UET 6/2 240 l. 2</xref></note>
<l n="7" id="c6108.B.8.b4.7" corresp="t6108.p11">
<w form="mac2-gin7" lemma="mac2" pos="N" label="(kid) goat"><unclear cert="cor">mac2</unclear>-gin7</w>
<w form="sun4" lemma="sun4" pos="N" label="beard">sun4</w>
<w form="la2-a" lemma="la2" pos="V" label="to hang">la2-a</w>
</l>
</lg>
<lg id="c.6.1.08.b5" type="proverb" n="8.b5">
<note lang="eng">cf. <xref doc="c.6.2.3" from="c623.56.1">6.2.3: UET 6/2 240 l. 1</xref></note>
<l n="8" id="c6108.B.8.b5.8" corresp="t6108.p12">
<w form="ud5-de3" lemma="ud5" pos="N" label="(nanny) goat">ud5-de3</w>
<w form="saj" lemma="saj" pos="N" label="head">saj</w>
<w form="rig7" lemma="rig7" pos="V" label="to bestow">rig7</w>
<w form="mac2" lemma="mac2" pos="N" label="(kid) goat">mac2</w>
<w form="gal-la-ka" lemma="gal" pos="V" label="to be big">gal-la-ka</w>
</l>
</lg>
<lg id="c.6.1.08.b6" type="proverb" n="8.b6">
<l n="9" id="c6108.B.8.b6.9" corresp="t6108.p13">
<w form="ud5-de3" lemma="ud5" pos="N" label="(nanny) goat">ud5-de3</w>
<damage/>
<w form="ud5-X" lemma="ud5" pos="N" label="(nanny) goat"><unclear cert="qry">ud5</unclear><damageEnd/>-X</w>
<w form="na-ab-be2-a" lemma="dug4" pos="V" label="to say" form-type="ppli">na-ab-be2-a</w>
</l>
<l n="10" id="c6108.B.8.b6.10" corresp="t6108.p13">
<w form="u3" lemma="u3" pos="C" label="and">u3</w>
<w form="je26-e" lemma="je26" pos="PD" type="personal" label="I">je26-e</w>
<w form="saj" lemma="saj" pos="N" label="head">saj</w>
<w form="mu-ni-ib-ra-ra" lemma="ra" pos="V" label="to beat" form-type="RR">mu-ni-ib-ra-ra</w>
</l>
</lg>
<lg id="c.6.1.08.b7" type="proverb" n="8.b7">
<note lang="eng">cf. <xref doc="c.6.1.03" from="c.6.1.03.111">6.1.03.111</xref></note>
<l n="11" id="c6108.B.8.b7.11" corresp="t6108.p14">
<w form="ud5-de3" lemma="ud5" pos="N" label="(nanny) goat">ud5-de3</w>
<w form="nu-jen-na" lemma="jen" pos="V" label="to go">nu-jen-na</w>
<w form="e2-ri-a" lemma="e2-ri-a" pos="N" label="wasteland">e2-ri-a</w>
<w form="an-zu" lemma="an" pos="N" label="heaven">an-zu</w>
</l>
</lg>
<lg id="c.6.1.08.b8" type="proverb" n="8.b8">
<l n="12" id="c6108.B.8.b8.12" corresp="t6108.p15">
<w form="ud5-de3" lemma="ud5" pos="N" label="(nanny) goat">ud5-de3</w>
<w form="ur-bar-ra-be2-ne" lemma="ur-bar-ra" pos="N" label="wolf">ur-bar-ra-be2-ne</w>
<w form="bi2-in-us2-us2" lemma="us2" pos="V" label="to be adjacent" form-type="RR">bi2-in-us2-us2</w>
</l>
<l n="13" id="c6108.B.8.b8.13" corresp="t6108.p15">
<w form="i3-bal" lemma="bal" pos="V" label="to turn over">i3-bal</w>
<w form="jiri3-bi" lemma="jiri3" pos="N" label="foot">jiri3-bi</w>
<w form="jiri3" lemma="jiri3" pos="N" label="foot">jiri3</w>
<w form="bi2-in-ra" lemma="ra" pos="V" label="to beat">bi2-in-ra</w>
</l>
</lg>
<lg id="c.6.1.08.b9" type="proverb" n="8.b9">
<l n="14" id="c6108.B.8.b9.14" corresp="t6108.p16">
<w form="dim3-cah2-gin7" lemma="dim3-cah2" pos="N" label="bear?">dim3-cah2-gin7</w>
<w form="bid3-da" lemma="bid3" pos="N" label="anus">bid3-da</w>
<w form="ka-ga14-na" lemma="ka" pos="N" label="mouth">ka-ga14-na</w>
<w form="al-sag3" lemma="sag3" pos="V" label="to beat">al-sag3</w>
</l>
</lg>
<lg id="c.6.1.08.b10" type="proverb" n="8.b10">
<l n="15" id="c6108.B.8.b10.15" corresp="t6108.p17">
<w form="lu-lim" lemma="lulim" pos="N" label="red deer?">lu-lim</w>
<w form="bar" lemma="bar" pos="N" label="outside">bar</w>
<w form="dag-ga" lemma="dag" pos="V" label="to roam around">dag-ga</w>
</l>
</lg>
<lg id="c.6.1.08.b11" type="proverb" n="8.b11">
<l n="16" id="c6108.B.8.b11.16" corresp="t6108.p18">
<w form="mac-da3" lemma="mac-da3" pos="N" label="gazelle">mac-da3</w>
<w form="igi" lemma="igi" pos="N" label="eye">igi</w>
<w form="nu-la2" lemma="la2" pos="V" label="to hang">nu-la2</w>
<w form="ur" lemma="ur" pos="N" label="dog">ur</w>
<w form="igi" lemma="igi" pos="N" label="eye">igi</w>
<w form="nu-jal2-la" lemma="jal2" pos="V" label="to be (located)">nu-jal2-la</w>
<addSpan to="c6108.v1" type="additional"/>
<note lang="eng">1 ms. adds:</note>
<w form="lu2" lemma="lu2" pos="N" label="person">lu2</w>
<w form="cu" lemma="cu" pos="N" label="hand">cu</w>
<w form="zig3-zig3-ga" lemma="zig3" pos="V" label="to rise" form-type="RR">zig3-zig3-ga</w>
<w form="igi" lemma="igi" pos="N" label="eye">igi</w>
<w form="nu-du8" lemma="du8" pos="V" label="to spread">nu-du8</w>
<anchor id="c6108.v1"/>
</l>
</lg>
<lg id="c.6.1.08.b12" type="proverb" n="8.b12">
<l n="17" id="c6108.B.8.b12.17" corresp="t6108.p19">
<w form="mac-da3-gin7" lemma="mac-da3" pos="N" label="gazelle">mac-da3-gin7</w>
<w form="a" lemma="a" pos="N" label="water">a</w>
<w form="ud" lemma="ud" pos="N" label="day(light)">ud</w>
<w form="15-kam" lemma="15-kam-ma" pos="NU" type="ordinal" label="15th">15-kam</w>
<w form="i3-naj-naj" lemma="naj" pos="V" label="to drink" form-type="RR">i3-naj-naj</w>
</l>
</lg>
<lg id="c.6.1.08.b13" type="proverb" n="8.b13">
<l n="18" id="c6108.B.8.b13.18" corresp="t6108.p20">
<w form="az-e" lemma="az" pos="N" label="bear">az-e</w>
<w form="dajal" lemma="dajal" pos="V" label="to be wide">dajal</w>
<w form="tag-ga-ab" lemma="tag" pos="V" label="to touch">tag-ga-ab</w>
<w form="hur-saj-ja2" lemma="hur-saj" pos="N" label="mountain (range)">hur-saj-ja2</w>
<w form="mu-un-jen" lemma="jen" pos="V" label="to go">mu-un-jen</w>
</l>
</lg>
<lg id="c.6.1.08.b14" type="proverb" n="8.b14">
<note lang="eng">cf. <xref doc="c.6.2.3" from="c623.h57">6.2.3: UET 6/2 241</xref></note>
<l n="19" id="c6108.B.8.b14.19" corresp="t6108.p21">
<w form="az-e" lemma="az" pos="N" label="bear">az-e</w>
<w form="itid" lemma="itid" pos="N" label="moon(light)">itid</w>
<w form="6-kam-ma" lemma="6-kam-ma" pos="NU" type="ordinal" label="6th">6-kam-ma</w>
<phr type="VP" lemma="ti bal" label="to turn sideways">
<w form="ti-ba" lemma="ti" pos="N" label="rib">ti-ba</w>
<w form="u3-un-bal" lemma="bal" pos="V" label="to turn over">u3-un-bal</w>
</phr>
</l>
<l n="20" id="c6108.B.8.b14.20" corresp="t6108.p21">
<w form="an" lemma="an" pos="N" type="DN" label="An">an</w>
<w form="u3-sa2" lemma="u3-sa2" pos="N" label="sleep">u3-sa2</w>
<w form="na-an-cum2-mu-un" lemma="cum2" pos="V" label="to give">na-an-cum2-mu-un</w>
</l>
<l n="21" id="c6108.B.8.b14.21" corresp="t6108.p21">
<w form="ja2-a-gin7-nam" lemma="je26" pos="PD" type="personal" label="I">ja2-a-gin7-nam</w>
<w form="he2-ug7-e-ce" lemma="uc2" pos="V" label="to die" form-type="plisg">he2-ug7-e-ce</w>
</l>
</lg>
<lg id="c.6.1.08.b15" type="proverb" n="8.b15">
<note lang="eng">cf. <xref doc="c.6.2.3" from="c623.h58">6.2.3: UET 6/2 294</xref></note>
<l n="22" id="c6108.B.8.b15.22" corresp="t6108.p22">
<w form="kir4-gin7" lemma="kir4" pos="N" label="hyena">kir4-gin7</w>
<w form="en-na" lemma="en-na" pos="C" label="as long as">en-na</w>
<w form="mi-ni-hab2-ba" lemma="hab2" pos="V" label="to stink">mi-ni-hab2-ba</w>
<w form="nu-gu7-e-en" lemma="gu7" pos="V" label="to eat">nu-gu7-e-en</w>
</l>
</lg>
<lg id="c.6.1.08.b16" type="proverb" n="8.b16">
<l n="23" id="c6108.B.8.b16.23" corresp="t6108.p23">
<w form="umbin" lemma="umbin" pos="N" label="horny outgrowth">umbin</w>
<w form="su-a" lemma="su-a" pos="N" label="cat">su-a</w>
<w form="i3-udu-ce3" lemma="i3-udu" pos="N" label="(sheep) fat">i3-udu-ce3</w>
<w form="ba-an-kur9" lemma="kur9" pos="V" label="to enter">ba-an-kur9</w>
</l>
</lg>
<lg id="c.6.1.08.b17" type="proverb" n="8.b17">
<l n="24" id="c6108.B.8.b17.24" corresp="t6108.p24">
<w form="su-a-gin7" lemma="su-a" pos="N" label="cat">su-a-gin7</w>
<w form="kuc" lemma="kuc" pos="N" label="skin">kuc</w>
<w form="du3-u3-bi" lemma="du3" pos="V" label="to erect">du3-u3-bi</w>
<w form="eme-am3" lemma="eme" pos="N" label="tongue">eme-am3</w>
</l>
</lg>
<lg id="c.6.1.08.b18" type="proverb" n="8.b18">
<l n="25" id="c6108.B.8.b18.25" corresp="t6108.p25">
<w form="su-a" lemma="su-a" pos="N" label="cat">su-a</w>
<w form="ki-in-dar-ra" lemma="ki-in-dar" pos="N" label="crevice">ki-in-dar-ra</w>
<w form="mi-ni-pad3-de3" lemma="pad3" pos="V" label="to find">mi-ni-pad3-de3</w>
</l>
</lg>
<lg id="c.6.1.08.b19" type="proverb" n="8.b19">
<l n="26" id="c6108.B.8.b19.26" corresp="t6108.p26">
<w form="ka5-a" lemma="ka5-a" pos="N" label="fox">ka5-a</w>
<damage/>
<w form="ur2" lemma="ur2" pos="N" label="root">ur2</w>
<damageEnd/>
<w form="am-si-ka" lemma="am-si" pos="N" label="elephant">am-si-ka</w>
<w form="jiri3-bi" lemma="jiri3" pos="N" label="foot">jiri3-bi</w>
<w form="mu-un-gub" lemma="gub" pos="V" label="to stand">mu-un-gub</w>
</l>
<l n="27" id="c6108.B.8.b19.27" corresp="t6108.p26">
<w form="ab-si" lemma="si" pos="V" label="to fill">ab-si</w>
<w form="ab-dirig-e-ce" lemma="dirig" pos="V" label="to be superior">ab-dirig-<damage/>e-ce</w>
<damageEnd/>
</l>
</lg>
<lg id="c.6.1.08.b20" type="proverb" n="8.b20">
<l n="28" id="c6108.B.8.b20.28" corresp="t6108.p27">
<w form="ka5-a" lemma="ka5-a" pos="N" label="fox">ka5-a</w>
<w form="&d;en-lil2-le" lemma="en-lil2" pos="N" type="DN" label="Enlil" det="&d;">&d;en-lil2-le</w>
<w form="si-am-e" lemma="si-am" pos="N" label="wild bull's horn">si-am-e</w>
<phr type="VP" lemma="al dug4" label="to desire">
<w form="al" lemma="al" pos="N" label="desire">al</w>
<w form="u3-bi2-in-dug4" lemma="dug4" pos="V" label="to say">u3-bi2-in-dug4</w>
</phr>
</l>
<l n="29" id="c6108.B.8.b20.29" corresp="t6108.p27">
<w form="si-am-e" lemma="si-am" pos="N" label="wild bull's horn">si-am-e</w>
<w form="ba-ni-in-la2" lemma="la2" pos="V" label="to hang">ba-ni-in-la2</w>
<w form="im" lemma="im" pos="N" label="rain(storm)">im</w>
<w form="cej14" lemma="cej3" pos="V" label="to rain">cej14</w>
<w form="mu-na-an-zi-zi" lemma="zig3" pos="V" label="to rise" form-type="rr">mu-na-an-zi-zi</w>
</l>
<l n="30" id="c6108.B.8.b20.30" corresp="t6108.p27">
<w form="habrud-da-ni" lemma="habrud" pos="N" label="hole">habrud-da-ni</w>
<w form="nu-mu-da-an-ku4-ku4" lemma="kur9" pos="V" label="to enter" form-type="rr">nu-mu-da-an-ku4-ku4</w>
</l>
<l n="31" id="c6108.B.8.b20.31" corresp="t6108.p27">
<w form="ji6" lemma="ji6" pos="N" label="night">ji6</w>
<w form="MAC-bi-ce3" lemma="1/2" pos="NU" type="fraction" label="1/2">MAC-bi-ce3</w>
<w form="&tum9;mir" lemma="mir" pos="N" label="north wind" det="&tum9;">&tum9;mir</w>
<w form="mir" lemma="mir" pos="V" label="to rage">mir</w>
</l>
<l n="32" id="c6108.B.8.b20.32" corresp="t6108.p27">
<w form="muru9" lemma="muru9" pos="N" label="cloud">muru9</w>
<w form="im-cej3-je26" lemma="cej3" pos="V" label="to rain">im-cej3-je26</w>
</l>
<l n="33" id="c6108.B.8.b20.33" corresp="t6108.p27">
<w form="ugu-ba" lemma="ugu" pos="N" label="skull">ugu-ba</w>
<w form="in-til-la-ta" lemma="til" pos="V" label="to complete">in-til-la-ta</w>
<w form="he2-em-ta-had2" lemma="had2" pos="V" label="to be dry">he2-em-ta-had2</w>
</l>
<l n="34" id="c6108.B.8.b20.34" corresp="t6108.p27">
<w form="jarza2" lemma="jarza" pos="N" label="rite">jarza2</w>
<w form="lugal-a-ni-ir" lemma="lugal" pos="N" label="king">lugal-a-<corr resp="scrOm"/>ni<corrEnd/>-ir</w>
<w form="ga-ba-ni-ib-gur-e-ce" lemma="gur" pos="V" label="to turn">ga-ba-ni-ib-gur-e-ce</w>
</l>
</lg>
<lg id="c.6.1.08.b21" type="proverb" n="8.b21">
<l n="35" id="c6108.B.8.b21.35" corresp="t6108.p28">
<w form="ka5-a" lemma="ka5-a" pos="N" label="fox">ka5-a</w>
<w form="cir" lemma="cir" pos="N" label="testicle">cir</w>
<w form="am-e" lemma="am" pos="N" label="wild bull">am-e</w>
<w form="al-us2-us2" lemma="us2" pos="V" label="to be adjacent" form-type="RR">al-us2-us2</w>
</l>
<l n="36" id="c6108.B.8.b21.36" corresp="t6108.p28">
<w form="i-gi4-in-zu" lemma="i-gi4-in-zu" pos="AV" label="as it were">i-gi4-in-<corr sic="CUB">zu</corr></w>
<w form="en-na" lemma="en-na" pos="C" label="as long as">en-na</w>
<w form="cag4-jar-ra-na" lemma="cag4-jar" pos="N" label="hunger">cag4-jar-ra-na</w>
<w form="ug5-ga-a" lemma="uc2" pos="V" label="to die">ug5-ga-<corr resp="scrAdd"/>DIC<corrEnd/>-a</w>
</l>
</lg>
<lg id="c.6.1.08.b22" type="proverb" n="8.b22">
<l n="37" id="c6108.B.8.b22.37" corresp="t6108.p29">
<w form="ka5-a" lemma="ka5-a" pos="N" label="fox">ka5-a</w>
<w form="eg2" lemma="eg2" pos="N" label="embankment">eg2</w>
<w form="al-DU" lemma="DU" pos="V" label="DU">al-DU</w>
<w form="gu-du" lemma="gu-du" pos="N" label="buttocks">gu-du</w>
<w form="gam-ma-ju10" lemma="gam" pos="V" label="to bow down">gam-ma-ju10</w>
</l>
<l n="38" id="c6108.B.8.b22.38" corresp="t6108.p29">
<w form="lu2" lemma="lu2" pos="N" label="person">lu2</w>
<w form="na-me" lemma="na-me" pos="PD" type="indefinite" label="any">na-me</w>
<w form="igi" lemma="igi" pos="N" label="eye">igi</w>
<w form="nu-mu-ni-in-du8" lemma="du8" pos="V" label="to spread">nu-mu-ni-in-<corr resp="scrAdd"/>GID2<corrEnd/>-du8</w>
</l>
</lg>
<lg id="c.6.1.08.b23" type="proverb" n="8.b23">
<note lang="eng">cf. <xref doc="c.6.2.3" from="c623.h59">6.2.3: UET 6/2 215</xref></note>
<l n="39" id="c6108.B.8.b23.39" corresp="t6108.p30">
<w form="ka5-a" lemma="ka5-a" pos="N" label="fox">ka5-a</w>
<w form="sur12" lemma="sur12" pos="N" label="threshing floor">sur12</w>
<w form="al-du8-e" lemma="du8" pos="V" label="to spread">al-du8-e</w>
<w form="sur12-a" lemma="sur12" pos="N" label="threshing floor">sur12-a</w>
<w form="nu-tur-tur" lemma="tur" pos="V" label="to be small" form-type="RR">nu-tur-tur</w>
</l>
<l n="40" id="c6108.B.8.b23.40" corresp="t6108.p30">
<w form="u3" lemma="u3" pos="C" label="and">u3</w>
<w form="ka5-a" lemma="ka5-a" pos="N" label="fox">ka5-a</w>
<w form="nu-mu-un-kuc2-u3" lemma="kuc2" pos="V" label="to be tired">nu-mu-un-kuc2-u3</w>
</l>
</lg>
<lg id="c.6.1.08.b24" type="proverb" n="8.b24">
<note lang="eng">cf. <xref doc="c.6.2.3" from="c623.h60">6.2.3: UET 6/2 218</xref></note>
<l n="41" id="c6108.B.8.b24.41" corresp="t6108.p31">
<w form="ka5-a" lemma="ka5-a" pos="N" label="fox">ka5-a</w>
<w form="gu2" lemma="gu2" pos="N" label="neck">gu2</w>
<w form="gid2" lemma="gid2" pos="V" label="to be long">gid2</w>
<w form="ama-na-ce3" lemma="ama" pos="N" label="mother"><unclear cert="qry">ama</unclear>-na-ce3</w>
<w form="jectug2-ga-ni" lemma="jectug2" pos="N" label="ear">jectug2-ga-ni</w>
<w form="in-gub-ma" lemma="gub" pos="V" label="to stand">in-gub-ma</w>
</l>
<l n="42" id="c6108.B.8.b24.42" corresp="t6108.p31">
<damage/>
<w form="E" lemma="E" label="E"><unclear cert="qry">E</unclear></w>
<damageEnd/>
<w form="X-ju10" lemma="X" label="X">X-ju10</w>
<w form="al-guz-guz-e-ce" lemma="guz" pos="V" label="to be crushed" form-type="RR">al-guz-guz-e-ce</w>
</l>
</lg>
<lg id="c.6.1.08.b25" type="proverb" n="8.b25">
<note lang="eng">cf. <xref doc="c.6.2.3" from="c623.h61">6.2.3: UET 6/2 213</xref></note>
<l n="43" id="c6108.B.8.b25.43" corresp="t6108.p32">
<damage/>
<w form="ka5-a" lemma="ka5-a" pos="N" label="fox">ka5<damageEnd/>-a</w>
<w form="mac2-bi" lemma="mac2" pos="N" label="(kid) goat">mac2-bi</w>
<w form="mu-cub" lemma="cub" pos="V" label="to fall">mu-<corr resp="scrOm"/>cub</w>
<corrEnd/>
</l>
<l n="44" id="c6108.B.8.b25.44" corresp="t6108.p32">
<w form="mac2-tab-ba-ni" lemma="mac2-tab-ba" pos="N" label="twin">mac2-tab-ba-ni</w>
<w form="mu-ni-in-i-i" lemma="i" pos="V" label="to bring out" form-type="RR">mu-ni-in-i-i</w>
</l>
</lg>
<lg id="c.6.1.08.b26" type="proverb" n="8.b26">
<note lang="eng">cf. <xref doc="c.6.1.02" from="c.6.1.02.61A">6.1.02.61A</xref></note>
<l n="45" id="c6108.B.8.b26.45" corresp="t6108.p33">
<supplied/>
<w form="ka5-a" lemma="ka5-a" pos="N" label="fox">ka5-a</w>
<w form="kun-bi" lemma="kun" pos="N" label="tail">kun-bi</w>
<suppliedEnd/>
<w form="dugud-dam" lemma="dugud" pos="V" label="to be heavy">dugud-dam</w>
<w form="X" lemma="X" label="X">X</w>
<w form="X" lemma="X" label="X">X</w>
<w form="ur3" lemma="ur3" pos="N" label="roof">ur3</w>
<w form="la2-a" lemma="la2" pos="V" label="to hang">la2-a</w>
</l>
</lg>
<lg id="c.6.1.08.b27" type="proverb" n="8.b27">
<note lang="eng">cf. <xref doc="c.6.1.02" from="c.6.1.02.61B">6.1.02.61B</xref></note>
<l n="46" id="c6108.B.8.b27.46" corresp="t6108.p34">
<w form="ka5-a" lemma="ka5-a" pos="N" label="fox">ka5-a</w>
<w form="si-jar-bi" lemma="si-jar" pos="N" label="clamp">si-jar-bi</w>
<w form="jic-DA-am3" lemma="jic-DA" pos="N" label="meaning unknown">jic-<unclear cert="qry">DA</unclear>-am3</w>
</l>
</lg>
<lg id="c.6.1.08.b28" type="proverb" n="8.b28">
<note lang="eng">cf. <xref doc="c.6.2.3" from="c623.h62">6.2.3: UET 6/2 219</xref></note>
<l n="47" id="c6108.B.8.b28.47" corresp="t6108.p35">
<w form="ka5-a" lemma="ka5-a" pos="N" label="fox">ka5-a</w>
<w form="ud5-de3-ec2" lemma="ud5" pos="N" label="(nanny) goat">ud5-de3-ec2</w>
<w form="an-na-ab-be2" lemma="dug4" pos="V" label="to say" form-type="ppli">an-na-ab-be2</w>
</l>
<l n="48" id="c6108.B.8.b28.48" corresp="t6108.p35">
<w form="&kuc;e-sir2-ju10" lemma="e-sir2" pos="N" label="sandal" bound="L,ju" det="&kuc;">&kuc;e-<corr sic="TUM">sir2</corr>-ju10</w>
<w form="e2-zu-a" lemma="e2" pos="N" label="house(hold)">e2-zu-a</w>
<w form="ga-mu-ni-ib2-jar" lemma="jar" pos="V" label="to place">ga-mu-ni-ib2-jar</w>
</l>
<l n="49" id="c6108.B.8.b28.49" corresp="t6108.p35">
<w form="du-u3-da" lemma="jen" pos="V" label="to go" form-type="isg">du-u3-da</w>
<w form="ur-gir15-ra-ka" lemma="ur-gir15" pos="N" label="domestic dog">ur-gir15-ra-ka</w>
<w form="&jic;gag-ta" lemma="gag" pos="N" label="peg" bound="L,ta" det="&jic;">&jic;gag-ta</w>
<w form="ga-mu-ni-ib2-la2" lemma="la2" pos="V" label="to hang">ga-mu-ni-ib2-la2</w>
</l>
<l n="50" id="c6108.B.8.b28.50" corresp="t6108.p35">
<w form="tukum-bi" lemma="tukum-bi" pos="C" label="if">tukum-bi</w>
<w form="ur-gir15-re" lemma="ur-gir15" pos="N" label="domestic dog">ur-gir15-re</w>
<w form="e2-zu-a" lemma="e2" pos="N" label="house(hold)">e2-zu-a</w>
<w form="ur5-ra-ce3" lemma="ur5" pos="PD" type="demonstrative" label="that">ur5-ra-ce3</w>
<w form="an-til3" lemma="til3" pos="V" label="to live">an-til3</w>
</l>
<l n="51" id="c6108.B.8.b28.51" corresp="t6108.p35">
<w form="&kuc;e-sir2-ju10" lemma="e-sir2" pos="N" label="sandal" bound="L,ju" det="&kuc;">&kuc;e-sir2-ju10</w>
<w form="DU-u3" lemma="DU" pos="V" label="DU">DU-u3</w>
</l>
<l n="52" id="c6108.B.8.b28.52" corresp="t6108.p35">
<w form="ji6" lemma="ji6" pos="N" label="night">ji6</w>
<w form="na-an-sa2-e-en-e-ce" lemma="sa2" pos="V" label="to equal">na-an-sa2-e-en-e-ce</w>
</l>
</lg>
<lg id="c.6.1.08.b29" type="proverb" n="8.b29">
<note lang="eng">cf. <xref doc="c.6.2.3" from="c623.h63">6.2.3: UET 6/2 220</xref></note>
<l n="53" id="c6108.B.8.b29.53" corresp="t6108.p36">
<w form="ka5-a" lemma="ka5-a" pos="N" label="fox">ka5-a</w>
<w form="dur2" lemma="dur2" pos="N" label="rump">dur2</w>
<w form="&jic;kici17-ce3" lemma="kici16" pos="N" label="acacia" bound="L,ece" det="&jic;">&jic;kici17-ce3</w>
<w form="in-kur9-ma" lemma="kur9" pos="V" label="to enter">in-kur9-ma</w>
</l>
<l n="54" id="c6108.B.8.b29.54" corresp="t6108.p36">
<w form="ja2-nu" lemma="jen" pos="V" label="to go">ja2-nu</w>
<w form="e3-im-ta" lemma="e3" pos="V" label="to go out or in">e3-im-ta</w>
<w form="ed2-de3" lemma="e3" pos="V" label="to go out or in">ed2-de3</w>
<w form="nu-ub-zu" lemma="zu" pos="V" label="to know">nu-ub-zu</w>
</l>
<l n="55" id="c6108.B.8.b29.55" corresp="t6108.p36">
<w form="gu2-e-ta" lemma="gu2-e" pos="N" label="near side">gu2-e-ta</w>
<w form="a-na-gin7-nam" lemma="a-na-gin7" pos="AV" label="how">a-na-gin7-nam</w>
<w form="i3-kur9-re-en" lemma="kur9" pos="V" label="to enter">i3-kur9-re-en</w>
</l>
<l n="56" id="c6108.B.8.b29.56" corresp="t6108.p36">
<w form="en-na-me-ce3-am3" lemma="en-na-me-ce3-am3" pos="C" label="as long as">en-na-me-ce3-am3</w>
<w form="na-an-sar-sar" lemma="sar" pos="V" label="to run" form-type="RR">na-an-sar-sar</w>
</l>
<l n="57" id="c6108.B.8.b29.57" corresp="t6108.p36">
<w form="al-tuc-en-e-ce" lemma="tuc" pos="V" label="to sit">al-tuc-en-e-ce</w>
</l>
</lg>
<lg id="c.6.1.08.b30" type="proverb" n="8.b30">
<l n="58" id="c6108.B.8.b30.58" corresp="t6108.p37">
<w form="ka5-a" lemma="ka5-a" pos="N" label="fox">ka5-<damage/>a</w>
<damageEnd/>
<supplied/>
<w form="&X;" lemma="&X;" label="&X;">&X;</w>
<suppliedEnd/>
</l>
<l n="59" id="c6108.B.8.b30.59" corresp="t6108.p37">
<w form="e-ne" lemma="e-ne" pos="PD" type="personal" label="he, she">e-ne</w>
<w form="dirig" lemma="dirig" pos="V" label="to be superior">dirig</w>
<w form="ne-e" lemma="ne-en" pos="PD" type="demonstrative" label="this">ne-e</w>
<w form="lul" lemma="lul" pos="V" label="to be false">lul</w>
<w form="ab-dirig-e-ce" lemma="dirig" pos="V" label="to be superior">ab-dirig-e-ce</w>
</l>
</lg>
<lg id="c.6.1.08.b31" type="proverb" n="8.b31">
<l n="60" id="c6108.B.8.b31.60" corresp="t6108.p38">
<w form="ka5-a" lemma="ka5-a" pos="N" label="fox">ka5-a</w>
<w form="zig3-ga-gin7" lemma="zig3" pos="V" label="to rise">zig3-ga-gin7</w>
<w form="za-pa-aj2-zu" lemma="za-pa-aj2" pos="N" label="noise">za-pa-aj2-zu</w>
<w form="a-gar3-re" lemma="a-gar3" pos="N" label="meadow">a-gar3-re</w>
<w form="ab-gur-e-ce" lemma="gur" pos="V" label="to turn">ab-gur-e-ce</w>
</l>
</lg>
<lg id="c.6.1.08.b32" type="proverb" n="8.b32">
<l n="61" id="c6108.B.8.b32.61" corresp="t6108.p39">
<w form="ka5-a" lemma="ka5-a" pos="N" label="fox">ka5-a</w>
<w form="a-na-am3" lemma="a-na" pos="PD" type="nominal-relative" label="what(ever)">a-na-am3</w>
<w form="al-ak-a" lemma="ak" pos="V" label="to do">al-ak-a</w>
</l>
<l n="62" id="c6108.B.8.b32.62" corresp="t6108.p39">
<w form="ur-gir15-re" lemma="ur-gir15" pos="N" label="domestic dog">ur-gir15-re</w>
<w form="a-na-am3" lemma="a-na" pos="PD" type="interrogative" label="what">a-na-am3</w>
<w form="mu-un-ci-ib-ak-de3" lemma="ak" pos="V" label="to do">mu-un-ci-ib-ak-de3</w>
</l>
</lg>
<lg id="c.6.1.08.b33" type="proverb" n="8.b33">
<note lang="eng">cf. <xref doc="c.6.2.3" from="c623.h64">6.2.3: UET 6/2 217</xref></note>
<l n="63" id="c6108.B.8.b33.63" corresp="t6108.p40">
<w form="ka5-a" lemma="ka5-a" pos="N" label="fox">ka5-a</w>
<w form="nam-lul-la" lemma="nam-lul" pos="N" label="treachery">nam-lul-la</w>
<w form="jectug2-ga-ni" lemma="jectug2" pos="N" label="ear">jectug2-ga-ni</w>
<w form="in-gub-ma" lemma="gub" pos="V" label="to stand">in-gub-ma</w>
</l>
<l n="64" id="c6108.B.8.b33.64" corresp="t6108.p40">
<w form="ba-cub-bu-de3-en" lemma="cub" pos="V" label="to fall">ba-cub-bu-de3-en</w>
<w form="id2-da" lemma="id2" pos="N" label="watercourse">id2-da</w>
<w form="mi-ni-ib-tum2-en-e-ce" lemma="de6" pos="V" label="to carry" form-type="isg">mi-ni-ib-tum2-en-e-ce</w>
</l>
</lg>
<lg id="c.6.1.08.b34" type="proverb" n="8.b34">
<l n="65" id="c6108.B.8.b34.65" corresp="t6108.p41">
<w form="ka5-a" lemma="ka5-a" pos="N" label="fox">ka5-a</w>
<w form="&jic;ilar-e" lemma="ilar" pos="N" label="throwing stick" bound="L,e" det="&jic;">&jic;ilar-e</w>
<w form="mu-un-ni10-ni10" lemma="nijin2" pos="V" label="to go around" form-type="rr">mu-un-ni10-ni10</w>
</l>
<l n="66" id="c6108.B.8.b34.66" corresp="t6108.p41">
<w form="kac-de2-a" lemma="kac-de2-a" pos="N" label="party">kac-de2-a</w>
<w form="ne-en" lemma="ne-en" pos="PD" type="demonstrative" label="this">ne-en</w>
<w form="dug3-ga" lemma="dug3" pos="V" label="to be good">dug3-ga</w>
<w form="a-ba-a" lemma="a-ba" pos="PD" type="interrogative" label="who">a-ba-a</w>
<w form="ba-ab-cum2-mu-e-ce" lemma="cum2" pos="V" label="to give">ba-ab-cum2-mu-e-ce</w>
</l>
</lg>
<lg id="c.6.1.08.b35" type="proverb" n="8.b35">
<l n="67" id="c6108.B.8.b35.67" corresp="t6108.p42">
<w form="ka5-a" lemma="ka5-a" pos="N" label="fox">ka5-a</w>
<w form="lu2-igi-ze2-ze2" lemma="lu2-igi-ze2-ze2" pos="N" label="partially-sighted person">lu2-igi-ze2-ze2</w>
<w form="u3-bi2-in-dab5" lemma="dab5" pos="V" label="to seize">u3-bi2-in-dab5</w>
</l>
<l n="68" id="c6108.B.8.b35.68" corresp="t6108.p42">
<w form="ne-ec2" lemma="i3-ne-ec2" pos="AV" label="now">ne-ec2</w>
<w form="er2" lemma="er2" pos="N" label="tear">er2</w>
<w form="mu-e-ce8-ce8" lemma="cec2" pos="V" label="to weep" form-type="rr">mu-e-ce8-ce8</w>
<w form="cu" lemma="cu" pos="N" label="hand">cu</w>
<w form="ba-mu-u8-e-ce" lemma="ba" pos="V" label="to allot">ba-mu-u8-e-ce</w>
</l>
</lg>
<lg id="c.6.1.08.b36" type="proverb" n="8.b36">
<l n="69" id="c6108.B.8.b36.69" corresp="t6108.p43">
<w form="ur2" lemma="ur2" pos="N" label="root">ur2</w>
<w form="ka5-a-ka" lemma="ka5-a" pos="N" label="fox">ka5-a-ka</w>
<w form="uzu" lemma="uzu" pos="N" label="flesh">uzu</w>
<w form="al-du8-e" lemma="du8" pos="V" label="to spread">al-du8-e</w>
</l>
<l n="70" id="c6108.B.8.b36.70" corresp="t6108.p43">
<w form="ugu" lemma="ugu" pos="N" label="skull">ugu</w>
<w form="&d;nin-kilim-ma" lemma="nin-kilim" pos="N" label="mongoose" det="&d;">&d;nin-kilim-<corr sic="da">ma</corr></w>
<w form="nu-um-me" lemma="dug4" pos="V" label="to say" form-type="ppli">nu-um-me</w>
<w form="ba-ab-dug4" lemma="dug4" pos="V" label="to say">ba-ab-dug4</w>
</l>
</lg>
<gap extent="unknown no. of lines missing"/>
</div1>
<div1 type="segment" n="C">
<lg id="c.6.1.08.c1" type="proverb" n="8.c1">
<note lang="eng">= Veldhuis 2000c p. 392</note>
<l n="1" id="c6108.C.8.c1.1" corresp="t6108.p44">
<damage/>
<w form="lu2" lemma="lu2" pos="N" label="person">lu2</w>
<damageEnd/>
<w form="ce" lemma="ce" pos="N" label="barley">ce</w>
<w form="tuku-tuku" lemma="tuku" pos="V" label="to have" form-type="RR">tuku-tuku</w>
<w form="X" lemma="X" label="X">X</w>
<w form="u3" lemma="u3" pos="N" label="sleep">u3</w>
<w form="mu-un-ku-ku" lemma="ku" pos="V" label="to lay down" form-type="RR">mu-<damage/>un<damageEnd/>-<supplied/>ku-ku</w>
<suppliedEnd/>
</l>
<l n="2" id="c6108.C.8.c1.2" corresp="t6108.p44">
<w form="X" lemma="X" label="X">X</w>
<w form="MU" lemma="MU" label="MU">MU</w>
<w form="gud" lemma="gud" pos="N" label="bull">gud</w>
<w form="NE-ba-an" lemma="NE" label="NE">NE-ba-an</w>
</l>
</lg>
<lg id="c.6.1.08.c2" type="proverb" n="8.c2">
<note lang="eng">= Veldhuis 2000c p. 392</note>
<l n="3" id="c6108.C.8.c2.3" corresp="t6108.p45">
<damage/>
<w form="dar&mucen;-re" lemma="dar" pos="N" label="francolin?" bound="L,e" det="&mucen;"><unclear cert="qry">dar</unclear><damageEnd/>&mucen;-re</w>
<w form="im-du3-a" lemma="im-du3-a" pos="N" label="mud wall">im-du3-a</w>
<w form="gu3" lemma="gu3" pos="N" label="voice">gu3</w>
<w form="u3-bi2-in-de2" lemma="de2" pos="V" label="to pour">u3-<damage/>bi2<damageEnd/>-<supplied/>in-de2</w>
<suppliedEnd/>
</l>
<l n="4" id="c6108.C.8.c2.4" corresp="t6108.p45">
<supplied/>
<w form="he2-uc2&mucen;" lemma="he2-uc2" pos="N" label="type of bird" det="&mucen;">he2<suppliedEnd/>-uc2&mucen;</w>
<w form="2" lemma="2" pos="NU" type="cardinal" label="2">2</w>
<w form="cu-si" lemma="cu-si" pos="N" label="finger">cu-si</w>
<w form="nu-la2-e" lemma="la2" pos="V" label="to hang">nu-la2-e</w>
<supplied/>
<w form="&X;" lemma="&X;" label="&X;">&X;</w>
<suppliedEnd/>
</l>
</lg>
<lg id="c.6.1.08.c3" type="proverb" n="8.c3">
<note lang="eng">= Veldhuis 2000c p. 392</note>
<l n="5" id="c6108.C.8.c3.5" corresp="t6108.p46">
<supplied/>
<w form="bi2-za-za&mucen;-gu3-balaj-ja2-kar-gir5-za-na&mucen;" lemma="bi2-za-za-gu3-balaj-ja2-kar-gir5-za-na" pos="N" label="sparrow" det="&mucen;">bi2<suppliedEnd/>-<damage/>za<damageEnd/>-<supplied/>za<suppliedEnd/>&mucen;-gu3-balaj-ja2-<damage/><unclear cert="qry">kar</unclear><damageEnd/>-<supplied/>gir5-za-na&mucen;</w>
<suppliedEnd/>
</l>
<l n="6" id="c6108.C.8.c3.6" corresp="t6108.p46">
<supplied/>
<w form="X" lemma="X" label="X">X</w>
<suppliedEnd/>
<w form="ad" lemma="ad" pos="N" label="voice">ad</w>
<w form="u3-mu-ni-in-jar" lemma="jar" pos="V" label="to place">u3-mu-ni-<damage/>in<damageEnd/>-<supplied/>jar</w>
<suppliedEnd/>
</l>
<l n="7" id="c6108.C.8.c3.7" corresp="t6108.p46">
<supplied/>
<w form="X" lemma="X" label="X">X</w>
<suppliedEnd/>
<w form="X" lemma="X" label="X">X</w>
<w form="UN" lemma="UN" label="UN">UN</w>
<w form="eme" lemma="eme" pos="N" label="tongue">eme</w>
<w form="en-nu-&X;" lemma="&X;" label="&X;">en-nu-<supplied/>&X;</w>
<suppliedEnd/>
</l>
</lg>
<lg id="c.6.1.08.c4" type="proverb" n="8.c4">
<note lang="eng">= Veldhuis 2000c p. 392</note>
<l n="8" id="c6108.C.8.c4.8" corresp="t6108.p47">
<supplied/>
<w form="X" lemma="X" label="X">X</w>
<suppliedEnd/>
<w form="X" lemma="X" label="X">X</w>
<w form="X" lemma="X" label="X">X</w>
<w form="X" lemma="X" label="X">X</w>
<w form="Xbr" lemma="Xbr" label="Xbr">(X)</w>
<w form="X" lemma="X" label="X">X</w>
</l>
</lg>
<gap extent="approx. 10 lines missing"/>
</div1>
<div1 type="segment" n="D">
<lg id="c.6.1.08.d1" type="proverb" n="8.d1">
<note lang="eng">= Alster 1997 8 Sec. C 1</note>
<l n="1" id="c6108.D.8.d1.1" corresp="t6108.p48">
<supplied/>
<w form="X" lemma="X" label="X">X</w>
<suppliedEnd/>
<w form="X" lemma="X" label="X">X</w>
<w form="X" lemma="X" label="X">X</w>
<supplied/>
<w form="&X;" lemma="&X;" label="&X;">&X;</w>
<suppliedEnd/>
</l>
<l n="2" id="c6108.D.8.d1.2" corresp="t6108.p48">
<supplied/>
<w form="X" lemma="X" label="X">X</w>
<w form="X" lemma="X" label="X">X</w>
<w form="Xbr" lemma="Xbr" label="Xbr">(X)</w>
<suppliedEnd/>
<damage/>
<w form="al-dug4-e" lemma="dug4" pos="V" label="to say">al<damageEnd/>-dug4-<damage/>e</w>
<damageEnd/>
<supplied/>
<w form="&X;" lemma="&X;" label="&X;">&X;</w>
<suppliedEnd/>
</l>
<l n="3" id="c6108.D.8.d1.3" corresp="t6108.p48">
<supplied/>
<w form="X" lemma="X" label="X">X</w>
<suppliedEnd/>
<damage/>
<w form="gaz" lemma="gaz" pos="V" label="to strike (dead)"><unclear cert="qry">gaz</unclear></w>
<damageEnd/>
<w form="ma-an-dug4-e-ce" lemma="dug4" pos="V" label="to say">ma-an-dug4-e-<supplied/>ce</w>
<suppliedEnd/>
</l>
</lg>
<lg id="c.6.1.08.d2" type="proverb" n="8.d2">
<note lang="eng">= Alster 1997 8 Sec. C 2</note>
<l n="4" id="c6108.D.8.d2.4" corresp="t6108.p49">
<w form="uga&mucen;" lemma="uga" pos="N" label="raven" det="&mucen;">uga&mucen;</w>
<w form="&dug;sahar" lemma="sahar2" pos="N" label="type of vessel" det="&dug;">&dug;sahar</w>
<w form="an-da-X" lemma="X" label="X">an-<damage/>da<damageEnd/>-<supplied/>X</w>
<suppliedEnd/>
</l>
<l n="5" id="c6108.D.8.d2.5" corresp="t6108.p49">
<w form="ka5-a" lemma="ka5-a" pos="N" label="fox">ka5-a</w>
<phr type="VP" lemma="en3 tar" label="to ask">
<w form="en3" lemma="en3" pos="N" label="noun part of multiword verb">en3</w>
<w form="i-ni-in-tar" lemma="tar" pos="V" label="to cut">i-ni-in-tar</w>
</phr>
<supplied/>
<w form="Xbr" lemma="Xbr" label="Xbr">(X)</w>
<suppliedEnd/>
</l>
<l n="6" id="c6108.D.8.d2.6" corresp="t6108.p49">
<w form="me-am3" lemma="me-a" pos="AV" label="where">me-am3</w>
<w form="i-ib2-su3-e" lemma="su3" pos="V" label="to sprinkle">i-ib2-su3-e</w>
</l>
<l n="7" id="c6108.D.8.d2.7" corresp="t6108.p49">
<w form="&id2;idigna" lemma="idigna" pos="N" type="WN" label="Tigris" det="&id2;">&id2;idigna</w>
<w form="&id2;buranun-na-ce3" lemma="buranuna" pos="N" type="WN" label="Euphrates" det="&id2;">&id2;buranun-na-<damage/>ce3<damageEnd/></w>
<w form="i-ni-in-su3-e" lemma="su3" pos="V" label="to sprinkle">i-ni-in-su3-e</w>
</l>
<l n="8" id="c6108.D.8.d2.8" corresp="t6108.p49">
<w form="a-na-ac-am3" lemma="a-na-ac" pos="AV" label="why">a-na-ac-am3</w>
<phr type="VP" lemma="en3 tar" label="to ask">
<w form="en3" lemma="en3" pos="N" label="noun part of multiword verb">en3</w>
<w form="mu-e-tar-tar-re" lemma="tar" pos="V" label="to cut" form-type="RR">mu-e-tar-tar-re</w>
</phr>
</l>
</lg>
<lg id="c.6.1.08.d3" type="proverb" n="8.d3">
<note lang="eng">= Alster 1997 8 Sec. C 3</note>
<l n="9" id="c6108.D.8.d3.9" corresp="t6108.p50">
<w form="a-zag-gun3&mucen;-gin7" lemma="a-zag-gun3" pos="N" label="type of bird" bound="L,gin" det="&mucen;">a-zag-gun3&mucen;-gin7</w>
<w form="igi-a" lemma="igi" pos="N" label="eye">igi-a</w>
<w form="aga" lemma="aga" pos="N" label="crown">aga</w>
<w form="X" lemma="X" label="X">X</w>
</l>
<l n="10" id="c6108.D.8.d3.10" corresp="t6108.p50">
<supplied/>
<w form="X" lemma="X" label="X">X</w>
<suppliedEnd/>
<w form="DU.DU" lemma="DU" label="DU">DU.<damage/>DU</w>
<damageEnd/>
<supplied/>
<w form="X" lemma="X" label="X">X</w>
<suppliedEnd/>
</l>
</lg>
<lg id="c.6.1.08.d4" type="proverb" n="8.d4">
<note lang="eng">= Alster 1997 8 Sec. C 4</note>
<l n="11" id="c6108.D.8.d4.11" corresp="t6108.p51">
<w form="X" lemma="X" label="X">X</w>
<damage/>
<w form="mu-e-de3-KU" lemma="KU" pos="V" label="KU">mu<damageEnd/>-e-de3-KU</w>
<supplied/>
<w form="X" lemma="X" label="X">X</w>
<w form="X" lemma="X" label="X">X</w>
<w form="Xbr" lemma="Xbr" label="Xbr">(X)</w>
<suppliedEnd/>
</l>
<l n="12" id="c6108.D.8.d4.12" corresp="t6108.p51">
<supplied/>
<w form="&X;-le-en-de3-en" lemma="&X;" label="&X;">&X;<suppliedEnd/>-le-en-<damage/>de3<damageEnd/>-<supplied/>en</w>
<suppliedEnd/>
</l>
</lg>
<lg id="c.6.1.08.d5" type="proverb" n="8.d5">
<note lang="eng">= Alster 1997 8 Sec. C 5</note>
<l n="13" id="c6108.D.8.d5.13" corresp="t6108.p52">
<supplied/>
<w form="&X;" lemma="&X;" label="&X;">&X;</w>
<suppliedEnd/>
<damage/>
<w form="igi" lemma="igi" pos="N" label="eye">igi</w>
<w form="dar" lemma="dar" pos="V" label="to split">dar</w>
<damageEnd/>
<supplied/>
<w form="X" lemma="X" label="X">X</w>
<w form="X" lemma="X" label="X">X</w>
<w form="Xbr" lemma="Xbr" label="Xbr">(X)</w>
<suppliedEnd/>
</l>
</lg>
<gap extent="approx. 20 lines missing"/>
</div1>
<div1 type="segment" n="E">
<lg id="c.6.1.08.e1" type="proverb" n="8.e1">
<note lang="eng">= Alster 1997 8 Sec. D 1</note>
<l n="1" id="c6108.E.8.e1.1" corresp="t6108.p53">
<w form="&jic;jicnimbar" lemma="jicnimbar" pos="N" label="date palm" det="&jic;">&jic;jicnimbar</w>
<w form="lugal-e" lemma="lugal" pos="N" label="king">lugal-<damage/><unclear cert="qry">e</unclear></w>
<damageEnd/>
<supplied/>
<w form="&X;" lemma="&X;" label="&X;">&X;</w>
<suppliedEnd/>
</l>
<l n="2" id="c6108.E.8.e1.2" corresp="t6108.p53">
<w form="TAR" lemma="TAR" label="TAR"><unclear cert="qry">TAR</unclear></w>
<w form="NE-NE-me" lemma="NE" label="NE" form-type="RR">NE-NE-me</w>
<w form="cu-gi" lemma="cu-gi4" pos="AJ" label="elderly">cu-<damage/>gi</w>
<damageEnd/>
<supplied/>
<w form="&X;" lemma="&X;" label="&X;">&X;</w>
<suppliedEnd/>
</l>
<l n="3" id="c6108.E.8.e1.3" corresp="t6108.p53">
<w form="jic-gin7" lemma="jic" pos="N" label="tree">jic-gin7</w>
<w form="su-zu-ce3" lemma="su" pos="N" label="flesh">su-zu-ce3</w>
<w form="a-ra-X" lemma="X" label="X">a-ra-<supplied/>X</w>
<w form="X" lemma="X" label="X">X</w>
<suppliedEnd/>
</l>
</lg>
<lg id="c.6.1.08.e2" type="proverb" n="8.e2">
<note lang="eng">= Alster 1997 8 Sec. D 2</note>
<l n="4" id="c6108.E.8.e2.4" corresp="t6108.p54">
<damage/>
<w form="jic-e" lemma="jic" pos="N" label="tree">jic<damageEnd/>-e</w>
<w form="GA" lemma="GA" label="GA"><unclear cert="qry">GA</unclear></w>
<w form="uc-bar-bi" lemma="ucbar" pos="N" label="relative-by-marriage">uc-bar-bi</w>
<w form="i-ni-in-X" lemma="X" label="X">i-ni-in-X</w>
</l>
<l n="5" id="c6108.E.8.e2.5" corresp="t6108.p54">
<supplied/>
<w form="je26-e" lemma="je26" pos="PD" type="personal" label="I">je26<suppliedEnd/>-<damage/>e</w>
<damageEnd/>
<w form="u3" lemma="u3" pos="C" label="and">u3</w>
<w form="za-e" lemma="za" pos="PD" type="personal" label="you (sg.)">za-e</w>
<w form="cec-me-en-de3-en" lemma="cec" pos="N" label="brother">cec-me-en-de3-en</w>
</l>
<l n="6" id="c6108.E.8.e2.6" corresp="t6108.p54">
<damage/>
<w form="a-na-ac-am3" lemma="a-na-ac" pos="AV" label="why">a-na<damageEnd/>-ac-am3</w>
<w form="cag4" lemma="cag4" pos="N" label="heart">cag4</w>
<w form="ba-ni-dar-re" lemma="dar" pos="V" label="to split">ba-ni-dar-re</w>
</l>
<l n="7" id="c6108.E.8.e2.7" corresp="t6108.p54">
<damage/>
<w form="DU" lemma="DU" label="DU">DU</w>
<damageEnd/>
<w form="je26-e" lemma="je26" pos="PD" type="personal" label="I">je26-e</w>
<w form="a-na-a" lemma="a-na" pos="PD" type="interrogative" label="what">a-na-<unclear cert="cor">a</unclear></w>
<w form="ga-ba-ak" lemma="ak" pos="V" label="to do">ga-ba-ak</w>
</l>
<l n="8" id="c6108.E.8.e2.8" corresp="t6108.p54">
<w form="na4" lemma="na4" pos="N" label="stone">na4</w>
<w form="dirig" lemma="dirig" pos="V" label="to be superior">dirig</w>
<w form="je26-e" lemma="je26" pos="PD" type="personal" label="I">je26-e</w>
<w form="al-kal-la-ge" lemma="kalag" pos="V" label="to be strong">al-kal-la-ge</w>
<w form="ugu-ja2" lemma="ugu" pos="N" label="skull">ugu-ja2</w>
<w form="i3-ra-ra-e-ce" lemma="ra" pos="V" label="to beat" form-type="RR">i3-ra-ra-e-ce</w>
</l>
</lg>
<lg id="c.6.1.08.e3" type="proverb" n="8.e3">
<note lang="eng">= Alster 1997 8 Sec. D 3</note>
<l n="9" id="c6108.E.8.e3.9" corresp="t6108.p55">
<w form="jic-e" lemma="jic" pos="N" label="tree">jic-e</w>
<w form="&jic;uc-bar-bi" lemma="ucbar" pos="N" label="relative-by-marriage" det="&jic;"><unclear cert="cor">&jic;</unclear>uc-bar-bi</w>
<w form="he2-eb-dar-re" lemma="dar" pos="V" label="to split">he2-eb-dar-re</w>
</l>
</lg>
<lg id="c.6.1.08.e4" type="proverb" n="8.e4">
<note lang="eng">= Alster 1997 8 Sec. D 4</note>
<l n="10" id="c6108.E.8.e4.10" corresp="t6108.p56">
<w form="&jic;gu-za" lemma="gu-za" pos="N" label="chair" det="&jic;">&jic;gu-za</w>
<w form="igi-du8-a" lemma="igi-du8" pos="N" label="audience gift">igi-du8-a</w>
<w form="kan4-na" lemma="kan4" pos="N" label="gate">kan4-na</w>
<w form="gub-gub" lemma="gub" pos="V" label="to stand" form-type="RR">gub-gub</w>
</l>
</lg>
<lg id="c.6.1.08.e5" type="proverb" n="8.e5">
<note lang="eng">= Alster 1997 8 Sec. D 5</note>
<l n="11" id="c6108.E.8.e5.11" corresp="t6108.p57">
<w form="&jic;bancur" lemma="bancur" pos="N" label="(offering) table" det="&jic;">&jic;bancur</w>
<w form="in-hul2" lemma="hul2" pos="V" label="to be happy">in-hul2</w>
<w form="id2-da" lemma="id2" pos="N" label="watercourse">id2-da</w>
<w form="i3" lemma="i3" pos="N" label="fatty substance">i3</w>
<w form="mu-sur" lemma="sur" pos="V" label="to drip">mu-sur</w>
</l>
<l n="12" id="c6108.E.8.e5.12" corresp="t6108.p57">
<damage/>
<w form="&jic;bancur" lemma="bancur" pos="N" label="(offering) table" det="&jic;">&jic;<damageEnd/>bancur</w>
<w form="igi-zu-ce3" lemma="igi" pos="N" label="eye">igi-zu-ce3</w>
<w form="al-ja2-ja2" lemma="jar" pos="V" label="to place" form-type="rr">al-ja2-ja2</w>
</l>
<l n="13" id="c6108.E.8.e5.13" corresp="t6108.p57">
<damage/>
<w form="i3-gu7" lemma="gu7" pos="V" label="to eat">i3<damageEnd/>-gu7</w>
<w form="nu-gu7" lemma="gu7" pos="V" label="to eat">nu-<damage/>gu7</w>
<damageEnd/>
<w form="X" lemma="X" label="X">X</w>
<w form="X-e" lemma="X" label="X">X-<damage/>e</w>
<w form="mu-zu-e-ce" lemma="zu" pos="V" label="to know">mu<damageEnd/>-zu-e-ce</w>
</l>
</lg>
<lg id="c.6.1.08.e6" type="proverb" n="8.e6">
<note lang="eng">= Alster 1997 8 Sec. D 6</note>
<l n="14" id="c6108.E.8.e6.14" corresp="t6108.p58">
<w form="&jic;ig" lemma="ig" pos="N" label="door" det="&jic;">&jic;ig</w>
<damage/>
<w form="erin-na-ke4" lemma="erin" pos="N" label="cedar"><unclear cert="qry">erin</unclear><damageEnd/>-na-ke4</w>
<w form="tug2" lemma="tug2" pos="N" label="garment"><unclear cert="qry">tug2</unclear></w>
<w form="ki-sikil" lemma="ki-sikil" pos="N" label="young woman"><unclear cert="qry">ki</unclear>-<unclear cert="qry">sikil</unclear></w>
<w form="jar-ra" lemma="jar" pos="V" label="to place"><unclear cert="qry">jar</unclear>-<unclear cert="qry">ra</unclear></w>
<w form="LI-ta" lemma="LI" label="LI">LI-ta</w>
<w form="la2" lemma="la2" pos="V" label="to hang">la2</w>
<supplied/>
<w form="X" lemma="X" label="X">X</w>
<suppliedEnd/>
</l>
</lg>
<lg id="c.6.1.08.e7" type="proverb" n="8.e7">
<note lang="eng">= Alster 1997 8 Sec. D 7</note>
<l n="15" id="c6108.E.8.e7.15" corresp="t6108.p59">
<w form="&jic;bunij-me" lemma="bunij" pos="N" label="type of container" bound="L,mec" det="&jic;">&jic;bunij(SUG)-me</w>
<w form="jectin" lemma="jectin" pos="N" label="grape (wine)">jectin</w>
<w form="si-si-ce3" lemma="si" pos="V" label="to fill" form-type="RR">si-si-ce3</w>
<w form="jectug" lemma="jectug2" pos="N" label="ear">jectug</w>
<w form="bar-ta-am3" lemma="bar" pos="N" label="outside">bar-ta-am3</w>
</l>
</lg>
<lg id="c.6.1.08.e8" type="proverb" n="8.e8">
<note lang="eng">= Alster 1997 8 Sec. D 8</note>
<l n="16" id="c6108.E.8.e8.16" corresp="t6108.p60">
<w form="&jic;ilar" lemma="ilar" pos="N" label="throwing stick" det="&jic;">&jic;ilar</w>
<w form="&lu2;ni2-zuh" lemma="ni2-zuh" pos="N" label="thief" det="&lu2;">&lu2;ni2-zuh</w>
<w form="ugu" lemma="ugu" pos="N" label="skull">ugu</w>
<w form="udu" lemma="udu" pos="N" label="sheep">udu</w>
<w form="kece2-da" lemma="kece2" pos="V" label="to bind">kece2-da</w>
<w form="am3-cub" lemma="cub" pos="V" label="to fall">am3-cub</w>
</l>
</lg>
<lg id="c.6.1.08.e9" type="proverb" n="8.e9">
<note lang="eng">= Alster 1997 8 Sec. D 9</note>
<l n="17" id="c6108.E.8.e9.17" corresp="t6108.p61">
<w form="&jic;ilar-e" lemma="ilar" pos="N" label="throwing stick" bound="L,e" det="&jic;">&jic;ilar-e</w>
<supplied/>
<w form="&X;" lemma="&X;" label="&X;">&X;</w>
<suppliedEnd/>
</l>
</lg>
<lg id="c.6.1.08.e10" type="proverb" n="8.e10">
<note lang="eng">= Alster 1997 8 Sec. D 10</note>
<l n="18" id="c6108.E.8.e10.18" corresp="t6108.p62">
<w form="&jic;kun4" lemma="kun4" pos="N" label="stair(way)" det="&jic;">&jic;kun4</w>
<damage/>
<w form="im-&X;" lemma="&X;" label="&X;"><unclear cert="qry">im</unclear><damageEnd/>-<supplied/>&X;</w>
<suppliedEnd/>
</l>
</lg>
</div1>
</body>
</text>
</TEI.2>
