<TEI.2 id="c.6.1.15">
<teiHeader lang="eng">
<fileDesc>
<titleStmt>
<title>Proverbs: collection 15 -- a composite transliteration</title>
<respStmt><name>Jeremy Black</name><resp>Project Director and Editor</resp></respStmt>
<respStmt><name>G&aacute;bor Z&oacute;lyomi</name><resp>Editor</resp></respStmt>
<respStmt><name>Graham Cunningham</name><resp>Senior Editor</resp></respStmt>
<respStmt><name>Jon Taylor</name><resp>Editor</resp></respStmt>
<respStmt><name>Eleanor Robson</name><resp>Technical Developer</resp></respStmt>
<respStmt><name>Jarle Ebeling</name><resp>Technical Developer</resp></respStmt>
</titleStmt>
<publicationStmt>
<distributor>The Electronic Text Corpus of Sumerian Literature
</distributor><address><addrLine>The Oriental Institute, University of Oxford, Pusey Lane, Oxford OX1 2LE, UK, email etcsl&commat;orinst.ox.ac.uk, http://etcsl.orinst.ox.ac.uk</addrLine></address>
<date>2003</date>
</publicationStmt>
<seriesStmt><p>The Electronic Text Corpus of Sumerian Literature aims to make accessible over 400 literary works composed in the Sumerian language in ancient Mesopotamia during the late third and early second millennia BC. The works are in Sumerian composite transliteration and English prose translation with bibliographical information on each composition.</p></seriesStmt>
<sourceDesc>
<listBibl type="secondary">
<bibl><xref from="b83">Alster 1997a</xref><biblScope type="page">222-230, 433-434</biblScope><biblScope type="contents">composite text, translation, score transliteration</biblScope></bibl>
<bibl><xref from="b883">Veldhuis 2000c</xref><biblScope type="page">393</biblScope><biblScope type="contents">commentary</biblScope></bibl>
</listBibl>
<listBibl type="tablets">
<bibl><biblScope type="museumNumber">Ni 3480 (ISET 2, 107)</biblScope></bibl>
<bibl><biblScope type="museumNumber">Ni 4210 + Ni 4444a (ISET 2, 102-103) + Ni 4444c (ISET 2, 103) + Ni 4444e (ISET 2, 103)</biblScope></bibl>
<bibl><biblScope type="museumNumber">Ni 10159 (ISET 1, 67/125)</biblScope></bibl>
<bibl><biblScope type="museumNumber">UM 29-16-192</biblScope></bibl>
</listBibl>
</sourceDesc>
</fileDesc>
<revisionDesc>
<change><date>15.i.2002</date><respStmt><name>JT</name><resp>editor</resp></respStmt>
<item>standardisation</item></change>
<change><date>16.ix.2002</date><respStmt><name>JAB</name><resp>editor</resp></respStmt>
<item>proofreading</item></change>
<change><date>16.xii.2002</date><respStmt><name>GC</name><resp>editor</resp></respStmt>
<item>SGML tagging</item></change>
<change><date>20.vi.2003</date><respStmt><name>JE</name><resp>editor</resp></respStmt>
<item>web publication</item></change>
<change><date>01.vi.2003</date><respStmt><name>GC/JE</name><resp>editor/technical developer</resp></respStmt>
<item>XML/TEI conversion</item></change>
<change><date>30.iii.2005</date><respStmt><name>GC/JE</name><resp>senior editor/technical developer</resp></respStmt>
<item>lemmatised version published</item></change>
</revisionDesc>
</teiHeader>
<text lang="sux">
<body>
<div1 type="segment" n="A">
<gap extent="unknown no. of lines missing"/>
<lg id="c.6.1.15.a1" type="proverb" n="15.a1">
<note lang="eng">= Alster 1997 15 Sec. A 1</note>
<l n="1" id="c6115.A.15.a1.1" corresp="t6115.p1">
<supplied/>
<w form="&X;" lemma="&X;" label="&X;">&X;</w>
<suppliedEnd/>
<w form="X" lemma="X" label="X">X</w>
<w form="X" lemma="X" label="X">X</w>
<supplied/>
<w form="&X;" lemma="&X;" label="&X;">&X;</w>
<suppliedEnd/>
</l>
</lg>
<lg id="c.6.1.15.a2" type="proverb" n="15.a2">
<note lang="eng">= Alster 1997 15 Sec. A 2</note>
<l n="2" id="c6115.A.15.a2.2" corresp="t6115.p2">
<damage/>
<w form="a-na" lemma="a-na" pos="PD" type="interrogative" label="what">a-na</w>
<damageEnd/>
<w form="MUNUS" lemma="MUNUS" label="MUNUS">MUNUS</w>
<w form="A" lemma="A" label="A">A</w>
<w form="mu-na-ni-in-X" lemma="X" label="X">mu-na-ni-in-<supplied/>X</w>
<suppliedEnd/>
</l>
</lg>
<lg id="c.6.1.15.a3" type="proverb" n="15.a3">
<note lang="eng">= Alster 1997 15 Sec. A 3A</note>
<l n="3" id="c6115.A.15.a3.3" corresp="t6115.p3">
<w form="ud-ba" lemma="ud" pos="N" label="day(light)">ud-ba</w>
<w form="na-ja2-ah-gin7" lemma="na-ja2-ah" pos="N" label="fool">na-ja2-ah-<damage/><unclear cert="qry">gin7</unclear></w>
<w form="gu3" lemma="gu3" pos="N" label="voice">gu3</w>
<damageEnd/>
<w form="mu-un-na-de2-a" lemma="de2" pos="V" label="to pour"><unclear cert="cor">mu</unclear>-un-<damage/><unclear cert="qry">na</unclear><damageEnd/>-de2-a</w>
</l>
<l n="4" id="c6115.A.15.a3.4" corresp="t6115.p3">
<w form="X-zu" lemma="X" label="X">X-zu</w>
<w form="ance" lemma="ance" pos="N" label="donkey"><unclear cert="qry">ance</unclear></w>
<w form="dab5" lemma="dab5" pos="V" label="to seize">dab5</w>
<w form="lu2" lemma="lu2" pos="N" label="person">lu2</w>
<w form="hu-mu-un-e-e-ce" lemma="dug4" pos="V" label="to say" form-type="ppli">hu-mu-un-e-e-ce</w>
</l>
</lg>
<lg id="c.6.1.15.a4" type="proverb" n="15.a4">
<note lang="eng">= Alster 1997 15 Sec. A 3B</note>
<l n="5" id="c6115.A.15.a4.5" corresp="t6115.p4">
<w form="X" lemma="X" label="X">X</w>
<w form="RI" lemma="RI" label="RI">RI</w>
<w form="in-bi-im" lemma="in" pos="N" label="abuse">in-bi-im</w>
</l>
<l n="6" id="c6115.A.15.a4.6" corresp="t6115.p4">
<damage/>
<w form="e2-gal" lemma="e2-gal" pos="N" label="palace">e2<damageEnd/>-gal</w>
<w form="me-te-bi-im" lemma="me-te" pos="N" label="(fitting) attribute">me-te-bi-im</w>
</l>
</lg>
<lg id="c.6.1.15.a5" type="proverb" n="15.a5">
<note lang="eng">= Alster 1997 15 Sec. A 4</note>
<l n="7" id="c6115.A.15.a5.7" corresp="t6115.p5">
<w form="in-ga-hul2-e" lemma="hul2" pos="V" label="to be happy">in-ga-hul2-e</w>
<w form="ama" lemma="ama" pos="N" label="mother">ama</w>
<w form="lu2-kar-ra-kam" lemma="lu2-kar-ra" pos="N" label="fugitive">lu2-kar-ra-kam</w>
</l>
</lg>
<lg id="c.6.1.15.a6" type="proverb" n="15.a6">
<note lang="eng">= Alster 1997 15 Sec. A 5</note>
<l n="8" id="c6115.A.15.a6.8" corresp="t6115.p6">
<damage/>
<w form="in-ga-hul2-zu" lemma="hul2" pos="V" label="to be happy">in<damageEnd/>-ga-hul2-zu</w>
<w form="uj3-e" lemma="uj3" pos="N" label="people">uj3-e</w>
<w form="he2-em-me" lemma="dug4" pos="V" label="to say" form-type="ppli">he2-em-me</w>
</l>
<l n="9" id="c6115.A.15.a6.9" corresp="t6115.p6">
<supplied/>
<w form="he2-am3-zu" lemma="he2-am3" pos="N" label="(so) be it">he2<suppliedEnd/>-am3-zu</w>
<w form="dijir-zu" lemma="dijir" pos="N" label="deity">dijir-zu</w>
<w form="he2-em-me" lemma="dug4" pos="V" label="to say" form-type="ppli">he2-em-me</w>
</l>
</lg>
<lg id="c.6.1.15.a7" type="proverb" n="15.a7">
<note lang="eng">= Alster 1997 15 Sec. A 6</note>
<l n="10" id="c6115.A.15.a7.10" corresp="t6115.p7">
<supplied/>
<w form="in-ga-hul2-e" lemma="hul2" pos="V" label="to be happy">in<suppliedEnd/>-<damage/>ga<damageEnd/>-hul2-e</w>
<w form="sed-da-ka" lemma="sed4" pos="V" label="to be cold">sed-da-ka</w>
</l>
<l n="11" id="c6115.A.15.a7.11" corresp="t6115.p7">
<supplied/>
<w form="X" lemma="X" label="X">X</w>
<w form="X" lemma="X" label="X">X</w>
<suppliedEnd/>
<w form="E" lemma="E" label="E"><unclear cert="qry">E</unclear></w>
<w form="NE" lemma="NE" label="NE">NE</w>
<w form="ban3-da" lemma="ban3-da" pos="AJ" label="junior"><unclear cert="qry">ban3</unclear>-da</w>
</l>
</lg>
<lg id="c.6.1.15.a8" type="proverb" n="15.a8">
<note lang="eng">= Alster 1997 15 Sec. A 7</note>
<l n="12" id="c6115.A.15.a8.12" corresp="t6115.p8">
<w form="X" lemma="X" label="X">X</w>
<w form="in-ga-hul2-a-kam" lemma="hul2" pos="V" label="to be happy">in-ga-hul2-a-kam</w>
<supplied/>
<w form="X" lemma="X" label="X">X</w>
<w form="X" lemma="X" label="X">X</w>
<suppliedEnd/>
<w form="X-am3" lemma="X" label="X">X-am3</w>
<w form="al-KU" lemma="KU" pos="V" label="KU">al-KU</w>
</l>
</lg>
<lg id="c.6.1.15.a9" type="proverb" n="15.a9">
<note lang="eng">= Alster 1997 15 Sec. A 8; cf. <xref doc="c.6.1.19" from="c.6.1.19.f3">6.1.19.f3</xref></note>
<l n="13" id="c6115.A.15.a9.13" corresp="t6115.p9">
<supplied/>
<w form="X" lemma="X" label="X">X</w>
<w form="X" lemma="X" label="X">X</w>
<w form="X" lemma="X" label="X">X</w>
<suppliedEnd/>
<w form="X" lemma="X" label="X">X</w>
<w form="ninda" lemma="ninda" pos="N" label="bread">ninda</w>
<w form="cag4-gal-la-ni-ce3" lemma="cag4-gal" pos="N" label="sustenance">cag4-gal-la-ni-ce3</w>
</l>
<l n="14" id="c6115.A.15.a9.14" corresp="t6115.p9">
<supplied/>
<w form="&X;" lemma="&X;" label="&X;">&X;</w>
<suppliedEnd/>
<w form="in-kud-da" lemma="kud" pos="V" label="to cut">in-kud-<unclear cert="qry">da</unclear></w>
</l>
<l n="15" id="c6115.A.15.a9.15" corresp="t6115.p9">
<supplied/>
<w form="&X;" lemma="&X;" label="&X;">&X;</w>
<suppliedEnd/>
<w form="X-da-cu2" lemma="cu2" pos="V" label="to cover">X-<unclear cert="cor">da</unclear>-cu2</w>
</l>
</lg>
<gap extent="unknown no. of lines missing"/>
</div1>
<div1 type="segment" n="B">
<lg id="c.6.1.15.b1" type="proverb" n="15.b1">
<note lang="eng">cf. <xref doc="c.6.1.14" from="c.6.1.14.4">6.1.14.4</xref>, <xref doc="c.6.1.16" from="c.6.1.16.c2">6.1.16.c2</xref>, <xref doc="c.6.2.5" from="c625.4.A.9">6.2.5: UM 29-16-519 Seg. A ll. 9-10</xref></note>
<l n="1" id="c6115.B.15.b1.1" corresp="t6115.p10">
<damage/>
<w form="igi" lemma="igi" pos="N" label="eye">igi</w>
<damageEnd/>
<w form="sipad-tur-re" lemma="sipad-tur" pos="N" label="junior shepherd">sipad-tur-re</w>
<w form="mu-e-ci-in-il2-e" lemma="il2" pos="V" label="to raise">mu-e-ci-in-il2-e</w>
</l>
<l n="2" id="c6115.B.15.b1.2" corresp="t6115.p10">
<w form="&d;en-lil2-le" lemma="en-lil2" pos="N" type="DN" label="Enlil" det="&d;">&d;en-lil2-le</w>
<w form="iri&ki;" lemma="iri" pos="N" label="town" det="&ki;">iri&ki;</w>
<w form="nam" lemma="nam" pos="N" label="destiny">nam</w>
<w form="ku5-ra2-ni" lemma="kud" pos="V" label="to cut">ku5-ra2-ni</w>
<w form="ha-ba-ci-in-il2-e" lemma="il2" pos="V" label="to raise">ha-ba-ci-in-il2-e</w>
</l>
</lg>
<lg id="c.6.1.15.b2" type="proverb" n="15.b2">
<note lang="eng">cf. <xref doc="c.6.1.14" from="c.6.1.14.5">6.1.14.5</xref>, <xref doc="c.6.1.16" from="c.6.1.16.c3">6.1.16.c3</xref>, <xref doc="c.6.2.5" from="c625.4.A.11">6.2.5: UM 29-16-519 Seg. A ll. 11-12</xref></note>
<l n="3" id="c6115.B.15.b2.3" corresp="t6115.p11">
<w form="igi" lemma="igi" pos="N" label="eye">igi</w>
<w form="bahar2-e" lemma="bahar2" pos="N" label="potter">bahar2-e</w>
<w form="mu-un-ci-in-il2-e" lemma="il2" pos="V" label="to raise">mu-un-ci-in-il2-e</w>
</l>
<l n="4" id="c6115.B.15.b2.4" corresp="t6115.p11">
<w form="&d;en-lil2" lemma="en-lil2" pos="N" type="DN" label="Enlil" det="&d;">&d;en-lil2</w>
<w form="iri" lemma="iri" pos="N" label="town">iri</w>
<w form="nam" lemma="nam" pos="N" label="destiny">nam</w>
<w form="ku5-ra2-ni" lemma="kud" pos="V" label="to cut">ku5-ra2-ni</w>
<w form="ha-ba-ci-in-il2-e" lemma="il2" pos="V" label="to raise">ha-ba-ci-in-il2-e</w>
</l>
</lg>
<lg id="c.6.1.15.b3" type="proverb" n="15.b3">
<note lang="eng">cf. <xref doc="c.6.2.5" from="c625.4.A.13">6.2.5: UM 29-16-519 Seg. A ll. 13-14</xref></note>
<l n="5" id="c6115.B.15.b3.5" corresp="t6115.p12">
<damage/>
<w form="igi" lemma="igi" pos="N" label="eye">igi</w>
<damageEnd/>
<w form="nu-&jic;kiri6-e" lemma="nu-kiri6" pos="N" label="gardener" bound="L,e" det="&jic;"><corr sic="&damb;JIC-NU&dame;">nu-&jic;</corr>kiri6-e</w>
<w form="mu-un-ci-in-il2-e" lemma="il2" pos="V" label="to raise">mu-un-ci-in-il2-e</w>
</l>
<l n="6" id="c6115.B.15.b3.6" corresp="t6115.p12">
<w form="&d;en-lil2-le" lemma="en-lil2" pos="N" type="DN" label="Enlil" det="&d;">&d;en-lil2-le</w>
<w form="iri" lemma="iri" pos="N" label="town">iri</w>
<w form="nam" lemma="nam" pos="N" label="destiny">nam</w>
<supplied/>
<w form="ku5-ra2-ni" lemma="kud" pos="V" label="to cut">ku5<suppliedEnd/>-ra2-ni</w>
<w form="ha-ba-ci-in-il2-e" lemma="il2" pos="V" label="to raise">ha-ba-<damage/>ci<damageEnd/>-in-il2-e</w>
</l>
</lg>
<lg id="c.6.1.15.b4" type="proverb" n="15.b4">
<note lang="eng">cf. <xref doc="c.6.1.16" from="c.6.1.16.c4">6.1.16.c4</xref></note>
<l n="7" id="c6115.B.15.b4.7" corresp="t6115.p13">
<w form="engar" lemma="engar" pos="N" label="farmer">engar</w>
<damage/>
<w form="igi" lemma="igi" pos="N" label="eye">igi</w>
<damageEnd/>
<supplied/>
<w form="uru3-a" lemma="uru3" pos="V" label="to be vigilant">uru3-a</w>
<w form="a-na-am3" lemma="a-na" pos="PD" type="interrogative" label="what">a-na<suppliedEnd/>-<damage/><unclear cert="qry">am3</unclear></w>
<w form="ak-X" lemma="ak" pos="V" label="to do">ak<damageEnd/>-X</w>
</l>
</lg>
<lg id="c.6.1.15.b5" type="proverb" n="15.b5">
<note lang="eng">cf. <xref doc="c.6.1.25" from="c.6.1.25.1">6.1.25.1</xref></note>
<l n="8" id="c6115.B.15.b5.8" corresp="t6115.p14">
<w form="pec10-a" lemma="pec10" pos="N" label="bank">pec10-<damage/>a</w>
<damageEnd/>
<supplied/>
<w form="im" lemma="im" pos="N" label="rain(storm)">im</w>
<w form="al-cej3-am3" lemma="cej3" pos="V" label="to rain">al<suppliedEnd/>-<damage/>cej3<damageEnd/>-am3</w>
</l>
<l n="9" id="c6115.B.15.b5.9" corresp="t6115.p14">
<w form="bar-rim4-ma" lemma="bar-rim4" pos="N" label="arid land">bar-rim4-<damage/>ma</w>
<w form="im" lemma="im" pos="N" label="rain(storm)"><unclear cert="qry">im</unclear></w>
<damageEnd/>
<w form="nu-um-bi-iz" lemma="biz" pos="V" label="to drip">nu-um-bi-iz</w>
</l>
</lg>
<lg id="c.6.1.15.b6" type="proverb" n="15.b6">
<note lang="eng">cf. <xref doc="c.6.2.3" from="c623.h68">6.2.3: UET 6/2 305</xref>, <xref doc="c.6.2.3" from="c623.h69">6.2.3: UET 6/2 330</xref></note>
<l n="10" id="c6115.B.15.b6.10" corresp="t6115.p15">
<w form="AN" lemma="AN" label="AN">AN</w>
<w form="ba-za" lemma="ba-za" pos="N" label="cripple">ba-za</w>
<w form="&urud;cukur" lemma="cukur" pos="N" label="lance" det="&urud;">&urud;cukur</w>
<w form="na-cum2-mu-un" lemma="cum2" pos="V" label="to give">na-<unclear cert="qry">cum2</unclear>-<damage/><unclear cert="qry">mu</unclear>-un</w>
<damageEnd/>
</l>
<l n="11" id="c6115.B.15.b6.11" corresp="t6115.p15">
<w form="&d;en-lil2" lemma="en-lil2" pos="N" type="DN" label="Enlil" det="&d;">&d;en-lil2</w>
<w form="a2-tah-a-ni-im" lemma="a2-tah" pos="N" label="helper">a2-tah-a-ni-im</w>
</l>
</lg>
<lg id="c.6.1.15.b7" type="proverb" n="15.b7">
<note lang="eng">cf. <xref doc="c.6.1.25" from="c.6.1.25.2">6.1.25.2</xref></note>
<l n="12" id="c6115.B.15.b7.12" corresp="t6115.p16">
<w form="en-e" lemma="en" pos="N" label="high priest(ess)">en-e</w>
<w form="ku6" lemma="ku6" pos="N" label="fish">ku6</w>
<w form="an-gi4" lemma="gi4" pos="V" label="to return">an-gi4</w>
<w form="ga-rac&sar;" lemma="ga-rac" pos="N" label="leek" det="&sar;">ga-rac&sar;</w>
<w form="an-gi4" lemma="gi4" pos="V" label="to return">an-gi4</w>
</l>
<l n="13" id="c6115.B.15.b7.13" corresp="t6115.p16">
<w form="u3" lemma="u3" pos="C" label="and">u3</w>
<w form="za3-hi-li-a" lemma="za3-hi-li-a" pos="N" label="garden cress?">za3-hi-<damage/>li<damageEnd/>-a</w>
<w form="he2-da-an-gi4" lemma="gi4" pos="V" label="to return">he2-da-an-gi4</w>
</l>
</lg>
<lg id="c.6.1.15.b8" type="proverb" n="15.b8">
<note lang="eng">cf. <xref doc="c.6.1.03" from="c.6.1.03.31">6.1.03.31</xref>, <xref doc="c.6.1.09" from="c.6.1.09.b1">6.1.09.b1</xref>, <xref doc="c.6.1.11" from="c.6.1.11.18">6.1.11.18</xref>, <xref doc="c.6.1.25" from="c.6.1.25.4">6.1.25.4</xref>, <xref doc="c.6.2.1" from="c621.4.A.9">6.2.1: Ni 4469 Seg. A ll. 9-12</xref></note>
<l n="14" id="c6115.B.15.b8.14" corresp="t6115.p17">
<w form="e2" lemma="e2" pos="N" label="house(hold)">e2</w>
<w form="&d;en-lil2-la2" lemma="en-lil2" pos="N" type="DN" label="Enlil" det="&d;">&d;en-lil2-<damage/><unclear cert="qry">la2</unclear><damageEnd/></w>
<w form="i3-du3" lemma="du3" pos="V" label="to erect">i3-<unclear cert="qry">du3</unclear></w>
<w form="nu-un-til" lemma="til" pos="V" label="to complete">nu-un-til</w>
</l>
<l n="15" id="c6115.B.15.b8.15" corresp="t6115.p17">
<w form="bad3" lemma="bad3" pos="N" label="wall">bad3</w>
<w form="nibru&ki;" lemma="nibru" pos="N" type="SN" label="Nibru" det="&ki;"><supplied/>nibru&ki;<suppliedEnd/></w>
<w form="i3-du3" lemma="du3" pos="V" label="to erect">i3-du3</w>
<supplied/>
<w form="&X;-in-aj2" lemma="aj2" pos="V" label="to measure">&X;<suppliedEnd/>-in-aj2</w>
</l>
</lg>
<gap extent="unknown no. of lines missing"/>
</div1>
<div1 type="segment" n="C">
<lg id="c.6.1.15.c1" type="proverb" n="15.c1">
<l n="1" id="c6115.C.15.c1.1" corresp="t6115.p18">
<w form="X" lemma="X" label="X">X</w>
<supplied/>
<w form="X" lemma="X" label="X">X</w>
<w form="X" lemma="X" label="X">X</w>
<suppliedEnd/>
<w form="X" lemma="X" label="X">X</w>
<w form="X" lemma="X" label="X">X</w>
<supplied/>
<w form="&X;" lemma="&X;" label="&X;">&X;</w>
<suppliedEnd/>
</l>
</lg>
<lg id="c.6.1.15.c2" type="proverb" n="15.c2">
<note lang="eng">cf. <xref doc="c.6.1.26" from="c.6.1.26.b3">6.1.26.b3</xref>, <xref doc="c.6.1.28" from="c.6.1.28.7">6.1.28.7</xref></note>
<l n="2" id="c6115.C.15.c2.2" corresp="t6115.p19">
<w form="&kuc;a2-si" lemma="a2-si" pos="N" label="strap" det="&kuc;">&kuc;a2-<damage/>si</w>
<damageEnd/>
<w form="unud" lemma="unud" pos="N" label="herdsman"><corr sic="KU">unud(UNU3)</corr></w>
<w form="gud" lemma="gud" pos="N" label="bull"><unclear cert="qry">gud</unclear></w>
<w form="ha-ba-cum2-X" lemma="cum2" pos="V" label="to give">ha-<supplied/>ba-cum2-X</w>
<suppliedEnd/>
</l>
<l n="3" id="c6115.C.15.c2.3" corresp="t6115.p19">
<w form="sipad" lemma="sipad" pos="N" label="shepherd">sipad</w>
<damage/>
<w form="udu" lemma="udu" pos="N" label="sheep"><unclear cert="qry">udu</unclear></w>
<damageEnd/>
<w form="ha-ba-cum-X" lemma="cum" pos="V" label="to slaughter">ha-ba-cum-<supplied/>X</w>
<suppliedEnd/>
</l>
<l n="4" id="c6115.C.15.c2.4" corresp="t6115.p19">
<w form="ki" lemma="ki" pos="N" label="place"><unclear cert="cor">ki</unclear></w>
<w form="saj-ki" lemma="saj-ki" pos="N" label="forehead"><unclear cert="cor">saj</unclear>-ki</w>
<w form="nu-jal2-la" lemma="jal2" pos="V" label="to be (located)">nu-jal2-<damage/>la</w>
<damageEnd/>
<w form="lu2" lemma="lu2" pos="N" label="person">lu2</w>
<w form="na-an-ni-dib2-be2" lemma="dib" pos="V" label="to pass">na-an-ni-dib2-<damage/>be2</w>
<damageEnd/>
</l>
</lg>
<lg id="c.6.1.15.c3" type="proverb" n="15.c3">
<note lang="eng">cf. <xref doc="c.6.1.01" from="c.6.1.01.104">6.1.01.104</xref>, <xref doc="c.6.1.11" from="c.6.1.11.54">6.1.11.54</xref>, <xref doc="c.6.1.26" from="c.6.1.26.b4">6.1.26.b4</xref>, <xref doc="c.6.1.28" from="c.6.1.28.8">6.1.28.8</xref></note>
<l n="5" id="c6115.C.15.c3.5" corresp="t6115.p20">
<w form="cag4" lemma="cag4" pos="N" label="heart">cag4</w>
<w form="jidru-ka" lemma="jidru" pos="N" label="sceptre">jidru-ka</w>
<w form="i3" lemma="i3" pos="N" label="fatty substance">i3</w>
<w form="he2-en-de2" lemma="de2" pos="V" label="to pour">he2-en-de2</w>
<supplied/>
<w form="lu2" lemma="lu2" pos="N" label="person">lu2</w>
<suppliedEnd/>
<damage/>
<w form="na-me" lemma="na-me" pos="PD" type="indefinite" label="any">na<damageEnd/>-me</w>
<w form="nu-zu" lemma="zu" pos="V" label="to know">nu-zu</w>
</l>
</lg>
<lg id="c.6.1.15.c4" type="proverb" n="15.c4">
<note lang="eng">cf. <xref doc="c.6.1.14" from="c.6.1.14.55">6.1.14.55</xref></note>
<l n="6" id="c6115.C.15.c4.6" corresp="t6115.p21">
<supplied/>
<w form="gir5" lemma="gir5" pos="N" label="foreigner">gir5</w>
<suppliedEnd/>
<w form="iri" lemma="iri" pos="N" label="town">iri</w>
<w form="kur2-ra-am3" lemma="kur2" pos="V" label="to be different">kur2-ra-am3</w>
<w form="saj-ja2-am3" lemma="saj" pos="N" label="head">saj-ja2-am3</w>
</l>
</lg>
<lg id="c.6.1.15.c5" type="proverb" n="15.c5">
<note lang="eng">cf. <xref doc="c.6.1.14" from="c.6.1.14.56">6.1.14.56</xref></note>
<l n="7" id="c6115.C.15.c5.7" corresp="t6115.p22">
<supplied/>
<w form="X" lemma="X" label="X">X</w>
<suppliedEnd/>
<w form="lu2-ra" lemma="lu2" pos="N" label="person">lu2-ra</w>
<w form="nu-si-si-me-en" lemma="si" pos="V" label="to fill" form-type="RR">nu-si-si-me-en</w>
</l>
<l n="8" id="c6115.C.15.c5.8" corresp="t6115.p22">
<supplied/>
<w form="X" lemma="X" label="X">X</w>
<suppliedEnd/>
<w form="MU" lemma="MU" label="MU">MU</w>
<w form="mu-da-jal2" lemma="jal2" pos="V" label="to be (located)">mu-da-<damage/>jal2</w>
<damageEnd/>
</l>
<l n="9" id="c6115.C.15.c5.9" corresp="t6115.p22">
<supplied/>
<w form="X" lemma="X" label="X">X</w>
<suppliedEnd/>
<w form="MU" lemma="MU" label="MU">MU</w>
<w form="mu-da-jal2" lemma="jal2" pos="V" label="to be (located)">mu-da-jal2</w>
</l>
</lg>
<lg id="c.6.1.15.c6" type="proverb" n="15.c6">
<l n="10" id="c6115.C.15.c6.10" corresp="t6115.p23">
<w form="X" lemma="X" label="X">X</w>
<w form="X" lemma="X" label="X">X</w>
<w form="X" lemma="X" label="X">X</w>
<w form="X" lemma="X" label="X">X</w>
<w form="A" lemma="A" label="A">A</w>
<w form="X" lemma="X" label="X">X</w>
<w form="e2" lemma="e2" pos="N" label="house(hold)">e2</w>
<w form="&d;en-lil2-la2" lemma="en-lil2" pos="N" type="DN" label="Enlil" det="&d;">&d;en-lil2-la2</w>
<w form="nij2-ni" lemma="nij2" pos="N" label="thing">nij2-ni</w>
<w form="ab-cid-cid-de3" lemma="cid" pos="V" label="to count" form-type="RR">ab-cid-cid-de3</w>
</l>
<l n="11" id="c6115.C.15.c6.11" corresp="t6115.p23">
<w form="nij2-ni" lemma="nij2" pos="N" label="thing">nij2-ni</w>
<w form="cid-a-de3" lemma="cid" pos="V" label="to count"><unclear cert="cor">cid</unclear>-a-<damage/>de3</w>
<damageEnd/>
<w form="nam-ba-ab-tah-e" lemma="tah" pos="V" label="to add">nam-ba-ab-<damage/>tah<damageEnd/>-<supplied/>e</w>
<suppliedEnd/>
</l>
<l n="12" id="c6115.C.15.c6.12" corresp="t6115.p23">
<w form="mu-ne-ne" lemma="dug4" pos="V" label="to say" form-type="ppli">mu-ne-ne</w>
<w form="he2-ha-lam-e" lemma="ha-lam" pos="V" label="to be lost">he2-ha-<damage/>lam<damageEnd/>-<supplied/>e</w>
<suppliedEnd/>
</l>
</lg>
<lg id="c.6.1.15.c7" type="proverb" n="15.c7">
<l n="13" id="c6115.C.15.c7.13" corresp="t6115.p24">
<w form="mu-un-il2-la" lemma="il2" pos="V" label="to raise">mu-un-il2-la</w>
<w form="kaskal-la" lemma="kaskal" pos="N" label="(high)way">kaskal-la</w>
<w form="X" lemma="X" label="X">X</w>
<supplied/>
<w form="&X;" lemma="&X;" label="&X;">&X;</w>
<suppliedEnd/>
</l>
</lg>
<lg id="c.6.1.15.c8" type="proverb" n="15.c8">
<l n="14" id="c6115.C.15.c8.14" corresp="t6115.p25">
<w form="mu-un-il2-il2" lemma="il2" pos="V" label="to raise" form-type="RR">mu-un-il2-il2</w>
<w form="nij2" lemma="nij2" pos="N" label="thing">nij2</w>
<damage/>
<w form="HAR" lemma="HAR" label="&H;AR">HAR</w>
<damageEnd/>
<supplied/>
<w form="&X;" lemma="&X;" label="&X;">&X;</w>
<suppliedEnd/>
</l>
</lg>
<lg id="c.6.1.15.c9" type="proverb" n="15.c9">
<l n="15" id="c6115.C.15.c9.15" corresp="t6115.p26">
<w form="a" lemma="a" pos="N" label="water">a</w>
<w form="il2-la" lemma="il2" pos="V" label="to raise">il2-la</w>
<w form="bi2-ib-i-&X;" lemma="&X;" label="&X;">bi2-ib-i-<supplied/>&X;</w>
<suppliedEnd/>
</l>
</lg>
<lg id="c.6.1.15.c10" type="proverb" n="15.c10">
<l n="16" id="c6115.C.15.c10.16" corresp="t6115.p27">
<w form="lu2-IM" lemma="lu2-IM" pos="N" label="criminal">lu2-IM</w>
<w form="lu2" lemma="lu2" pos="N" label="person">lu2</w>
<w form="SU" lemma="SU" label="SU">SU</w>
<supplied/>
<w form="&X;" lemma="&X;" label="&X;">&X;</w>
<suppliedEnd/>
</l>
</lg>
<lg id="c.6.1.15.c11" type="proverb" n="15.c11">
<l n="17" id="c6115.C.15.c11.17" corresp="t6115.p28">
<w form="nij2" lemma="nij2" pos="N" label="thing">nij2</w>
<w form="al-sukux-ra2" lemma="sukud" pos="V" label="to be high">al-sukux(SUKUD)-ra2</w>
<w form="X" lemma="X" label="X">X</w>
<supplied/>
<w form="&X;" lemma="&X;" label="&X;">&X;</w>
<suppliedEnd/>
</l>
</lg>
<lg id="c.6.1.15.c12" type="proverb" n="15.c12">
<l n="18" id="c6115.C.15.c12.18" corresp="t6115.p29">
<supplied/>
<w form="X" lemma="X" label="X">X</w>
<suppliedEnd/>
<w form="X-am3" lemma="X" label="X">X-am3</w>
<w form="an-gu-&X;" lemma="&X;" label="&X;">an-<damage/>gu<damageEnd/>-<supplied/>&X;</w>
<suppliedEnd/>
<w form="X" lemma="X" label="X">X</w>
<w form="LUL-ni" lemma="LUL" label="LUL">LUL-ni</w>
<damage/>
<w form="im-&X;" lemma="&X;" label="&X;">im<damageEnd/>-<supplied/>&X;</w>
<suppliedEnd/>
</l>
<l n="19" id="c6115.C.15.c12.19" corresp="t6115.p29">
<supplied/>
<w form="X-bi" lemma="X" label="X">X<suppliedEnd/>-<damage/>bi</w>
<damageEnd/>
<w form="nu-gul" lemma="gul" pos="V" label="to destroy">nu-<damage/>gul</w>
<damageEnd/>
<supplied/>
<w form="&X;" lemma="&X;" label="&X;">&X;</w>
<suppliedEnd/>
</l>
</lg>
<lg id="c.6.1.15.c13" type="proverb" n="15.c13">
<l n="20" id="c6115.C.15.c13.20" corresp="t6115.p30">
<damage/>
<w form="su-a" lemma="su-a" pos="N" label="cat">su<damageEnd/>-a</w>
<w form="su-a-bi-ce3" lemma="su-a" pos="N" label="cat">su-a-bi-ce3</w>
<w form="&d;nin-kilim" lemma="nin-kilim" pos="N" label="mongoose" det="&d;">&d;nin-kilim</w>
<w form="nij2" lemma="nij2" pos="N" label="thing">nij2</w>
<w form="ak-ak-bi-ce3" lemma="ak" pos="V" label="to do" form-type="RR">ak-ak-bi-ce3</w>
</l>
</lg>
<lg id="c.6.1.15.c14" type="proverb" n="15.c14">
<l n="21" id="c6115.C.15.c14.21" corresp="t6115.p31">
<w form="a" lemma="a" pos="N" label="water">a</w>
<w form="zig3-ga" lemma="zig3" pos="V" label="to rise">zig3-ga</w>
<w form="1" lemma="1" pos="NU" type="cardinal" label="1">1</w>
<w form="1/2" lemma="1/2" pos="NU" type="fraction" label="1/2">1/2</w>
<w form="kuc3" lemma="kuc3" pos="N" label="length measure">kuc3</w>
<w form="im-ma-an-zig3" lemma="zig3" pos="V" label="to rise">im-ma-an-zig3</w>
</l>
<l n="22" id="c6115.C.15.c14.22" corresp="t6115.p31">
<w form="3" lemma="3" pos="NU" type="cardinal" label="3">3</w>
<w form="kuc3" lemma="kuc3" pos="N" label="length measure">kuc3</w>
<w form="a" lemma="a" pos="N" label="water">a</w>
<w form="kar-ra" lemma="kar" pos="N" label="quay">kar-ra</w>
<w form="jal2-la" lemma="jal2" pos="V" label="to be (located)">jal2-la</w>
<w form="jiri3-na" lemma="jiri3" pos="N" label="foot">jiri3-na</w>
<w form="ba-ni-in-si" lemma="si" pos="V" label="to fill">ba-ni-in-si</w>
</l>
</lg>
<lg id="c.6.1.15.c15" type="proverb" n="15.c15">
<note lang="eng">cf. <xref doc="c.6.2.5" from="c625.1.B.10">6.2.5: IM 62823 Seg. B l. 10</xref></note>
<l n="23" id="c6115.C.15.c15.23" corresp="t6115.p32">
<w form="&id2;idigna" lemma="idigna" pos="N" type="WN" label="Tigris" det="&id2;">&id2;idigna</w>
<w form="uz&mucen;-am3" lemma="uz" pos="N" label="duck" bound="L,am" det="&mucen;">uz&mucen;-am3</w>
<w form="&id2;buranun-na" lemma="buranuna" pos="N" type="WN" label="Euphrates" det="&id2;">&id2;buranun-na</w>
<w form="kur-gi4&mucen;-am3" lemma="kur-gi4" pos="N" label="goose" bound="L,am" det="&mucen;">kur-gi4&mucen;-am3</w>
</l>
<l n="24" id="c6115.C.15.c15.24" corresp="t6115.p32">
<w form="lugal" lemma="lugal" pos="N" label="king">lugal</w>
<w form="nam-ba-tej3-je26" lemma="te" pos="V" label="to approach">nam-ba-tej3-je26</w>
<w form="cu" lemma="cu" pos="N" label="hand">cu</w>
<w form="na4" lemma="na4" pos="N" label="stone">na4</w>
<w form="ba-an-kur9" lemma="kur9" pos="V" label="to enter">ba-an-kur9</w>
</l>
</lg>
<lg id="c.6.1.15.c16" type="proverb" n="15.c16">
<l n="25" id="c6115.C.15.c16.25" corresp="t6115.p33">
<w form="X" lemma="X" label="X">X</w>
<w form="X" lemma="X" label="X">X</w>
<w form="X" lemma="X" label="X">X</w>
<supplied/>
<w form="&X;" lemma="&X;" label="&X;">&X;</w>
<suppliedEnd/>
</l>
</lg>
<gap extent="unknown no. of lines missing"/>
</div1>
<div1 type="segment" n="D">
<lg id="c.6.1.15.d1" type="proverb" n="15.d1">
<l n="1" id="c6115.D.15.d1.1" corresp="t6115.p34">
<supplied/>
<w form="&X;" lemma="&X;" label="&X;">&X;</w>
<suppliedEnd/>
<w form="X" lemma="X" label="X">X</w>
</l>
<l n="2" id="c6115.D.15.d1.2" corresp="t6115.p34">
<supplied/>
<w form="&X;" lemma="&X;" label="&X;">&X;</w>
<suppliedEnd/>
<w form="X" lemma="X" label="X">X</w>
<w form="X" lemma="X" label="X">X</w>
</l>
</lg>
<lg id="c.6.1.15.d2" type="proverb" n="15.d2">
<l n="3" id="c6115.D.15.d2.3" corresp="t6115.p35">
<supplied/>
<w form="&X;" lemma="&X;" label="&X;">&X;</w>
<suppliedEnd/>
<w form="X" lemma="X" label="X">X</w>
<w form="X" lemma="X" label="X">X</w>
</l>
<l n="4" id="c6115.D.15.d2.4" corresp="t6115.p35">
<supplied/>
<w form="&X;" lemma="&X;" label="&X;">&X;</w>
<suppliedEnd/>
<w form="BA" lemma="BA" label="BA">BA</w>
<w form="X" lemma="X" label="X">X</w>
</l>
<l n="5" id="c6115.D.15.d2.5" corresp="t6115.p35">
<supplied/>
<w form="&X;" lemma="&X;" label="&X;">&X;</w>
<suppliedEnd/>
<w form="X" lemma="X" label="X">X</w>
<w form="X" lemma="X" label="X">X</w>
<w form="X" lemma="X" label="X">X</w>
</l>
</lg>
<lg id="c.6.1.15.d3" type="proverb" n="15.d3">
<l n="6" id="c6115.D.15.d3.6" corresp="t6115.p36">
<supplied/>
<w form="&X;-da" lemma="&X;" label="&X;">&X;<suppliedEnd/>-<unclear cert="qry">da</unclear></w>
<w form="dajal" lemma="dajal" pos="V" label="to be wide"><unclear cert="qry">dajal</unclear></w>
<w form="X" lemma="X" label="X">X</w>
<supplied/>
<w form="X" lemma="X" label="X">X</w>
<w form="Xbr-X-an-tum3" lemma="de6" pos="V" label="to carry">(X)<suppliedEnd/>-X-<unclear cert="qry">an</unclear>-tum3</w>
</l>
</lg>
<lg id="c.6.1.15.d4" type="proverb" n="15.d4">
<l n="7" id="c6115.D.15.d4.7" corresp="t6115.p37">
<w form="&u2;X&sar;" lemma="X" pos="N" label="type of plant" det="&u2; &sar;">&u2;X&sar;</w>
<w form="u2" lemma="u2" pos="N" label="plant">u2</w>
<w form="nam-tar" lemma="nam-tar" pos="N" label="destiny">nam-tar</w>
<w form="gig-ga-kam" lemma="gig" pos="V" label="to be ill">gig-ga-kam</w>
</l>
<l n="8" id="c6115.D.15.d4.8" corresp="t6115.p37">
<w form="NE" lemma="NE" label="NE">NE</w>
<distinct type="emesal">
<w form="ta" lemma="a-na" pos="PD" type="interrogative" label="what" emesal="ta"><unclear cert="qry">ta</unclear></w>
<w form="am3-ir" lemma="de6" pos="V" label="to carry" emesal="ir">am3-ir</w>
</distinct>
</l>
</lg>
<lg id="c.6.1.15.d5" type="proverb" n="15.d5">
<l n="9" id="c6115.D.15.d5.9" corresp="t6115.p38">
<w form="IM" lemma="IM" label="IM">IM</w>
<w form="X" lemma="X" label="X">X</w>
<supplied/>
<w form="Xbr" lemma="Xbr" label="Xbr">(X)</w>
<w form="X-la-ba" lemma="X" label="X">X<suppliedEnd/>-la-ba</w>
</l>
<l n="10" id="c6115.D.15.d5.10" corresp="t6115.p38">
<w form="e2" lemma="e2" pos="N" label="house(hold)">e2</w>
<w form="X" lemma="X" label="X">X</w>
<supplied/>
<w form="Xbr" lemma="Xbr" label="Xbr">(X)</w>
<w form="X-la-ba" lemma="X" label="X">X<suppliedEnd/>-la-ba</w>
</l>
<l n="11" id="c6115.D.15.d5.11" corresp="t6115.p38">
<w form="JA2" lemma="JA2" label="&G;A&s2;"><unclear cert="qry">JA2</unclear></w>
<supplied/>
<w form="X" lemma="X" label="X">X</w>
<w form="X" lemma="X" label="X">X</w>
<w form="X-an-ja2-ja2" lemma="jar" pos="V" label="to place">X<suppliedEnd/>-an-ja2-<unclear cert="qry">ja2</unclear></w>
</l>
<l n="12" id="c6115.D.15.d5.12" corresp="t6115.p38">
<supplied/>
<w form="&X;-ab-DU" lemma="DU" pos="V" label="DU">&X;<suppliedEnd/>-<damage/><unclear cert="qry">ab</unclear><damageEnd/>-DU</w>
</l>
</lg>
<lg id="c.6.1.15.d6" type="proverb" n="15.d6">
<l n="13" id="c6115.D.15.d6.13" corresp="t6115.p39">
<supplied/>
<w form="&X;" lemma="&X;" label="&X;">&X;</w>
<suppliedEnd/>
<w form="i3-pad3-de3" lemma="pad3" pos="V" label="to find">i3-pad3-de3</w>
</l>
<l n="14" id="c6115.D.15.d6.14" corresp="t6115.p39">
<supplied/>
<w form="&X;" lemma="&X;" label="&X;">&X;</w>
<suppliedEnd/>
<w form="X" lemma="X" label="X">X</w>
<w form="i3-pad3-de3" lemma="pad3" pos="V" label="to find">i3-pad3-de3</w>
</l>
<l n="15" id="c6115.D.15.d6.15" corresp="t6115.p39">
<supplied/>
<w form="&X;" lemma="&X;" label="&X;">&X;</w>
<suppliedEnd/>
<w form="X" lemma="X" label="X">X</w>
<supplied/>
<w form="X" lemma="X" label="X">X</w>
<suppliedEnd/>
</l>
</lg>
<gap extent="unknown no. of lines missing"/>
</div1>
<div1 type="segment" n="E">
<lg id="c.6.1.15.e1" type="proverb" n="15.e1">
<l n="1" id="c6115.E.15.e1.1" corresp="t6115.p40">
<w form="X" lemma="X" label="X">X</w>
<supplied/>
<w form="&X;" lemma="&X;" label="&X;">&X;</w>
<suppliedEnd/>
<w form="RA" lemma="RA" label="RA"><unclear cert="qry">RA</unclear></w>
<w form="X" lemma="X" label="X">X</w>
<w form="TI" lemma="TI" label="TI"><unclear cert="qry">TI</unclear></w>
</l>
</lg>
<lg id="c.6.1.15.e2" type="proverb" n="15.e2">
<l n="2" id="c6115.E.15.e2.2" corresp="t6115.p41">
<w form="id2" lemma="id2" pos="N" label="watercourse"><unclear cert="qry">id2</unclear></w>
<supplied/>
<w form="&X;" lemma="&X;" label="&X;">&X;</w>
<suppliedEnd/>
<w form="X" lemma="X" label="X">X</w>
</l>
</lg>
<lg id="c.6.1.15.e3" type="proverb" n="15.e3">
<l n="3" id="c6115.E.15.e3.3" corresp="t6115.p42">
<supplied/>
<w form="&X;" lemma="&X;" label="&X;">&X;</w>
<suppliedEnd/>
<w form="X" lemma="X" label="X">X</w>
<w form="KA&times;LI-bi" lemma="KA&times;LI" label="KA&times;LI">KA&times;LI-bi</w>
</l>
</lg>
<lg id="c.6.1.15.e4" type="proverb" n="15.e4">
<l n="4" id="c6115.E.15.e4.4" corresp="t6115.p43">
<w form="X" lemma="X" label="X">X</w>
<supplied/>
<w form="X" lemma="X" label="X">X</w>
<w form="X" lemma="X" label="X">X</w>
<w form="X" lemma="X" label="X">X</w>
<suppliedEnd/>
<damage/>
<w form="mu-un-de2" lemma="de2" pos="V" label="to pour">mu<damageEnd/>-un-<unclear cert="qry">de2</unclear></w>
</l>
<l n="5" id="c6115.E.15.e4.5" corresp="t6115.p43">
<w form="X" lemma="X" label="X">X</w>
<supplied/>
<w form="X" lemma="X" label="X">X</w>
<suppliedEnd/>
<w form="X" lemma="X" label="X">X</w>
<w form="NE" lemma="NE" label="NE">NE</w>
<w form="JA2" lemma="JA2" label="&G;A&s2;"><unclear cert="qry">JA2</unclear></w>
<w form="nu-un-gu7-e" lemma="gu7" pos="V" label="to eat">nu-un-gu7-e</w>
</l>
</lg>
<lg id="c.6.1.15.e5" type="proverb" n="15.e5">
<l n="6" id="c6115.E.15.e5.6" corresp="t6115.p44">
<w form="e2" lemma="e2" pos="N" label="house(hold)">e2</w>
<w form="igi-nim-ma" lemma="igi-nim" pos="N" label="upper land">igi-nim-<damage/><unclear cert="qry">ma</unclear></w>
<damageEnd/>
<w form="lugal-bi" lemma="lugal" pos="N" label="king">lugal-bi</w>
<w form="nu-ub-us2" lemma="us2" pos="V" label="to be adjacent">nu-ub-us2</w>
</l>
</lg>
<lg id="c.6.1.15.e6" type="proverb" n="15.e6">
<l n="7" id="c6115.E.15.e6.7" corresp="t6115.p45">
<w form="KU-e" lemma="KU" label="KU">KU-e</w>
<w form="bar" lemma="bar" pos="N" label="outside">bar</w>
<w form="e3" lemma="e3" pos="V" label="to go out or in">e3</w>
<supplied/>
<w form="X" lemma="X" label="X">X</w>
<w form="X" lemma="X" label="X">X</w>
<suppliedEnd/>
</l>
</lg>
<lg id="c.6.1.15.e7" type="proverb" n="15.e7">
<l n="8" id="c6115.E.15.e7.8" corresp="t6115.p46">
<w form="ur-mah" lemma="ur-mah" pos="N" label="lion">ur-mah</w>
<supplied/>
<w form="X" lemma="X" label="X">X</w>
<w form="X" lemma="X" label="X">X</w>
<suppliedEnd/>
<w form="X" lemma="X" label="X">X</w>
<supplied/>
<w form="&X;" lemma="&X;" label="&X;">&X;</w>
<suppliedEnd/>
</l>
</lg>
<lg id="c.6.1.15.e8" type="proverb" n="15.e8">
<l n="9" id="c6115.E.15.e8.9" corresp="t6115.p47">
<w form="AN" lemma="AN" label="AN">AN</w>
<supplied/>
<w form="&X;" lemma="&X;" label="&X;">&X;</w>
<suppliedEnd/>
</l>
</lg>
<gap extent="unknown no. of lines missing"/>
</div1>
<div1 type="segment" n="F">
<lg id="c.6.1.15.f1" type="proverb" n="15.f1">
<l n="1" id="c6115.F.15.f1.1" corresp="t6115.p48">
<supplied/>
<w form="&X;-X-de3-en" lemma="&X;" label="&X;">&X;<suppliedEnd/>-X-de3-en</w>
</l>
<l n="2" id="c6115.F.15.f1.2" corresp="t6115.p48">
<supplied/>
<w form="&X;-du-du-de3-en" lemma="jen" pos="V" label="to go">&X;<suppliedEnd/>-du-du-de3-<damage/><unclear cert="qry">en</unclear></w>
<damageEnd/>
</l>
</lg>
<lg id="c.6.1.15.f2" type="proverb" n="15.f2">
<l n="3" id="c6115.F.15.f2.3" corresp="t6115.p49">
<supplied/>
<w form="&X;" lemma="&X;" label="&X;">&X;</w>
<suppliedEnd/>
<w form="X-un" lemma="X" label="X">X-<unclear cert="qry">un</unclear></w>
</l>
<l n="4" id="c6115.F.15.f2.4" corresp="t6115.p49">
<supplied/>
<w form="&X;" lemma="&X;" label="&X;">&X;</w>
<suppliedEnd/>
<w form="X" lemma="X" label="X">X</w>
</l>
<l n="5" id="c6115.F.15.f2.5" corresp="t6115.p49">
<supplied/>
<w form="&X;-gi4-gi4-in" lemma="gi4" pos="V" label="to return">&X;<suppliedEnd/>-gi4-gi4-in</w>
</l>
</lg>
<lg id="c.6.1.15.f3" type="proverb" n="15.f3">
<l n="6" id="c6115.F.15.f3.6" corresp="t6115.p50">
<supplied/>
<w form="&X;-me-en" lemma="&X;" label="&X;">&X;<suppliedEnd/>-me-en</w>
</l>
<l n="7" id="c6115.F.15.f3.7" corresp="t6115.p50">
<supplied/>
<w form="&X;" lemma="&X;" label="&X;">&X;</w>
<suppliedEnd/>
<w form="X" lemma="X" label="X">X</w>
<w form="X" lemma="X" label="X">X</w>
</l>
<l n="8" id="c6115.F.15.f3.8" corresp="t6115.p50">
<supplied/>
<w form="&X;" lemma="&X;" label="&X;">&X;</w>
<suppliedEnd/>
<w form="sig9-ga" lemma="sig9" pos="V" label="to put">sig9-ga</w>
</l>
<l n="9" id="c6115.F.15.f3.9" corresp="t6115.p50">
<supplied/>
<w form="&X;" lemma="&X;" label="&X;">&X;</w>
<suppliedEnd/>
<w form="X-in-X-e-ce" lemma="X" label="X">X-<damage/>in<damageEnd/>-X-e-ce</w>
</l>
</lg>
<lg id="c.6.1.15.f4" type="proverb" n="15.f4">
<l n="10" id="c6115.F.15.f4.10" corresp="t6115.p51">
<supplied/>
<w form="&X;" lemma="&X;" label="&X;">&X;</w>
<suppliedEnd/>
<w form="X" lemma="X" label="X">X</w>
<w form="im-dar-ra" lemma="dar" pos="V" label="to split">im-dar-ra</w>
<damage/>
<w form="mu-e-DUB" lemma="DUB" pos="V" label="DUB"><unclear cert="qry">mu</unclear><damageEnd/>-e-DUB</w>
</l>
</lg>
<lg id="c.6.1.15.f5" type="proverb" n="15.f5">
<l n="11" id="c6115.F.15.f5.11" corresp="t6115.p52">
<supplied/>
<w form="X" lemma="X" label="X">X</w>
<suppliedEnd/>
<w form="tur-ra" lemma="tur" pos="V" label="to be small">tur-ra</w>
<w form="di-de3" lemma="dug4" pos="V" label="to say" form-type="nfi">di-de3</w>
<damage/>
<w form="ba-da-dug4" lemma="dug4" pos="V" label="to say"><unclear cert="qry">ba</unclear>-<unclear cert="qry">da</unclear><damageEnd/>-dug4</w>
</l>
<l n="12" id="c6115.F.15.f5.12" corresp="t6115.p52">
<supplied/>
<w form="X" lemma="X" label="X">X</w>
<suppliedEnd/>
<w form="GA" lemma="GA" label="GA">GA</w>
<w form="AL" lemma="AL" label="AL">AL</w>
<w form="X" lemma="X" label="X">X</w>
<supplied/>
<w form="Xbr" lemma="Xbr" label="Xbr">(X)</w>
<suppliedEnd/>
</l>
</lg>
<lg id="c.6.1.15.f6" type="proverb" n="15.f6">
<l n="13" id="c6115.F.15.f6.13" corresp="t6115.p53">
<supplied/>
<w form="X" lemma="X" label="X">X</w>
<w form="Xbr" lemma="Xbr" label="Xbr">(X)</w>
<suppliedEnd/>
<w form="X" lemma="X" label="X">X</w>
<supplied/>
<w form="X" lemma="X" label="X">X</w>
<w form="Xbr" lemma="Xbr" label="Xbr">(X)</w>
<suppliedEnd/>
</l>
<l n="14" id="c6115.F.15.f6.14" corresp="t6115.p53">
<supplied/>
<w form="Xbr" lemma="Xbr" label="Xbr">(X)</w>
<suppliedEnd/>
<w form="X-ab-DU-X" lemma="DU" pos="V" label="DU">X-ab-DU-<supplied/>X</w>
<w form="X" lemma="X" label="X">X</w>
<suppliedEnd/>
</l>
</lg>
<lg id="c.6.1.15.f7" type="proverb" n="15.f7">
<note lang="eng">cf. <xref doc="c.6.1.03" from="c.6.1.03.152">6.1.03.152</xref></note>
<l n="15" id="c6115.F.15.f7.15" corresp="t6115.p54">
<supplied/>
<w form="X" lemma="X" label="X">X</w>
<suppliedEnd/>
<w form="1" lemma="1" pos="NU" type="cardinal" label="1">1(DIC)</w>
<w form="GAN" lemma="GAN" label="GAN">GAN</w>
<supplied/>
<w form="X" lemma="X" label="X">X</w>
<w form="X" lemma="X" label="X">X</w>
<suppliedEnd/>
</l>
</lg>
<lg id="c.6.1.15.f8" type="proverb" n="15.f8">
<l n="16" id="c6115.F.15.f8.16" corresp="t6115.p55">
<note lang="eng">traces</note>
</l>
</lg>
</div1>
</body>
</text>
</TEI.2>
