<TEI.2 id="c.6.2.5">
<teiHeader lang="eng">
<fileDesc>
<titleStmt>
<title>Proverbs: of unknown provenance -- a composite transliteration</title>
<respStmt><name>Jeremy Black</name><resp>Project Director and Editor</resp></respStmt>
<respStmt><name>G&aacute;bor Z&oacute;lyomi</name><resp>Editor</resp></respStmt>
<respStmt><name>Graham Cunningham</name><resp>Senior Editor</resp></respStmt>
<respStmt><name>Jon Taylor</name><resp>Editor</resp></respStmt>
<respStmt><name>Eleanor Robson</name><resp>Technical Developer</resp></respStmt>
<respStmt><name>Jarle Ebeling</name><resp>Technical Developer</resp></respStmt>
</titleStmt>
<publicationStmt>
<distributor>The Electronic Text Corpus of Sumerian Literature
</distributor><address><addrLine>The Oriental Institute, University of Oxford, Pusey Lane, Oxford OX1 2LE, UK, email etcsl&commat;orinst.ox.ac.uk, http://etcsl.orinst.ox.ac.uk</addrLine></address>
<date>2003</date>
</publicationStmt>
<seriesStmt><p>The Electronic Text Corpus of Sumerian Literature aims to make accessible over 400 literary works composed in the Sumerian language in ancient Mesopotamia during the late third and early second millennia BC. The works are in Sumerian composite transliteration and English prose translation with bibliographical information on each composition.</p></seriesStmt>
<notesStmt><note>This file includes all unprovenanced manuscripts that consist of proverbs; some of these manuscripts are likely to be from Nibru. The manuscripts are presented in decreasing order of size. Some of the proverbs are duplicated in numbered collections.</note></notesStmt>
<sourceDesc>
<listBibl type="secondary">
<bibl><xref from="b341">Krecher 1995</xref><biblScope type="contents">composite text, translation</biblScope><note>electronic source</note></bibl>
<bibl><xref from="b83">Alster 1997a</xref><biblScope type="page">287-302, 329-334</biblScope><biblScope type="contents">commentary, score transliteration, translation</biblScope></bibl>
<bibl><xref from="b879">Molina 2000a</xref><biblScope type="page">755, 760</biblScope><biblScope type="contents">score transliteration, translation, photograph, handcopy, commentary</biblScope><note>MM 1134</note></bibl>
<bibl><xref from="b883">Veldhuis 2000c</xref><biblScope type="page">394-396</biblScope><biblScope type="contents">score transliteration, translation, handcopy, commentary</biblScope><note>CBS 6565</note></bibl>
<bibl><xref from="b884">Waetzoldt 2001</xref><biblScope type="page">538-539</biblScope><biblScope type="contents">score transliteration, translation, commentary</biblScope><note>Homsy Collection No. 21, 22</note></bibl>
<bibl><xref from="b674">Alster 1999a</xref><biblScope type="contents">commentary</biblScope></bibl>
</listBibl>
<listBibl type="tablets">
<bibl><biblScope type="museumNumber">MLC 618</biblScope></bibl>
<bibl><biblScope type="museumNumber">NBC 8070</biblScope></bibl>
<bibl><biblScope type="museumNumber">NBC 8072</biblScope></bibl>
<bibl><biblScope type="museumNumber">YBC 1993</biblScope></bibl>
<bibl><biblScope type="museumNumber">YBC 4677</biblScope></bibl>
<bibl><biblScope type="museumNumber">YBC 7282</biblScope></bibl>
<bibl><biblScope type="museumNumber">YBC 7297</biblScope></bibl>
<bibl><biblScope type="museumNumber">YBC 7300</biblScope></bibl>
<bibl><biblScope type="museumNumber">YBC 7301</biblScope></bibl>
<bibl><biblScope type="museumNumber">YBC 7320</biblScope></bibl>
<bibl><biblScope type="museumNumber">YBC 7331</biblScope></bibl>
<bibl><biblScope type="museumNumber">YBC 7344</biblScope></bibl>
<bibl><biblScope type="museumNumber">YBC 7345</biblScope></bibl>
<bibl><biblScope type="museumNumber">YBC 7347</biblScope></bibl>
<bibl><biblScope type="museumNumber">YBC 7348</biblScope></bibl>
<bibl><biblScope type="museumNumber">YBC 7351</biblScope></bibl>
<bibl><biblScope type="museumNumber">YBC 7352</biblScope></bibl>
<bibl><biblScope type="museumNumber">YBC 7693</biblScope></bibl>
<bibl><biblScope type="museumNumber">YBC 8713</biblScope></bibl>
<bibl><biblScope type="museumNumber">YBC 8934</biblScope></bibl>
<bibl><biblScope type="museumNumber">YBC 8937</biblScope></bibl>
<bibl><biblScope type="museumNumber">YBC 9906</biblScope></bibl>
<bibl><biblScope type="museumNumber">YBC 9908</biblScope></bibl>
<bibl><biblScope type="museumNumber">YBC 9912</biblScope></bibl>
<bibl><biblScope type="museumNumber">YBC 9916</biblScope></bibl>
<bibl><biblScope type="museumNumber">Emory 106</biblScope></bibl>
<bibl><biblScope type="museumNumber">Free Library of Philadelphia, unnumbered</biblScope></bibl>
<bibl><biblScope type="museumNumber">P 374</biblScope></bibl>
<bibl><biblScope type="museumNumber">P 376</biblScope></bibl>
<bibl><biblScope type="museumNumber">TIM 10/1 2</biblScope></bibl>
<bibl><biblScope type="museumNumber">UIOM 1999</biblScope></bibl>
<bibl><biblScope type="museumNumber">CBS 6565</biblScope></bibl>
<bibl><biblScope type="museumNumber">BM 80722 (CT 58, 30; coll. J. Taylor)</biblScope></bibl>
<bibl><biblScope type="museumNumber">IM 62823 = TIM 9, 18</biblScope></bibl>
<bibl><biblScope type="museumNumber">IM 43438 = TIM 9, 19</biblScope></bibl>
<bibl><biblScope type="museumNumber">UM 29-16-519</biblScope></bibl>
<bibl><biblScope type="museumNumber">UM 29-16-39</biblScope></bibl>
<bibl><biblScope type="museumNumber">UM 29-15-748</biblScope></bibl>
<bibl><biblScope type="museumNumber">CBS 6855</biblScope></bibl>
<bibl><biblScope type="museumNumber">MM 1134</biblScope></bibl>
<bibl><biblScope type="museumNumber">BM 57994</biblScope></bibl>
<bibl><biblScope type="museumNumber">Homsy Collection No. 21</biblScope></bibl>
<bibl><biblScope type="museumNumber">Homsy Collection No. 22</biblScope></bibl>
</listBibl>
</sourceDesc>
</fileDesc>
<revisionDesc>
<change><date>27.v.2002-06.viii.2002</date><respStmt><name>JT</name><resp>editor</resp></respStmt>
<item>standardisation</item></change>
<change><date>21.xi.2002</date><respStmt><name>JAB</name><resp>editor</resp></respStmt>
<item>proofreading</item></change>
<change><date>16.xii.2002</date><respStmt><name>GC</name><resp>editor</resp></respStmt>
<item>SGML tagging</item></change>
<change><date>20.vi.2003</date><respStmt><name>JE</name><resp>editor</resp></respStmt>
<item>web publication</item></change>
<change><date>01.vi.2003</date><respStmt><name>GC/JE</name><resp>editor/technical developer</resp></respStmt>
<item>XML/TEI conversion</item></change>
<change><date>30.iii.2005</date><respStmt><name>GC/JE</name><resp>senior editor/technical developer</resp></respStmt>
<item>lemmatised version published</item></change>
</revisionDesc>
</teiHeader>
<text lang="sux">
<group>
<text n="1">
<body>
<head id="c625.h1" lang="eng">IM 62823 = TIM 9 18 (Alster 1997 p. 298)</head>
<div1 type="segment" n="A">
<l n="1" id="c625.1.A.1" corresp="t625.p1">
<supplied/>
<w form="&X;" lemma="&X;" label="&X;">&X;</w>
<suppliedEnd/>
<w form="X" lemma="X" label="X">X</w>
<w form="X" lemma="X" label="X">X</w>
<w form="ZI" lemma="ZI" label="ZI">ZI</w>
</l>
<l n="2" id="c625.1.A.2" corresp="t625.p2">
<supplied/>
<w form="&X;" lemma="&X;" label="&X;">&X;</w>
<suppliedEnd/>
<w form="X-am3" lemma="X" label="X">X-am3</w>
</l>
<l n="3" id="c625.1.A.3" corresp="t625.p3">
<supplied/>
<w form="&X;-am3" lemma="&X;" label="&X;">&X;<suppliedEnd/>-am3</w>
</l>
<l n="4" id="c625.1.A.4" corresp="t625.p4">
<supplied/>
<w form="&X;" lemma="&X;" label="&X;">&X;</w>
<suppliedEnd/>
<w form="lu2" lemma="lu2" pos="N" label="person">lu2</w>
<w form="X" lemma="X" label="X">X</w>
<supplied/>
<w form="Xbr-a-kam" lemma="Xbr" label="Xbr">(X)<suppliedEnd/>-a-kam</w>
</l>
<l n="5" id="c625.1.A.5" corresp="t625.p5">
<supplied/>
<w form="&X;" lemma="&X;" label="&X;">&X;</w>
<suppliedEnd/>
<w form="IG-bi" lemma="IG" label="IG">IG-bi</w>
<supplied/>
<w form="&X;" lemma="&X;" label="&X;">&X;</w>
<suppliedEnd/>
<w form="ki" lemma="ki" pos="N" label="place">ki</w>
</l>
<l n="6" id="c625.1.A.6" corresp="t625.p6">
<supplied/>
<w form="&X;" lemma="&X;" label="&X;">&X;</w>
<suppliedEnd/>
<w form="X" lemma="X" label="X">X</w>
<w form="X" lemma="X" label="X">X</w>
<w form="X" lemma="X" label="X">X</w>
<supplied/>
<w form="&X;" lemma="&X;" label="&X;">&X;</w>
<suppliedEnd/>
<w form="X" lemma="X" label="X">X</w>
</l>
<note lang="eng">cf. <xref doc="c.6.1.03" from="c.6.1.03.23">6.1.03.23</xref>, <xref doc="c.6.1.22" from="c.6.1.22.284">6.1.22: ll. 284-286</xref>, <xref doc="c.6.2.3" from="c623.2.2">6.2.3: UET 6/2 265 l. 2</xref></note>
<l n="7" id="c625.1.A.7" corresp="t625.p7">
<supplied/>
<w form="kug" lemma="kug" pos="N" label="precious metal">kug</w>
<w form="tuku" lemma="tuku" pos="V" label="to have">tuku</w>
<w form="cag4" lemma="cag4" pos="N" label="heart">cag4</w>
<suppliedEnd/>
<damage/>
<w form="an-hul2" lemma="hul2" pos="V" label="to be happy">an-hul2</w>
<damageEnd/>
<w form="ce" lemma="ce" pos="N" label="barley">ce</w>
<w form="tuku" lemma="tuku" pos="V" label="to have">tuku</w>
<w form="ur5" lemma="ur5" pos="N" label="liver">ur5</w>
<supplied/>
<w form="an-sag9" lemma="sag9" pos="V" label="to be good">an<suppliedEnd/>-sag9</w>
</l>
<note lang="eng">cf. <xref doc="c.6.1.03" from="c.6.1.03.23">6.1.03.23</xref>, <xref doc="c.6.1.22" from="c.6.1.22.284">6.1.22: ll. 284-286</xref>, <xref doc="c.6.2.3" from="c623.2.3">6.2.3: UET 6/2 265 l. 3</xref></note>
<l n="8" id="c625.1.A.8" corresp="t625.p8">
<supplied/>
<w form="nij2-ur2-limmu2" lemma="nij2-ur2-limmu2" pos="N" label="four-legged creature">nij2-ur2-limmu2</w>
<w form="tuku-e" lemma="tuku" pos="V" label="to have">tuku<suppliedEnd/>-<damage/>e</w>
<damageEnd/>
<w form="u3" lemma="u3" pos="N" label="sleep">u3</w>
<w form="nu-un-da-ku-ku" lemma="ku" pos="V" label="to lay down" form-type="RR">nu-un-da-<supplied/>ku<suppliedEnd/>-<damage/>ku</w>
<damageEnd/>
</l>
<note lang="eng">cf. <xref doc="c.5.6.1" from="c561.69">5.6.1: l. 69</xref></note>
<l n="9" id="c625.1.A.9" corresp="t625.p9">
<supplied/>
<w form="ur-saj" lemma="ur-saj" pos="N" label="hero">ur-saj</w>
<w form="dili" lemma="dili" pos="AJ" label="single">dili</w>
<w form="na-nam" lemma="me" pos="V" label="to be">na-nam</w>
<w form="dili-na" lemma="dili" pos="AJ" label="single">dili<suppliedEnd/>-<damage/><unclear cert="qry">na</unclear></w>
<damageEnd/>
<w form="lu2" lemma="lu2" pos="N" label="person">lu2</w>
<w form="car2-ra-am3" lemma="car2" pos="V" label="to be numerous">car2-ra-<damage/><unclear cert="qry">am3</unclear></w>
<damageEnd/>
</l>
<l n="10" id="c625.1.A.10" corresp="t625.p10">
<supplied/>
<w form="&X;" lemma="&X;" label="&X;">&X;</w>
<suppliedEnd/>
<w form="UD" lemma="UD" label="UD">UD</w>
<w form="ba-X" lemma="X" label="X">ba-X</w>
</l>
<l n="11" id="c625.1.A.11" corresp="t625.p11">
<supplied/>
<w form="&X;" lemma="&X;" label="&X;">&X;</w>
<suppliedEnd/>
<damage/>
<w form="EN" lemma="EN" label="EN"><unclear cert="qry">EN</unclear></w>
<damageEnd/>
<w form="is-hab2-ba" lemma="is-hab2" pos="N" label="rogue">is-hab2-ba</w>
<w form="X" lemma="X" label="X">X</w>
<supplied/>
<w form="X" lemma="X" label="X">X</w>
<suppliedEnd/>
</l>
<gap extent="unknown no. of lines missing"/>
</div1>
<div1 type="segment" n="B">
<l n="1" id="c625.1.B.1" corresp="t625.p12">
<supplied/>
<w form="&X;" lemma="&X;" label="&X;">&X;</w>
<suppliedEnd/>
<w form="X" lemma="X" label="X">X</w>
<w form="HA" lemma="HA" label="&H;A">HA</w>
<w form="GU-bi" lemma="GU" label="GU">GU-bi</w>
<w form="AN" lemma="AN" label="AN">AN</w>
<supplied/>
<w form="&X;" lemma="&X;" label="&X;">&X;</w>
<suppliedEnd/>
</l>
<l n="2" id="c625.1.B.2" corresp="t625.p12">
<supplied/>
<w form="&X;" lemma="&X;" label="&X;">&X;</w>
<suppliedEnd/>
<w form="X" lemma="X" label="X">X</w>
<w form="a-a" lemma="a-a" pos="N" label="father">a-a</w>
<w form="ba-an-ed3-de3-de3-en" lemma="ed3" pos="V" label="to go down or up">ba-an-ed3-de3-de3-en</w>
</l>
<note lang="eng">cf. <xref doc="c.6.1.19" from="c.6.1.19.d5">6.1.19.d5</xref></note>
<l n="3" id="c625.1.B.3" corresp="t625.p13">
<supplied/>
<w form="um&mucen;" lemma="um" pos="N" label="diving water bird" det="&mucen;">um&mucen;</w>
<suppliedEnd/>
<w form="gu3" lemma="gu3" pos="N" label="voice">gu3</w>
<w form="de2" lemma="de2" pos="V" label="to pour">de2</w>
<w form="nu-sag9" lemma="sag9" pos="V" label="to be good">nu-sag9</w>
</l>
<note lang="eng">cf. <xref doc="c.6.1.19" from="c.6.1.19.d8">6.1.19.d8</xref></note>
<l n="4" id="c625.1.B.4" corresp="t625.p14">
<supplied/>
<w form="X" lemma="X" label="X">X</w>
<w form="Xbr" lemma="Xbr" label="Xbr">(X)</w>
<suppliedEnd/>
<w form="an-na" lemma="an" pos="N" label="heaven">an-na</w>
<w form="ku6-da" lemma="ku6" pos="N" label="fish">ku6-da</w>
<w form="engur-ra" lemma="engur" pos="N" label="subterranean water">engur-ra</w>
<w form="HAR-da" lemma="HAR" label="&H;AR">HAR-da</w>
<w form="mul-am3" lemma="mul" pos="N" label="star">mul-am3</w>
</l>
<note lang="eng">cf. <xref doc="c.6.1.21" from="c.6.1.21.c8">6.1.21.c8</xref></note>
<l n="5" id="c625.1.B.5" corresp="t625.p15">
<supplied/>
<w form="ud" lemma="ud" pos="N" label="day(light)">ud</w>
<w form="cu2-cu2-ru" lemma="cu2" pos="V" label="to cover" form-type="RR">cu2-cu2<suppliedEnd/>-<damage/>ru</w>
<damageEnd/>
<w form="X" lemma="X" label="X">X</w>
<w form="cag4" lemma="cag4" pos="N" label="heart">cag4</w>
<w form="hul2-la" lemma="hul2" pos="V" label="to be happy">hul2-la</w>
<w form="e2-gal-la-kam" lemma="e2-gal" pos="N" label="palace">e2-gal-la-kam</w>
</l>
<l n="6" id="c625.1.B.6" corresp="t625.p16">
<supplied/>
<w form="X" lemma="X" label="X">X</w>
<w form="X" lemma="X" label="X">X</w>
<suppliedEnd/>
<w form="X" lemma="X" label="X">X</w>
<w form="geme2-a-kam" lemma="geme2" pos="N" label="female slave">geme2-a-kam</w>
</l>
<note lang="eng">cf. <xref doc="c.6.1.21" from="c.6.1.21.c9">6.1.21.c9</xref></note>
<l n="7" id="c625.1.B.7" corresp="t625.p17">
<supplied/>
<w form="nu-mu-un-na-kal" lemma="kal" pos="V" label="to be rare">nu-mu<suppliedEnd/>-<damage/>un<damageEnd/>-na-kal</w>
<w form="geme2" lemma="geme2" pos="N" label="female slave">geme2</w>
<w form="X-ra-kam" lemma="X" label="X">X-ra-kam</w>
</l>
<note lang="eng">cf. <xref doc="c.6.1.21" from="c.6.1.21.c10">6.1.21.c10</xref>, <xref doc="c.6.2.3" from="c623.73.1">6.2.3: UET 6/2 325 ll. 1-2</xref></note>
<l n="8" id="c625.1.B.8" corresp="t625.p18">
<distinct type="emesal">
<supplied/>
<w form="gi4-in-gi4-in-ne" lemma="geme2" pos="N" label="female slave" emesal="gi4-in" form-type="RR">gi4<suppliedEnd/>-<damage/><unclear cert="cor">in</unclear><damageEnd/>-gi4-in-ne</w>
</distinct>
<w form="balaj" lemma="balaj" pos="N" label="type of instrument and composition">balaj</w>
<w form="ba-ra-an-e3-ec" lemma="e3" pos="V" label="to go out or in">ba-ra-an-e3-ec</w>
</l>
<l n="9" id="c625.1.B.9" corresp="t625.p18">
<distinct type="emesal">
<w form="ga-ca-an-an-na" lemma="inana" pos="N" type="DN" label="Inana" emesal="ga-ca-an-an-na"><supplied/>ga-ca<suppliedEnd/>-an-an-na</w>
</distinct>
<w form="e-duru2-ce3" lemma="e2-duru5" pos="N" label="village">e-duru2-ce3</w>
<w form="tuc-tuc" lemma="tuc" pos="V" label="to sit" form-type="RR">tuc-tuc</w>
</l>
<note lang="eng">cf. <xref doc="c.6.1.15" from="c.6.1.15.c15">6.1.15.c15</xref></note>
<l n="10" id="c625.1.B.10" corresp="t625.p19">
<supplied/>
<w form="X" lemma="X" label="X">X</w>
<suppliedEnd/>
<w form="X" lemma="X" label="X">X</w>
<w form="a" lemma="a" pos="N" label="water">a</w>
<w form="cu" lemma="cu" pos="N" label="hand"><unclear cert="cor">cu</unclear></w>
<w form="na4" lemma="na4" pos="N" label="stone">na4</w>
<w form="an-na-kur9" lemma="kur9" pos="V" label="to enter">an-na-<unclear cert="cor">kur9</unclear></w>
</l>
<note lang="eng">cf. <xref doc="c.6.1.03" from="c.6.1.03.36">6.1.03.36</xref>, <xref doc="c.6.2.3" from="c623.73.3">6.2.3: UET 6/2 325 ll. 3-5</xref></note>
<l n="11" id="c625.1.B.11" corresp="t625.p20">
<supplied/>
<w form="geme2" lemma="geme2" pos="N" label="female slave">geme2</w>
<w form="nij2" lemma="nij2" pos="N" label="thing">nij2</w>
<w form="hi-li-a-ke4" lemma="hi-li" pos="N" label="attractiveness">hi-li<suppliedEnd/>-<damage/><unclear cert="qry">a</unclear>-ke4</w>
<damageEnd/>
<w form="&d;ickur" lemma="ickur" pos="N" type="DN" label="I&c;kur" det="&d;">&d;ickur</w>
<w form="dijir" lemma="dijir" pos="N" label="deity">dijir</w>
<w form="lugal" lemma="lugal" pos="N" label="king">lugal</w>
<w form="LIL2-e" lemma="LIL2" label="LIL&s2;"><unclear cert="cor">LIL2</unclear>-e</w>
</l>
<l n="12" id="c625.1.B.12" corresp="t625.p20">
<supplied/>
<w form="ukuc2-gin7" lemma="ukuc2" pos="N" label="cucumber">ukuc2-gin7</w>
<w form="ki" lemma="ki" pos="N" label="place">ki</w>
<w form="dug3" lemma="dug3" pos="V" label="to be good">dug3</w>
<suppliedEnd/>
<damage/>
<w form="hu-mu-dar-e-ce" lemma="dar" pos="V" label="to split">hu<damageEnd/>-mu-<damage/><unclear cert="qry">dar</unclear><damageEnd/>-e-ce</w>
</l>
</div1>
</body>
</text>
<text n="2">
<body>
<head id="c625.h2" lang="eng">BM 80722 = CT 58 30 (Alster 1997 pp. 287-288)</head>
<div1 type="segment" n="A">
<l n="1" id="c625.2.A.1" corresp="t625.p21">
<damage/>
<w form="&jic;ma2" lemma="ma2" pos="N" label="boat" det="&jic;">&jic;ma2</w>
<damageEnd/>
<w form="dilmun-na" lemma="dilmun" pos="N" type="GN" label="Dilmun">dilmun-na</w>
<w form="tum9" lemma="tum9" pos="N" label="wind">tum9</w>
<w form="nu-mir" lemma="mir" pos="V" label="to rage">nu-mir</w>
<w form="ba-an-da-su" lemma="su" pos="V" label="to sink">ba-an-da-su</w>
</l>
<l n="2" id="c625.2.A.2" corresp="t625.p22">
<w form="jic" lemma="jic" pos="N" label="tree">jic</w>
<w form="mah" lemma="mah" pos="V" label="to be majestic">mah</w>
<w form="a-zu" lemma="a-zu" pos="N" label="healer">a-zu</w>
<w form="cu" lemma="cu" pos="N" label="hand">cu</w>
<w form="NE" lemma="NE" label="NE">NE</w>
<w form="li-bi2-TAG" lemma="TAG" pos="V" label="TAG">li-bi2-TAG</w>
</l>
<l n="3" id="c625.2.A.3" corresp="t625.p22">
<w form="ki-nu2" lemma="ki-nu2" pos="N" label="sleeping quarter">ki-nu2</w>
<w form="dug3-ga-zu" lemma="dug3" pos="V" label="to be good">dug3-ga-zu</w>
<w form="u3-sa2" lemma="u3-sa2" pos="N" label="sleep">u3-sa2</w>
<w form="nu-mu-ni-nu" lemma="nu2" pos="V" label="to lie down">nu-mu-ni-nu</w>
</l>
<l n="4" id="c625.2.A.4" corresp="t625.p23">
<w form="id2" lemma="id2" pos="N" label="watercourse">id2</w>
<w form="a" lemma="a" pos="N" label="water">a</w>
<w form="mah" lemma="mah" pos="V" label="to be majestic">mah</w>
<w form="a" lemma="a" pos="N" label="water">a</w>
<w form="mi-ni-ib2-de2-a-zu" lemma="de2" pos="V" label="to pour">mi-ni-ib2-de2-a-zu</w>
</l>
<l n="5" id="c625.2.A.5" corresp="t625.p23">
<w form="bar-ra-ju10" lemma="bar" pos="N" label="outside">bar-<unclear cert="cor">ra</unclear>-ju10</w>
<w form="nu-mu-sed5" lemma="sed4" pos="V" label="to be cold">nu-mu-sed5</w>
</l>
<l n="6" id="c625.2.A.6" corresp="t625.p23">
<w form="uc11-ju10" lemma="uc11" pos="N" label="(venomous) spittle">uc11-ju10</w>
<w form="nu-mu-ni-til" lemma="til" pos="V" label="to complete">nu-mu-ni-til</w>
</l>
<l n="7" id="c625.2.A.7" corresp="t625.p24">
<w form="IM" lemma="IM" label="IM">IM</w>
<w form="DU-da-za" lemma="DU" pos="V" label="DU">DU-da-za</w>
<w form="ce" lemma="ce" pos="N" label="barley">ce</w>
<w form="nu-mu-ni-in-la2" lemma="la2" pos="V" label="to hang">nu-mu-ni-in-la2</w>
</l>
<l n="8" id="c625.2.A.8" corresp="t625.p24">
<w form="izi-jar-zu-ta" lemma="izi-jar" pos="N" label="torch">izi-jar-zu-ta</w>
<w form="&gi;cu-bil-la2-ju10" lemma="cu-bil-la2" pos="N" label="type of cabinet" det="&gi;">&gi;<corr resp="scrOm"/>cu<corrEnd/>-bil-la2-ju10</w>
<w form="cu" lemma="cu" pos="N" label="hand">cu</w>
<w form="bar" lemma="bar" pos="V" label="to set aside">bar</w>
<w form="zid" lemma="zid" pos="AJ" label="right">zid</w>
<damage/>
<w form="li-bi2-ak" lemma="ak" pos="V" label="to do">li<damageEnd/>-bi2-ak</w>
</l>
<l n="9" id="c625.2.A.9" corresp="t625.p25">
<w form="gan" lemma="gan" pos="N" label="vessel stand">gan</w>
<w form="GUG-GUG" lemma="GUG" label="GUG" form-type="RR">GUG-GUG</w>
<w form="du-bu-ul-la" lemma="du-bu-ul" pos="V" label="to stir?">du-bu-ul-la</w>
<w form="ab-naj-a" lemma="naj" pos="V" label="to drink">ab-naj-a</w>
<w form="saj-ki" lemma="saj-ki" pos="N" label="forehead">saj-ki</w>
<w form="nu-ut-tu-tu-ud-du-bi" lemma="tud2" pos="V" label="to hit" form-type="RR">nu-ut-tu-tu-ud-du-bi</w>
</l>
<l n="10" id="c625.2.A.10" corresp="t625.p25">
<w form="ha-la-zu" lemma="ha-la" pos="N" label="share">ha-la-zu</w>
<w form="gan" lemma="gan" pos="N" label="vessel stand">gan</w>
<w form="tur" lemma="tur" pos="V" label="to be small">tur</w>
<w form="cu" lemma="cu" pos="N" label="hand">cu</w>
<w form="te" lemma="te" pos="V" label="to approach">te</w>
<w form="ba-ab-HI-za" lemma="HI" pos="V" label="&H;I">ba-ab-HI-za</w>
<w form="nij2-bi-a" lemma="nij2" pos="N" label="thing">nij2-bi-a</w>
<w form="GUG-a-bi-e-ce" lemma="GUG" label="GUG">GUG-a-bi-e-ce</w>
</l>
<l n="11" id="c625.2.A.11" corresp="t625.p26">
<supplied/>
<w form="X" lemma="X" label="X">X</w>
<suppliedEnd/>
<w form="X" lemma="X" label="X">X</w>
<w form="X" lemma="X" label="X">X</w>
<w form="IN" lemma="IN" label="IN">IN</w>
<w form="MU" lemma="MU" label="MU">MU</w>
<w form="ma-an-ra" lemma="ra" pos="V" label="to beat">ma-an-ra</w>
</l>
<l n="12" id="c625.2.A.12" corresp="t625.p26">
<supplied/>
<w form="&X;" lemma="&X;" label="&X;">&X;</w>
<suppliedEnd/>
<w form="X" lemma="X" label="X">X</w>
<w form="X" lemma="X" label="X">X</w>
<w form="mu-na-gi-e-ce" lemma="gi4" pos="V" label="to return">mu-na-gi-e-ce</w>
</l>
<l n="13" id="c625.2.A.13" corresp="t625.p27">
<supplied/>
<w form="&X;" lemma="&X;" label="&X;">&X;</w>
<suppliedEnd/>
<w form="NE-NE" lemma="NE" label="NE" form-type="RR">NE-NE</w>
<w form="X" lemma="X" label="X">X</w>
</l>
<gap extent="unknown no. of lines missing"/>
</div1>
<div1 type="segment" n="B">
<l n="1" id="c625.2.B.1" corresp="t625.p28">
<supplied/>
<w form="&X;" lemma="&X;" label="&X;">&X;</w>
<suppliedEnd/>
<w form="X" lemma="X" label="X">X</w>
<w form="X" lemma="X" label="X">X</w>
<w form="lu2-dim3-ma" lemma="lu2-dim3-ma" pos="N" label="fool">lu2-dim3-ma</w>
<w form="ugu-ja2" lemma="ugu" pos="N" label="skull">ugu-<unclear cert="qry">ja2</unclear></w>
<w form="di" lemma="di" pos="N" label="(law)suit">di</w>
<w form="mu-un-dug4-dug4-e-ce" lemma="dug4" pos="V" label="to say" form-type="RR">mu-un-dug4-dug4-e-ce</w>
</l>
<l n="2" id="c625.2.B.2" corresp="t625.p29">
<w form="hi-iz-ur-bar-ra&sar;" lemma="hi-iz-ur-bar-ra" pos="N" label="type of plant" det="&sar;">hi-iz-ur-bar-ra&sar;</w>
<w form="jectin-ka5-a&sar;-ke4" lemma="jectin-ka5-a" pos="N" label="type of plant" bound="L,ak.e" det="&sar;"><unclear cert="qry">jectin</unclear>-ka5-a&sar;-ke4</w>
<w form="&u2;ug" lemma="ug" pos="N" label="type of plant" det="&u2;">&u2;ug</w>
<w form="&u2;pirij-GI" lemma="pirij-GI" pos="N" label="type of plant" det="&u2;">&u2;<damage/><unclear cert="qry">pirij</unclear><damageEnd/>-<unclear cert="qry">GI</unclear></w>
</l>
<l n="3" id="c625.2.B.3" corresp="t625.p29">
<w form="&u2;eme-ur-gir15-ra-ke4" lemma="eme-ur-gir15-ra" pos="N" label="type of plant" bound="L,e" det="&u2;">&u2;eme-ur-gir15-ra-ke4</w>
<w form="&u2;nij2-u2-rum" lemma="nij2-u2-rum" pos="N" label="type of plant" det="&u2;">&u2;nij2-u2-rum</w>
<w form="&u2;gu3-i3-ra-ke4" lemma="gu3-i3-ra" pos="N" label="type of plant" bound="L,ak.e" det="&u2;">&u2;gu3-i3-ra-ke4</w>
</l>
<l n="4" id="c625.2.B.4" corresp="t625.p29">
<w form="ur-mah" lemma="ur-mah" pos="N" label="lion">ur-mah</w>
<w form="gu3" lemma="gu3" pos="N" label="voice">gu3</w>
<w form="de2-de2" lemma="de2" pos="V" label="to pour" form-type="RR">de2-de2</w>
</l>
<l n="5" id="c625.2.B.5" corresp="t625.p29">
<w form="mu" lemma="mu" pos="N" label="name">mu</w>
<w form="li-bi2-in-tuku-e-ce" lemma="tuku" pos="V" label="to have">li-bi2-in-tuku-e-ce</w>
</l>
<l n="6" id="c625.2.B.6" corresp="t625.p29">
<w form="jic-cub" lemma="jic-cub-ba" pos="N" label="lot">jic-cub</w>
<w form="lu2-dim3-ma" lemma="lu2-dim3-ma" pos="N" label="fool">lu2-dim3-ma</w>
<w form="&d;utu" lemma="utu" pos="N" type="DN" label="Utu" det="&d;">&d;utu</w>
<w form="al-dim2-e" lemma="dim2" pos="V" label="to create">al-dim2-e</w>
</l>
<l n="7" id="c625.2.B.7" corresp="t625.p30">
<w form="ur-saj-e" lemma="ur-saj" pos="N" label="hero">ur-saj-e</w>
<w form="cag4-jar-ta" lemma="cag4-jar" pos="N" label="hunger"><corr sic="ZU">cag4</corr>-jar-ta</w>
<w form="i3-gam" lemma="gam" pos="V" label="to bow down">i3-gam</w>
</l>
<l n="8" id="c625.2.B.8" corresp="t625.p30">
<w form="ba-an-gam-ma-ta" lemma="gam" pos="V" label="to bow down">ba-an-gam-ma-ta</w>
<w form="ki-sig10-ga" lemma="ki-sig10-ga" pos="N" label="funerary offering">ki-sig10-ga</w>
<w form="in-na-ab-du-du-ne" lemma="jen" pos="V" label="to go" form-type="RR-isg">in-na-<unclear cert="qry">ab</unclear>-du-<damage/>du<damageEnd/>-ne</w>
</l>
</div1>
</body>
</text>
<text n="3">
<body>
<head id="c625.h3" lang="eng">UM 29-16-39 (Alster 1997 p. 300)</head>
<l n="1" id="c625.3.1" corresp="t625.p31">
<w form="X" lemma="X" label="X">X</w>
<w form="X" lemma="X" label="X">X</w>
<w form="IM" lemma="IM" label="IM">IM</w>
<w form="A" lemma="A" label="A">A</w>
<w form="IGI" lemma="IGI" label="IGI">IGI</w>
<w form="DU" lemma="DU" label="DU">DU</w>
<w form="GA" lemma="GA" label="GA">GA</w>
</l>
<l n="2" id="c625.3.2" corresp="t625.p32">
<w form="X" lemma="X" label="X">X</w>
<w form="X" lemma="X" label="X">X</w>
<w form="IGI" lemma="IGI" label="IGI">IGI</w>
<w form="A" lemma="A" label="A">A</w>
<w form="X" lemma="X" label="X">X</w>
<w form="X" lemma="X" label="X">X</w>
<w form="de5-ga-ce3" lemma="de5" pos="V" label="to collect">de5-ga-ce3</w>
</l>
<l n="3" id="c625.3.3" corresp="t625.p32">
<w form="X" lemma="X" label="X">X</w>
<w form="X" lemma="X" label="X">X</w>
<w form="X" lemma="X" label="X">X</w>
<w form="BA" lemma="BA" label="BA">BA</w>
<w form="NE-NE" lemma="NE" label="NE" form-type="RR">NE-NE</w>
<w form="X" lemma="X" label="X">X</w>
</l>
<l n="4" id="c625.3.4" corresp="t625.p32">
<w form="X" lemma="X" label="X">X</w>
<w form="X" lemma="X" label="X">X</w>
<damage/>
<w form="IM" lemma="IM" label="IM"><unclear cert="qry">IM</unclear><damageEnd/></w>
<w form="MA" lemma="MA" label="MA">MA</w>
<w form="nu-me" lemma="me" pos="V" label="to be">nu-me</w>
<w form="nu-X" lemma="X" label="X">nu-<supplied/>X</w>
<suppliedEnd/>
</l>
<l n="5" id="c625.3.5" corresp="t625.p33">
<supplied/>
<w form="&X;" lemma="&X;" label="&X;">&X;</w>
<suppliedEnd/>
<w form="X" lemma="X" label="X">X</w>
<w form="ZA" lemma="ZA" label="ZA">ZA</w>
<w form="cag4" lemma="cag4" pos="N" label="heart">cag4</w>
<supplied/>
<w form="&X;" lemma="&X;" label="&X;">&X;</w>
<suppliedEnd/>
</l>
<l n="6" id="c625.3.6" corresp="t625.p34">
<supplied/>
<w form="&X;" lemma="&X;" label="&X;">&X;</w>
<suppliedEnd/>
<w form="X" lemma="X" label="X">X</w>
<w form="BA" lemma="BA" label="BA">BA</w>
<w form="lul" lemma="lul" pos="V" label="to be false">lul</w>
<supplied/>
<w form="&X;" lemma="&X;" label="&X;">&X;</w>
<suppliedEnd/>
</l>
<l n="7" id="c625.3.7" corresp="t625.p34">
<supplied/>
<w form="&X;" lemma="&X;" label="&X;">&X;</w>
<suppliedEnd/>
<w form="ki" lemma="ki" pos="N" label="place">ki</w>
<w form="cag4" lemma="cag4" pos="N" label="heart">cag4</w>
<w form="iri" lemma="iri" pos="N" label="town">iri</w>
<damage/>
<w form="MUNUS" lemma="MUNUS" label="MUNUS">MUNUS</w>
<damageEnd/>
<supplied/>
<w form="X" lemma="X" label="X">X</w>
<w form="X" lemma="X" label="X">X</w>
<suppliedEnd/>
</l>
<l n="8" id="c625.3.8" corresp="t625.p35">
<supplied/>
<w form="&X;" lemma="&X;" label="&X;">&X;</w>
<suppliedEnd/>
</l>
<l n="9" id="c625.3.9" corresp="t625.p36">
<supplied/>
<w form="X" lemma="X" label="X">X</w>
<suppliedEnd/>
<damage/>
<w form="BA" lemma="BA" label="BA">BA</w>
<w form="DA" lemma="DA" label="DA">DA</w>
<damageEnd/>
<supplied/>
<w form="&X;" lemma="&X;" label="&X;">&X;</w>
<suppliedEnd/>
</l>
<l n="10" id="c625.3.10" corresp="t625.p37">
<w form="GI" lemma="GI" label="GI">GI</w>
<supplied/>
<w form="&X;" lemma="&X;" label="&X;">&X;</w>
<suppliedEnd/>
</l>
<l n="11" id="c625.3.11" corresp="t625.p37">
<w form="TU" lemma="TU" label="TU">TU</w>
<supplied/>
<w form="&X;-e-ce" lemma="&X;" label="&X;">&X;<suppliedEnd/>-e-ce</w>
</l>
<l n="12" id="c625.3.12" corresp="t625.p38">
<supplied/>
<w form="X" lemma="X" label="X">X</w>
<suppliedEnd/>
<w form="JIR2" lemma="JIR2" label="&G;IR&s2;">JIR2</w>
<supplied/>
<w form="&X;-un-du3" lemma="du3" pos="V" label="to erect">&X;<suppliedEnd/>-un-du3</w>
</l>
<l n="13" id="c625.3.13" corresp="t625.p39">
<w form="lu2" lemma="lu2" pos="N" label="person"><unclear cert="qry">lu2</unclear></w>
<w form="lu2" lemma="lu2" pos="N" label="person">lu2</w>
<w form="IN" lemma="IN" label="IN">IN</w>
<w form="X" lemma="X" label="X">X</w>
</l>
<l n="14" id="c625.3.14" corresp="t625.p39">
<supplied/>
<w form="X" lemma="X" label="X">X</w>
<w form="X" lemma="X" label="X">X</w>
<suppliedEnd/>
<damage/>
<w form="lu2" lemma="lu2" pos="N" label="person">lu2</w>
<damageEnd/>
<w form="he2-X" lemma="X" label="X">he2-<supplied/>X</w>
<w form="X" lemma="X" label="X">X</w>
<suppliedEnd/>
<w form="X" lemma="X" label="X">X</w>
</l>
<l n="15" id="c625.3.15" corresp="t625.p40">
<supplied/>
<w form="&X;" lemma="&X;" label="&X;">&X;</w>
<suppliedEnd/>
<w form="ZI2" lemma="ZI2" label="ZI&s2;"><unclear cert="qry">ZI2</unclear></w>
<w form="BA" lemma="BA" label="BA">BA</w>
<w form="ZA" lemma="ZA" label="ZA">ZA</w>
<w form="KA" lemma="KA" label="KA">KA</w>
</l>
<l n="16" id="c625.3.16" corresp="t625.p40">
<supplied/>
<w form="&X;-e-e-ce" lemma="&X;" label="&X;">&X;<suppliedEnd/>-e-e-ce</w>
</l>
<l n="17" id="c625.3.17" corresp="t625.p41">
<supplied/>
<w form="&X;" lemma="&X;" label="&X;">&X;</w>
<suppliedEnd/>
<w form="je26-e" lemma="je26" pos="PD" type="personal" label="I"><unclear cert="qry">je26</unclear>-e</w>
<w form="UD" lemma="UD" label="UD">UD</w>
<w form="DU" lemma="DU" label="DU"><unclear cert="qry">DU</unclear></w>
<w form="IN" lemma="IN" label="IN">IN</w>
</l>
<l n="18" id="c625.3.18" corresp="t625.p41">
<supplied/>
<w form="&X;" lemma="&X;" label="&X;">&X;</w>
<suppliedEnd/>
<w form="nu-NE-NE-e" lemma="NE" pos="V" label="NE" form-type="RR">nu-NE-NE-e</w>
</l>
<l n="19" id="c625.3.19" corresp="t625.p41">
<supplied/>
<w form="&X;" lemma="&X;" label="&X;">&X;</w>
<suppliedEnd/>
<w form="X-ju10-e-ce" lemma="X" label="X">X-ju10-e-ce</w>
</l>
<l n="20" id="c625.3.20" corresp="t625.p42">
<supplied/>
<w form="&X;" lemma="&X;" label="&X;">&X;</w>
<suppliedEnd/>
<w form="X" lemma="X" label="X">X</w>
<w form="ZI2" lemma="ZI2" label="ZI&s2;"><unclear cert="qry">ZI2</unclear></w>
<w form="BA" lemma="BA" label="BA">BA</w>
<w form="E" lemma="E" label="E">E</w>
</l>
<l n="21" id="c625.3.21" corresp="t625.p42">
<w form="X" lemma="X" label="X">X</w>
<w form="E" lemma="E" label="E">E</w>
<w form="X" lemma="X" label="X">X</w>
<w form="X" lemma="X" label="X">X</w>
<w form="X" lemma="X" label="X">X</w>
<w form="GA" lemma="GA" label="GA">GA</w>
<w form="UN" lemma="UN" label="UN">UN</w>
</l>
</body>
</text>
<text n="4">
<body>
<head id="c625.h4" lang="eng">UM 29-16-519 (Alster 1997 pp. 300-301)</head>
<div1 type="segment" n="A">
<l n="1" id="c625.4.A.1" corresp="t625.p43">
<supplied/>
<w form="&X;" lemma="&X;" label="&X;">&X;</w>
<suppliedEnd/>
<w form="X" lemma="X" label="X">X</w>
<w form="KA-KA" lemma="KA" label="KA" form-type="RR">KA-KA</w>
<damage/>
<w form="he2-me-ni-tum2-ma" lemma="de6" pos="V" label="to carry" form-type="isg">he2<damageEnd/>-me-ni-tum2-ma</w>
</l>
<l n="2" id="c625.4.A.2" corresp="t625.p44">
<supplied/>
<w form="&X;" lemma="&X;" label="&X;">&X;</w>
<suppliedEnd/>
<w form="X" lemma="X" label="X">X</w>
<w form="EZEN" lemma="EZEN" label="EZEN">EZEN</w>
<damage/>
<w form="AN" lemma="AN" label="AN">AN</w>
<damageEnd/>
<supplied/>
<w form="X" lemma="X" label="X">X</w>
<w form="Xbr" lemma="Xbr" label="Xbr">(X)</w>
<suppliedEnd/>
<damage/>
<w form="UB-ju10" lemma="UB" label="UB"><unclear cert="qry">UB</unclear><damageEnd/>-ju10</w>
</l>
<l n="3" id="c625.4.A.3" corresp="t625.p45">
<supplied/>
<w form="&X;" lemma="&X;" label="&X;">&X;</w>
<suppliedEnd/>
<damage/>
<w form="UC" lemma="UC" label="U&C;"><unclear cert="qry">UC</unclear></w>
<damageEnd/>
<supplied/>
<w form="X" lemma="X" label="X">X</w>
<w form="X" lemma="X" label="X">X</w>
<w form="Xbr" lemma="Xbr" label="Xbr">(X)</w>
<suppliedEnd/>
<w form="X" lemma="X" label="X">X</w>
<w form="DI" lemma="DI" label="DI">DI</w>
</l>
<l n="4" id="c625.4.A.4" corresp="t625.p46">
<w form="jic" lemma="jic" pos="N" label="tree">jic</w>
<w form="MU" lemma="MU" label="MU">MU</w>
<supplied/>
<w form="&X;" lemma="&X;" label="&X;">&X;</w>
<suppliedEnd/>
<w form="ab-ur3-ur3-re-e-ec" lemma="ur3" pos="V" label="to drag" form-type="RR">ab-ur3-<supplied/>ur3<suppliedEnd/>-<damage/><unclear cert="qry">re</unclear><damageEnd/>-e-<damage/>ec</w>
<damageEnd/>
</l>
<l n="5" id="c625.4.A.5" corresp="t625.p47">
<w form="nij2" lemma="nij2" pos="N" label="thing">nij2</w>
<w form="cag4" lemma="cag4" pos="N" label="heart">cag4</w>
<damage/>
<w form="hul2-la" lemma="hul2" pos="V" label="to be happy">hul2<damageEnd/>-<supplied/>la</w>
<w form="X" lemma="X" label="X">X</w>
<w form="X" lemma="X" label="X">X</w>
<w form="Xbr-ta" lemma="Xbr" label="Xbr">(X)<suppliedEnd/>-<damage/>ta</w>
<damageEnd/>
<w form="gala-ke4" lemma="gala" pos="N" label="lament singer">gala-ke4</w>
<w form="na-an-ze2-en" lemma="ze2-er" pos="V" label="to tear out">na-an-<damage/><unclear cert="qry">ze2</unclear>-<unclear cert="qry">en</unclear></w>
<w form="GU" lemma="GU" label="GU"><unclear cert="qry">GU</unclear></w>
<w form="UL" lemma="UL" label="UL">UL</w>
<damageEnd/>
</l>
<l n="6" id="c625.4.A.6" corresp="t625.p48">
<w form="cu-na" lemma="cu" pos="N" label="hand">cu-<damage/>na</w>
<damageEnd/>
<supplied/>
<w form="&X;" lemma="&X;" label="&X;">&X;</w>
<suppliedEnd/>
<w form="X" lemma="X" label="X">X</w>
<w form="NE" lemma="NE" label="NE">NE</w>
<w form="MA" lemma="MA" label="MA"><unclear cert="qry">MA</unclear></w>
<w form="AN" lemma="AN" label="AN"><unclear cert="qry">AN</unclear></w>
<w form="ZU" lemma="ZU" label="ZU">ZU</w>
<w form="im-ma-ab-ja2-ja2" lemma="jar" pos="V" label="to place" form-type="rr">im-ma-<damage/><unclear cert="qry">ab</unclear><damageEnd/>-ja2-ja2</w>
</l>
<note lang="eng">cf. <xref doc="c.6.1.14" from="c.6.1.14.3">6.1.14.3</xref>, <xref doc="c.6.1.16" from="c.6.1.16.c1">6.1.16.c1</xref></note>
<l n="7" id="c625.4.A.7" corresp="t625.p49">
<damage/>
<w form="igi" lemma="igi" pos="N" label="eye">igi</w>
<damageEnd/>
<w form="engar-e" lemma="engar" pos="N" label="farmer">engar-<damage/>e</w>
<damageEnd/>
<supplied/>
<w form="mu-e-ci-in-il2-la" lemma="il2" pos="V" label="to raise">mu-e-ci-in<suppliedEnd/>-<damage/>il2<damageEnd/>-la</w>
</l>
<l n="8" id="c625.4.A.8" corresp="t625.p49">
<w form="&d;en-lil2-le" lemma="en-lil2" pos="N" type="DN" label="Enlil" det="&d;">&d;en-lil2-le</w>
<w form="iri" lemma="iri" pos="N" label="town">iri</w>
<w form="nam" lemma="nam" pos="N" label="destiny">nam</w>
<w form="ku5-ra2-ni" lemma="kud" pos="V" label="to cut">ku5-ra2-ni</w>
<w form="ha-ba-ci-in-il2-e" lemma="il2" pos="V" label="to raise">ha-<supplied/>ba-ci<suppliedEnd/>-in-il2-e</w>
</l>
<note lang="eng">cf. <xref doc="c.6.1.14" from="c.6.1.14.4">6.1.14.4</xref>, <xref doc="c.6.1.15" from="c.6.1.15.b1">6.1.15.b1</xref>, <xref doc="c.6.1.16" from="c.6.1.16.c2">6.1.16.c2</xref></note>
<l n="9" id="c625.4.A.9" corresp="t625.p50">
<w form="igi" lemma="igi" pos="N" label="eye">igi</w>
<w form="sipad-tur-re" lemma="sipad-tur" pos="N" label="junior shepherd">sipad-tur-re</w>
<w form="mu-e-ci-in-il2-la" lemma="il2" pos="V" label="to raise">mu-<damage/><unclear cert="qry">e</unclear><damageEnd/>-<supplied/>ci<suppliedEnd/>-<damage/>in<damageEnd/>-il2-la</w>
</l>
<l n="10" id="c625.4.A.10" corresp="t625.p50">
<w form="&d;en-lil2-le" lemma="en-lil2" pos="N" type="DN" label="Enlil" det="&d;">&d;en-lil2-le</w>
<w form="iri" lemma="iri" pos="N" label="town">iri</w>
<w form="nam" lemma="nam" pos="N" label="destiny">nam</w>
<w form="ku5-ra2-ni" lemma="kud" pos="V" label="to cut">ku5-ra2-ni</w>
<w form="ha-ba-ci-in-il2-la" lemma="il2" pos="V" label="to raise">ha-<supplied/>ba-ci<suppliedEnd/>-in-il2-la</w>
</l>
<note lang="eng">cf. <xref doc="c.6.1.14" from="c.6.1.14.5">6.1.14.5</xref>, <xref doc="c.6.1.15" from="c.6.1.15.b2">6.1.15.b2</xref>, <xref doc="c.6.1.16" from="c.6.1.16.c3">6.1.16.c3</xref></note>
<l n="11" id="c625.4.A.11" corresp="t625.p51">
<w form="igi" lemma="igi" pos="N" label="eye">igi</w>
<w form="bahar2-e" lemma="bahar2" pos="N" label="potter">bahar2-<damage/>e</w>
<damageEnd/>
<w form="mu-e-ci-in-il2-la" lemma="il2" pos="V" label="to raise">mu-<supplied/>e<suppliedEnd/>-<damage/>ci<damageEnd/>-in-il2-la</w>
</l>
<l n="12" id="c625.4.A.12" corresp="t625.p51">
<w form="&d;en-lil2-le" lemma="en-lil2" pos="N" type="DN" label="Enlil" det="&d;">&d;en-lil2-le</w>
<w form="iri" lemma="iri" pos="N" label="town">iri</w>
<w form="nam" lemma="nam" pos="N" label="destiny">nam</w>
<w form="ku5-ra2-ni" lemma="kud" pos="V" label="to cut">ku5-ra2-ni</w>
<w form="ha-ba-ci-in-il2-la" lemma="il2" pos="V" label="to raise">ha-ba-ci-in-il2-la</w>
</l>
<note lang="eng">cf. <xref doc="c.6.1.15" from="c.6.1.15.b3">6.1.15.b3</xref></note>
<l n="13" id="c625.4.A.13" corresp="t625.p52">
<supplied/>
<w form="igi" lemma="igi" pos="N" label="eye">igi</w>
<w form="nu-&jic;kiri6-e" lemma="nu-kiri6" pos="N" label="gardener" bound="L,e" det="&jic;">nu-&jic;kiri6-e</w>
<w form="mu-e-ci-in-il2-la" lemma="il2" pos="V" label="to raise">mu<suppliedEnd/>-<damage/>e<damageEnd/>-ci-in-il2-la</w>
</l>
<l n="14" id="c625.4.A.14" corresp="t625.p52">
<w form="&d;en-lil2-le" lemma="en-lil2" pos="N" type="DN" label="Enlil" det="&d;">&d;en-lil2-le</w>
<w form="iri" lemma="iri" pos="N" label="town">iri</w>
<w form="nam" lemma="nam" pos="N" label="destiny">nam</w>
<supplied/>
<w form="ku5-ra2-ni" lemma="kud" pos="V" label="to cut">ku5<suppliedEnd/>-<damage/>ra2<damageEnd/>-ni</w>
<damage/>
<w form="ha-ba-ci-in-il2-la" lemma="il2" pos="V" label="to raise">ha<damageEnd/>-ba-ci-<damage/>in<damageEnd/>-il2-<damage/>la</w>
<damageEnd/>
</l>
<gap extent="unknown no. of lines missing"/>
</div1>
<div1 type="segment" n="B">
<note lang="eng">cf. <xref doc="c.6.1.14" from="c.6.1.14.1">6.1.14.1</xref></note>
<l n="1" id="c625.4.B.1" corresp="t625.p53">
<w form="cu" lemma="cu" pos="N" label="hand">cu</w>
<supplied/>
<w form="gi4-gi4-ra" lemma="gi4" pos="V" label="to return" form-type="RR">gi4-gi4-ra</w>
<w form="cu" lemma="cu" pos="N" label="hand">cu</w>
<w form="he2-en-na-gi4" lemma="gi4" pos="V" label="to return">he2-en-na-gi4</w>
<suppliedEnd/>
</l>
<note lang="eng">cf. <xref doc="c.6.1.11" from="c.6.1.11.56">6.1.11.56</xref>, <xref doc="c.6.1.25" from="c.6.1.25.9">6.1.25.9</xref>, <xref doc="c.6.1.26" from="c.6.1.26.a2">6.1.26.a2</xref></note>
<l n="2" id="c625.4.B.2" corresp="t625.p54">
<w form="e2-gal" lemma="e2-gal" pos="N" label="palace">e2-<damage/>gal</w>
<damageEnd/>
<supplied/>
<w form="ni2-bi-ce3" lemma="ni2-bi" pos="PD" type="reflexive" label="itself, themselves">ni2-bi<suppliedEnd/>-<damage/>ce3</w>
<w form="gam-e-dam" lemma="gam" pos="V" label="to bow down">gam<damageEnd/>-<supplied/>e-dam</w>
<suppliedEnd/>
</l>
<note lang="eng">cf. <xref doc="c.6.2.5" from="c625.h17">YBC 7351</xref>, <xref doc="c.6.1.22" from="c.6.1.22.49">6.1.22: ll. 49-50</xref>, <xref doc="c.6.1.26" from="c.6.1.26.a4">6.1.26.a4</xref>, <xref doc="c.6.2.3" from="c623.h74">6.2.3: UET 6/2 259</xref></note>
<l n="3" id="c625.4.B.3" corresp="t625.p55">
<w form="KU" lemma="KU" label="KU">KU</w>
<w form="nu-jar-ra" lemma="jar" pos="V" label="to place">nu-jar-<damage/><unclear cert="cor">ra</unclear></w>
<damageEnd/>
<supplied/>
<w form="Xbr" lemma="Xbr" label="Xbr">(X)</w>
<suppliedEnd/>
<w form="X" lemma="X" label="X">X</w>
<w form="DI" lemma="DI" label="DI">DI</w>
<w form="nu-jar-ra" lemma="jar" pos="V" label="to place">nu-jar-ra</w>
<w form="dab5-be2-X" lemma="dab5" pos="V" label="to seize">dab5-be2-X</w>
</l>
<l n="4" id="c625.4.B.4" corresp="t625.p55">
<w form="dumu-nitah" lemma="dumu-nitah" pos="N" label="son">dumu-nitah</w>
<w form="e2" lemma="e2" pos="N" label="house(hold)">e2</w>
<damage/>
<w form="ad-da-na-ka" lemma="ad-da" pos="N" label="father">ad<damageEnd/>-<supplied/>da<suppliedEnd/>-na-ka</w>
<w form="sa-ra" lemma="sar" pos="V" label="to run">sa-<unclear cert="cor">ra</unclear></w>
</l>
<l n="5" id="c625.4.B.5" corresp="t625.p55">
<w form="nij2-gig" lemma="nij2-gig" pos="N" label="abomination">nij2-gig</w>
<w form="&d;nin-urta-kam" lemma="nin-urta" pos="N" type="DN" label="Ninurta" det="&d;">&d;nin-urta-kam</w>
</l>
<note lang="eng">cf. <xref doc="c.6.1.11" from="c.6.1.11.66">6.1.11.66</xref>, <xref doc="c.6.1.26" from="c.6.1.26.a6">6.1.26.a6</xref></note>
<l n="6" id="c625.4.B.6" corresp="t625.p56">
<damage/>
<w form="cu" lemma="cu" pos="N" label="hand">cu</w>
<damageEnd/>
<w form="gi4-gi4" lemma="gi4" pos="V" label="to return" form-type="RR">gi4-<supplied/>gi4</w>
<w form="nij2-gig" lemma="nij2-gig" pos="N" label="abomination">nij2<suppliedEnd/>-gig</w>
<w form="&d;nin-urta-kam" lemma="nin-urta" pos="N" type="DN" label="Ninurta" det="&d;">&d;nin-urta-kam</w>
<note lang="eng">followed by: <foreign lang="sux">AC</foreign>(erased line)</note>
</l>
<l n="7" id="c625.4.B.7" corresp="t625.p57">
<w form="ha-la-bi" lemma="ha-la" pos="N" label="share">ha-la-<damage/><unclear cert="qry">bi</unclear></w>
<w form="ba-ab-X" lemma="X" label="X"><unclear cert="qry">ba</unclear>-<unclear cert="qry">ab</unclear><damageEnd/>-<supplied/>X</w>
<w form="Xbr" lemma="Xbr" label="Xbr">(X)</w>
<suppliedEnd/>
<w form="X" lemma="X" label="X">X</w>
<w form="cec-da" lemma="cec" pos="N" label="brother"><unclear cert="qry">cec</unclear>-<unclear cert="qry">da</unclear></w>
<w form="gid2-i" lemma="gid2" pos="V" label="to be long">gid2-i</w>
<w form="nij2-gig" lemma="nij2-gig" pos="N" label="abomination">nij2-<supplied/>gig</w>
<suppliedEnd/>
<w form="&d;nin-urta-kam" lemma="nin-urta" pos="N" type="DN" label="Ninurta" det="&d;"><supplied/>&d;<suppliedEnd/>nin-urta-kam</w>
</l>
</div1>
</body>
</text>
<text n="5">
<body>
<head id="c625.h5" lang="eng">IM 43438 = TIM 9 19 (Alster 1997 pp. 298-299)</head>
<div1 type="segment" n="A">
<note lang="eng">cf. <xref doc="c.6.1.09" from="c.6.1.09.a1">6.1.09.a1</xref>, <xref doc="c.6.1.10" from="c.6.1.10.1">6.1.10.1</xref></note>
<l n="1" id="c625.5.A.1" corresp="t625.p58">
<w form="nir-jal2-e" lemma="nir-jal2" pos="AJ" label="authoritative">nir-jal2-e</w>
<w form="a-na-am3" lemma="a-na" pos="PD" type="interrogative" label="what">a-na-am3</w>
<w form="bi2-in-dug4" lemma="dug4" pos="V" label="to say">bi2-in-dug4</w>
<damage/>
<w form="nu-sag9" lemma="sag9" pos="V" label="to be good">nu-<unclear cert="qry">sag9</unclear></w>
<damageEnd/>
</l>
<note lang="eng">cf. <xref doc="c.6.1.09" from="c.6.1.09.a3">6.1.09.a3</xref>, <xref doc="c.6.1.10" from="c.6.1.10.3">6.1.10.3-4</xref>, <xref doc="c.6.2.2" from="c622.h5">6.2.2: MDP 27 216</xref></note>
<l n="2" id="c625.5.A.2" corresp="t625.p59">
<w form="nir-jal2-e" lemma="nir-jal2" pos="AJ" label="authoritative">nir-jal2-e</w>
<damage/>
<w form="kug-zu-kam" lemma="kug-zu" pos="AJ" label="wise">kug<damageEnd/>-zu-<damage/><unclear cert="qry">kam</unclear></w>
<damageEnd/>
<corr resp="scrOm"/>
<w form="ukur3" lemma="ukur3" pos="V" label="to be poor">ukur3</w>
<corrEnd/>
<w form="cu" lemma="cu" pos="N" label="hand">cu</w>
<w form="dib-ba" lemma="dib" pos="V" label="to pass">dib-<unclear cert="cor">ba</unclear></w>
<damage/>
<w form="cu" lemma="cu" pos="N" label="hand"><unclear cert="qry">cu</unclear></w>
<w form="jar" lemma="jar" pos="V" label="to place"><unclear cert="qry">jar</unclear></w>
<damageEnd/>
<w form="jal2-la" lemma="jal2" pos="V" label="to be (located)">jal2-la</w>
<supplied/>
<w form="aratta&ki;" lemma="aratta" pos="N" type="SN" label="Aratta" det="&ki;">aratta&ki;</w>
<suppliedEnd/>
</l>
<l n="3" id="c625.5.A.3" corresp="t625.p60">
<w form="dam" lemma="dam" pos="N" label="spouse"><unclear cert="qry">dam</unclear></w>
<w form="KU" lemma="KU" label="KU"><unclear cert="qry">KU</unclear></w>
<w form="e2" lemma="e2" pos="N" label="house(hold)"><unclear cert="qry">e2</unclear></w>
<w form="X" lemma="X" label="X">X</w>
<supplied/>
<w form="&X;" lemma="&X;" label="&X;">&X;</w>
<suppliedEnd/>
<w form="X" lemma="X" label="X">X</w>
<w form="RA" lemma="RA" label="RA">RA</w>
<w form="e2" lemma="e2" pos="N" label="house(hold)">e2</w>
<supplied/>
<w form="&X;" lemma="&X;" label="&X;">&X;</w>
<suppliedEnd/>
</l>
<l n="4" id="c625.5.A.4" corresp="t625.p61">
<damage/>
<w form="dam-ju10" lemma="dam" pos="N" label="spouse">dam-ju10</w>
<w form="dam" lemma="dam" pos="N" label="spouse"><unclear cert="qry">dam</unclear></w>
<w form="MU" lemma="MU" label="MU"><unclear cert="qry">MU</unclear></w>
<w form="DA" lemma="DA" label="DA"><unclear cert="qry">DA</unclear></w>
<damageEnd/>
<w form="X" lemma="X" label="X">X</w>
<supplied/>
<w form="&X;" lemma="&X;" label="&X;">&X;</w>
<suppliedEnd/>
</l>
<l n="5" id="c625.5.A.5" corresp="t625.p61">
<damage/>
<w form="IG" lemma="IG" label="IG"><unclear cert="qry">IG</unclear></w>
<w form="DU8" lemma="DU8" label="DU&s8;">DU8</w>
<w form="X" lemma="X" label="X">X</w>
<w form="zag" lemma="zag" pos="N" label="side"><unclear cert="qry">zag</unclear></w>
<damageEnd/>
<supplied/>
<w form="&X;" lemma="&X;" label="&X;">&X;</w>
<suppliedEnd/>
<w form="tur-ra" lemma="tur" pos="V" label="to be small"><unclear cert="qry">tur</unclear>-ra</w>
<w form="BI" lemma="BI" label="BI">BI</w>
<w form="dug3-ga" lemma="dug3" pos="V" label="to be good">dug3-<damage/>ga</w>
<damageEnd/>
<supplied/>
<w form="&X;" lemma="&X;" label="&X;">&X;</w>
<suppliedEnd/>
</l>
<gap extent="unknown no. of lines missing"/>
</div1>
<div1 type="segment" n="B">
<l n="1" id="c625.5.B.1" corresp="t625.p62">
<w form="nin" lemma="nin" pos="N" label="lady">nin</w>
<w form="u3-ma-ta-CEC-CEC" lemma="CEC" pos="V" label="&C;E&C;">u3-ma-ta-CEC-CEC</w>
<w form="li-bi-dug4-Xbr" lemma="dug4" pos="V" label="to say">li-<unclear cert="cor">bi</unclear>-<damage/>dug4<damageEnd/>-<supplied/>(X)</w>
<suppliedEnd/>
</l>
<l n="2" id="c625.5.B.2" corresp="t625.p62">
<w form="e2" lemma="e2" pos="N" label="house(hold)">e2</w>
<w form="ad-ta" lemma="ad-da" pos="N" label="father">ad-ta</w>
<w form="gul-gul" lemma="gul" pos="V" label="to destroy" form-type="RR">gul-gul</w>
<supplied/>
<w form="Xbr" lemma="Xbr" label="Xbr">(X)</w>
<suppliedEnd/>
</l>
<l n="3" id="c625.5.B.3" corresp="t625.p63">
<w form="TUM-bi" lemma="TUM" label="TUM"><unclear cert="qry">TUM</unclear>-bi</w>
<w form="gu5-li" lemma="gu5-li" pos="N" label="friend">gu5-li</w>
<w form="an-na" lemma="an" pos="N" type="DN" label="An"><unclear cert="qry">an</unclear>-na</w>
<supplied/>
<w form="Xbr" lemma="Xbr" label="Xbr">(X)</w>
<suppliedEnd/>
</l>
<note lang="eng">cf. <xref doc="c.6.2.3" from="c623.93.1">6.2.3: UET 6/2 367 l. 1</xref>, <xref doc="c.5.6.1" from="c561.184">5.6.1: l. 184</xref></note>
<l n="4" id="c625.5.B.4" corresp="t625.p64">
<w form="lu2" lemma="lu2" pos="N" label="person">lu2</w>
<w form="nij2-tuku" lemma="nij2-tuku" pos="AJ" label="rich">nij2-tuku</w>
<w form="lu2" lemma="lu2" pos="N" label="person">lu2</w>
<w form="nij2" lemma="nij2" pos="N" label="thing">nij2</w>
<w form="nu-tuku" lemma="tuku" pos="V" label="to have">nu-tuku</w>
<w form="gig-ce3" lemma="gig" pos="V" label="to be ill">gig-ce3</w>
<w form="in-jar" lemma="jar" pos="V" label="to place">in-<supplied/>jar</w>
<suppliedEnd/>
</l>
<l n="5" id="c625.5.B.5" corresp="t625.p65">
<w form="i3-jal2" lemma="jal2" pos="V" label="to be (located)">i3-jal2</w>
<w form="nam-tar-zu" lemma="nam-tar" pos="N" label="destiny">nam-<unclear cert="cor">tar</unclear>-zu</w>
<w form="ad" lemma="ad" pos="N" label="log">ad</w>
<w form="nu-ni-jal2" lemma="jal2" pos="V" label="to be (located)">nu-ni-jal2</w>
</l>
<l n="6" id="c625.5.B.6" corresp="t625.p66">
<damage/>
<w form="nij2-gig-zu" lemma="nij2-gig" pos="N" label="abomination">nij2-gig<damageEnd/>-zu</w>
<w form="he2-a" lemma="me" pos="V" label="to be">he2-a</w>
<w form="nij2-tuku" lemma="nij2-tuku" pos="AJ" label="rich">nij2-tuku</w>
<w form="ha-la" lemma="ha-la" pos="N" label="share">ha-la</w>
<w form="ba-zu" lemma="ba" pos="V" label="to allot">ba-zu</w>
<w form="he2-a" lemma="me" pos="V" label="to be">he2-a</w>
</l>
<l n="7" id="c625.5.B.7" corresp="t625.p67">
<w form="NI" lemma="NI" label="NI">NI</w>
<w form="ur-idim-bi" lemma="ur-idim" pos="N" label="rabid dog">ur-idim-bi</w>
<w form="ur-gir15" lemma="ur-gir15" pos="N" label="domestic dog">ur-gir15</w>
<w form="ur" lemma="ur" pos="N" label="dog">ur</w>
<w form="X-ra" lemma="X" label="X-ra">X-ra</w>
</l>
<l n="8" id="c625.5.B.8" corresp="t625.p67">
<w form="lu2" lemma="lu2" pos="N" label="person">lu2</w>
<w form="ur-a" lemma="ur" pos="N" label="dog">ur-a</w>
<supplied/>
<w form="X" lemma="X" label="X">X</w>
<suppliedEnd/>
</l>
</div1>
</body>
</text>
<text n="6">
<body>
<head id="c625.h6" lang="eng">YBC 8713 (Alster 1997 p. 302)</head>
<note lang="eng">cf. <xref doc="c.6.1.01" from="c.6.1.01.1">6.1.01.1</xref>, <xref doc="c.6.2.3" from="c623.1.1">6.2.3: UET 6/2 291 ll. 1-2</xref></note>
<l n="1" id="c625.6.1" corresp="t625.p68">
<w form="nij2-gen6-na-da" lemma="nij2-gen6-na" pos="N" label="constancy">nij2-gen6-na-<supplied/>da</w>
<suppliedEnd/>
</l>
<l n="2" id="c625.6.2" corresp="t625.p68">
<w form="a-ba" lemma="a-ba" pos="PD" type="interrogative" label="who">a-ba</w>
<w form="mu-un-da-sa2" lemma="sa2" pos="V" label="to equal">mu-un-<damage/>da<damageEnd/>-<supplied/>sa2</w>
<suppliedEnd/>
</l>
<note lang="eng">cf. <xref doc="c.6.1.01" from="c.6.1.01.2">6.1.01.2</xref>, <xref doc="c.6.2.3" from="c623.1.3">6.2.3: UET 6/2 291 l. 3</xref></note>
<l n="3" id="c625.6.3" corresp="t625.p69">
<w form="nij2-erim2-me" lemma="nij2-erim2" pos="N" label="fraudulent action">nij2-erim2-me</w>
<damage/>
<w form="a2-bi" lemma="a2" pos="N" label="arm">a2<damageEnd/>-<supplied/>bi</w>
<w form="&X;br" lemma="&X;br" label="&X;br">(&X;)</w>
<suppliedEnd/>
</l>
<note lang="eng">cf. <xref doc="c.6.1.01" from="c.6.1.01.83">6.1.01.83</xref>, <xref doc="c.6.1.26" from="c.6.1.26.a11">6.1.26.a11</xref>, <xref doc="c.6.2.3" from="c623.h7">6.2.3: UET 6/2 302</xref></note>
<l n="4" id="c625.6.4" corresp="t625.p70">
<supplied/>
<w form="&jic;ma2" lemma="ma2" pos="N" label="boat" det="&jic;">&jic;<suppliedEnd/>ma2</w>
<w form="nij2-gen6-na" lemma="nij2-gen6-na" pos="N" label="constancy">nij2-gen6-<supplied/>na</w>
<w form="ni2" lemma="ni2" pos="N" label="self">ni2</w>
<w form="ba-ra-dirig" lemma="dirig" pos="V" label="to be superior">ba-ra-dirig</w>
<suppliedEnd/>
</l>
<l n="5" id="c625.6.5" corresp="t625.p70">
<w form="&d;utu" lemma="utu" pos="N" type="DN" label="Utu" det="&d;">&d;<supplied/>utu<suppliedEnd/></w>
<damage/>
<w form="kar" lemma="kar" pos="V" label="to flee">kar</w>
<damageEnd/>
<w form="gen6-na" lemma="gen6" pos="V" label="to be firm">gen6-na</w>
<supplied/>
<w form="&X;-kij2-kij2" lemma="kij2" pos="V" label="to seek">&X;-kij2-kij2</w>
<suppliedEnd/>
</l>
<l n="6" id="c625.6.6" corresp="t625.p71">
<w form="lu2" lemma="lu2" pos="N" label="person">lu2</w>
<w form="X" lemma="X" label="X">X</w>
<w form="dam-a-ni" lemma="dam" pos="N" label="spouse">dam-a-ni</w>
<w form="X" lemma="X" label="X">X</w>
<supplied/>
<w form="X" lemma="X" label="X">X</w>
<w form="Xbr" lemma="Xbr" label="Xbr">(X)</w>
<suppliedEnd/>
</l>
<note lang="eng">cf. <xref doc="c.6.1.03" from="c.6.1.03.42">6.1.03.42</xref>, <xref doc="c.6.1.22" from="c.6.1.22.278">6.1.22: ll. 278-279</xref>, <xref doc="c.6.2.1" from="c621.7.C.1">6.2.1: Ni 9824 Seg. C ll. 1-2</xref></note>
<l n="7" id="c625.6.7" corresp="t625.p72">
<w form="e2-kinkin-na" lemma="e2-kinkin" pos="N" label="mill">e2-kinkin(HAR)-na</w>
<w form="du8" lemma="du8" pos="V" label="to spread">du8</w>
<w form="he2-jal2" lemma="he2-jal2" pos="N" label="plenty">he2-jal2</w>
<w form="geme2" lemma="geme2" pos="N" label="female slave">geme2</w>
<supplied/>
<w form="Xbr" lemma="Xbr" label="Xbr">(X)</w>
<suppliedEnd/>
<w form="ha-ba-ra-be2-e-ce" lemma="dug4" pos="V" label="to say" form-type="ppli">ha-ba-ra-be2-<supplied/>e-ce</w>
<suppliedEnd/>
</l>
<l n="8" id="c625.6.8" corresp="t625.p73">
<w form="geme2" lemma="geme2" pos="N" label="female slave">geme2</w>
<w form="lul-la" lemma="lul" pos="V" label="to be false">lul-la</w>
<w form="kar" lemma="kar" pos="V" label="to flee"><unclear cert="qry">kar</unclear></w>
<w form="HAR" lemma="HAR" label="&H;AR">HAR</w>
<w form="X" lemma="X" label="X">X</w>
<w form="Xbr" lemma="Xbr" label="Xbr">(X)</w>
<supplied/>
<w form="X" lemma="X" label="X">X</w>
<w form="X" lemma="X" label="X">X</w>
<suppliedEnd/>
</l>
<l n="9" id="c625.6.9" corresp="t625.p73">
<w form="jic-gan-na" lemma="jic-gan-na" pos="N" label="pestle">jic-gan-na</w>
<w form="cu-dib" lemma="cu-dib" pos="N" label="handle?">cu-dib</w>
<w form="nu-tuku" lemma="tuku" pos="V" label="to have">nu-tuku</w>
<supplied/>
<w form="Xbr" lemma="Xbr" label="Xbr">(X)</w>
<suppliedEnd/>
</l>
<l n="10" id="c625.6.10" corresp="t625.p74">
<w form="igi" lemma="igi" pos="N" label="eye">igi</w>
<w form="ba-KAL-KAL" lemma="KAL" pos="V" label="KAL" form-type="RR">ba-KAL-KAL</w>
<w form="tec2-bi" lemma="tec2" pos="N" label="unity">tec2-bi</w>
<w form="la2" lemma="la2" pos="V" label="to hang">la2</w>
<supplied/>
<w form="Xbr" lemma="Xbr" label="Xbr">(X)</w>
<suppliedEnd/>
</l>
<l n="11" id="c625.6.11" corresp="t625.p74">
<damage/>
<w form="pa5" lemma="pa5" pos="N" label="canal"><unclear cert="qry">pa5</unclear></w>
<damageEnd/>
<w form="ba-X" lemma="X" label="X">ba-X</w>
<w form="nam-gu5-li" lemma="nam-gu5-li" pos="N" label="friendship">nam-gu5-li</w>
<w form="ba-X" lemma="X" label="X">ba-X</w>
<supplied/>
<w form="Xbr" lemma="Xbr" label="Xbr">(X)</w>
<suppliedEnd/>
</l>
<l n="12" id="c625.6.12" corresp="t625.p75">
<supplied/>
<w form="X" lemma="X" label="X">X</w>
<suppliedEnd/>
<w form="X" lemma="X" label="X">X</w>
<damage/>
<w form="MU" lemma="MU" label="MU">MU</w>
<damageEnd/>
<supplied/>
<w form="X" lemma="X" label="X">X</w>
<suppliedEnd/>
<w form="nu-X" lemma="X" label="X">nu-X</w>
<w form="X" lemma="X" label="X">X</w>
<supplied/>
<w form="&X;" lemma="&X;" label="&X;">&X;</w>
<suppliedEnd/>
</l>
</body>
</text>
<text n="7">
<body>
<head id="c625.h7" lang="eng">YBC 4677 (Alster 1997 pp. 301-302)</head>
<note lang="eng">cf. <xref doc="c.6.1.09" from="c.6.1.09.a12">6.1.09.a12</xref>, <xref doc="c.6.1.19" from="c.6.1.19.b1">6.1.19.b1</xref>, <xref doc="c.6.1.21" from="c.6.1.21.b4">6.1.21.b4</xref>, <xref doc="c.6.1.24" from="c.6.1.24.2">6.1.24.2</xref></note>
<l n="1" id="c625.7.1" corresp="t625.p76">
<w form="cah2" lemma="cah2" pos="N" label="pig">cah2</w>
<damage/>
<w form="niga" lemma="niga" pos="AJ" label="fattened">niga</w>
<w form="he2-cum-e" lemma="cum" pos="V" label="to slaughter">he2-<unclear cert="qry">cum</unclear><damageEnd/>-e</w>
</l>
<l n="2" id="c625.7.2" corresp="t625.p76">
<w form="nij2" lemma="nij2" pos="N" label="thing">nij2</w>
<w form="i3-gu7-a" lemma="gu7" pos="V" label="to eat">i3-gu7-a</w>
<w form="ga-ra-ab-gi4" lemma="gi4" pos="V" label="to return">ga-ra-ab-<unclear cert="qry">gi4</unclear></w>
</l>
<note lang="eng">cf. <xref doc="c.6.1.09" from="c.6.1.09.a13">6.1.09.a13</xref>, <xref doc="c.6.1.19" from="c.6.1.19.b2">6.1.19.b2</xref>, <xref doc="c.6.1.21" from="c.6.1.21.b5">6.1.21.b5</xref>, <xref doc="c.6.1.24" from="c.6.1.24.2">6.1.24.2</xref></note>
<l n="3" id="c625.7.3" corresp="t625.p77">
<w form="&cah2;ze2-eh" lemma="ze2-eh" pos="N" label="pig" det="&cah2;">&cah2;ze2-eh</w>
<w form="tur-e" lemma="tur" pos="V" label="to be small">tur-e</w>
<w form="al-gud-gu4-ud-de3" lemma="gu4-ud" pos="V" label="to jump on" form-type="RR">al-gud-gu4-ud-de3</w>
</l>
<l n="4" id="c625.7.4" corresp="t625.p77">
<w form="sag9-ga-ac" lemma="sag9" pos="V" label="to be good">sag9-ga-ac</w>
<w form="je26-e" lemma="je26" pos="PD" type="personal" label="I">je26-e</w>
<w form="nu-ub-gu7" lemma="gu7" pos="V" label="to eat">nu-ub-gu7</w>
</l>
<note lang="eng">cf. <xref doc="c.6.1.01" from="c.6.1.01.16">6.1.01.16</xref></note>
<l n="5" id="c625.7.5" corresp="t625.p78">
<w form="nij2" lemma="nij2" pos="N" label="thing">nij2</w>
<w form="am3-da-tuku-tuku" lemma="tuku" pos="V" label="to have" form-type="RR">am3-da-tuku-tuku</w>
<w form="igi" lemma="igi" pos="N" label="eye">igi</w>
<w form="am3-da-uru3-e" lemma="uru3" pos="V" label="to be vigilant">am3-da-uru3-e</w>
</l>
<note lang="eng">cf. <xref doc="c.6.1.01" from="c.6.1.01.7">6.1.01.7</xref></note>
<l n="6" id="c625.7.6" corresp="t625.p79">
<w form="nij2" lemma="nij2" pos="N" label="thing">nij2</w>
<w form="ha-lam-ma" lemma="ha-lam" pos="V" label="to be lost">ha-lam-ma</w>
<w form="dijir-ra-kam" lemma="dijir" pos="N" label="deity">dijir-ra-kam</w>
</l>
<l n="7" id="c625.7.7" corresp="t625.p79">
<w form="cu" lemma="cu" pos="N" label="hand">cu</w>
<w form="tu-tu" lemma="tu-tu" pos="V" label="to approach" form-type="RR">tu-tu</w>
<w form="nu-ub-zu" lemma="zu" pos="V" label="to know">nu-ub-zu</w>
</l>
<note lang="eng">cf. <xref doc="c.6.1.03" from="c.6.1.03.25">6.1.03.25</xref>, <xref doc="c.6.1.19" from="c.6.1.19.c1">6.1.19.c1</xref></note>
<l n="8" id="c625.7.8" corresp="t625.p80">
<w form="&d;en-lil2-le" lemma="en-lil2" pos="N" type="DN" label="Enlil" det="&d;">&d;en-lil2-le</w>
<w form="a-na-am3" lemma="a-na" pos="PD" type="interrogative" label="what">a-na-am3</w>
<w form="in-ak" lemma="ak" pos="V" label="to do">in-<damage/>ak</w>
<damageEnd/>
</l>
<l n="9" id="c625.7.9" corresp="t625.p80">
<w form="in-bul-bul" lemma="in-bul-bul" pos="N" label="chaff">in-<damage/>bul-bul</w>
<damageEnd/>
<w form="&urud;cukur" lemma="cukur" pos="N" label="lance" det="&urud;">&urud;<unclear cert="cor">cukur</unclear></w>
<w form="ma-an-e3" lemma="e3" pos="V" label="to go out or in">ma-an-<unclear cert="cor">e3</unclear></w>
</l>
<l n="10" id="c625.7.10" corresp="t625.p80">
<w form="su-ju10" lemma="su" pos="N" label="flesh">su-ju10</w>
<w form="ib2-te-te" lemma="te" pos="V" label="to pierce" form-type="RR">ib2-te-te</w>
</l>
<note lang="eng">cf. <xref doc="c.6.1.03" from="c.6.1.03.24">6.1.03.24</xref></note>
<l n="11" id="c625.7.11" corresp="t625.p81">
<w form="&d;en-lil2" lemma="en-lil2" pos="N" type="DN" label="Enlil" det="&d;">&d;en-lil2</w>
<w form="i3-zig3-ge-en-na-ju10" lemma="zig3" pos="V" label="to rise">i3-zig3-ge-en-na-ju10</w>
<damage/>
<w form="&tug2;nij2-dara2-ju10" lemma="nij2-dara2" pos="N" label="cloth strip" bound="L,ju" det="&tug2;">&tug2;<damageEnd/>nij2-dara2-ju10</w>
<w form="du-um" lemma="jen" pos="V" label="to go" form-type="isg">du-um</w>
</l>
</body>
</text>
<text n="8">
<body>
<head id="c625.h8" lang="eng">MLC 618 (Alster 1997 p. 329)</head>
<l n="1" id="c625.8.1" corresp="t625.p82">
<w form="&d;en-lil2" lemma="en-lil2" pos="N" type="DN" label="Enlil" det="&d;">&d;en-lil2</w>
<w form="in-X" lemma="X" label="X"><unclear cert="qry">in</unclear>-<supplied/>X</w>
<suppliedEnd/>
</l>
<l n="2" id="c625.8.2" corresp="t625.p82">
<w form="in-a" lemma="in" pos="N" label="abuse"><unclear cert="qry">in</unclear>-a</w>
<w form="nij2-gig" lemma="nij2-gig" pos="N" label="abomination">nij2-gig</w>
</l>
<l n="3" id="c625.8.3" corresp="t625.p83">
<w form="mac2" lemma="mac2" pos="N" label="(kid) goat">mac2</w>
<damage/>
<w form="ba-da-DU" lemma="DU" pos="V" label="DU"><unclear cert="qry">ba</unclear>-da-DU</w>
<damageEnd/>
</l>
<l n="4" id="c625.8.4" corresp="t625.p83">
<damage/>
<w form="MAC2" lemma="MAC2" label="MA&C;&s2;">MAC2</w>
<damageEnd/>
<supplied/>
<w form="X" lemma="X" label="X">X</w>
<suppliedEnd/>
<w form="X" lemma="X" label="X">X</w>
<w form="X" lemma="X" label="X">X</w>
</l>
<l n="5" id="c625.8.5" corresp="t625.p83">
<damage/>
<w form="ur2" lemma="ur2" pos="N" label="root"><unclear cert="qry">ur2</unclear></w>
<damageEnd/>
<supplied/>
<w form="Xbr" lemma="Xbr" label="Xbr">(X)</w>
<suppliedEnd/>
<w form="X" lemma="X" label="X">X</w>
</l>
<l n="6" id="c625.8.6" corresp="t625.p83">
<w form="MU" lemma="MU" label="MU">MU</w>
<w form="X" lemma="X" label="X">X</w>
<supplied/>
<w form="Xbr" lemma="Xbr" label="Xbr">(X)</w>
<suppliedEnd/>
</l>
<l n="7" id="c625.8.7" corresp="t625.p83">
<w form="X" lemma="X" label="X">X</w>
<w form="X" lemma="X" label="X">X</w>
<w form="X" lemma="X" label="X">X</w>
<w form="X" lemma="X" label="X">X</w>
</l>
</body>
</text>
<text n="9">
<body>
<head id="c625.h9" lang="eng">UM 29-15-748 (Alster 1997 p. 299)</head>
<l n="1" id="c625.9.1" corresp="t625.p84">
<damage/>
<w form="lu2" lemma="lu2" pos="N" label="person">lu2</w>
<damageEnd/>
<w form="X" lemma="X" label="X">X</w>
<supplied/>
<w form="X" lemma="X" label="X">X</w>
<w form="X" lemma="X" label="X">X</w>
<suppliedEnd/>
<damage/>
<w form="nij2" lemma="nij2" pos="N" label="thing"><unclear cert="qry">nij2</unclear></w>
<w form="ma-an-X" lemma="X" label="X"><unclear cert="qry">ma</unclear><damageEnd/>-an-<supplied/>X</w>
<suppliedEnd/>
</l>
<l n="2" id="c625.9.2" corresp="t625.p85">
<w form="X" lemma="X" label="X">X</w>
<w form="X" lemma="X" label="X">X</w>
<w form="RI" lemma="RI" label="RI">RI</w>
<w form="KU" lemma="KU" label="KU">KU</w>
<w form="tar-re" lemma="tar" pos="V" label="to cut">tar-re</w>
</l>
<l n="3" id="c625.9.3" corresp="t625.p85">
<supplied/>
<w form="Xbr" lemma="Xbr" label="Xbr">(X)</w>
<suppliedEnd/>
<w form="cec-gal-la" lemma="cec-gal" pos="N" label="elder brother">cec-gal-la</w>
<w form="sun5-sun5-X" lemma="sun7" pos="V" label="to be haughty">sun5-<damage/>sun5<damageEnd/>-<supplied/>X</w>
<suppliedEnd/>
</l>
<l n="4" id="c625.9.4" corresp="t625.p86">
<w form="cec-e" lemma="cec" pos="N" label="brother">cec-e</w>
<w form="dam" lemma="dam" pos="N" label="spouse">dam</w>
<w form="mu-un-X" lemma="X" label="X">mu-un-X</w>
</l>
<l n="5" id="c625.9.5" corresp="t625.p86">
<w form="X" lemma="X" label="X">X</w>
<w form="mu-un-ne-X" lemma="X" pos="V" label="X">mu-un-ne-X</w>
<w form="a2-a" lemma="a2" pos="N" label="arm"><unclear cert="qry">a2</unclear>-a</w>
<w form="bi2-in-taka4" lemma="taka4" pos="V" label="to leave behind">bi2-in-taka4</w>
</l>
<note lang="eng">cf. <xref doc="c.6.1.14" from="c.6.1.14.45">6.1.14.45</xref>, <xref doc="c.6.1.22" from="c.6.1.22.35">6.1.22: ll. 35-37</xref></note>
<l n="6" id="c625.9.6" corresp="t625.p87">
<w form="cah2-e" lemma="cah2" pos="N" label="pig">cah2-e</w>
<w form="nij2" lemma="nij2" pos="N" label="thing">nij2</w>
<w form="mu-un-la2" lemma="la2" pos="V" label="to hang">mu-un-la2</w>
<supplied/>
<w form="me-a" lemma="me-a" pos="AV" label="where">me-a</w>
<w form="dam-ju10" lemma="dam" pos="N" label="spouse">dam<suppliedEnd/>-ju10</w>
<w form="im-me" lemma="dug4" pos="V" label="to say" form-type="ppli">im-me</w>
</l>
<l n="7" id="c625.9.7" corresp="t625.p87">
<damage/>
<w form="nam-tar" lemma="nam-tar" pos="N" label="destiny">nam<damageEnd/>-<supplied/>tar</w>
<suppliedEnd/>
<damage/>
<w form="u3-mu-un-na-te" lemma="te" pos="V" label="to approach">u3<damageEnd/>-mu-un-<damage/>na-te</w>
<damageEnd/>
</l>
</body>
</text>
<text n="10">
<body>
<head id="c625.h10" lang="eng">BM 57994 (Alster 1997 pp. 109, 288)</head>
<div1 type="segment" n="A">
<note lang="eng">cf. <xref doc="c.6.1.03" from="c.6.1.03.170">6.1.03.170</xref>, <xref doc="c.6.1.25" from="c.6.1.25.13">6.1.25.13</xref>, <xref doc="c.6.1.26" from="c.6.1.26.a10">6.1.26.a10</xref></note>
<l n="1" id="c625.10.A.1" corresp="t625.p88">
<damage/>
<w form="lu2" lemma="lu2" pos="N" label="person">lu2</w>
<damageEnd/>
<w form="&jic;ma2" lemma="ma2" pos="N" label="boat" det="&jic;">&jic;ma2</w>
<damage/>
<w form="lu2" lemma="lu2" pos="N" label="person"><unclear cert="qry">lu2</unclear></w>
<damageEnd/>
<w form="X" lemma="X" label="X">X</w>
<w form="Xbr" lemma="Xbr" label="Xbr">(X)</w>
<damage/>
<w form="nij2" lemma="nij2" pos="N" label="thing">nij2</w>
<damageEnd/>
<w form="kab2-a" lemma="kab2" pos="N" label="gauge"><unclear cert="qry">kab2</unclear>-a</w>
<w form="di-da" lemma="dug4" pos="V" label="to say" form-type="nfi">di-<damage/>da</w>
<damageEnd/>
</l>
<l n="2" id="c625.10.A.2" corresp="t625.p88">
<supplied/>
<w form="gal4-la" lemma="gal4-la" pos="N" label="female genitals">gal4<suppliedEnd/>-la</w>
<w form="tug2-ga" lemma="tug2" pos="N" label="garment">tug2-ga</w>
<w form="cu" lemma="cu" pos="N" label="hand">cu</w>
<w form="tag-ga" lemma="tag" pos="V" label="to touch">tag-ga</w>
</l>
<l n="3" id="c625.10.A.3" corresp="t625.p88">
<damage/>
<w form="nij2-gig" lemma="nij2-gig" pos="N" label="abomination">nij2<damageEnd/>-gig</w>
<w form="&d;suen-na-kam" lemma="suen" pos="N" type="DN" label="Suen" det="&d;">&d;suen-na-kam</w>
</l>
<gap extent="unknown no. of lines missing"/>
</div1>
<div1 type="segment" n="B">
<l n="1" id="c625.10.B.1" corresp="t625.p89">
<w form="nin" lemma="nin" pos="N" label="lady"><unclear cert="qry">nin</unclear></w>
<supplied/>
<w form="&X;" lemma="&X;" label="&X;">&X;</w>
<suppliedEnd/>
</l>
<l n="2" id="c625.10.B.2" corresp="t625.p89">
<w form="X" lemma="X" label="X">X</w>
<supplied/>
<w form="&X;" lemma="&X;" label="&X;">&X;</w>
<suppliedEnd/>
</l>
<l n="3" id="c625.10.B.3" corresp="t625.p89">
<w form="X" lemma="X" label="X">X</w>
<supplied/>
<w form="&X;" lemma="&X;" label="&X;">&X;</w>
<suppliedEnd/>
</l>
</div1>
</body>
</text>
<text n="11">
<body>
<head id="c625.h11" lang="eng">CBS 6565 (Veldhuis 2000c fig. 2)</head>
<l n="1" id="c625.11.1" corresp="t625.p90">
<w form="X" lemma="X" label="X">X</w>
<w form="X" lemma="X" label="X">X</w>
<supplied/>
<w form="&X;" lemma="&X;" label="&X;">&X;</w>
<suppliedEnd/>
</l>
<l n="2" id="c625.11.2" corresp="t625.p90">
<w form="a-na-gin7-nam" lemma="a-na-gin7" pos="AV" label="how">a-na-gin7-<damage/>nam</w>
<damageEnd/>
<w form="nij2" lemma="nij2" pos="N" label="thing">nij2</w>
<w form="i3-gu7-a-ju10" lemma="gu7" pos="V" label="to eat">i3-gu7-a-ju10</w>
<w form="gub-ba-e-ce" lemma="gub" pos="V" label="to stand">gub-ba-e-ce</w>
</l>
<l n="3" id="c625.11.3" corresp="t625.p91">
<w form="muc-lah5-e" lemma="muc-lah4" pos="N" label="snake charmer">muc-lah5-e</w>
<w form="muc" lemma="muc" pos="N" label="snake">muc</w>
<w form="an-da-jal2" lemma="jal2" pos="V" label="to be (located)">an-da-<damage/>jal2</w>
<damageEnd/>
</l>
<l n="4" id="c625.11.4" corresp="t625.p91">
<w form="zu2" lemma="zu2" pos="N" label="tooth">zu2</w>
<w form="mu-ra-ze2-X" lemma="ze2-er" pos="V" label="to tear out">mu-ra-ze2-X</w>
</l>
<l n="5" id="c625.11.5" corresp="t625.p91">
<supplied/>
<w form="X" lemma="X" label="X">X</w>
<suppliedEnd/>
<w form="X" lemma="X" label="X">X</w>
<supplied/>
<w form="&X;" lemma="&X;" label="&X;">&X;</w>
<suppliedEnd/>
</l>
</body>
</text>
<text n="12">
<body>
<head id="c625.h12" lang="eng">CBS 6855 (Alster 1997 p. 292)</head>
<l n="1" id="c625.12.1" corresp="t625.p92">
<w form="ud-da-tuc" lemma="ud-da-tuc" pos="N" label="buffoon">ud-da-tuc</w>
<w form="A" lemma="A" label="A">A</w>
<w form="CEN" lemma="CEN" label="&C;EN">CEN</w>
<supplied/>
<w form="&X;" lemma="&X;" label="&X;">&X;</w>
<suppliedEnd/>
</l>
<l n="2" id="c625.12.2" corresp="t625.p92">
<w form="X" lemma="X" label="X">X</w>
<supplied/>
<w form="&X;" lemma="&X;" label="&X;">&X;</w>
<suppliedEnd/>
</l>
<l n="3" id="c625.12.3" corresp="t625.p92">
<w form="igi-a" lemma="igi" pos="N" label="eye">igi-a</w>
<w form="utul2-zu" lemma="utul2" pos="N" label="tureen">utul2-zu</w>
<damage/>
<w form="KA" lemma="KA" label="KA">KA</w>
<damageEnd/>
<supplied/>
<w form="&X;" lemma="&X;" label="&X;">&X;</w>
<suppliedEnd/>
</l>
<l n="4" id="c625.12.4" corresp="t625.p92">
<damage/>
<w form="ud-da-tuc" lemma="ud-da-tuc" pos="N" label="buffoon">ud<damageEnd/>-da-tuc</w>
<w form="A" lemma="A" label="A">A</w>
<w form="X" lemma="X" label="X">X</w>
<supplied/>
<w form="&X;" lemma="&X;" label="&X;">&X;</w>
<suppliedEnd/>
<w form="X" lemma="X" label="X">X</w>
<supplied/>
<w form="&X;" lemma="&X;" label="&X;">&X;</w>
<suppliedEnd/>
</l>
<l n="5" id="c625.12.5" corresp="t625.p92">
<supplied/>
<w form="X" lemma="X" label="X">X</w>
<suppliedEnd/>
<w form="X" lemma="X" label="X">X</w>
<supplied/>
<w form="&X;" lemma="&X;" label="&X;">&X;</w>
<suppliedEnd/>
</l>
</body>
</text>
<text n="13">
<body>
<head id="c625.h13" lang="eng">Free Library of Philadelphia unnumbered (Alster 1997 p. 334)</head>
<l n="1" id="c625.13.1" corresp="t625.p93">
<damage/>
<w form="di" lemma="di" pos="N" label="(law)suit">di</w>
<w form="nij2-gen6-na" lemma="nij2-gen6-na" pos="N" label="constancy">nij2<damageEnd/>-<unclear cert="cor">gen6</unclear>-na</w>
<w form="hul-a" lemma="hul" pos="V" label="to be bad">hul-a</w>
</l>
<l n="2" id="c625.13.2" corresp="t625.p93">
<w form="di" lemma="di" pos="N" label="(law)suit">di</w>
<w form="nij2-erim2-e" lemma="nij2-erim2" pos="N" label="fraudulent action">nij2-erim2-e</w>
<w form="ki" lemma="ki" pos="N" label="place">ki</w>
<w form="aj2" lemma="aj2" pos="V" label="to measure">aj2</w>
</l>
<l n="3" id="c625.13.3" corresp="t625.p93">
<w form="nij2-gig" lemma="nij2-gig" pos="N" label="abomination">nij2-gig</w>
<w form="&d;utu-kam" lemma="utu" pos="N" type="DN" label="Utu" det="&d;">&d;utu-kam</w>
</l>
</body>
</text>
<text n="14">
<body>
<head id="c625.h14" lang="eng">MM 1134 (Molina 2000 p. 755)</head>
<l n="1" id="c625.14.1" corresp="t625.p94">
<damage/>
<w form="mucen" lemma="mucen" pos="N" label="bird">mucen</w>
<damageEnd/>
<supplied/>
<w form="&X;" lemma="&X;" label="&X;">&X;</w>
<suppliedEnd/>
</l>
<l n="2" id="c625.14.2" corresp="t625.p94">
<w form="mucen" lemma="mucen" pos="N" label="bird">mucen</w>
<w form="A" lemma="A" label="A">A</w>
<w form="MU" lemma="MU" label="MU">MU</w>
<w form="X" lemma="X" label="X">X</w>
<damage/>
<w form="saj" lemma="saj" pos="N" label="head">saj</w>
<damageEnd/>
<supplied/>
<w form="&X;" lemma="&X;" label="&X;">&X;</w>
<suppliedEnd/>
</l>
<l n="3" id="c625.14.3" corresp="t625.p94">
<w form="mucen" lemma="mucen" pos="N" label="bird">mucen</w>
<w form="i3-udu" lemma="i3-udu" pos="N" label="(sheep) fat">i3-udu</w>
<w form="mucen-bi" lemma="mucen" pos="N" label="bird">mucen-bi</w>
<w form="bur" lemma="bur" pos="N" label="type of bowl">bur</w>
<supplied/>
<w form="&X;" lemma="&X;" label="&X;">&X;</w>
<suppliedEnd/>
</l>
</body>
</text>
<text n="15">
<body>
<head id="c625.h15" lang="eng">YBC 7301 (Alster 1997 p. 330)</head>
<l n="1" id="c625.15.1" corresp="t625.p95">
<w form="gud" lemma="gud" pos="N" label="bull">gud</w>
<w form="cu-gi4" lemma="cu-gi4" pos="AJ" label="elderly">cu-gi4</w>
<w form="ki" lemma="ki" pos="N" label="place">ki</w>
<w form="ni10-ni10-da" lemma="nijin2" pos="V" label="to go around" form-type="rr">ni10-ni10-da</w>
<w form="kac4" lemma="kac4" pos="V" label="to run">kac4</w>
<w form="u3-bi2-in-du" lemma="jen" pos="V" label="to go" form-type="isg">u3-bi2-in-du</w>
</l>
<l n="2" id="c625.15.2" corresp="t625.p95">
<w form="usu" lemma="usu" pos="N" label="strength">usu</w>
<w form="nij2" lemma="nij2" pos="N" label="thing">nij2</w>
<w form="ud-bi-da-ju10" lemma="ud-bi-ta" pos="N" label="former days">ud-bi-da-ju10</w>
<w form="ni2-me-en" lemma="ni2" pos="N" label="self">ni2-me-en</w>
<w form="gur-e-ce" lemma="gur" pos="V" label="to turn"><unclear cert="qry">gur</unclear>-e-ce</w>
</l>
<l n="3" id="c625.15.3" corresp="t625.p95">
<w form="iri" lemma="iri" pos="N" label="town">iri</w>
<w form="re-ta" lemma="re" pos="PD" type="demonstrative" label="that">re-ta</w>
<w form="e-da" lemma="ed3" pos="V" label="to go down or up">e-da</w>
<w form="i3-me-am3" lemma="me" pos="V" label="to be">i3-me-am3</w>
<w form="usu-ju10" lemma="usu" pos="N" label="strength">usu-ju10</w>
<w form="nij2-tukum-ta-e-ce" lemma="nij2-tukum" pos="N" label="conjecture?">nij2-tukum-ta-e-ce</w>
</l>
</body>
</text>
<text n="16">
<body>
<head id="c625.h16" lang="eng">YBC 7345 (Alster 1997 p. 331)</head>
<note lang="eng">cf. <xref doc="c.6.1.11" from="c.6.1.11.85">6.1.11.85</xref></note>
<l n="1" id="c625.16.1" corresp="t625.p96">
<w form="kud-kud" lemma="kud-ku5-ra2" pos="N" label="cripple" form-type="RR">kud-kud</w>
<w form="gi-gur" lemma="gi-gur" pos="N" label="capacity measure (container)">gi-gur</w>
<w form="ba-an-dab" lemma="dab5" pos="V" label="to seize">ba-an-dab</w>
</l>
<l n="2" id="c625.16.2" corresp="t625.p96">
<w form="inim-ma-a-ni-ra" lemma="inim" pos="N" label="word">inim-ma-a-ni-ra</w>
<w form="lu2" lemma="lu2" pos="N" label="person"><unclear cert="qry">lu2</unclear></w>
<w form="al-sag3-e" lemma="sag3" pos="V" label="to beat">al-sag3-e</w>
</l>
<l n="3" id="c625.16.3" corresp="t625.p96">
<w form="ZA" lemma="ZA" label="ZA">ZA</w>
<w form="AD" lemma="AD" label="AD"><unclear cert="qry">AD</unclear></w>
<w form="RA-a" lemma="RA" label="RA"><unclear cert="qry">RA</unclear>-a</w>
<w form="lu2-ulu3" lemma="lu2-ulu3" pos="N" label="person">lu2-<damage/><unclear cert="qry">ulu3</unclear></w>
<damageEnd/>
<w form="al-NI-DI" lemma="DI" pos="V" label="DI">al-<unclear cert="qry">NI</unclear>-DI</w>
</l>
</body>
</text>
<text n="17">
<body>
<head id="c625.h17" lang="eng">YBC 7351 (Alster 1997 p. 332)</head>
<note lang="eng">cf. <xref doc="c.6.2.5" from="c625.4.B.4">UM 29-16-519 Seg. B ll. 4-5</xref>, <xref doc="c.6.1.22" from="c.6.1.22.49">6.1.22: ll. 49-50</xref>, <xref doc="c.6.1.26" from="c.6.1.26.a4">6.1.26.a4</xref>, <xref doc="c.6.2.3" from="c623.h74">6.2.3: UET 6/2 259</xref>, <xref doc="c.5.6.1" from="c561.50">5.6.1: l. 50</xref></note>
<l n="1" id="c625.17.1" corresp="t625.p97">
<w form="di-kud" lemma="di-kud" pos="N" label="judge">di-kud</w>
<w form="nij2-gen6-na" lemma="nij2-gen6-na" pos="N" label="constancy">nij2-gen6-na</w>
<w form="hul-a" lemma="hul" pos="V" label="to be bad">hul-a</w>
<w form="ac2" lemma="ac2" pos="N" label="curse">ac2</w>
<w form="a2" lemma="a2" pos="N" label="arm">a2</w>
<w form="zid-da" lemma="zid" pos="AJ" label="right">zid-da</w>
<w form="bal-e" lemma="bal" pos="V" label="to turn over">bal-e</w>
</l>
<l n="2" id="c625.17.2" corresp="t625.p97">
<w form="dumu-nitah" lemma="dumu-nitah" pos="N" label="son">dumu-nitah</w>
<w form="tur-ra" lemma="tur" pos="V" label="to be small">tur-ra</w>
<w form="e2" lemma="e2" pos="N" label="house(hold)">e2</w>
<w form="ad-da-na-ka" lemma="ad-da" pos="N" label="father">ad-da-na-ka</w>
<w form="ib2-ta-an-sar-re" lemma="sar" pos="V" label="to run">ib2-ta-an-sar-re</w>
</l>
<l n="3" id="c625.17.3" corresp="t625.p97">
<w form="nij2-gig" lemma="nij2-gig" pos="N" label="abomination">nij2-gig</w>
<w form="&d;nin-urta-ke4" lemma="nin-urta" pos="N" type="DN" label="Ninurta" det="&d;">&d;nin-urta-ke4</w>
</l>
</body>
</text>
<text n="18">
<body>
<head id="c625.h18" lang="eng">YBC 7352 (Alster 1997 p. 332)</head>
<l n="1" id="c625.18.1" corresp="t625.p98">
<w form="lu2" lemma="lu2" pos="N" label="person">lu2</w>
<w form="inim" lemma="inim" pos="N" label="word">inim</w>
<w form="gen6-na" lemma="gen6" pos="V" label="to be firm">gen6-na</w>
<w form="bal-bal" lemma="bal" pos="V" label="to turn over" form-type="RR">bal-bal</w>
</l>
<l n="2" id="c625.18.2" corresp="t625.p98">
<w form="inim" lemma="inim" pos="N" label="word">inim</w>
<w form="dijir-ra-ni-ta" lemma="dijir" pos="N" label="deity">dijir-ra-ni-ta</w>
<w form="nam-tar" lemma="nam-tar" pos="N" label="destiny">nam-tar</w>
<w form="sag9-ga-am3" lemma="sag9" pos="V" label="to be good">sag9-ga-am3</w>
</l>
<l n="3" id="c625.18.3" corresp="t625.p98">
<w form="ud" lemma="ud" pos="N" label="day(light)">ud</w>
<w form="cu2-uc" lemma="cu2" pos="V" label="to cover">cu2-uc</w>
<w form="mu-da-jal2" lemma="jal2" pos="V" label="to be (located)">mu-da-jal2</w>
</l>
</body>
</text>
<text n="19">
<body>
<head id="c625.h19" lang="eng">Emory 106 (Alster 1997 p. 334)</head>
<l n="1" id="c625.19.1" corresp="t625.p99">
<w form="lugal-ju10" lemma="lugal" pos="N" label="king">lugal-ju10</w>
<w form="en" lemma="en" pos="N" label="lord">en</w>
<w form="an-na" lemma="an" pos="N" label="heaven">an-na</w>
<w form="cu" lemma="cu" pos="N" label="hand">cu</w>
<w form="du7" lemma="du7" pos="V" label="to be perfect">du7</w>
</l>
<l n="2" id="c625.19.2" corresp="t625.p99">
<w form="ambar" lemma="ambar" pos="N" label="marsh">ambar</w>
<w form="a-ri-a" lemma="e2-ri-a" pos="N" label="wasteland">a-ri-a</w>
<w form="e2" lemma="e2" pos="N" label="house(hold)">e2</w>
<w form="bi2-in-du3" lemma="du3" pos="V" label="to erect">bi2-in-du3</w>
</l>
</body>
</text>
<text n="20">
<body>
<head id="c625.h20" lang="eng">NBC 8070 (Alster 1997 p. 329)</head>
<l n="1" id="c625.20.1" corresp="t625.p100">
<w form="ur3" lemma="ur3" pos="N" label="roof">ur3</w>
<w form="lugal-bi-ir" lemma="lugal" pos="N" label="king">lugal-bi-ir</w>
<w form="nu-gub-ba" lemma="gub" pos="V" label="to stand">nu-gub-ba</w>
</l>
<l n="2" id="c625.20.2" corresp="t625.p100">
<w form="&jic;alal-bi" lemma="alal" pos="N" label="conduit (for water)" bound="L,bi" det="&jic;">&jic;alal-bi</w>
<w form="a" lemma="a" pos="N" label="water">a</w>
<w form="nu-um-de2-e-ce" lemma="de2" pos="V" label="to pour">nu-um-de2-e-ce</w>
</l>
</body>
</text>
<text n="21">
<body>
<head id="c625.h21" lang="eng">P 374 (Alster 1997 p. 334)</head>
<note lang="eng">cf. <xref doc="c.6.1.02" from="c.6.1.02.61">6.1.02.61</xref>, <xref doc="c.6.2.1" from="Ni 3318">6.2.1: Ni 3318 Seg. A l. 6</xref></note>
<l n="1" id="c625.21.1" corresp="t625.p101">
<w form="ka5-a" lemma="ka5-a" pos="N" label="fox">ka5-a</w>
<w form="jectug-bi" lemma="jectug2" pos="N" label="ear">jectug-bi</w>
<w form="al-gig" lemma="gig" pos="V" label="to be ill">al-gig</w>
</l>
<l n="2" id="c625.21.2" corresp="t625.p101">
<w form="jiri3-bi" lemma="jiri3" pos="N" label="foot">jiri3-bi</w>
<w form="al-guz-e" lemma="guz" pos="V" label="to be crushed">al-guz-e</w>
</l>
</body>
</text>
<text n="22">
<body>
<head id="c625.h22" lang="eng">YBC 7320 (Alster 1997 p. 331)</head>
<l n="1" id="c625.22.1" corresp="t625.p102">
<w form="a-la-zu" lemma="a-la" pos="N" label="exuberance">a-la-zu</w>
<w form="ni" lemma="nij2" pos="N" label="thing">ni</w>
<w form="e2" lemma="e2" pos="N" label="house(hold)">e2</w>
<w form="du3-du3-a" lemma="du3" pos="V" label="to erect" form-type="RR">du3-du3-a</w>
</l>
<l n="2" id="c625.22.2" corresp="t625.p102">
<w form="nam-tur-ra" lemma="nam-tur" pos="N" label="smallness">nam-tur-ra</w>
<w form="X" lemma="X" label="X">X</w>
<w form="dam" lemma="dam" pos="N" label="spouse">dam</w>
<w form="tuku" lemma="tuku" pos="V" label="to have">tuku</w>
</l>
</body>
</text>
<text n="23">
<body>
<head id="c625.h23" lang="eng">YBC 7331 (Alster 1997 p. 331)</head>
<l n="1" id="c625.23.1" corresp="t625.p103">
<w form="inim-inim" lemma="inim" pos="N" label="word" form-type="RR">inim-inim</w>
<w form="nij2-si-sa2" lemma="nij2-si-sa2" pos="N" label="justice">nij2-si-sa2</w>
<w form="tum2-ma" lemma="de6" pos="V" label="to carry" form-type="isg">tum2-ma</w>
</l>
<l n="2" id="c625.23.2" corresp="t625.p103">
<w form="&d;id2-lu2-ru-gu2" lemma="id2-lu2-ru-gu2" pos="N" type="DN" label="Id-lu-rugu" det="&d;">&d;id2-lu2-<corr resp="scrOm"/>ru<corrEnd/>-gu2</w>
<w form="cag4-bi" lemma="cag4" pos="N" label="heart">cag4-bi</w>
<w form="u6" lemma="u6" pos="N" label="wonder">u6</w>
<w form="di-e" lemma="dug4" pos="V" label="to say" form-type="nfi">di-e</w>
</l>
</body>
</text>
<text n="24">
<body>
<head id="c625.h24" lang="eng">YBC 7344 (Alster 1997 p. 331)</head>
<note lang="eng">cf. <xref doc="c.6.2.3" from="c623.82.1">6.2.3: UET 6/2 251 ll. 1-2</xref>, <xref doc="c.6.2.3" from="c623.83.1">6.2.3: UET 6/2 252 ll. 1-2</xref>, <xref doc="c.4.06.1" from="c4061.C.3">4.06.1: Seg. C ll. 3-4</xref>, <xref doc="c.5.2.4" from="c524.A.9">5.2.4: l. 9</xref></note>
<l n="1" id="c625.24.1" corresp="t625.p104">
<w form="lu2-ulu3" lemma="lu2-ulu3" pos="N" label="person">lu2-ulu3</w>
<w form="dijir-da" lemma="dijir" pos="N" label="deity">dijir-da</w>
<w form="nu-me-a" lemma="me" pos="V" label="to be">nu-me-a</w>
</l>
<l n="2" id="c625.24.2" corresp="t625.p104">
<w form="nu" lemma="nu" pos="NEG" label="not">nu</w>
<w form="la-ba-gu" lemma="gal" pos="V" label="to be big">la-ba-gu</w>
<w form="nu" lemma="nu" pos="NEG" label="not">nu</w>
<w form="la-ba-tur-ra" lemma="tur" pos="V" label="to be small">la-ba-tur-ra</w>
</l>
</body>
</text>
<text n="25">
<body>
<head id="c625.h25" lang="eng">YBC 7347 (Alster 1997 p. 331)</head>
<note lang="eng">cf. <xref doc="c.6.1.03" from="c.6.1.03.188">6.1.03.188</xref></note>
<l n="1" id="c625.25.1" corresp="t625.p105">
<w form="lu2" lemma="lu2" pos="N" label="person">lu2</w>
<w form="igictu-ke4" lemma="igictu" pos="AJ" label="foremost">igictu-ke4</w>
<w form="izi" lemma="izi" pos="N" label="fire">izi</w>
<damage/>
<w form="al-gu7-e" lemma="gu7" pos="V" label="to eat">al-gu7<damageEnd/>-e</w>
</l>
<l n="2" id="c625.25.2" corresp="t625.p105">
<w form="lu2" lemma="lu2" pos="N" label="person">lu2</w>
<w form="ejer" lemma="ejer" pos="N" label="back">ejer</w>
<w form="na-ab-be2" lemma="dug4" pos="V" label="to say" form-type="ppli">na-<damage/>ab-be2</w>
<damageEnd/>
<w form="me-am3" lemma="me-a" pos="AV" label="where">me-am3</w>
<w form="lu2" lemma="lu2" pos="N" label="person">lu2</w>
<w form="du11-saj" lemma="dub-saj" pos="N" label="front (person)">du11-<damage/>saj</w>
<damageEnd/>
</l>
</body>
</text>
<text n="26">
<body>
<head id="c625.h26" lang="eng">YBC 7348 (Alster 1997 p. 332)</head>
<l n="1" id="c625.26.1" corresp="t625.p106">
<w form="amac" lemma="amac" pos="N" label="sheepfold">amac</w>
<w form="ceg9-bar-ju10" lemma="ceg9-bar" pos="N" label="fallow deer?">ceg9-bar-ju10</w>
<w form="en-nam" lemma="en" pos="N" label="lord">en-nam</w>
</l>
<l n="2" id="c625.26.2" corresp="t625.p106">
<w form="ildum2" lemma="ildum2" pos="N" label="(social) group">ildum2</w>
<w form="50-am3" lemma="50" pos="NU" type="cardinal" label="50">50-am3</w>
<w form="u2-a" lemma="u2" pos="N" label="plant">u2-a</w>
<w form="ba-an-lu" lemma="lu" pos="V" label="to be abundant">ba-an-lu</w>
</l>
</body>
</text>
<text n="27">
<body>
<head id="c625.h27" lang="eng">YBC 7693 (Alster 1997 p. 332)</head>
<l n="1" id="c625.27.1" corresp="t625.p107">
<w form="jic-gu2-ka" lemma="jic-gu2" pos="N" label="neck stock">jic-gu2-ka</w>
<w form="ha-mu-ra-an-KU" lemma="KU" pos="V" label="KU">ha-mu-ra-an-KU</w>
<w form="TAR" lemma="TAR" label="TAR">TAR</w>
<w form="HU" lemma="HU" label="&H;U">HU</w>
</l>
<l n="2" id="c625.27.2" corresp="t625.p107">
<w form="engar" lemma="engar" pos="N" label="farmer">engar</w>
<w form="gu4-ra-ke4" lemma="gud" pos="N" label="bull">gu4-ra-ke4</w>
<w form="addir" lemma="addir" pos="N" label="wage">addir</w>
<w form="ha-mu-ra-an-sag3-ge" lemma="sag3" pos="V" label="to beat">ha-mu-ra-an-<damage/>sag3<damageEnd/>-ge</w>
</l>
</body>
</text>
<text n="28">
<body>
<head id="c625.h28" lang="eng">YBC 9908 (Alster 1997 p. 333)</head>
<note lang="eng">cf. <xref doc="c.6.1.25" from="c.6.1.25.12">6.1.25.12</xref>, <xref doc="c.6.1.26" from="c.6.1.26.a3">6.1.26.a3</xref>, <xref doc="c.5.6.1" from="c561.95">5.6.1: ll. 95-96</xref></note>
<l n="1" id="c625.28.1" corresp="t625.p108">
<w form="nij2-gur11" lemma="nij2-gur11" pos="N" label="possessions">nij2-gur11</w>
<supplied/>
<w form="nij2-gur11" lemma="nij2-gur11" pos="N" label="possessions">nij2<suppliedEnd/>-gur11</w>
<w form="lugal" lemma="lugal" pos="N" label="king">lugal</w>
</l>
<l n="2" id="c625.28.2" corresp="t625.p108">
<w form="an-ku4-ku4" lemma="kur9" pos="V" label="to enter" form-type="rr">an-ku4-ku4</w>
<w form="nu-si-sa2" lemma="si-sa2" pos="V" label="to make straight">nu-si-sa2</w>
<w form="ab-ta-e3-a" lemma="e3" pos="V" label="to go out or in">ab-ta-e3-a</w>
<w form="nu-silig-ge" lemma="silig" pos="V" label="to cease">nu-silig-ge</w>
</l>
</body>
</text>
<text n="29">
<body>
<head id="c625.h29" lang="eng">YBC 9916 (Alster 1997 p. 333)</head>
<note lang="eng">cf. <xref doc="c.6.1.12" from="c.6.1.12.c4">6.1.12.c4</xref></note>
<l n="1" id="c625.29.1" corresp="t625.p109">
<w form="lu2" lemma="lu2" pos="N" label="person">lu2</w>
<w form="&kuc;a2-ja2-la2-ni" lemma="a-ja2-la2" pos="N" label="sack" bound="L,ani" det="&kuc;">&kuc;a2-ja2-la2-ni</w>
<w form="nu-kece2-da" lemma="kece2" pos="V" label="to bind">nu-kece2-da</w>
<w form="gu5-li-ni-da" lemma="gu5-li" pos="N" label="friend">gu5-li-ni-da</w>
</l>
<l n="2" id="c625.29.2" corresp="t625.p109">
<w form="cag4" lemma="cag4" pos="N" label="heart">cag4</w>
<w form="bi2-in-dab5" lemma="dab5" pos="V" label="to seize">bi2-in-dab5</w>
</l>
</body>
</text>
<text n="30">
<body>
<head id="c625.h30" lang="eng">Homsy Collection no. 21 (Waetzoldt 2001 p. 538)</head>
<l n="1" id="c625.30.1" corresp="t625.p110">
<damage/>
<w form="mu" lemma="mu" pos="N" label="name">mu</w>
<damageEnd/>
<w form="sa4-sa4" lemma="sa4" pos="V" label="to call" form-type="RR">sa4-sa4</w>
<w form="ur" lemma="ur" pos="N" label="dog"><unclear cert="qry">ur</unclear></w>
<w form="inim" lemma="inim" pos="N" label="word">inim</w>
<w form="&d;cakkan2-ta" lemma="cakkan2" pos="N" type="DN" label="&C;akkan" det="&d;">&d;cakkan2-<damage/>ta<damageEnd/></w>
<damageEnd/>
</l>
</body>
</text>
<text n="31">
<body>
<head id="c625.h31" lang="eng">Homsy Collection no. 22 (Waetzoldt 2001 p. 539)</head>
<l n="1" id="c625.31.1" corresp="t625.p111">
<w form="nin" lemma="nin" pos="N" label="lady">nin</w>
<w form="amar" lemma="amar" pos="N" label="calf"><unclear cert="qry">amar</unclear></w>
<w form="an-na" lemma="an" pos="N" label="heaven">an-na</w>
<w form="pad3-da" lemma="pad3" pos="V" label="to find">pad3-da</w>
<w form="nu-pad3-da" lemma="pad3" pos="V" label="to find">nu-pad3-da</w>
</l>
</body>
</text>
<text n="32">
<body>
<head id="c625.h32" lang="eng">NBC 8072 (Alster 1997 p. 329)</head>
<note lang="eng">cf. <xref doc="c.6.1.14" from="c.6.1.14.2">6.1.14.2</xref></note>
<l n="1" id="c625.32.1" corresp="t625.p112">
<w form="&d;lum-ma" lemma="lum-ma" pos="N" type="DN" label="Luma" det="&d;">&d;lum-ma</w>
<w form="lu2" lemma="lu2" pos="N" label="person">lu2</w>
<w form="nij2" lemma="nij2" pos="N" label="thing">nij2</w>
<w form="sag9-ga-ra" lemma="sag9" pos="V" label="to be good">sag9-ga-ra</w>
<w form="sag9-ga-ac" lemma="sag9" pos="V" label="to be good">sag9-ga-ac</w>
<w form="he2-na-jal2" lemma="jal2" pos="V" label="to be (located)">he2-na-jal2</w>
</l>
</body>
</text>
<text n="33">
<body>
<head id="c625.h33" lang="eng">P 376 (Alster 1997 p. 334)</head>
<note lang="eng">cf. <xref doc="c.6.1.02" from="c.6.1.02.d13">6.1.02.d13</xref></note>
<l n="1" id="c625.33.1" corresp="t625.p113">
<w form="&jic;bancur" lemma="bancur" pos="N" label="(offering) table" det="&jic;">&jic;bancur</w>
<w form="&d;en-lil2-la2-ka" lemma="en-lil2" pos="N" type="DN" label="Enlil" det="&d;">&d;en-lil2-la2-ka</w>
<w form="ba-jal2-la" lemma="jal2" pos="V" label="to be (located)">ba-jal2-la</w>
</l>
</body>
</text>
<text n="34">
<body>
<head id="c625.h34" lang="eng">TIM 10/1 2 (Alster 1997 p. 334)</head>
<note lang="eng">cf. <xref doc="c.6.1.03" from="c.6.1.03.1">6.1.03.1</xref>, <xref doc="c.1.8.1.1" from="c1811.28">1.8.1.1: l. 28</xref></note>
<l n="1" id="c625.34.1" corresp="t625.p114">
<w form="a-ba" lemma="a-ba" pos="PD" type="interrogative" label="who">a-ba</w>
<w form="zi-bi" lemma="zi" pos="N" label="life (breath)">zi-bi</w>
<w form="mu-un-tuku-e-ce" lemma="tuku" pos="V" label="to have">mu-un-tuku-e-ce</w>
</l>
</body>
</text>
<text n="35">
<body>
<head id="c625.h35" lang="eng">UIOM 1999 (Alster 1997 p. 334)</head>
<note lang="eng">cf. <xref doc="c.6.1.01" from="c.6.1.01.66">6.1.01.66</xref>, <xref doc="c.6.1.02" from="c.6.1.02.119">6.1.02.119</xref></note>
<l n="1" id="c625.35.1" corresp="t625.p115">
<w form="iri" lemma="iri" pos="N" label="town">iri</w>
<w form="ad4-lu2-u3-ka" lemma="ad4-lu2" pos="N" label="lame person">ad4-lu2-u3-ka</w>
<w form="ba-za" lemma="ba-za" pos="N" label="cripple">ba-za</w>
<w form="lu2-kac4-e-kam" lemma="lu2-kac4" pos="N" label="runner">lu2-<corr sic="DU">kac4</corr>-e-kam</w>
</l>
</body>
</text>
<text n="36">
<body>
<head id="c625.h36" lang="eng">YBC 1993 (Alster 1997 p. 329)</head>
<l n="1" id="c625.36.1" corresp="t625.p116">
<w form="na4" lemma="na4" pos="N" label="stone">na4</w>
<w form="kalag-ga-gin7" lemma="kalag" pos="V" label="to be strong">kalag-ga-gin7</w>
<w form="ki-zu2-ur5-ra" lemma="ki-zu2-ur5-ra" pos="N" label="sharp edge">ki-zu2-<unclear cert="qry">ur5</unclear>-ra</w>
<w form="nu-tuku" lemma="tuku" pos="V" label="to have">nu-tuku</w>
</l>
</body>
</text>
<text n="37">
<body>
<head id="c625.h37" lang="eng">YBC 7282 (Alster 1997 pp. 329-330)</head>
<l n="1" id="c625.37.1" corresp="t625.p117">
<w form="a-a" lemma="a-a" pos="N" label="father">a-a</w>
<w form="hi-li" lemma="hi-li" pos="N" label="attractiveness"><unclear cert="qry">hi</unclear>-<damage/>li</w>
<damageEnd/>
<w form="a-a" lemma="a-a" pos="N" label="father">a-a</w>
<w form="kece2" lemma="kece2" pos="V" label="to bind">kece2</w>
<w form="saj" lemma="saj" pos="N" label="head">saj</w>
<damage/>
<w form="ama" lemma="ama" pos="N" label="mother">ama</w>
<damageEnd/>
<w form="bi2-dug4" lemma="dug4" pos="V" label="to say">bi2-dug4</w>
</l>
</body>
</text>
<text n="38">
<body>
<head id="c625.h38" lang="eng">YBC 7297 (Alster 1997 p. 330)</head>
<l n="1" id="c625.38.1" corresp="t625.p118">
<w form="KU.JA2.NUN-tir-ra&mucen;" lemma="KU.JA2.NUN-tir-ra" pos="N" label="type of bird" det="&mucen;">KU.JA2.NUN-<damage/>tir<damageEnd/>-ra&mucen;</w>
<w form="gu3" lemma="gu3" pos="N" label="voice">gu3</w>
<w form="de2" lemma="de2" pos="V" label="to pour">de2</w>
<w form="&jic;cinig-am6" lemma="cinig" pos="N" label="tamarisk" det="&jic;">&jic;cinig-am6</w>
<w form="me-te-bi" lemma="me-te" pos="N" label="(fitting) attribute">me-te-bi</w>
</l>
</body>
</text>
<text n="39">
<body>
<head id="c625.h39" lang="eng">YBC 7300 (Alster 1997 p. 330)</head>
<l n="1" id="c625.39.1" corresp="t625.p119">
<w form="TUR.UZ.ZA&mucen;" lemma="TUR.UZ.ZA" pos="N" label="type of duck?" det="&mucen;">TUR.UZ.ZA&mucen;</w>
<w form="gu3" lemma="gu3" pos="N" label="voice">gu3</w>
<w form="de2" lemma="de2" pos="V" label="to pour">de2</w>
<w form="ambar-am3" lemma="ambar" pos="N" label="marsh">ambar-am3</w>
<w form="me-te-bi" lemma="me-te" pos="N" label="(fitting) attribute">me-te-bi</w>
</l>
</body>
</text>
<text n="40">
<body>
<head id="c625.h40" lang="eng">YBC 8934 (Alster 1997 p. 332)</head>
<note lang="eng">cf. <xref doc="c.5.6.1" from="c561.99">5.6.1: l. 99</xref></note>
<l n="1" id="c625.40.1" corresp="t625.p120">
<w form="ga-ra-ab-cum2-bi" lemma="cum2" pos="V" label="to give">ga-ra-ab-cum2-bi</w>
<w form="lu2-ra" lemma="lu2" pos="N" label="person">lu2-ra</w>
<w form="ga-ni-in-us2" lemma="us2" pos="V" label="to be adjacent">ga-ni-in-us2</w>
</l>
</body>
</text>
<text n="41">
<body>
<head id="c625.h41" lang="eng">YBC 8937 (Alster 1997 p. 333)</head>
<l n="1" id="c625.41.1" corresp="t625.p121">
<w form="lugal" lemma="lugal" pos="N" label="king">lugal</w>
<w form="dub-sar" lemma="dub-sar" pos="N" label="scribe">dub-sar</w>
<w form="lugal" lemma="lugal" pos="N" label="king">lugal</w>
<w form="dur" lemma="dur" pos="N" label="bond">dur</w>
<w form="mah" lemma="mah" pos="V" label="to be majestic">mah</w>
<w form="id2-da" lemma="id2" pos="N" label="watercourse">id2-da</w>
<w form="gib-ba" lemma="gib" pos="V" label="to lie across (obstructively)">gib-ba</w>
</l>
</body>
</text>
<text n="42">
<body>
<head id="c625.h42" lang="eng">YBC 9906 (Alster 1997 p. 333)</head>
<note lang="eng">cf. <xref doc="c.6.1.12" from="c.6.1.12.c5">6.1.12.c5</xref></note>
<l n="1" id="c625.42.1" corresp="t625.p122">
<damage/>
<w form="lu2" lemma="lu2" pos="N" label="person">lu2</w>
<damageEnd/>
<phr type="VP" lemma="si sa2" label="to make straight">
<w form="si" lemma="si" pos="N" label="horn">si</w>
<w form="sa2-ra" lemma="sa2" pos="V" label="to equal">sa2-<damage/>ra</w>
</phr>
<w form="&na4;kinkin" lemma="kinkin" pos="N" label="grindstone" det="&na4;">&na4;<damageEnd/>kinkin(HAR)</w>
<w form="id2-da" lemma="id2" pos="N" label="watercourse">id2-<corr resp="scrAdd"/>UD<corrEnd/>-<damage/>da</w>
<damageEnd/>
<w form="mu-na-dirig-dirig" lemma="dirig" pos="V" label="to be superior" form-type="RR">mu-na-<corr resp="scrAdd"/>cu2<corrEnd/>-dirig-dirig</w>
</l>
</body>
</text>
<text n="43">
<body>
<head id="c625.h43" lang="eng">YBC 9912 (Alster 1997 p. 333)</head>
<note lang="eng">cf. <xref doc="c.6.1.03" from="c.6.1.03.75">6.1.03.75</xref>, <xref doc="c.6.1.07" from="c.6.1.07.17">6.1.07.17</xref></note>
<l n="1" id="c625.43.1" corresp="t625.p123">
<w form="hac2" lemma="hac2" pos="N" label="thigh">hac2</w>
<w form="ba-ra-an-gid2-nam" lemma="gid2" pos="V" label="to be long">ba-ra-an-gid2-nam</w>
<w form="lu2" lemma="lu2" pos="N" label="person">lu2</w>
<w form="ce-jic-i3" lemma="ce-jic-i3" pos="N" label="sesame">ce-jic-i3</w>
<damage/>
<w form="bi2-ib2-il2-il2" lemma="il2" pos="V" label="to raise" form-type="RR">bi2<damageEnd/>-ib2-il2-il2</w>
</l>
</body>
</text>
</group>
</text>
</TEI.2>
