<TEI.2 id="c.6.1.16">
<teiHeader lang="eng">
<fileDesc>
<titleStmt>
<title>Proverbs: collection 16 -- a composite transliteration</title>
<respStmt><name>Jeremy Black</name><resp>Project Director and Editor</resp></respStmt>
<respStmt><name>G&aacute;bor Z&oacute;lyomi</name><resp>Editor</resp></respStmt>
<respStmt><name>Graham Cunningham</name><resp>Senior Editor</resp></respStmt>
<respStmt><name>Jon Taylor</name><resp>Editor</resp></respStmt>
<respStmt><name>Eleanor Robson</name><resp>Technical Developer</resp></respStmt>
<respStmt><name>Jarle Ebeling</name><resp>Technical Developer</resp></respStmt>
</titleStmt>
<publicationStmt>
<distributor>The Electronic Text Corpus of Sumerian Literature
</distributor><address><addrLine>The Oriental Institute, University of Oxford, Pusey Lane, Oxford OX1 2LE, UK, email etcsl&commat;orinst.ox.ac.uk, http://etcsl.orinst.ox.ac.uk</addrLine></address>
<date>2003</date>
</publicationStmt>
<seriesStmt><p>The Electronic Text Corpus of Sumerian Literature aims to make accessible over 400 literary works composed in the Sumerian language in ancient Mesopotamia during the late third and early second millennia BC. The works are in Sumerian composite transliteration and English prose translation with bibliographical information on each composition.</p></seriesStmt>
<sourceDesc>
<listBibl type="secondary">
<bibl><xref from="b83">Alster 1997a</xref><biblScope type="page">231-236, 435</biblScope><biblScope type="contents">composite text, translation, score transliteration</biblScope></bibl>
<bibl><xref from="b883">Veldhuis 2000c</xref><biblScope type="page">393</biblScope><biblScope type="contents">commentary</biblScope></bibl>
</listBibl>
<listBibl type="tablets">
<bibl><biblScope type="museumNumber">CBS 7801</biblScope></bibl>
<bibl><biblScope type="museumNumber">N 1009 (+) N 5187</biblScope></bibl>
<bibl><biblScope type="museumNumber">N 5213</biblScope></bibl>
<bibl><biblScope type="museumNumber">Ni 9752 (ISET 2, 98-99)</biblScope></bibl>
<bibl><biblScope type="museumNumber">UM 29-15-667</biblScope></bibl>
</listBibl>
</sourceDesc>
</fileDesc>
<revisionDesc>
<change><date>14.i.2002</date><respStmt><name>JT</name><resp>editor</resp></respStmt>
<item>standardisation</item></change>
<change><date>17.ix.2002</date><respStmt><name>JAB</name><resp>editor</resp></respStmt>
<item>proofreading</item></change>
<change><date>13.xii.2002</date><respStmt><name>GC</name><resp>editor</resp></respStmt>
<item>SGML tagging</item></change>
<change><date>20.vi.2003</date><respStmt><name>JE</name><resp>editor</resp></respStmt>
<item>web publication</item></change>
<change><date>01.vi.2003</date><respStmt><name>GC/JE</name><resp>editor/technical developer</resp></respStmt>
<item>XML/TEI conversion</item></change>
<change><date>30.iii.2005</date><respStmt><name>GC/JE</name><resp>senior editor/technical developer</resp></respStmt>
<item>lemmatised version published</item></change>
</revisionDesc>
</teiHeader>
<text lang="sux">
<body>
<div1 type="segment" n="A">
<lg id="c.6.1.16.a1" type="proverb" n="16.a1">
<l n="1" id="c6116.A.16.a1.1" corresp="t6116.p1">
<supplied/>
<w form="&X;" lemma="&X;" label="&X;">&X;</w>
<suppliedEnd/>
<w form="NE" lemma="NE" label="NE">NE</w>
</l>
<l n="2" id="c6116.A.16.a1.2" corresp="t6116.p1">
<supplied/>
<w form="&X;" lemma="&X;" label="&X;">&X;</w>
<suppliedEnd/>
<w form="cum2" lemma="cum2" pos="V" label="to give">cum2</w>
</l>
<l n="3" id="c6116.A.16.a1.3" corresp="t6116.p1">
<supplied/>
<w form="&X;" lemma="&X;" label="&X;">&X;</w>
<w form="hul2" lemma="hul2" pos="V" label="to be happy">hul2</w>
</l>
<l n="4" id="c6116.A.16.a1.4" corresp="t6116.p1">
<supplied/>
<w form="&X;" lemma="&X;" label="&X;">&X;</w>
<suppliedEnd/>
<w form="X" lemma="X" label="X">X</w>
<w form="KU" lemma="KU" label="KU">KU</w>
</l>
<l n="5" id="c6116.A.16.a1.5" corresp="t6116.p1">
<supplied/>
<w form="&X;-gu7-e" lemma="gu7" pos="V" label="to eat">&X;<suppliedEnd/>-gu7-e</w>
</l>
<l n="6" id="c6116.A.16.a1.6" corresp="t6116.p1">
<supplied/>
<w form="&X;-bi" lemma="&X;" label="&X;">&X;<suppliedEnd/>-bi</w>
</l>
</lg>
<lg id="c.6.1.16.a2" type="proverb" n="16.a2">
<l n="7" id="c6116.A.16.a2.7" corresp="t6116.p2">
<supplied/>
<w form="&X;" lemma="&X;" label="&X;">&X;</w>
<suppliedEnd/>
<w form="he2-X" lemma="X" pos="V" label="X">he2-X</w>
<w form="X" lemma="X" label="X">X</w>
</l>
<l n="8" id="c6116.A.16.a2.8" corresp="t6116.p2">
<supplied/>
<w form="&X;" lemma="&X;" label="&X;">&X;</w>
<suppliedEnd/>
<damage/>
<w form="tum2-ma" lemma="tum2" pos="V" label="to be suitable">tum2<damageEnd/>-<unclear cert="qry">ma</unclear></w>
</l>
<l n="9" id="c6116.A.16.a2.9" corresp="t6116.p2">
<supplied/>
<w form="&X;" lemma="&X;" label="&X;">&X;</w>
<suppliedEnd/>
<w form="DU" lemma="DU" label="DU">DU</w>
</l>
</lg>
<lg id="c.6.1.16.a3" type="proverb" n="16.a3">
<l n="10" id="c6116.A.16.a3.10" corresp="t6116.p3">
<supplied/>
<w form="&X;-an-tur" lemma="tur" pos="V" label="to be small">&X;<suppliedEnd/>-an-tur</w>
</l>
<l n="11" id="c6116.A.16.a3.11" corresp="t6116.p3">
<supplied/>
<w form="&X;" lemma="&X;" label="&X;">&X;</w>
<suppliedEnd/>
<w form="X-e" lemma="X" label="X">X-e</w>
</l>
<l n="12" id="c6116.A.16.a3.12" corresp="t6116.p3">
<supplied/>
<w form="&X;" lemma="&X;" label="&X;">&X;</w>
<suppliedEnd/>
<w form="7" lemma="7" pos="NU" type="cardinal" label="7">7</w>
</l>
<l n="13" id="c6116.A.16.a3.13" corresp="t6116.p3">
<supplied/>
<w form="&X;" lemma="&X;" label="&X;">&X;</w>
<suppliedEnd/>
<damage/>
<w form="gu2-uc" lemma="gu2" pos="N" label="neck"><unclear cert="qry">gu2</unclear>-<unclear cert="qry">uc</unclear></w>
<damageEnd/>
</l>
<l n="14" id="c6116.A.16.a3.14" corresp="t6116.p3">
<supplied/>
<w form="&X;" lemma="&X;" label="&X;">&X;</w>
<suppliedEnd/>
<w form="GA" lemma="GA" label="GA"><unclear cert="qry">GA</unclear></w>
</l>
<l n="15" id="c6116.A.16.a3.15" corresp="t6116.p3">
<supplied/>
<w form="&X;" lemma="&X;" label="&X;">&X;</w>
<suppliedEnd/>
<damage/>
<w form="cum2" lemma="cum2" pos="V" label="to give">cum2</w>
<damageEnd/>
</l>
<l n="16" id="c6116.A.16.a3.16" corresp="t6116.p3">
<supplied/>
<w form="&X;" lemma="&X;" label="&X;">&X;</w>
<suppliedEnd/>
<w form="X" lemma="X" label="X">X</w>
</l>
</lg>
<gap extent="unknown no. of lines missing"/>
</div1>
<div1 type="segment" n="B">
<lg id="c.6.1.16.b1" type="proverb" n="16.b1">
<l n="1" id="c6116.B.16.b1.1" corresp="t6116.p4">
<supplied/>
<w form="&X;" lemma="&X;" label="&X;">&X;</w>
<suppliedEnd/>
<w form="X" lemma="X" label="X">X</w>
<supplied/>
<w form="&X;" lemma="&X;" label="&X;">&X;</w>
<suppliedEnd/>
<w form="X" lemma="X" label="X">X</w>
<supplied/>
<w form="&X;" lemma="&X;" label="&X;">&X;</w>
<suppliedEnd/>
</l>
<l n="2" id="c6116.B.16.b1.2" corresp="t6116.p4">
<supplied/>
<w form="&X;" lemma="&X;" label="&X;">&X;</w>
<suppliedEnd/>
<w form="X" lemma="X" label="X">X</w>
<w form="X" lemma="X" label="X">X</w>
<w form="X" lemma="X" label="X">X</w>
<supplied/>
<w form="&X;" lemma="&X;" label="&X;">&X;</w>
<suppliedEnd/>
<w form="X" lemma="X" label="X">X</w>
<w form="X" lemma="X" label="X">X</w>
<supplied/>
<w form="&X;" lemma="&X;" label="&X;">&X;</w>
<suppliedEnd/>
</l>
<l n="3" id="c6116.B.16.b1.3" corresp="t6116.p4">
<w form="X" lemma="X" label="X">X</w>
<w form="X" lemma="X" label="X">X</w>
<w form="AN" lemma="AN" label="AN">AN</w>
<w form="AB" lemma="AB" label="AB">AB</w>
<w form="X" lemma="X" label="X">X</w>
<w form="GAL" lemma="GAL" label="GAL">GAL</w>
<w form="X" lemma="X" label="X">X</w>
<w form="X" lemma="X" label="X">X</w>
<w form="ab-gu7" lemma="gu7" pos="V" label="to eat">ab-<unclear cert="qry">gu7</unclear></w>
</l>
</lg>
<lg id="c.6.1.16.b2" type="proverb" n="16.b2">
<note lang="eng">cf. <xref doc="c.6.1.03" from="c.6.1.03.10">6.1.03.10</xref></note>
<l n="4" id="c6116.B.16.b2.4" corresp="t6116.p5">
<w form="sipad" lemma="sipad" pos="N" label="shepherd">sipad</w>
<w form="he2-em-ta-ed3-de3-e-en" lemma="ed3" pos="V" label="to go down or up">he2-em-ta-ed3-de3-e-en</w>
</l>
<l n="5" id="c6116.B.16.b2.5" corresp="t6116.p5">
<w form="udu-ni" lemma="udu" pos="N" label="sheep">udu-ni</w>
<w form="cu-a" lemma="cu" pos="N" label="hand">cu-a</w>
<w form="li-bi2-in-gi4" lemma="gi4" pos="V" label="to return">li-bi2-in-gi4</w>
</l>
</lg>
<lg id="c.6.1.16.b3" type="proverb" n="16.b3">
<note lang="eng">cf. <xref doc="c.6.1.03" from="c.6.1.03.11">6.1.03.11</xref></note>
<l n="6" id="c6116.B.16.b3.6" corresp="t6116.p6">
<w form="sipad" lemma="sipad" pos="N" label="shepherd">sipad</w>
<w form="kug-zu" lemma="kug-zu" pos="AJ" label="wise">kug-zu</w>
<damage/>
<w form="mu-un-na-bir-am3" lemma="bir" pos="V" label="to scatter"><unclear cert="qry">mu</unclear>-<unclear cert="qry">un</unclear>-na<damageEnd/>-bir-am3</w>
</l>
<l n="7" id="c6116.B.16.b3.7" corresp="t6116.p6">
<w form="udu-ni" lemma="udu" pos="N" label="sheep">udu-ni</w>
<w form="cu-a" lemma="cu" pos="N" label="hand">cu-a</w>
<w form="li-bi2-in-gi4" lemma="gi4" pos="V" label="to return">li-bi2-in-gi4</w>
</l>
</lg>
<lg id="c.6.1.16.b4" type="proverb" n="16.b4">
<note lang="eng">cf. <xref doc="c.6.1.03" from="c.6.1.03.9">6.1.03.9</xref>, <xref doc="c.6.1.23" from="c.6.1.23.7">6.1.23.7</xref></note>
<l n="8" id="c6116.B.16.b4.8" corresp="t6116.p7">
<w form="sipad" lemma="sipad" pos="N" label="shepherd"><corr sic="TUR3">sipad</corr></w>
<w form="jic3-a-ni" lemma="jic3" pos="N" label="penis">jic3-a-ni</w>
</l>
<l n="9" id="c6116.B.16.b4.9" corresp="t6116.p7">
<w form="nu-&jic;kiri6" lemma="nu-kiri6" pos="N" label="gardener" det="&jic;">nu-&jic;kiri6</w>
<w form="suhur-ni" lemma="suhur" pos="N" label="plume">suhur-ni</w>
</l>
</lg>
<lg id="c.6.1.16.b5" type="proverb" n="16.b5">
<note lang="eng">cf. <xref doc="c.6.1.01" from="c.6.1.01.153">6.1.01.153</xref>, <xref doc="c.6.1.03" from="c.6.1.03.9">6.1.03.9</xref>, <xref doc="c.6.1.22" from="c.6.1.22.26">6.1.22: ll. 26-27</xref>, <xref doc="c.6.1.23" from="c.6.1.23.7">6.1.23.7</xref></note>
<l n="10" id="c6116.B.16.b5.10" corresp="t6116.p8">
<w form="ibila" lemma="ibila" pos="N" label="heir">ibila</w>
<w form="nu-gen6-na" lemma="gen6" pos="V" label="to be firm">nu-gen6-na</w>
<w form="dam" lemma="dam" pos="N" label="spouse">dam</w>
<w form="nu-il2" lemma="il2" pos="V" label="to raise">nu-il2</w>
<w form="dumu" lemma="dumu" pos="N" label="child">dumu</w>
<w form="nu-il2" lemma="il2" pos="V" label="to raise">nu-il2</w>
<w form="giri17-zal-ce3" lemma="giri17-zal" pos="N" label="joy">giri17-zal-ce3</w>
<w form="nu-il2" lemma="il2" pos="V" label="to raise">nu-il2</w>
</l>
</lg>
<lg id="c.6.1.16.b6" type="proverb" n="16.b6">
<l n="11" id="c6116.B.16.b6.11" corresp="t6116.p9">
<w form="sipad" lemma="sipad" pos="N" label="shepherd">sipad</w>
<w form="X" lemma="X" label="X">X</w>
<w form="HA" lemma="HA" label="&H;A">HA</w>
<w form="ud" lemma="ud" pos="N" label="day(light)">ud</w>
<w form="1-a" lemma="1" pos="NU" type="cardinal" label="1">1(DIC)-a</w>
<w form="itid" lemma="itid" pos="N" label="moon(light)">itid</w>
<w form="na-an-X-Xbr" lemma="X" pos="V" label="X">na-an-X-<supplied/>(X)</w>
<suppliedEnd/>
</l>
<l n="12" id="c6116.B.16.b6.12" corresp="t6116.p9">
<supplied/>
<w form="X" lemma="X" label="X">X</w>
<suppliedEnd/>
<w form="CU" lemma="CU" label="&C;U">CU</w>
<supplied/>
<w form="&X;" lemma="&X;" label="&X;">&X;</w>
<suppliedEnd/>
</l>
</lg>
<lg id="c.6.1.16.b7" type="proverb" n="16.b7">
<note lang="eng">cf. <xref doc="c.6.1.03" from="c.6.1.03.6">6.1.03.6</xref></note>
<l n="13" id="c6116.B.16.b7.13" corresp="t6116.p10">
<w form="ud-da" lemma="ud" pos="N" label="day(light)">ud-da</w>
<w form="ga-jen" lemma="jen" pos="V" label="to go">ga-jen</w>
<w form="na-gada-kam" lemma="na-gada" pos="N" label="herdsman">na-<damage/>gada<damageEnd/>-<supplied/>kam</w>
<suppliedEnd/>
</l>
<l n="14" id="c6116.B.16.b7.14" corresp="t6116.p10">
<w form="ul-la" lemma="ul" pos="N" label="distant time">ul-la</w>
<w form="ga-jen" lemma="jen" pos="V" label="to go">ga-jen</w>
<damage/>
<w form="sipad-tur-ra-kam" lemma="sipad-tur" pos="N" label="junior shepherd">sipad<damageEnd/>-<supplied/>tur-ra-kam</w>
<suppliedEnd/>
</l>
<l n="15" id="c6116.B.16.b7.15" corresp="t6116.p10">
<damage/>
<w form="nij2-gur11-ni" lemma="nij2-gur11" pos="N" label="possessions">nij2-gur11-<unclear cert="qry">ni</unclear></w>
<damageEnd/>
<w form="X" lemma="X" label="X">X</w>
<supplied/>
<w form="&X;" lemma="&X;" label="&X;">&X;</w>
<suppliedEnd/>
</l>
<l n="16" id="c6116.B.16.b7.16" corresp="t6116.p10">
<damage/>
<w form="ga-jen-am3" lemma="jen" pos="V" label="to go">ga-jen<damageEnd/>-am3</w>
<supplied/>
<w form="&X;" lemma="&X;" label="&X;">&X;</w>
<suppliedEnd/>
</l>
</lg>
<lg id="c.6.1.16.b8" type="proverb" n="16.b8">
<l n="17" id="c6116.B.16.b8.17" corresp="t6116.p11">
<w form="KU" lemma="KU" label="KU">KU</w>
<w form="X" lemma="X" label="X">X</w>
<supplied/>
<w form="&X;" lemma="&X;" label="&X;">&X;</w>
<suppliedEnd/>
</l>
<l n="18" id="c6116.B.16.b8.18" corresp="t6116.p11">
<w form="X" lemma="X" label="X">X</w>
<w form="X" lemma="X" label="X">X</w>
<supplied/>
<w form="&X;" lemma="&X;" label="&X;">&X;</w>
<suppliedEnd/>
</l>
</lg>
<gap extent="unknown no. of lines missing"/>
</div1>
<div1 type="segment" n="C">
<lg id="c.6.1.16.c1" type="proverb" n="16.c1">
<note lang="eng">cf. <xref doc="c.6.1.14" from="c.6.1.14.3">6.1.14.3</xref>, <xref doc="c.6.2.5" from="c625.4.A.7">6.2.5: UM 29-16-519 Seg. A ll. 7-8</xref></note>
<l n="1" id="c6116.C.16.c1.1" corresp="t6116.p12">
<supplied/>
<w form="igi" lemma="igi" pos="N" label="eye">igi</w>
<w form="engar-e" lemma="engar" pos="N" label="farmer">engar-e</w>
<w form="mu-e-ci-in-il2-e" lemma="il2" pos="V" label="to raise">mu-e-ci-in-il2-e</w>
<suppliedEnd/>
</l>
<l n="2" id="c6116.C.16.c1.2" corresp="t6116.p12">
<supplied/>
<w form="&d;en-lil2-le" lemma="en-lil2" pos="N" type="DN" label="Enlil" det="&d;">&d;en-lil2-le</w>
<w form="iri" lemma="iri" pos="N" label="town">iri</w>
<w form="nam" lemma="nam" pos="N" label="destiny">nam</w>
<w form="ku5-ra2-ni" lemma="kud" pos="V" label="to cut">ku5-ra2-ni</w>
<w form="ha-ba-ci-in-il2-e" lemma="il2" pos="V" label="to raise">ha-ba<suppliedEnd/>-ci-<supplied/>in-il2-e</w>
<suppliedEnd/>
</l>
</lg>
<lg id="c.6.1.16.c2" type="proverb" n="16.c2">
<note lang="eng">cf. <xref doc="c.6.1.14" from="c.6.1.14.4">6.1.14.4</xref>, <xref doc="c.6.1.15" from="c.6.1.15.b1">6.1.15.b1</xref>, <xref doc="c.6.2.5" from="c625.4.A.9">6.2.5: UM 29-16-519 Seg. A ll. 9-10</xref></note>
<l n="3" id="c6116.C.16.c2.3" corresp="t6116.p13">
<w form="igi" lemma="igi" pos="N" label="eye">igi</w>
<w form="sipad-tur-re" lemma="sipad-tur" pos="N" label="junior shepherd">sipad-tur-re</w>
<supplied/>
<w form="mu-e-ci-in-il2-e" lemma="il2" pos="V" label="to raise">mu-e-ci-in-il2-e</w>
<suppliedEnd/>
</l>
<l n="4" id="c6116.C.16.c2.4" corresp="t6116.p13">
<w form="&d;en-lil2-le" lemma="en-lil2" pos="N" type="DN" label="Enlil" det="&d;">&d;en-lil2-le</w>
<w form="iri" lemma="iri" pos="N" label="town">iri</w>
<damage/>
<w form="nam" lemma="nam" pos="N" label="destiny">nam</w>
<damageEnd/>
<supplied/>
<w form="ku5-ra2-ni" lemma="kud" pos="V" label="to cut">ku5-ra2-ni</w>
<suppliedEnd/>
<w form="ha-ba-ci-in-il2-e" lemma="il2" pos="V" label="to raise">ha-ba-ci-in-<damage/>il2<damageEnd/>-<supplied/>e</w>
<suppliedEnd/>
</l>
</lg>
<lg id="c.6.1.16.c3" type="proverb" n="16.c3">
<note lang="eng">cf. <xref doc="c.6.1.14" from="c.6.1.14.5">6.1.14.5</xref>, <xref doc="c.6.1.15" from="c.6.1.15.b2">6.1.15.b2</xref>, <xref doc="c.6.2.5" from="c625.4.A.11">6.2.5: UM 29-16-519 Seg. A ll. 11-12</xref></note>
<l n="5" id="c6116.C.16.c3.5" corresp="t6116.p14">
<w form="igi" lemma="igi" pos="N" label="eye">igi</w>
<w form="bahar2-e" lemma="bahar2" pos="N" label="potter">bahar2-e</w>
<w form="mu-e-ci-in-il2-e" lemma="il2" pos="V" label="to raise">mu-e-ci-<supplied/>in-il2-e</w>
<suppliedEnd/>
</l>
<l n="6" id="c6116.C.16.c3.6" corresp="t6116.p14">
<w form="&d;en-lil2-le" lemma="en-lil2" pos="N" type="DN" label="Enlil" det="&d;">&d;en-lil2-le</w>
<w form="iri" lemma="iri" pos="N" label="town">iri</w>
<w form="nam" lemma="nam" pos="N" label="destiny">nam</w>
<supplied/>
<w form="ku5-ra2-ni" lemma="kud" pos="V" label="to cut">ku5-ra2-ni</w>
<suppliedEnd/>
<w form="ha-ba-ci-in-il2-e" lemma="il2" pos="V" label="to raise">ha-ba-ci-in-<supplied/>il2-e</w>
<suppliedEnd/>
</l>
</lg>
<lg id="c.6.1.16.c4" type="proverb" n="16.c4">
<note lang="eng">cf. <xref doc="c.6.1.15" from="c.6.1.15.b4">6.1.15.b4</xref></note>
<l n="7" id="c6116.C.16.c4.7" corresp="t6116.p15">
<w form="engar" lemma="engar" pos="N" label="farmer">engar</w>
<w form="igi" lemma="igi" pos="N" label="eye">igi</w>
<w form="uru3-a" lemma="uru3" pos="V" label="to be vigilant">uru3-a</w>
<w form="a-na-am3" lemma="a-na" pos="PD" type="interrogative" label="what">a-na-am3</w>
<supplied/>
<w form="&X;" lemma="&X;" label="&X;">&X;</w>
<w form="ak" lemma="ak" pos="V" label="to do">ak</w>
<w form="&X;" lemma="&X;" label="&X;">&X;</w>
<suppliedEnd/>
</l>
</lg>
<lg id="c.6.1.16.c5" type="proverb" n="16.c5">
<note lang="eng">cf. <xref doc="c.6.1.03" from="c.6.1.03.149">6.1.03.149</xref>, <xref doc="c.6.1.14" from="c.6.1.14.6">6.1.14.6</xref>, <xref doc="c.6.1.22" from="c.6.1.22.172">6.1.22: ll. 172-175</xref>, <xref doc="c.6.1.25" from="c.6.1.25.1">6.1.25.1</xref></note>
<l n="8" id="c6116.C.16.c5.8" corresp="t6116.p16">
<w form="ud" lemma="ud" pos="N" label="day(light)">ud</w>
<w form="al-cu2-cu2-ru" lemma="cu2" pos="V" label="to cover" form-type="RR">al-cu2-cu2-<damage/>ru</w>
<damageEnd/>
<supplied/>
<w form="im" lemma="im" pos="N" label="rain(storm)">im</w>
<w form="nu-cej3-am3" lemma="cej3" pos="V" label="to rain">nu-cej3-am3</w>
<suppliedEnd/>
</l>
<l n="9" id="c6116.C.16.c5.9" corresp="t6116.p16">
<w form="im" lemma="im" pos="N" label="rain(storm)">im</w>
<w form="al-cej3" lemma="cej3" pos="V" label="to rain">al-<damage/>cej3</w>
<damageEnd/>
<supplied/>
<w form="&kuc;e-sir2" lemma="e-sir2" pos="N" label="sandal" det="&kuc;">&kuc;e-sir2</w>
<w form="nu-du8" lemma="du8" pos="V" label="to spread">nu-du8</w>
<suppliedEnd/>
</l>
<l n="10" id="c6116.C.16.c5.10" corresp="t6116.p16">
<w form="&id2;idigna" lemma="idigna" pos="N" type="WN" label="Tigris" det="&id2;">&id2;<damage/>idigna<damageEnd/></w>
<supplied/>
<w form="ka-ba" lemma="ka" pos="N" label="mouth">ka-ba</w>
<w form="nu-un-zur-re" lemma="zur" pos="V" label="to roil">nu-un-zur-re</w>
<w form="a-gar3-re" lemma="a-gar3" pos="N" label="meadow">a-gar3-re</w>
<w form="nu-si-si" lemma="si" pos="V" label="to fill" form-type="RR">nu-si-si</w>
<suppliedEnd/>
</l>
</lg>
<gap extent="unknown no. of lines missing"/>
</div1>
<div1 type="segment" n="D">
<lg id="c.6.1.16.d1" type="proverb" n="16.d1">
<l n="1" id="c6116.D.16.d1.1" corresp="t6116.p17">
<damage/>
<w form="ki-sikil" lemma="ki-sikil" pos="N" label="young woman"><unclear cert="qry">ki</unclear>-<unclear cert="qry">sikil</unclear></w>
<damageEnd/>
<supplied/>
<w form="&X;" lemma="&X;" label="&X;">&X;</w>
<suppliedEnd/>
</l>
<l n="2" id="c6116.D.16.d1.2" corresp="t6116.p17">
<w form="cum2" lemma="cum2" pos="V" label="to give">cum2</w>
<w form="ba-ab-&X;" lemma="&X;" label="&X;">ba-<damage/><unclear cert="qry">ab</unclear><damageEnd/>-<supplied/>&X;</w>
<suppliedEnd/>
</l>
</lg>
<lg id="c.6.1.16.d2" type="proverb" n="16.d2">
<note lang="eng">cf. <xref doc="c.6.1.03" from="c.6.1.03.17">6.1.03.17</xref></note>
<l n="3" id="c6116.D.16.d2.3" corresp="t6116.p18">
<w form="gu5-li-ju10" lemma="gu5-li" pos="N" label="friend">gu5-li-<damage/>ju10</w>
<damageEnd/>
<supplied/>
<w form="nij2" lemma="nij2" pos="N" label="thing">nij2</w>
<w form="ud" lemma="ud" pos="N" label="day(light)">ud</w>
<w form="1-kam" lemma="1" pos="NU" type="cardinal" label="1">1(DIC)-kam</w>
<suppliedEnd/>
</l>
<l n="4" id="c6116.D.16.d2.4" corresp="t6116.p18">
<w form="gi-me-a-ac-ju10" lemma="gi-me-a-ac" pos="N" label="colleague">gi-me-<supplied/>a-ac-ju10</w>
<w form="nij2" lemma="nij2" pos="N" label="thing">nij2</w>
<w form="ud" lemma="ud" pos="N" label="day(light)">ud</w>
<w form="da-ri2-kam" lemma="da-ri2" pos="AJ" label="eternal">da-ri2-kam</w>
<suppliedEnd/>
</l>
</lg>
<lg id="c.6.1.16.d3" type="proverb" n="16.d3">
<l n="5" id="c6116.D.16.d3.5" corresp="t6116.p19">
<w form="cec" lemma="cec" pos="N" label="brother">cec</w>
<w form="cag4" lemma="cag4" pos="N" label="heart"><unclear cert="qry">cag4</unclear></w>
<supplied/>
<w form="&X;" lemma="&X;" label="&X;">&X;</w>
<suppliedEnd/>
</l>
<l n="6" id="c6116.D.16.d3.6" corresp="t6116.p19">
<w form="eme" lemma="eme" pos="N" label="tongue">eme</w>
<w form="KA" lemma="KA" label="KA">KA</w>
<supplied/>
<w form="&X;" lemma="&X;" label="&X;">&X;</w>
<suppliedEnd/>
</l>
</lg>
<gap extent="unknown no. of lines missing"/>
</div1>
<div1 type="segment" n="E">
<lg id="c.6.1.16.e1" type="proverb" n="16.e1">
<note lang="eng">= Alster 1997 16 Sec. E 1</note>
<l n="1" id="c6116.E.16.e1.1" corresp="t6116.p20">
<damage/>
<w form="MU" lemma="MU" label="MU">MU</w>
<damageEnd/>
<supplied/>
<w form="&X;" lemma="&X;" label="&X;">&X;</w>
<suppliedEnd/>
</l>
<l n="2" id="c6116.E.16.e1.2" corresp="t6116.p20">
<w form="nij2" lemma="nij2" pos="N" label="thing">nij2</w>
<w form="na-me" lemma="na-me" pos="PD" type="indefinite" label="any">na-<supplied/>me</w>
<w form="&X;" lemma="&X;" label="&X;">&X;</w>
<suppliedEnd/>
</l>
<l n="3" id="c6116.E.16.e1.3" corresp="t6116.p20">
<w form="kisal" lemma="kisal" pos="N" label="courtyard">kisal</w>
<w form="X" lemma="X" label="X">X</w>
<w form="X" lemma="X" label="X">X</w>
<supplied/>
<w form="&X;" lemma="&X;" label="&X;">&X;</w>
<suppliedEnd/>
</l>
</lg>
<lg id="c.6.1.16.e2" type="proverb" n="16.e2">
<note lang="eng">= Alster 1997 16 Sec. E 2</note>
<l n="4" id="c6116.E.16.e2.4" corresp="t6116.p21">
<w form="GA" lemma="GA" label="GA"><unclear cert="qry">GA</unclear></w>
<w form="me-a" lemma="me-a" pos="AV" label="where">me-a</w>
<w form="X" lemma="X" label="X">X</w>
<w form="X" lemma="X" label="X">X</w>
<w form="cag4" lemma="cag4" pos="N" label="heart"><unclear cert="qry">cag4</unclear></w>
<supplied/>
<w form="&X;" lemma="&X;" label="&X;">&X;</w>
<suppliedEnd/>
</l>
</lg>
<lg id="c.6.1.16.e3" type="proverb" n="16.e3">
<note lang="eng">= Alster 1997 16 Sec. E 3</note>
<l n="5" id="c6116.E.16.e3.5" corresp="t6116.p22">
<w form="ab" lemma="ab" pos="N" label="(window) opening">ab</w>
<w form="geme2-ta" lemma="geme2" pos="N" label="female slave">geme2-ta</w>
<w form="na-ab-ku4-ku4-X" lemma="kur9" pos="V" label="to enter">na-ab-<damage/><unclear cert="qry">ku4</unclear>-<unclear cert="qry">ku4</unclear><damageEnd/>-<supplied/>X</w>
<suppliedEnd/>
</l>
<l n="6" id="c6116.E.16.e3.6" corresp="t6116.p22">
<w form="dam-gara3" lemma="dam-gara3" pos="N" label="merchant">dam-gara3</w>
<w form="e-ne" lemma="e-ne" pos="PD" type="personal" label="he, she">e-ne</w>
</l>
</lg>
<lg id="c.6.1.16.e4" type="proverb" n="16.e4">
<note lang="eng">= Alster 1997 16 Sec. E 4 = 21 Sec. C 1</note>
<l n="7" id="c6116.E.16.e4.7" corresp="t6116.p23">
<w form="ance-e" lemma="ance" pos="N" label="donkey"><unclear cert="qry">ance</unclear>-e</w>
<w form="nij2" lemma="nij2" pos="N" label="thing">nij2</w>
<w form="50-me-ec" lemma="50" pos="NU" type="cardinal" label="50">50-me-ec</w>
</l>
<l n="8" id="c6116.E.16.e4.8" corresp="t6116.p23">
<w form="&jic;dusu" lemma="dusu" pos="N" label="earth-carrying basket" det="&jic;">&jic;dusu</w>
<w form="il2-il2-ne" lemma="il2" pos="V" label="to raise" form-type="RR">il2-il2-ne</w>
<w form="am3-ec" lemma="dug4" pos="V" label="to say" form-type="ppli">am3-ec</w>
</l>
<l n="9" id="c6116.E.16.e4.9" corresp="t6116.p23">
<w form="1-am3" lemma="1" pos="NU" type="cardinal" label="1">1(DIC)-am3</w>
<w form="kur9-ra-am3" lemma="kur9" pos="V" label="to enter">kur9-ra-am3</w>
<w form="a-na" lemma="a-na" pos="PD" type="interrogative" label="what">a-<unclear cert="qry">na</unclear></w>
<w form="ba-an-il2-e-ce" lemma="il2" pos="V" label="to raise">ba-an-il2-e-ce</w>
</l>
</lg>
<lg id="c.6.1.16.e5" type="proverb" n="16.e5">
<note lang="eng">= Alster 1997 16 Sec. E 5 = 21 Sec. C 2</note>
<l n="10" id="c6116.E.16.e5.10" corresp="t6116.p24">
<w form="u2" lemma="u2" pos="N" label="plant">u2</w>
<damage/>
<w form="ur2-bi" lemma="ur2" pos="N" label="root">ur2<damageEnd/>-bi</w>
<w form="gid2-da" lemma="gid2" pos="V" label="to be long">gid2-da</w>
<w form="in-na-bur12-uc" lemma="bur12" pos="V" label="to tear out">in-<damage/>na<damageEnd/>-bur12-uc</w>
<w form="X-Xbr-e-ce" lemma="X" label="X">X-(X)-e-ce</w>
</l>
</lg>
<lg id="c.6.1.16.e6" type="proverb" n="16.e6">
<note lang="eng">= Alster 1997 21 Sec. C 3</note>
<l n="11" id="c6116.E.16.e6.11" corresp="t6116.p25">
<w form="UN" lemma="UN" label="UN">UN</w>
<w form="erin" lemma="erin" pos="N" label="cedar">erin</w>
<w form="mu-un-ni-te" lemma="te" pos="V" label="to approach">mu-un-ni-<damage/><unclear cert="qry">te</unclear></w>
<damageEnd/>
<w form="mu-da-an-BU" lemma="BU" pos="V" label="BU">mu-da-an-BU</w>
</l>
<l n="12" id="c6116.E.16.e6.12" corresp="t6116.p25">
<w form="na4" lemma="na4" pos="N" label="stone"><unclear cert="qry">na4</unclear></w>
<w form="UN" lemma="UN" label="UN">UN</w>
<w form="JA2" lemma="JA2" label="&G;A&s2;">JA2</w>
<damage/>
<w form="cec" lemma="cec" pos="N" label="brother"><unclear cert="qry">cec</unclear></w>
<damageEnd/>
<w form="E" lemma="E" label="E">E</w>
<w form="X" lemma="X" label="X">X</w>
</l>
<l n="13" id="c6116.E.16.e6.13" corresp="t6116.p25">
<w form="X" lemma="X" label="X">X</w>
<w form="mu-da-DIB-gin7" lemma="DIB" pos="V" label="DIB">mu-da-<unclear cert="qry">DIB</unclear>-<damage/><unclear cert="qry">gin7</unclear></w>
<damageEnd/>
</l>
<l n="14" id="c6116.E.16.e6.14" corresp="t6116.p25">
<w form="X" lemma="X" label="X">X</w>
<w form="UC" lemma="UC" label="U&C;">UC</w>
<w form="nam-ban3-da" lemma="nam-ban3-da" pos="N" label="childhood">nam-ban3-da</w>
</l>
<l n="15" id="c6116.E.16.e6.15" corresp="t6116.p25">
<corr resp="scrOm"/>
<w form="nij2-gig" lemma="nij2-gig" pos="N" label="abomination">nij2-gig</w>
<corrEnd/>
<w form="&d;suen-na-kam" lemma="suen" pos="N" type="DN" label="Suen" det="&d;">&d;suen-na-kam</w>
</l>
</lg>
<lg id="c.6.1.16.e7" type="proverb" n="16.e7">
<note lang="eng">= Alster 1997 16 Sec. F 1 = 21 Sec. C 4; cf. <xref doc="c.6.1.09" from="c.6.1.09.g5">6.1.09.g5</xref></note>
<l n="16" id="c6116.E.16.e7.16" corresp="t6116.p26">
<w form="kur" lemma="kur" pos="N" label="(mountain) land">kur</w>
<w form="kug" lemma="kug" pos="N" label="precious metal">kug</w>
<w form="ba-al-gin7" lemma="ba-al" pos="V" label="to dig">ba-al-<supplied/>gin7</w>
<suppliedEnd/>
</l>
<l n="17" id="c6116.E.16.e7.17" corresp="t6116.p26">
<w form="lu2" lemma="lu2" pos="N" label="person">lu2</w>
<w form="dim2-ma" lemma="dim2-ma" pos="N" label="reasoning">dim2-ma</w>
<w form="nu-sag9" lemma="sag9" pos="V" label="to be good">nu-sag9</w>
</l>
</lg>
<lg id="c.6.1.16.e8" type="proverb" n="16.e8">
<note lang="eng">= Alster 1997 16 Sec. F 2</note>
<l n="18" id="c6116.E.16.e8.18" corresp="t6116.p27">
<w form="cu-i-gin7" lemma="cu-i" pos="N" label="barber">cu-i-gin7</w>
<w form="nam" lemma="nam" pos="N" label="destiny">nam</w>
<w form="X" lemma="X" label="X">X</w>
<supplied/>
<w form="&X;" lemma="&X;" label="&X;">&X;</w>
<suppliedEnd/>
</l>
<l n="19" id="c6116.E.16.e8.19" corresp="t6116.p27">
<w form="suhur" lemma="suhur" pos="N" label="plume">suhur</w>
<w form="im-ci-la2-e" lemma="la2" pos="V" label="to hang">im-ci-la2-<damage/>e</w>
<damageEnd/>
</l>
</lg>
<lg id="c.6.1.16.e9" type="proverb" n="16.e9">
<note lang="eng">= Alster 1997 16 Sec. F 3</note>
<l n="20" id="c6116.E.16.e9.20" corresp="t6116.p28">
<w form="u2" lemma="u2" pos="N" label="plant">u2</w>
<w form="MUNUS+NI" lemma="MUNUS+NI" label="MUNUS+NI">MUNUS+NI</w>
<w form="ak" lemma="ak" pos="V" label="to do">ak</w>
<supplied/>
<w form="&X;" lemma="&X;" label="&X;">&X;</w>
<suppliedEnd/>
</l>
<l n="21" id="c6116.E.16.e9.21" corresp="t6116.p28">
<w form="gaba" lemma="gaba" pos="N" label="chest">gaba</w>
<w form="du6-da" lemma="du6" pos="N" label="(ruin) mound">du6-da</w>
<w form="i3-ak" lemma="ak" pos="V" label="to do">i3-ak</w>
<supplied/>
<w form="X" lemma="X" label="X">X</w>
<w form="X-e-ce" lemma="X" label="X">X<suppliedEnd/>-e-<supplied/>ce</w>
<suppliedEnd/>
</l>
</lg>
<lg id="c.6.1.16.e10" type="proverb" n="16.e10">
<note lang="eng">= Veldhuis 2000c p. 393 N 1009 (+) N 5187 obv. 3</note>
<l n="22" id="c6116.E.16.e10.22" corresp="t6116.p29">
<w form="X" lemma="X" label="X">X</w>
<w form="ZI" lemma="ZI" label="ZI">ZI</w>
<w form="TUG2" lemma="TUG2" label="TUG&s2;">TUG2</w>
<w form="X" lemma="X" label="X">X</w>
<supplied/>
<w form="&X;" lemma="&X;" label="&X;">&X;</w>
<suppliedEnd/>
<w form="&d;nirah-gin7" lemma="nirah" pos="N" type="DN" label="Nira&h;" det="&d;"><supplied/>&d;<suppliedEnd/>nirah-gin7</w>
<w form="dar-ra-me-en" lemma="dar" pos="V" label="to split">dar-ra-<damage/>me-en</w>
<damageEnd/>
</l>
</lg>
<lg id="c.6.1.16.e11" type="proverb" n="16.e11">
<note lang="eng">= Alster 1997 16 Sec. F 4</note>
<l n="23" id="c6116.E.16.e11.23" corresp="t6116.p30">
<supplied/>
<w form="&u2;numun2" lemma="numun2" pos="N" label="alfalfa" det="&u2;">&u2;<suppliedEnd/>numun2</w>
<w form="in-de5-de5-ga" lemma="de5" pos="V" label="to collect" form-type="RR">in-de5-de5-ga</w>
</l>
</lg>
<lg id="c.6.1.16.e12" type="proverb" n="16.e12">
<note lang="eng">= Veldhuis 2000c p. 393 N 1009 (+) N 5187 obv. 4</note>
<l n="24" id="c6116.E.16.e12.24" corresp="t6116.p31">
<supplied/>
<w form="&X;-ka-am3" lemma="&X;" label="&X;">&X;<suppliedEnd/>-ka-am3</w>
<w form="i3-bar-re" lemma="bar" pos="V" label="to set aside">i3-bar-re</w>
</l>
</lg>
<lg id="c.6.1.16.e13" type="proverb" n="16.e13">
<note lang="eng">= Alster 1997 16 Sec. F 5</note>
<l n="25" id="c6116.E.16.e13.25" corresp="t6116.p32">
<w form="X" lemma="X" label="X">X</w>
<w form="ma2" lemma="ma2" pos="N" label="boat">ma2</w>
<w form="bi2-in-dirig-ge4" lemma="dirig" pos="V" label="to be superior">bi2-in-dirig-<damage/><unclear cert="qry">ge4</unclear></w>
<damageEnd/>
<addSpan to="c6116.v1" type="primary"/>
<w form="ni2-zu" lemma="ni2-zu" pos="PD" type="reflexive" label="yourself">ni2-zu</w>
<w form="ba-da-an-tum3" lemma="de6" pos="V" label="to carry" form-type="isg">ba-da-an-tum3</w>
<anchor id="c6116.v1"/>
<addSpan to="c6116.v2" type="secondary"/>
<note lang="eng">1 ms. has instead:</note>
<w form="KA" lemma="KA" label="KA">KA</w>
<distinct type="emesal">
<w form="ba-an-ga-bi" lemma="de6" pos="V" label="to carry" emesal="ga">ba-an-ga-bi</w>
</distinct>
<anchor id="c6116.v2"/>
</l>
</lg>
<altGrp><alt targType="addSpan" targets="c6116.v1 c6116.v2"/></altGrp>
<lg id="c.6.1.16.e14" type="proverb" n="16.e14">
<note lang="eng">= Alster 1997 16 Sec. F 6</note>
<l n="26" id="c6116.E.16.e14.26" corresp="t6116.p33">
<damage/>
<w form="ejer" lemma="ejer" pos="N" label="back">ejer</w>
<damageEnd/>
<w form="ni2-zuh" lemma="ni2-zuh" pos="N" label="thief">ni2-zuh</w>
<w form="ti-ri2-da" lemma="ti-ri2-da" pos="N" label="runaway">ti-ri2-da</w>
<w form="mu-dehi2" lemma="dehi2" pos="V" label="to approach">mu-<damage/>dehi2</w>
<damageEnd/>
</l>
</lg>
<lg id="c.6.1.16.e15" type="proverb" n="16.e15">
<note lang="eng">= Alster 1997 16 Sec. F 7</note>
<l n="27" id="c6116.E.16.e15.27" corresp="t6116.p34">
<w form="IM-ni-a" lemma="IM" label="IM">IM-ni-a</w>
<addSpan to="c6116.v3" type="primary"/>
<w form="zag-am3" lemma="zag" pos="N" label="side">zag-am3</w>
<anchor id="c6116.v3"/>
<addSpan to="c6116.v4" type="secondary"/>
<note lang="eng">1 ms. has instead:</note>
<w form="zag" lemma="zag" pos="N" label="side">zag</w>
<w form="jar" lemma="jar" pos="V" label="to place">jar</w>
<anchor id="c6116.v4"/>
<w form="cu" lemma="cu" pos="N" label="hand">cu</w>
<w form="ba-ab-KAL" lemma="KAL" pos="V" label="KAL">ba-ab-KAL</w>
</l>
<l n="28" id="c6116.E.16.e15.28" corresp="t6116.p34">
<addSpan to="c6116.v5" type="primary"/>
<w form="nu-&jic;kiri6-ke4" lemma="nu-kiri6" pos="N" label="gardener" bound="L,e" det="&jic;">nu-&jic;kiri6-ke4</w>
<anchor id="c6116.v5"/>
<addSpan to="c6116.v6" type="secondary"/>
<note lang="eng">1 ms. has instead:</note>
<w form="nu-&jic;kiri6" lemma="nu-kiri6" pos="N" label="gardener" det="&jic;">nu-&jic;kiri6</w>
<w form="iri" lemma="iri" pos="N" label="town">iri</w>
<anchor id="c6116.v6"/>
<w form="mu-un-dab5-be2-ne" lemma="dab5" pos="V" label="to seize">mu-un-dab5-be2-ne</w>
</l>
<l n="29" id="c6116.E.16.e15.29" corresp="t6116.p34">
<addSpan to="c6116.v7" type="primary"/>
<damage/>
<w form="jiri3" lemma="jiri3" pos="N" label="foot"><unclear cert="qry">jiri3</unclear></w>
<damageEnd/>
<w form="&jic;kiri6-ce3" lemma="kiri6" pos="N" label="orchard" bound="L,ece" det="&jic;">&jic;kiri6-ce3</w>
<w form="im-tum2-tum2-ma" lemma="de6" pos="V" label="to carry" form-type="RR-isg">im-tum2-tum2-ma</w>
<anchor id="c6116.v7"/>
<addSpan to="c6116.v8" type="secondary"/>
<note lang="eng">1 ms. has instead:</note>
<supplied/>
<w form="X" lemma="X" label="X">X</w>
<suppliedEnd/>
<damage/>
<w form="&jic;kiri6-ke4" lemma="kiri6" pos="N" label="orchard" bound="L,ak.e" det="&jic;">&jic;<damageEnd/>kiri6-ke4</w>
<w form="mu-un-tum2-me-en" lemma="de6" pos="V" label="to carry" form-type="isg">mu-un-tum2-me-<damage/>en</w>
<damageEnd/>
<anchor id="c6116.v8"/>
</l>
</lg>
<altGrp><alt targType="addSpan" targets="c6116.v3 c6116.v4"/>
<alt targType="addSpan" targets="c6116.v5 c6116.v6"/>
<alt targType="addSpan" targets="c6116.v7 c6116.v8"/></altGrp>
<lg id="c.6.1.16.e16" type="proverb" n="16.e16">
<note lang="eng">= Alster 1997 16 Sec. F 8</note>
<l n="30" id="c6116.E.16.e16.30" corresp="t6116.p35">
<supplied/>
<w form="X" lemma="X" label="X">X</w>
<w form="X-rin-na" lemma="X" label="X">X<suppliedEnd/>-rin-na</w>
<w form="IM-ni-a" lemma="IM" label="IM">IM-ni-a</w>
<w form="zag-bi" lemma="zag" pos="N" label="side">zag-bi</w>
<supplied/>
<w form="X" lemma="X" label="X">X</w>
<w form="X" lemma="X" label="X">X</w>
<suppliedEnd/>
<w form="NI" lemma="NI" label="NI">NI</w>
<w form="NE" lemma="NE" label="NE">NE</w>
<w form="he2-en-MUC2" lemma="MUC2" pos="V" label="MU&C;&s2;">he2-en-MUC2</w>
</l>
</lg>
<gap extent="unknown no. of lines missing"/>
</div1>
<div1 type="segment" n="F">
<lg id="c.6.1.16.f1" type="proverb" n="16.f1">
<note lang="eng">= Veldhuis 2000c p. 393 N 1009 (+) N 5187 rev. 1'</note>
<l n="1" id="c6116.F.16.f1.1" corresp="t6116.p36">
<supplied/>
<w form="&X;" lemma="&X;" label="&X;">&X;</w>
<suppliedEnd/>
<w form="X-e-ce" lemma="X" label="X">X-e-ce</w>
</l>
</lg>
<lg id="c.6.1.16.f2" type="proverb" n="16.f2">
<note lang="eng">= Veldhuis 2000c p. 393 N 1009 (+) N 5187 rev. 2'-3'</note>
<l n="2" id="c6116.F.16.f2.2" corresp="t6116.p37">
<term id="c6116.t1">
<supplied/>
<w form="X" lemma="X" label="X">X</w>
<w form="Xbr" lemma="Xbr" label="Xbr">(X)</w>
<suppliedEnd/>
<w form="A" lemma="A" label="A">A</w>
<damage/>
<w form="CE" lemma="CE" label="&C;E"><unclear cert="qry">CE</unclear></w>
<damageEnd/>
<supplied/>
<w form="X" lemma="X" label="X">X</w>
<w form="Xbr-i" lemma="Xbr" label="Xbr">(X)<suppliedEnd/>-i</w>
<w form="gid2-i" lemma="gid2" pos="V" label="to be long">gid2-i</w>
<w form="X-ja2-ja2" lemma="jar" pos="V" label="to place">X-ja2-<unclear cert="qry">ja2</unclear></w>
</term>
<gloss lang="akk" target="c6116.t1">
ic-hi-<supplied/>&X;<suppliedEnd/>-<damage/><unclear cert="qry">ik</unclear>
<damageEnd/>
X
el
ra-ma-ni-cu
IZ
NU
UR
</gloss>
</l>
</lg>
</div1>
</body>
</text>
</TEI.2>
