<TEI.2 id="c.6.1.12">
<teiHeader lang="eng">
<fileDesc>
<titleStmt>
<title>Proverbs: collection 12 -- a composite transliteration</title>
<respStmt><name>Jeremy Black</name><resp>Project Director and Editor</resp></respStmt>
<respStmt><name>G&aacute;bor Z&oacute;lyomi</name><resp>Editor</resp></respStmt>
<respStmt><name>Graham Cunningham</name><resp>Senior Editor</resp></respStmt>
<respStmt><name>Jon Taylor</name><resp>Editor</resp></respStmt>
<respStmt><name>Eleanor Robson</name><resp>Technical Developer</resp></respStmt>
<respStmt><name>Jarle Ebeling</name><resp>Technical Developer</resp></respStmt>
</titleStmt>
<publicationStmt>
<distributor>The Electronic Text Corpus of Sumerian Literature
</distributor><address><addrLine>The Oriental Institute, University of Oxford, Pusey Lane, Oxford OX1 2LE, UK, email etcsl&commat;orinst.ox.ac.uk, http://etcsl.orinst.ox.ac.uk</addrLine></address>
<date>2003</date>
</publicationStmt>
<seriesStmt><p>The Electronic Text Corpus of Sumerian Literature aims to make accessible over 400 literary works composed in the Sumerian language in ancient Mesopotamia during the late third and early second millennia BC. The works are in Sumerian composite transliteration and English prose translation with bibliographical information on each composition.</p></seriesStmt>
<sourceDesc>
<listBibl type="secondary">
<bibl><xref from="b83">Alster 1997a</xref><biblScope type="page">196-205, 426-427</biblScope><biblScope type="contents">composite text, translation, score transliteration</biblScope></bibl>
<bibl><xref from="b883">Veldhuis 2000c</xref><biblScope type="page">392-393</biblScope><biblScope type="contents">commentary</biblScope></bibl>
</listBibl>
<listBibl type="tablets">
<bibl><biblScope type="museumNumber">CBS 5821</biblScope></bibl>
<bibl><biblScope type="museumNumber">CBS 7130</biblScope></bibl>
<bibl><biblScope type="museumNumber">CBS 7800</biblScope></bibl>
<bibl><biblScope type="museumNumber">CBS 14125 + N 5913 (+) CBS 14004</biblScope></bibl>
<bibl><biblScope type="museumNumber">CBS 15077</biblScope></bibl>
<bibl><biblScope type="museumNumber">HS 1527 (TMHNF III 51)</biblScope></bibl>
<bibl><biblScope type="museumNumber">Ni 2525 (ISET 2, 109)</biblScope></bibl>
<bibl><biblScope type="museumNumber">Ni 9630 (ISET 2, 104) + Ni 9791</biblScope></bibl>
<bibl><biblScope type="museumNumber">OECT 5, 51 (Ash 1923-339)</biblScope></bibl>
<bibl><biblScope type="museumNumber">N 5418</biblScope></bibl>
</listBibl>
</sourceDesc>
</fileDesc>
<revisionDesc>
<change><date>15.iv.2002</date><respStmt><name>JT</name><resp>editor</resp></respStmt>
<item>standardisation</item></change>
<change><date>27.ix.2002</date><respStmt><name>JAB</name><resp>editor</resp></respStmt>
<item>proofreading</item></change>
<change><date>16.xii.2002</date><respStmt><name>GC</name><resp>editor</resp></respStmt>
<item>SGML tagging</item></change>
<change><date>20.vi.2003</date><respStmt><name>JE</name><resp>editor</resp></respStmt>
<item>web publication</item></change>
<change><date>01.vi.2003</date><respStmt><name>GC/JE</name><resp>editor/technical developer</resp></respStmt>
<item>XML/TEI conversion</item></change>
<change><date>30.iii.2005</date><respStmt><name>GC/JE</name><resp>senior editor/technical developer</resp></respStmt>
<item>lemmatised version published</item></change>
</revisionDesc>
</teiHeader>
<text lang="sux">
<body>
<div1 type="segment" n="A">
<lg id="c.6.1.12.a1" type="proverb" n="12.a1">
<note lang="eng">= Alster 1997 12 Sec. B 1</note>
<l n="1" id="c6112.A.12.a1.1" corresp="t6112.p1">
<w form="lugal" lemma="lugal" pos="N" label="king">lugal</w>
<supplied/>
<w form="&X;" lemma="&X;" label="&X;">&X;</w>
<suppliedEnd/>
</l>
<l n="2" id="c6112.A.12.a1.2" corresp="t6112.p1">
<w form="cu" lemma="cu" pos="N" label="hand">cu</w>
<supplied/>
<w form="&X;" lemma="&X;" label="&X;">&X;</w>
<suppliedEnd/>
</l>
<l n="3" id="c6112.A.12.a1.3" corresp="t6112.p1">
<w form="lu2" lemma="lu2" pos="N" label="person">lu2</w>
<w form="X" lemma="X" label="X">X</w>
<supplied/>
<w form="&X;" lemma="&X;" label="&X;">&X;</w>
<suppliedEnd/>
</l>
<l n="4" id="c6112.A.12.a1.4" corresp="t6112.p1">
<w form="igi" lemma="igi" pos="N" label="eye">igi</w>
<w form="eridug&ki;" lemma="eridug" pos="N" type="SN" label="Eridug" det="&ki;">eridug&ki;</w>
<w form="MA" lemma="MA" label="MA">MA</w>
<w form="X" lemma="X" label="X">X</w>
<w form="X" lemma="X" label="X">X</w>
<supplied/>
<w form="&X;" lemma="&X;" label="&X;">&X;</w>
<suppliedEnd/>
</l>
</lg>
<lg id="c.6.1.12.a2" type="proverb" n="12.a2">
<note lang="eng">= Alster 1997 12 Sec. B 2</note>
<l n="5" id="c6112.A.12.a2.5" corresp="t6112.p2">
<w form="lugal-e" lemma="lugal" pos="N" label="king">lugal-e</w>
<w form="SAR" lemma="SAR" label="SAR">SAR</w>
<w form="igi" lemma="igi" pos="N" label="eye">igi</w>
<w form="silaj-je26" lemma="silaj" pos="V" label="to knead">silaj-je26</w>
<supplied/>
<w form="X" lemma="X" label="X">X</w>
<w form="Xbr" lemma="Xbr" label="Xbr">(X)</w>
<suppliedEnd/>
</l>
<l n="6" id="c6112.A.12.a2.6" corresp="t6112.p2">
<w form="nu-me-X" lemma="me" pos="V" label="to be">nu-me-X</w>
<w form="nu-gu7-e-ce" lemma="gu7" pos="V" label="to eat">nu-gu7-e-<supplied/>ce</w>
<suppliedEnd/>
</l>
</lg>
<lg id="c.6.1.12.a3" type="proverb" n="12.a3">
<note lang="eng">= Alster 1997 12 Sec. B 3</note>
<l n="7" id="c6112.A.12.a3.7" corresp="t6112.p3">
<w form="lugal-e" lemma="lugal" pos="N" label="king">lugal-e</w>
<w form="X" lemma="X" label="X">X</w>
<supplied/>
<w form="&X;" lemma="&X;" label="&X;">&X;</w>
<suppliedEnd/>
<w form="X" lemma="X" label="X">X</w>
<damage/>
<w form="arad-da-ni" lemma="arad" pos="N" label="slave">arad-da-ni</w>
<damageEnd/>
</l>
</lg>
<lg id="c.6.1.12.a4" type="proverb" n="12.a4">
<note lang="eng">= Alster 1997 12 Sec. B 4</note>
<l n="8" id="c6112.A.12.a4.8" corresp="t6112.p4">
<w form="lugal-e" lemma="lugal" pos="N" label="king">lugal-e</w>
<w form="mu-un-zu" lemma="zu" pos="V" label="to know">mu-un-<damage/>zu</w>
<damageEnd/>
</l>
<l n="9" id="c6112.A.12.a4.9" corresp="t6112.p4">
<w form="ajrig-e" lemma="ajrig" pos="N" label="housekeeper">ajrig-e</w>
<w form="nu-mu-un-zu" lemma="zu" pos="V" label="to know">nu-mu-un-<damage/>zu</w>
<damageEnd/>
</l>
</lg>
<lg id="c.6.1.12.a5" type="proverb" n="12.a5">
<note lang="eng">= Alster 1997 12 Sec. B 5</note>
<l n="10" id="c6112.A.12.a5.10" corresp="t6112.p5">
<w form="lugal-e" lemma="lugal" pos="N" label="king">lugal-e</w>
<w form="da" lemma="da" pos="N" label="side">da</w>
<w form="ha-ra-nu2" lemma="nu2" pos="V" label="to lie down">ha-ra-<damage/>nu2</w>
<damageEnd/>
<w form="u3" lemma="u3" pos="C" label="and">u3</w>
<w form="nin-e" lemma="nin" pos="N" label="lady">nin-e</w>
<w form="muc3-me-zu" lemma="muc3-me" pos="N" label="countenance">muc3-me-zu</w>
<w form="he2-eb-ra" lemma="ra" pos="V" label="to beat">he2-eb-ra</w>
</l>
</lg>
<lg id="c.6.1.12.a6" type="proverb" n="12.a6">
<note lang="eng">= Alster 1997 12 Sec. B 6</note>
<l n="11" id="c6112.A.12.a6.11" corresp="t6112.p6">
<w form="lugal" lemma="lugal" pos="N" label="king">lugal</w>
<w form="e2-e-ke4" lemma="e2" pos="N" label="house(hold)">e2-e-ke4</w>
<w form="DIM2-zu" lemma="DIM2" label="DIM&s2;">DIM2-zu</w>
</l>
<l n="12" id="c6112.A.12.a6.12" corresp="t6112.p6">
<w form="DIM2-e" lemma="DIM2" label="DIM&s2;">DIM2-e</w>
<w form="&jic;rab3-am3" lemma="rab3" pos="N" label="shackle" bound="L,am" det="&jic;">&jic;rab3-am3</w>
</l>
</lg>
<lg id="c.6.1.12.a7" type="proverb" n="12.a7">
<note lang="eng">= Alster 1997 12 Sec. B 7</note>
<l n="13" id="c6112.A.12.a7.13" corresp="t6112.p7">
<w form="lugal" lemma="lugal" pos="N" label="king">lugal</w>
<w form="e2-e" lemma="e2" pos="N" label="house(hold)">e2-e</w>
<w form="u3" lemma="u3" pos="C" label="and">u3</w>
<w form="nin" lemma="nin" pos="N" label="lady">nin</w>
<w form="e2-e-ke4" lemma="e2" pos="N" label="house(hold)">e2-e-ke4</w>
<w form="&jic;za-na" lemma="za-na" pos="N" label="figurine?" det="&jic;">&jic;za-na</w>
<w form="mi-ni-ib-tag-ge-ne" lemma="tag" pos="V" label="to touch">mi-ni-ib-tag-ge-ne</w>
</l>
</lg>
<lg id="c.6.1.12.a8" type="proverb" n="12.a8">
<note lang="eng">= Alster 1997 12 Sec. B 8</note>
<l n="14" id="c6112.A.12.a8.14" corresp="t6112.p8">
<w form="esaj2-e" lemma="e2-saj" pos="N" label="grain store">esaj2-e</w>
<w form="cu" lemma="cu" pos="N" label="hand">cu</w>
<w form="bi2-ib-de5-de5" lemma="de5" pos="V" label="to collect" form-type="RR">bi2-ib-de5-de5</w>
</l>
</lg>
<lg id="c.6.1.12.a9" type="proverb" n="12.a9">
<note lang="eng">= Alster 1997 12 Sec. B 9</note>
<l n="15" id="c6112.A.12.a9.15" corresp="t6112.p9">
<w form="nij2" lemma="nij2" pos="N" label="thing">nij2</w>
<w form="e3" lemma="e3" pos="V" label="to go out or in">e3</w>
<w form="2-na-ne-ne-ka" lemma="2" pos="NU" type="cardinal" label="2">2(MAN)-na-ne-ne-ka</w>
</l>
<l n="16" id="c6112.A.12.a9.16" corresp="t6112.p9">
<damage/>
<w form="je26-e" lemma="je26" pos="PD" type="personal" label="I">je26<damageEnd/>-e</w>
<w form="in-ga-me-en-na-e-ce" lemma="dug4" pos="V" label="to say" form-type="ppli">in-ga-me-en-na-e-ce</w>
</l>
</lg>
<lg id="c.6.1.12.a10" type="proverb" n="12.a10">
<note lang="eng">= Alster 1997 12 Sec. B 10</note>
<l n="17" id="c6112.A.12.a10.17" corresp="t6112.p10">
<addSpan to="c6112.v1" type="primary"/>
<w form="lu2" lemma="lu2" pos="N" label="person">lu2</w>
<phr type="VP" lemma="u2-gu de2" label="to lose">
<w form="u2-gu" lemma="u2-gu" pos="N" label="noun part of multiword verb">u2-gu</w>
<w form="de2-a" lemma="de2" pos="V" label="to pour">de2-a</w>
</phr>
<phr type="VP" lemma="u2-gu de2" label="to lose">
<w form="u2-gu" lemma="u2-gu" pos="N" label="noun part of multiword verb">u2-gu</w>
<w form="de2-a" lemma="de2" pos="V" label="to pour">de2-a</w>
</phr>
<w form="lu2" lemma="lu2" pos="N" label="person">lu2</w>
<w form="kij2-kij2-da-ac" lemma="kij2" pos="V" label="to seek" form-type="RR">kij2-kij2-da-ac</w>
<phr type="VP" lemma="u2-gu de2" label="to lose">
<w form="u2-gu" lemma="u2-gu" pos="N" label="noun part of multiword verb">u2-gu</w>
<w form="i-ni-in-de2" lemma="de2" pos="V" label="to pour">i-ni-in-de2</w>
</phr>
<anchor id="c6112.v1"/>
<addSpan to="c6112.v2" type="secondary"/>
<note lang="eng">1 ms. has instead:</note>
<supplied/>
<w form="&X;" lemma="&X;" label="&X;">&X;</w>
<phr type="VP" lemma="u2-gu de2" label="to lose">
<w form="u2-gu" lemma="u2-gu" pos="N" label="noun part of multiword verb">u2-gu</w>
<w form="&X;" lemma="&X;" label="&X;">&X;</w>
<suppliedEnd/>
<w form="nu-un-de2" lemma="de2" pos="V" label="to pour">nu-un-de2</w>
<supplied/>
</phr>
<w form="&X;" lemma="&X;" label="&X;">&X;</w>
<phr type="VP" lemma="u2-gu de2" label="to lose">
<w form="u2-gu" lemma="u2-gu" pos="N" label="noun part of multiword verb">u2-gu</w>
<w form="&X;" lemma="&X;" label="&X;">&X;</w>
<suppliedEnd/>
<damage/>
<w form="mu-na-an-de2" lemma="de2" pos="V" label="to pour">mu<damageEnd/>-<corr resp="scrOm"/>na<corrEnd/>-an-de2</w>
</phr>
<anchor id="c6112.v2"/>
</l>
</lg>
<altGrp><alt targType="addSpan" targets="c6112.v1 c6112.v2"/></altGrp>
<lg id="c.6.1.12.a11" type="proverb" n="12.a11">
<note lang="eng">= Alster 1997 12 Sec. B 11</note>
<l n="18" id="c6112.A.12.a11.18" corresp="t6112.p11">
<damage/>
<w form="AB" lemma="AB" label="AB"><unclear cert="qry">AB</unclear></w>
<damageEnd/>
<w form="cag4" lemma="cag4" pos="N" label="heart"><unclear cert="qry">cag4</unclear></w>
<w form="jic-ur3-bi" lemma="jic-ur3" pos="N" label="(roof)beam">jic-<unclear cert="qry">ur3</unclear>-bi</w>
<w form="DE2-a-ka" lemma="DE2" label="DE&s2;">DE2-a-ka</w>
</l>
<l n="19" id="c6112.A.12.a11.19" corresp="t6112.p11">
<w form="lu2" lemma="lu2" pos="N" label="person">lu2</w>
<w form="usu-bi" lemma="usu" pos="N" label="strength">usu-<unclear cert="qry">bi</unclear></w>
<w form="e2-a-na-ka" lemma="e2" pos="N" label="house(hold)">e2-a-na-ka</w>
</l>
</lg>
<lg id="c.6.1.12.a12" type="proverb" n="12.a12">
<note lang="eng">= Alster 1997 12 Sec. B 12</note>
<l n="20" id="c6112.A.12.a12.20" corresp="t6112.p12">
<w form="lu2" lemma="lu2" pos="N" label="person">lu2</w>
<w form="nij2" lemma="nij2" pos="N" label="thing">nij2</w>
<w form="hab2-e" lemma="hab2" pos="V" label="to stink">hab2-e</w>
<w form="igi-ni" lemma="igi" pos="N" label="eye"><unclear cert="qry">igi</unclear>-ni</w>
<w form="al-tur-tur" lemma="tur" pos="V" label="to be small" form-type="RR">al-tur-tur</w>
</l>
<l n="21" id="c6112.A.12.a12.21" corresp="t6112.p12">
<w form="X-bi" lemma="X" label="X">X-bi</w>
<w form="ab-gu-ul" lemma="gal" pos="V" label="to be big">ab-gu-ul</w>
</l>
</lg>
<lg id="c.6.1.12.a13" type="proverb" n="12.a13">
<note lang="eng">= Alster 1997 12 Sec. B 13</note>
<l n="22" id="c6112.A.12.a13.22" corresp="t6112.p13">
<w form="lu2" lemma="lu2" pos="N" label="person">lu2</w>
<w form="tug2-ga-ni" lemma="tug2" pos="N" label="garment">tug2-ga-ni</w>
<phr type="VP" lemma="u2-gu de2" label="to lose">
<w form="u2-gu" lemma="u2-gu" pos="N" label="noun part of multiword verb">u2-gu</w>
<w form="an-de2" lemma="de2" pos="V" label="to pour">an-de2</w>
</phr>
</l>
<l n="23" id="c6112.A.12.a13.23" corresp="t6112.p13">
<damage/>
<w form="ga-X-X-da-kar" lemma="kar" pos="V" label="to flee">ga<damageEnd/>-<supplied/>X<suppliedEnd/>-X-<damage/>da<damageEnd/>-kar</w>
<w form="A" lemma="A" label="A">A</w>
<supplied/>
<w form="&X;-e-ce" lemma="&X;" label="&X;">&X;-e-ce</w>
<suppliedEnd/>
</l>
</lg>
<lg id="c.6.1.12.a14" type="proverb" n="12.a14">
<note lang="eng">= Alster 1997 12 Sec. A 1 = Sec. B 13 B obv. i 11 ll. 3-5</note>
<l n="24" id="c6112.A.12.a14.24" corresp="t6112.p14">
<supplied/>
<w form="&X;" lemma="&X;" label="&X;">&X;</w>
<suppliedEnd/>
<w form="MU" lemma="MU" label="MU">MU</w>
</l>
<l n="25" id="c6112.A.12.a14.25" corresp="t6112.p14">
<supplied/>
<w form="&X;" lemma="&X;" label="&X;">&X;</w>
<suppliedEnd/>
<damage/>
<w form="NA" lemma="NA" label="NA"><unclear cert="qry">NA</unclear></w>
<w form="ri-nam-ma-ab" lemma="ri" pos="V" label="to direct"><unclear cert="qry">ri</unclear><damageEnd/>-nam-ma-ab</w>
</l>
<l n="26" id="c6112.A.12.a14.26" corresp="t6112.p14">
<supplied/>
<w form="&X;" lemma="&X;" label="&X;">&X;</w>
<suppliedEnd/>
<damage/>
<w form="MU" lemma="MU" label="MU"><unclear cert="qry">MU</unclear></w>
<damageEnd/>
<w form="ga-ba-ni-ib-DI-e-ce" lemma="DI" pos="V" label="DI">ga-<damage/>ba-ni<damageEnd/>-ib-DI-e-ce</w>
</l>
</lg>
<lg id="c.6.1.12.a15" type="proverb" n="12.a15">
<note lang="eng">= Alster 1997 12 Sec. B 14</note>
<l n="27" id="c6112.A.12.a15.27" corresp="t6112.p15">
<supplied/>
<w form="&X;-a" lemma="&X;" label="&X;">&X;<suppliedEnd/>-a</w>
</l>
<l n="28" id="c6112.A.12.a15.28" corresp="t6112.p15">
<supplied/>
<w form="&X;" lemma="&X;" label="&X;">&X;</w>
<suppliedEnd/>
<w form="X" lemma="X" label="X">X</w>
</l>
</lg>
<lg id="c.6.1.12.a16" type="proverb" n="12.a16">
<note lang="eng">= Alster 1997 12 Sec. A 2</note>
<l n="29" id="c6112.A.12.a16.29" corresp="t6112.p16">
<supplied/>
<w form="&X;-ta" lemma="&X;" label="&X;">&X;<suppliedEnd/>-<damage/>ta</w>
<damageEnd/>
<w form="inim-ba" lemma="inim" pos="N" label="word">inim-ba</w>
<w form="KA" lemma="KA" label="KA">KA</w>
<w form="tam-ma" lemma="tam" pos="V" label="to be clean">tam-ma</w>
<addSpan to="c6112.v3" type="primary"/>
<w form="bur3-re" lemma="buru3" pos="V" label="to penetrate">bur3-re</w>
<anchor id="c6112.v3"/>
<addSpan to="c6112.v4" type="secondary"/>
<note lang="eng">1 ms. has instead:</note>
<w form="sir5-re" lemma="sir5" pos="V" label="meaning unknown">sir5-re</w>
<anchor id="c6112.v4"/>
<w form="nu-gur" lemma="gur" pos="V" label="to turn">nu-gur</w>
</l>
<l n="30" id="c6112.A.12.a16.30" corresp="t6112.p16">
<w form="sag9-ga-ju10" lemma="sag9" pos="V" label="to be good">sag9-ga-ju10</w>
<w form="lu2" lemma="lu2" pos="N" label="person">lu2</w>
<w form="hul" lemma="hul" pos="V" label="to be bad">hul</w>
<w form="dim2-ma-ju10" lemma="dim2" pos="V" label="to create">dim2-ma-ju10</w>
</l>
</lg>
<altGrp><alt targType="addSpan" targets="c6112.v3 c6112.v4"/></altGrp>
<lg id="c.6.1.12.a17" type="proverb" n="12.a17">
<note lang="eng">= Alster 1997 12 Sec. A 3</note>
<l n="31" id="c6112.A.12.a17.31" corresp="t6112.p17">
<supplied/>
<w form="X" lemma="X" label="X">X</w>
<suppliedEnd/>
<w form="kin-kin-ne" lemma="kij2" pos="V" label="to seek" form-type="RR">kin-kin-ne</w>
<w form="ma2" lemma="ma2" pos="N" label="boat">ma2</w>
<w form="iri&ki;" lemma="iri" pos="N" label="town" det="&ki;">iri<unclear cert="cor">&ki;</unclear></w>
<w form="sa2" lemma="sa2" pos="V" label="to equal">sa2</w>
<w form="ib2-dug4" lemma="dug4" pos="V" label="to say">ib2-dug4</w>
</l>
</lg>
<lg id="c.6.1.12.a18" type="proverb" n="12.a18">
<note lang="eng">= Alster 1997 12 Sec. A 4</note>
<l n="32" id="c6112.A.12.a18.32" corresp="t6112.p18">
<addSpan to="c6112.v5" type="primary"/>
<supplied/>
<w form="X" lemma="X" label="X">X</w>
<suppliedEnd/>
<damage/>
<w form="kin-kin-ne" lemma="kij2" pos="V" label="to seek" form-type="RR">kin<damageEnd/>-kin-<damage/>ne</w>
<damageEnd/>
<supplied/>
<w form="&X;" lemma="&X;" label="&X;">&X;</w>
<suppliedEnd/>
<damage/>
<w form="mu-un-ci-gi4" lemma="gi4" pos="V" label="to return">mu<damageEnd/>-un-ci-<unclear cert="qry">gi4</unclear></w>
<anchor id="c6112.v5"/>
<addSpan to="c6112.v6" type="secondary"/>
<note lang="eng">1 ms. has instead:</note>
<supplied/>
<w form="&X;" lemma="&X;" label="&X;">&X;</w>
<suppliedEnd/>
<w form="&na4;za-gin3-na" lemma="za-gin3" pos="N" label="lapis lazuli" bound="L,ak" det="&na4;">&na4;za-gin3-na</w>
<w form="mu-un-pad3" lemma="pad3" pos="V" label="to find">mu-un-pad3</w>
<anchor id="c6112.v6"/>
</l>
</lg>
<altGrp><alt targType="addSpan" targets="c6112.v5 c6112.v6"/></altGrp>
<lg id="c.6.1.12.a19" type="proverb" n="12.a19">
<note lang="eng">= Alster 1997 12 Sec. A 5</note>
<l n="33" id="c6112.A.12.a19.33" corresp="t6112.p19">
<supplied/>
<w form="&X;" lemma="&X;" label="&X;">&X;</w>
<suppliedEnd/>
<w form="zu2" lemma="zu2" pos="N" label="tooth">zu2</w>
<w form="kece2" lemma="kece2" pos="V" label="to bind">kece2</w>
<w form="ak-a-ce3" lemma="ak" pos="V" label="to do">ak-a-<unclear cert="qry">ce3</unclear></w>
</l>
<l n="34" id="c6112.A.12.a19.34" corresp="t6112.p19">
<supplied/>
<w form="&X;" lemma="&X;" label="&X;">&X;</w>
<suppliedEnd/>
<damage/>
<w form="lu2-dim3-ma-ni" lemma="lu2-dim3-ma" pos="N" label="fool">lu2<damageEnd/>-<unclear cert="qry">dim3</unclear>-ma-ni</w>
</l>
<l n="35" id="c6112.A.12.a19.35" corresp="t6112.p19">
<supplied/>
<w form="&X;" lemma="&X;" label="&X;">&X;</w>
<suppliedEnd/>
<w form="an-na-ab-be2-en" lemma="dug4" pos="V" label="to say" form-type="ppli">an-na-ab-be2-en</w>
</l>
<l n="36" id="c6112.A.12.a19.36" corresp="t6112.p19">
<supplied/>
<w form="&X;" lemma="&X;" label="&X;">&X;</w>
<suppliedEnd/>
<w form="X-am3" lemma="X" label="X">X-am3</w>
</l>
<l n="37" id="c6112.A.12.a19.37" corresp="t6112.p19">
<supplied/>
<w form="&X;-ib-DI-e-ce" lemma="DI" pos="V" label="DI">&X;<suppliedEnd/>-<damage/>ib<damageEnd/>-DI-e-ce</w>
</l>
</lg>
<lg id="c.6.1.12.a20" type="proverb" n="12.a20">
<note lang="eng">= Alster 1997 12 Sec. A 6</note>
<l n="38" id="c6112.A.12.a20.38" corresp="t6112.p20">
<supplied/>
<w form="&X;" lemma="&X;" label="&X;">&X;</w>
<suppliedEnd/>
<damage/>
<w form="nu-tuku-a" lemma="tuku" pos="V" label="to have"><unclear cert="qry">nu</unclear><damageEnd/>-tuku-a</w>
</l>
<l n="39" id="c6112.A.12.a20.39" corresp="t6112.p20">
<supplied/>
<w form="&X;" lemma="&X;" label="&X;">&X;</w>
<suppliedEnd/>
<w form="X" lemma="X" label="X">X</w>
<supplied/>
<w form="X" lemma="X" label="X">X</w>
<w form="X" lemma="X" label="X">X</w>
<suppliedEnd/>
</l>
</lg>
<gap extent="unknown no. of lines missing"/>
</div1>
<div1 type="segment" n="B">
<lg id="c.6.1.12.b1" type="proverb" n="12.b1">
<note lang="eng">= Alster 1997 12 Sec. C 1</note>
<l n="1" id="c6112.B.12.b1.1" corresp="t6112.p21">
<w form="X" lemma="X" label="X">X</w>
<supplied/>
<w form="&X;" lemma="&X;" label="&X;">&X;</w>
<suppliedEnd/>
</l>
</lg>
<lg id="c.6.1.12.b2" type="proverb" n="12.b2">
<note lang="eng">= Alster 1997 12 Sec. C 2</note>
<l n="2" id="c6112.B.12.b2.2" corresp="t6112.p22">
<w form="lugal-ju10" lemma="lugal" pos="N" label="king">lugal-ju10</w>
<w form="hul2-la-zu" lemma="hul2" pos="V" label="to be happy">hul2-la-zu</w>
<w form="an-gu-lu-X" lemma="gal" pos="V" label="to be big">an-<damage/>gu-lu-X</w>
<damageEnd/>
</l>
<l n="3" id="c6112.B.12.b2.3" corresp="t6112.p22">
<w form="u3" lemma="u3" pos="C" label="and"><unclear cert="cor">u3</unclear></w>
<w form="er2" lemma="er2" pos="N" label="tear">er2</w>
<w form="pad3-da-zu" lemma="pad3" pos="V" label="to find">pad3-da-zu</w>
<w form="an-gu-lu-X" lemma="gal" pos="V" label="to be big">an-gu-lu-<damage/>X</w>
<damageEnd/>
</l>
</lg>
<lg id="c.6.1.12.b3" type="proverb" n="12.b3">
<note lang="eng">= Alster 1997 12 Sec. C 3</note>
<l n="4" id="c6112.B.12.b3.4" corresp="t6112.p23">
<w form="lugal-be2-ne" lemma="lugal" pos="N" label="king">lugal-be2-ne</w>
<w form="bi2-in-kur2-ru-uc" lemma="kur2" pos="V" label="to be different">bi2-in-kur2-ru-uc</w>
</l>
<l n="5" id="c6112.B.12.b3.5" corresp="t6112.p23">
<w form="tug2-ku-ru-um" lemma="tug2-ku-ru-um" pos="N" label="mourning garment?">tug2-ku-ru-um</w>
<w form="am3-mur10-re-ec" lemma="mur10" pos="V" label="to dress">am3-mur10-re-ec</w>
</l>
</lg>
<lg id="c.6.1.12.b4" type="proverb" n="12.b4">
<note lang="eng">= Alster 1997 12 Sec. C 4</note>
<l n="6" id="c6112.B.12.b4.6" corresp="t6112.p24">
<w form="lu2" lemma="lu2" pos="N" label="person">lu2</w>
<w form="tug2" lemma="tug2" pos="N" label="garment">tug2</w>
<w form="bir7-bir7-ra" lemma="bir7" pos="V" label="to shred" form-type="RR">bir7-bir7-ra</w>
<w form="na-ab-be2-a" lemma="dug4" pos="V" label="to say" form-type="ppli">na-ab-be2-a</w>
</l>
<l n="7" id="c6112.B.12.b4.7" corresp="t6112.p24">
<w form="kal-kal-la" lemma="kal" pos="V" label="to be rare" form-type="RR">kal-kal-la</w>
<w form="al-kal-la-ge-e-ce" lemma="kalag" pos="V" label="to be strong">al-kal-la-ge-e-ce</w>
</l>
</lg>
<lg id="c.6.1.12.b5" type="proverb" n="12.b5">
<note lang="eng">= Alster 1997 12 Sec. C 5</note>
<l n="8" id="c6112.B.12.b5.8" corresp="t6112.p25">
<w form="lu2" lemma="lu2" pos="N" label="person">lu2</w>
<w form="an" lemma="an" pos="N" label="heaven">an</w>
<w form="il2-la" lemma="il2" pos="V" label="to raise">il2-la</w>
<w form="ce10" lemma="ce10" pos="N" label="(animal) dung">ce10</w>
<w form="nu-ub-dur2-re" lemma="tuc" pos="V" label="to sit" form-type="isg">nu-ub-dur2-re</w>
</l>
</lg>
<lg id="c.6.1.12.b6" type="proverb" n="12.b6">
<note lang="eng">= Alster 1997 12 Sec. C 6</note>
<l n="9" id="c6112.B.12.b6.9" corresp="t6112.p26">
<w form="lu2" lemma="lu2" pos="N" label="person">lu2</w>
<w form="gi" lemma="gi" pos="N" label="reed">gi</w>
<w form="duru5" lemma="duru5" pos="V" label="to be wet">duru5</w>
<w form="ak-gin7" lemma="ak" pos="V" label="to do">ak-gin7</w>
<w form="lu2-lu2-u3-ra" lemma="lu2" pos="N" label="person" form-type="RR">lu2-lu2-u3-ra</w>
</l>
<l n="10" id="c6112.B.12.b6.10" corresp="t6112.p26">
<w form="nij2-gen6-na" lemma="nij2-gen6-na" pos="N" label="constancy">nij2-gen6-na</w>
<w form="inim" lemma="inim" pos="N" label="word">inim</w>
<w form="nu-mu-un-da-ab-bal-e" lemma="bal" pos="V" label="to turn over">nu-mu-un-da-ab-bal-e</w>
</l>
</lg>
<lg id="c.6.1.12.b7" type="proverb" n="12.b7">
<note lang="eng">= Alster 1997 12 Sec. C 7</note>
<l n="11" id="c6112.B.12.b7.11" corresp="t6112.p27">
<w form="lu2" lemma="lu2" pos="N" label="person">lu2</w>
<w form="&gi;pe-el" lemma="pe-el-la2" pos="N" label="type of reed" det="&gi;">&gi;pe-el</w>
<w form="X-e" lemma="X" label="X">X-e</w>
</l>
<l n="12" id="c6112.B.12.b7.12" corresp="t6112.p27">
<w form="lu2" lemma="lu2" pos="N" label="person">lu2</w>
<w form="pu2-a" lemma="pu2" pos="N" label="(water) hole"><unclear cert="qry">pu2</unclear>-a</w>
<w form="a-ab-sig10-ge" lemma="sig10" pos="V" label="to place">a-ab-sig10-ge</w>
</l>
</lg>
<lg id="c.6.1.12.b8" type="proverb" n="12.b8">
<note lang="eng">= Alster 1997 12 Sec. C 8</note>
<l n="13" id="c6112.B.12.b8.13" corresp="t6112.p28">
<w form="lu2" lemma="lu2" pos="N" label="person">lu2</w>
<w form="gud" lemma="gud" pos="N" label="bull">gud</w>
<w form="X" lemma="X" label="X">X</w>
<w form="zuh-a" lemma="zuh" pos="V" label="to steal">zuh-a</w>
</l>
<l n="14" id="c6112.B.12.b8.14" corresp="t6112.p28">
<w form="buru14-e" lemma="buru14" pos="N" label="harvest (time)"><unclear cert="qry">buru14</unclear>-e</w>
<w form="si" lemma="si" pos="N" label="horn">si</w>
<w form="mu-un-X-e-ce" lemma="X" label="X">mu-un-X-e-ce</w>
</l>
</lg>
<lg id="c.6.1.12.b9" type="proverb" n="12.b9">
<note lang="eng">= Alster 1997 12 Sec. C 9</note>
<l n="15" id="c6112.B.12.b9.15" corresp="t6112.p29">
<w form="lu2" lemma="lu2" pos="N" label="person">lu2</w>
<w form="dug3" lemma="dug3" pos="V" label="to be good">dug3</w>
<w form="dab5-ba" lemma="dab5" pos="V" label="to seize">dab5-ba</w>
<w form="&d;nin-tur5-re" lemma="nin-tur5" pos="N" type="DN" label="Nintur" det="&d;">&d;nin-tur5-re</w>
</l>
<l n="16" id="c6112.B.12.b9.16" corresp="t6112.p29">
<w form="inim-ma" lemma="inim" pos="N" label="word">inim-ma</w>
<w form="nu-mu-na-an-sig10-e-ce" lemma="sig10" pos="V" label="to place">nu-<supplied/>mu<suppliedEnd/>-<damage/>na<damageEnd/>-an-sig10-e-ce</w>
</l>
</lg>
<lg id="c.6.1.12.b10" type="proverb" n="12.b10">
<note lang="eng">= Alster 1997 12 Sec. C 10</note>
<l n="17" id="c6112.B.12.b10.17" corresp="t6112.p30">
<w form="lu2" lemma="lu2" pos="N" label="person">lu2</w>
<w form="ha-la" lemma="ha-la" pos="N" label="share">ha-la</w>
<w form="X" lemma="X" label="X">X</w>
<supplied/>
<w form="&X;" lemma="&X;" label="&X;">&X;</w>
<suppliedEnd/>
<w form="X-ba-ni-ta" lemma="X" label="X">X-ba-ni-ta</w>
</l>
<l n="18" id="c6112.B.12.b10.18" corresp="t6112.p30">
<w form="BA" lemma="BA" label="BA">BA</w>
<w form="X" lemma="X" label="X">X</w>
<supplied/>
<w form="&X;" lemma="&X;" label="&X;">&X;</w>
<suppliedEnd/>
<w form="X" lemma="X" label="X">X</w>
<w form="NE" lemma="NE" label="NE">NE</w>
</l>
</lg>
<lg id="c.6.1.12.b11" type="proverb" n="12.b11">
<note lang="eng">= Alster 1997 12 Sec. C 11</note>
<l n="19" id="c6112.B.12.b11.19" corresp="t6112.p31">
<w form="kug-zu" lemma="kug-zu" pos="AJ" label="wise">kug-zu</w>
<w form="da-&X;" lemma="&X;" label="&X;">da-<supplied/>&X;</w>
<suppliedEnd/>
<w form="X" lemma="X" label="X">X</w>
<damage/>
<w form="A" lemma="A" label="A">A</w>
<w form="NA" lemma="NA" label="NA"><unclear cert="qry">NA</unclear></w>
<damageEnd/>
</l>
</lg>
<gap extent="unknown no. of lines missing"/>
</div1>
<div1 type="segment" n="C">
<lg id="c.6.1.12.c1" type="proverb" n="12.c1">
<note lang="eng">= Alster 1997 12 Sec. D 1</note>
<l n="1" id="c6112.C.12.c1.1" corresp="t6112.p32">
<w form="X" lemma="X" label="X">X</w>
<supplied/>
<w form="&X;" lemma="&X;" label="&X;">&X;</w>
<suppliedEnd/>
<w form="lu2-inim" lemma="lu2-inim-ma" pos="N" label="witness">lu2-inim</w>
<damage/>
<w form="KA" lemma="KA" label="KA">KA</w>
<damageEnd/>
<supplied/>
<w form="&X;" lemma="&X;" label="&X;">&X;</w>
<suppliedEnd/>
</l>
<l n="2" id="c6112.C.12.c1.2" corresp="t6112.p32">
<w form="inim" lemma="inim" pos="N" label="word">inim</w>
<w form="sig" lemma="sig" pos="V" label="to be low">sig</w>
<w form="gu7-gu7" lemma="gu7" pos="V" label="to eat" form-type="RR"><unclear cert="cor">gu7</unclear>-<damage/>gu7</w>
<damageEnd/>
<w form="KA" lemma="KA" label="KA"><unclear cert="qry">KA</unclear></w>
<supplied/>
<w form="&X;" lemma="&X;" label="&X;">&X;</w>
<suppliedEnd/>
<w form="mu-ni-ib-be2" lemma="dug4" pos="V" label="to say" form-type="ppli">mu-ni-ib-be2</w>
</l>
</lg>
<lg id="c.6.1.12.c2" type="proverb" n="12.c2">
<note lang="eng">= Alster 1997 12 Sec. D 2</note>
<l n="3" id="c6112.C.12.c2.3" corresp="t6112.p33">
<w form="lu2" lemma="lu2" pos="N" label="person">lu2</w>
<w form="na-me" lemma="na-me" pos="PD" type="indefinite" label="any">na-me</w>
<w form="CUL" lemma="CUL" label="&C;UL">CUL</w>
<w form="dug4" lemma="dug4" pos="V" label="to say">dug4</w>
<w form="X" lemma="X" label="X">X</w>
<supplied/>
<w form="&X;" lemma="&X;" label="&X;">&X;</w>
<suppliedEnd/>
</l>
<l n="4" id="c6112.C.12.c2.4" corresp="t6112.p33">
<w form="jectug2-ga-ni" lemma="jectug2" pos="N" label="ear">jectug2-ga-ni</w>
<w form="u3-bi2-&X;" lemma="&X;" label="&X;">u3-<damage/>bi2<damageEnd/>-<supplied/>&X;</w>
<suppliedEnd/>
</l>
<l n="5" id="c6112.C.12.c2.5" corresp="t6112.p33">
<w form="lugal" lemma="lugal" pos="N" label="king">lugal</w>
<w form="CUL-ce3" lemma="CUL" label="&C;UL">CUL-ce3</w>
<w form="an-na-ab-&X;" lemma="&X;" label="&X;">an-na-<damage/><unclear cert="qry">ab</unclear><damageEnd/>-<supplied/>&X;</w>
<suppliedEnd/>
</l>
<l n="6" id="c6112.C.12.c2.6" corresp="t6112.p33">
<w form="ja2-nu" lemma="jen" pos="V" label="to go">ja2-nu</w>
<w form="CUL-zu" lemma="CUL" label="&C;UL">CUL-zu</w>
<w form="u2" lemma="u2" pos="N" label="plant">u2</w>
<supplied/>
<w form="&X;" lemma="&X;" label="&X;">&X;</w>
<suppliedEnd/>
</l>
<l n="7" id="c6112.C.12.c2.7" corresp="t6112.p33">
<w form="nam-erim2" lemma="nam-erim2" pos="N" label="oath">nam-erim2</w>
<w form="ga-bi2-&X;" lemma="&X;" label="&X;">ga-bi2-<supplied/>&X;</w>
<suppliedEnd/>
</l>
</lg>
<lg id="c.6.1.12.c3" type="proverb" n="12.c3">
<note lang="eng">= Alster 1997 12 Sec. D 2A</note>
<l n="8" id="c6112.C.12.c3.8" corresp="t6112.p34">
<w form="lu2" lemma="lu2" pos="N" label="person">lu2</w>
<w form="ce" lemma="ce" pos="N" label="barley">ce</w>
<w form="lum-lum" lemma="lum" pos="V" label="to thrive" form-type="RR">lum-lum</w>
<w form="er2" lemma="er2" pos="N" label="tear">er2</w>
<w form="al-ce8-ce8" lemma="cec2" pos="V" label="to weep" form-type="rr">al-ce8-ce8</w>
</l>
<l n="9" id="c6112.C.12.c3.9" corresp="t6112.p34">
<w form="lu2" lemma="lu2" pos="N" label="person">lu2</w>
<w form="a" lemma="a" pos="N" label="water">a</w>
<w form="de2-a" lemma="de2" pos="V" label="to pour">de2-a</w>
<w form="ka-bi" lemma="ka" pos="N" label="mouth">ka-bi</w>
<w form="nu-ba-e" lemma="ba" pos="V" label="to allot">nu-ba-e</w>
</l>
</lg>
<lg id="c.6.1.12.c4" type="proverb" n="12.c4">
<note lang="eng">= Alster 1997 12 Sec. D 3; cf. <xref doc="c.6.2.5" from="c625.h29">6.2.5: YBC 9916</xref></note>
<l n="10" id="c6112.C.12.c4.10" corresp="t6112.p35">
<w form="lu2" lemma="lu2" pos="N" label="person">lu2</w>
<w form="&kuc;a2-ja2-la2-ni" lemma="a-ja2-la2" pos="N" label="sack" bound="L,ani" det="&kuc;">&kuc;a2-ja2-la2-ni</w>
<w form="nu-kece2-da" lemma="kece2" pos="V" label="to bind">nu-kece2-da</w>
<w form="gu5-li-ni-da" lemma="gu5-li" pos="N" label="friend">gu5-li-ni-da</w>
<w form="cag4" lemma="cag4" pos="N" label="heart">cag4</w>
<w form="bi2-in-dab5" lemma="dab5" pos="V" label="to seize">bi2-in-dab5</w>
</l>
</lg>
<lg id="c.6.1.12.c5" type="proverb" n="12.c5">
<note lang="eng">= Alster 1997 12 Sec. D 4; cf. <xref doc="c.6.2.5" from="c625.h42">6.2.5: YBC 9906</xref></note>
<l n="11" id="c6112.C.12.c5.11" corresp="t6112.p36">
<w form="lu2" lemma="lu2" pos="N" label="person">lu2</w>
<phr type="VP" lemma="si sa2" label="to make straight">
<w form="si" lemma="si" pos="N" label="horn">si</w>
<w form="sa2-ra" lemma="sa2" pos="V" label="to equal">sa2-ra</w>
</phr>
<w form="&na4;kinkin" lemma="kinkin" pos="N" label="grindstone" det="&na4;">&na4;kinkin(HAR)</w>
<w form="id2-da" lemma="id2" pos="N" label="watercourse">id2-da</w>
<w form="mu-na-ab-dirig-dirig" lemma="dirig" pos="V" label="to be superior" form-type="RR">mu-na-ab-dirig-dirig</w>
</l>
</lg>
<lg id="c.6.1.12.c6" type="proverb" n="12.c6">
<note lang="eng">= Alster 1997 12 Sec. D 5</note>
<l n="12" id="c6112.C.12.c6.12" corresp="t6112.p37">
<w form="lu2" lemma="lu2" pos="N" label="person">lu2</w>
<w form="nij2-tuku" lemma="nij2-tuku" pos="AJ" label="rich">nij2-tuku</w>
<w form="u2" lemma="u2" pos="N" label="plant">u2</w>
<supplied/>
<w form="&X;-bi" lemma="&X;" label="&X;">&X;<suppliedEnd/>-<damage/>bi</w>
<w form="he2-gu7-e" lemma="gu7" pos="V" label="to eat">he2-gu7<damageEnd/>-e</w>
</l>
<l n="13" id="c6112.C.12.c6.13" corresp="t6112.p37">
<w form="ukur3" lemma="ukur3" pos="V" label="to be poor">ukur3</w>
<w form="zid2-kukkuc-bi" lemma="zid2-kukkuc" pos="N" label="type of cheap flour">zid2-<unclear cert="qry">kukkuc</unclear>-bi</w>
<w form="he2-gu7-e" lemma="gu7" pos="V" label="to eat">he2-<damage/>gu7<damageEnd/>-<supplied/>e</w>
<suppliedEnd/>
</l>
</lg>
<lg id="c.6.1.12.c7" type="proverb" n="12.c7">
<note lang="eng">= Alster 1997 12 Sec. D 6</note>
<l n="14" id="c6112.C.12.c7.14" corresp="t6112.p38">
<w form="lu2" lemma="lu2" pos="N" label="person">lu2</w>
<w form="mun" lemma="mun" pos="N" label="salt">mun</w>
<w form="til-la" lemma="til" pos="V" label="to complete">til-la</w>
<supplied/>
<w form="&X;" lemma="&X;" label="&X;">&X;</w>
<suppliedEnd/>
<w form="al-us2-sa" lemma="us2" pos="V" label="to be adjacent">al-us2-<damage/><unclear cert="qry">sa</unclear></w>
<w form="A" lemma="A" label="A"><unclear cert="qry">A</unclear></w>
<damageEnd/>
<supplied/>
<w form="&X;" lemma="&X;" label="&X;">&X;</w>
<suppliedEnd/>
</l>
</lg>
<lg id="c.6.1.12.c8" type="proverb" n="12.c8">
<note lang="eng">= Alster 1997 12 Sec. D 7</note>
<l n="15" id="c6112.C.12.c8.15" corresp="t6112.p39">
<w form="lu2" lemma="lu2" pos="N" label="person">lu2</w>
<w form="cag4" lemma="cag4" pos="N" label="heart">cag4</w>
<w form="X" lemma="X" label="X">X</w>
<supplied/>
<w form="&X;" lemma="&X;" label="&X;">&X;</w>
<suppliedEnd/>
</l>
</lg>
<lg id="c.6.1.12.c9" type="proverb" n="12.c9">
<note lang="eng">= Alster 1997 12 Sec. D 8</note>
<l n="16" id="c6112.C.12.c9.16" corresp="t6112.p40">
<w form="lu2" lemma="lu2" pos="N" label="person">lu2</w>
<supplied/>
<w form="&X;" lemma="&X;" label="&X;">&X;</w>
<suppliedEnd/>
</l>
</lg>
<gap extent="unknown no. of lines missing"/>
</div1>
<div1 type="segment" n="D">
<lg id="c.6.1.12.d1" type="proverb" n="12.d1">
<note lang="eng">= Alster 1997 12 Sec. E 1</note>
<l n="1" id="c6112.D.12.d1.1" corresp="t6112.p41">
<w form="UD" lemma="UD" label="UD">UD</w>
<supplied/>
<w form="&X;" lemma="&X;" label="&X;">&X;</w>
<suppliedEnd/>
</l>
<l n="2" id="c6112.D.12.d1.2" corresp="t6112.p41">
<w form="itid" lemma="itid" pos="N" label="moon(light)"><unclear cert="qry">itid</unclear></w>
<supplied/>
<w form="&X;" lemma="&X;" label="&X;">&X;</w>
<suppliedEnd/>
<w form="X" lemma="X" label="X">X</w>
<w form="a-na-am3" lemma="a-na" pos="PD" type="interrogative" label="what">a-na-am3</w>
<supplied/>
<w form="&X;" lemma="&X;" label="&X;">&X;</w>
<suppliedEnd/>
</l>
</lg>
<lg id="c.6.1.12.d2" type="proverb" n="12.d2">
<note lang="eng">= Alster 1997 12 Sec. E 2</note>
<l n="3" id="c6112.D.12.d2.3" corresp="t6112.p42">
<w form="lu2" lemma="lu2" pos="N" label="person">lu2</w>
<w form="en-nu-uj3" lemma="en-nu-uj3" pos="N" label="guard">en-nu-uj3</w>
<w form="X" lemma="X" label="X">X</w>
<supplied/>
<w form="&X;" lemma="&X;" label="&X;">&X;</w>
<suppliedEnd/>
<w form="a-cag4" lemma="a-cag4" pos="N" label="field">a-cag4</w>
<supplied/>
<w form="&X;" lemma="&X;" label="&X;">&X;</w>
<suppliedEnd/>
</l>
<l n="4" id="c6112.D.12.d2.4" corresp="t6112.p42">
<w form="jic" lemma="jic" pos="N" label="tree">jic</w>
<w form="gub-ba-ce3" lemma="gub" pos="V" label="to stand">gub-ba-ce3</w>
<w form="AD" lemma="AD" label="AD">AD</w>
<supplied/>
<w form="&X;" lemma="&X;" label="&X;">&X;</w>
<suppliedEnd/>
</l>
</lg>
<lg id="c.6.1.12.d3" type="proverb" n="12.d3">
<note lang="eng">= Alster 1997 12 Sec. E 3; cf. <xref doc="c.6.2.3" from="c623.h67">6.2.3: UET 6/2 282 and UET 6/2 332</xref></note>
<l n="5" id="c6112.D.12.d3.5" corresp="t6112.p43">
<w form="ceg9-bar" lemma="ceg9-bar" pos="N" label="fallow deer?"><unclear cert="qry">ceg9-bar</unclear></w>
<w form="&jic;asal2" lemma="asal2" pos="N" label="poplar" det="&jic;"><unclear cert="qry">&jic;</unclear><damage/>asal2</w>
<damageEnd/>
<supplied/>
<w form="Xbr" lemma="Xbr" label="Xbr">(X)</w>
<suppliedEnd/>
</l>
<l n="6" id="c6112.D.12.d3.6" corresp="t6112.p43">
<supplied/>
<w form="X" lemma="X" label="X">X</w>
<w form="X" lemma="X" label="X">X</w>
<suppliedEnd/>
<w form="X" lemma="X" label="X">X</w>
<supplied/>
<w form="&X;" lemma="&X;" label="&X;">&X;</w>
<suppliedEnd/>
</l>
</lg>
<gap extent="unknown no. of lines missing"/>
</div1>
<div1 type="segment" n="E">
<lg id="c.6.1.12.e1" type="proverb" n="12.e1">
<note lang="eng">= Alster 1997 12 Sec. F 1</note>
<l n="1" id="c6112.E.12.e1.1" corresp="t6112.p44">
<supplied/>
<w form="&X;" lemma="&X;" label="&X;">&X;</w>
<suppliedEnd/>
<w form="TI" lemma="TI" label="TI"><unclear cert="qry">TI</unclear></w>
</l>
<l n="2" id="c6112.E.12.e1.2" corresp="t6112.p44">
<supplied/>
<w form="&X;-bi" lemma="&X;" label="&X;">&X;<suppliedEnd/>-bi</w>
<w form="ur2" lemma="ur2" pos="N" label="root"><unclear cert="qry">ur2</unclear></w>
<w form="bi2-X-gen6" lemma="gen6" pos="V" label="to be firm">bi2-<supplied/>X<suppliedEnd/>-gen6</w>
</l>
<l n="3" id="c6112.E.12.e1.3" corresp="t6112.p44">
<supplied/>
<w form="X-gin7-nam" lemma="X" label="X">X<suppliedEnd/>-gin7-nam</w>
<w form="mu-ak-en-X-en-e-ce" lemma="ak" pos="V" label="to do">mu-<unclear cert="qry">ak</unclear>-en-<supplied/>X<suppliedEnd/>-en-e-ce</w>
</l>
<l n="4" id="c6112.E.12.e1.4" corresp="t6112.p44">
<supplied/>
<w form="X" lemma="X" label="X">X</w>
<suppliedEnd/>
<w form="X" lemma="X" label="X">X</w>
<w form="NE" lemma="NE" label="NE">NE</w>
<damage/>
<w form="an-gu-lu-uc" lemma="gal" pos="V" label="to be big">an<damageEnd/>-gu-lu-uc</w>
</l>
<l n="5" id="c6112.E.12.e1.5" corresp="t6112.p44">
<supplied/>
<w form="X" lemma="X" label="X">X</w>
<suppliedEnd/>
<w form="lu2-a" lemma="lu2" pos="N" label="person">lu2-a</w>
<w form="la-ba-jal2-le-ec" lemma="jal2" pos="V" label="to be (located)">la-ba-jal2-le-ec</w>
</l>
<l n="6" id="c6112.E.12.e1.6" corresp="t6112.p44">
<supplied/>
<w form="&X;" lemma="&X;" label="&X;">&X;</w>
<suppliedEnd/>
<w form="X" lemma="X" label="X">X</w>
<w form="X-gu7-e" lemma="gu7" pos="V" label="to eat">X-<unclear cert="qry">gu7</unclear>-e</w>
</l>
</lg>
</div1>
<div1 type="segment" n="F">
<note lang="eng">unplaced</note>
<lg id="c.6.1.12.f1" type="proverb" n="12.f1">
<note lang="eng">= Alster 1997 p. 205 CBS 7800 rev. 1</note>
<l n="1" id="c6112.F.12.f1.1" corresp="t6112.p45">
<supplied/>
<w form="&X;" lemma="&X;" label="&X;">&X;</w>
<suppliedEnd/>
<w form="X" lemma="X" label="X">X</w>
<damage/>
<w form="a" lemma="a" pos="N" label="water">a</w>
<w form="mu-ni-dul-am3" lemma="dul" pos="V" label="to cover (together)">mu-ni<damageEnd/>-<unclear cert="qry">dul</unclear>-am3</w>
</l>
</lg>
<lg id="c.6.1.12.f2" type="proverb" n="12.f2">
<note lang="eng">= Alster 1997 p. 205 CBS 7800 rev. 2</note>
<l n="2" id="c6112.F.12.f2.2" corresp="t6112.p46">
<supplied/>
<w form="&X;" lemma="&X;" label="&X;">&X;</w>
<suppliedEnd/>
<w form="X" lemma="X" label="X">X</w>
<supplied/>
<w form="X" lemma="X" label="X">X</w>
<w form="Xbr" lemma="Xbr" label="Xbr">(X)</w>
<suppliedEnd/>
<damage/>
<w form="ne3" lemma="ne3" pos="N" label="strength">ne3</w>
<damageEnd/>
<w form="nu-tuku-a" lemma="tuku" pos="V" label="to have">nu-tuku-a</w>
</l>
</lg>
<lg id="c.6.1.12.f3" type="proverb" n="12.f3">
<note lang="eng">= Alster 1997 p. 205 CBS 7800 rev. 3</note>
<l n="3" id="c6112.F.12.f3.3" corresp="t6112.p47">
<supplied/>
<w form="X" lemma="X" label="X">X</w>
<suppliedEnd/>
<w form="TI-a" lemma="TI" label="TI">TI-a</w>
<w form="cu" lemma="cu" pos="N" label="hand">cu</w>
<w form="bar-ra" lemma="bar" pos="V" label="to set aside">bar-ra</w>
<w form="lu2" lemma="lu2" pos="N" label="person">lu2</w>
<w form="sig10-ge5" lemma="sig10" pos="V" label="to place">sig10-ge5</w>
<w form="ak" lemma="ak" pos="V" label="to do">ak</w>
<w form="ba-da-ab-X" lemma="X" label="X">ba-<unclear cert="qry">da</unclear>-ab-<supplied/>X</w>
<suppliedEnd/>
</l>
</lg>
<lg id="c.6.1.12.f4" type="proverb" n="12.f4">
<note lang="eng">= Alster 1997 p. 205 CBS 7800 rev. 4</note>
<l n="4" id="c6112.F.12.f4.4" corresp="t6112.p48">
<supplied/>
<w form="X" lemma="X" label="X">X</w>
<suppliedEnd/>
<damage/>
<w form="dam-ni-ce3" lemma="dam" pos="N" label="spouse"><unclear cert="qry">dam</unclear><damageEnd/>-ni-ce3</w>
<w form="kece2-kece2-da" lemma="kece2" pos="V" label="to bind">kece2-kece2-da</w>
</l>
<l n="5" id="c6112.F.12.f4.5" corresp="t6112.p48">
<w form="jic3-a-ni" lemma="jic3" pos="N" label="penis">jic3-a-ni</w>
<w form="sila3" lemma="sila3" pos="N" label="capacity measure (container)">sila3</w>
<w form="GI" lemma="GI" label="GI">GI</w>
<w form="ab-kij2-kij2-e" lemma="kij2" pos="V" label="to seek" form-type="RR">ab-kij2-kij2-e</w>
</l>
</lg>
</div1>
</body>
</text>
</TEI.2>
